[{"instance": "kube-prometheus-prometheus-node-exporter.oxn-external-monitoring.svc:9100", "timestamp": 1737547883.46, "sum(rate(node_network_receive_errs_total[1m]) + rate(node_network_transmit_errs_total[1m])) by (instance)": 0, "network_errors": 0, "kubernetes_prometheus_rules": "kubernetes_prometheus_rules", "add_security_context": "NoTreatment", "delay_treatment": "NoTreatment"}, {"instance": "kube-prometheus-prometheus-node-exporter.oxn-external-monitoring.svc:9100", "timestamp": 1737547884.46, "sum(rate(node_network_receive_errs_total[1m]) + rate(node_network_transmit_errs_total[1m])) by (instance)": 0, "network_errors": 0, "kubernetes_prometheus_rules": "kubernetes_prometheus_rules", "add_security_context": "NoTreatment", "delay_treatment": "NoTreatment"}, {"instance": "kube-prometheus-prometheus-node-exporter.oxn-external-monitoring.svc:9100", "timestamp": 1737547885.46, "sum(rate(node_network_receive_errs_total[1m]) + rate(node_network_transmit_errs_total[1m])) by (instance)": 0, "network_errors": 0, "kubernetes_prometheus_rules": "kubernetes_prometheus_rules", "add_security_context": "NoTreatment", "delay_treatment": "NoTreatment"}, {"instance": "kube-prometheus-prometheus-node-exporter.oxn-external-monitoring.svc:9100", "timestamp": 1737547886.46, "sum(rate(node_network_receive_errs_total[1m]) + rate(node_network_transmit_errs_total[1m])) by (instance)": 0, "network_errors": 0, "kubernetes_prometheus_rules": "kubernetes_prometheus_rules", "add_security_context": "NoTreatment", "delay_treatment": "NoTreatment"}, {"instance": "kube-prometheus-prometheus-node-exporter.oxn-external-monitoring.svc:9100", "timestamp": 1737547887.46, "sum(rate(node_network_receive_errs_total[1m]) + rate(node_network_transmit_errs_total[1m])) by (instance)": 0, "network_errors": 0, "kubernetes_prometheus_rules": "kubernetes_prometheus_rules", "add_security_context": "NoTreatment", "delay_treatment": "NoTreatment"}, {"instance": "kube-prometheus-prometheus-node-exporter.oxn-external-monitoring.svc:9100", "timestamp": 1737547888.46, "sum(rate(node_network_receive_errs_total[1m]) + rate(node_network_transmit_errs_total[1m])) by (instance)": 0, "network_errors": 0, "kubernetes_prometheus_rules": "kubernetes_prometheus_rules", "add_security_context": "NoTreatment", "delay_treatment": "NoTreatment"}, {"instance": "kube-prometheus-prometheus-node-exporter.oxn-external-monitoring.svc:9100", "timestamp": 1737547889.46, "sum(rate(node_network_receive_errs_total[1m]) + rate(node_network_transmit_errs_total[1m])) by (instance)": 0, "network_errors": 0, "kubernetes_prometheus_rules": "kubernetes_prometheus_rules", "add_security_context": "NoTreatment", "delay_treatment": "NoTreatment"}, {"instance": "kube-prometheus-prometheus-node-exporter.oxn-external-monitoring.svc:9100", "timestamp": 1737547890.46, "sum(rate(node_network_receive_errs_total[1m]) + rate(node_network_transmit_errs_total[1m])) by (instance)": 0, "network_errors": 0, "kubernetes_prometheus_rules": "kubernetes_prometheus_rules", "add_security_context": "NoTreatment", "delay_treatment": "NoTreatment"}, {"instance": "kube-prometheus-prometheus-node-exporter.oxn-external-monitoring.svc:9100", "timestamp": 1737547891.46, "sum(rate(node_network_receive_errs_total[1m]) + rate(node_network_transmit_errs_total[1m])) by (instance)": 0, "network_errors": 0, "kubernetes_prometheus_rules": "kubernetes_prometheus_rules", "add_security_context": "NoTreatment", "delay_treatment": "NoTreatment"}, {"instance": "kube-prometheus-prometheus-node-exporter.oxn-external-monitoring.svc:9100", "timestamp": 1737547892.46, "sum(rate(node_network_receive_errs_total[1m]) + rate(node_network_transmit_errs_total[1m])) by (instance)": 0, "network_errors": 0, "kubernetes_prometheus_rules": "kubernetes_prometheus_rules", "add_security_context": "NoTreatment", "delay_treatment": "NoTreatment"}, {"instance": "kube-prometheus-prometheus-node-exporter.oxn-external-monitoring.svc:9100", "timestamp": 1737547893.46, "sum(rate(node_network_receive_errs_total[1m]) + rate(node_network_transmit_errs_total[1m])) by (instance)": 0, "network_errors": 0, "kubernetes_prometheus_rules": "kubernetes_prometheus_rules", "add_security_context": "add_security_context", "delay_treatment": "NoTreatment"}, {"instance": "kube-prometheus-prometheus-node-exporter.oxn-external-monitoring.svc:9100", "timestamp": 1737547894.46, "sum(rate(node_network_receive_errs_total[1m]) + rate(node_network_transmit_errs_total[1m])) by (instance)": 0, "network_errors": 0, "kubernetes_prometheus_rules": "kubernetes_prometheus_rules", "add_security_context": "add_security_context", "delay_treatment": "delay_treatment"}, {"instance": "kube-prometheus-prometheus-node-exporter.oxn-external-monitoring.svc:9100", "timestamp": 1737547895.46, "sum(rate(node_network_receive_errs_total[1m]) + rate(node_network_transmit_errs_total[1m])) by (instance)": 0, "network_errors": 0, "kubernetes_prometheus_rules": "kubernetes_prometheus_rules", "add_security_context": "add_security_context", "delay_treatment": "delay_treatment"}, {"instance": "kube-prometheus-prometheus-node-exporter.oxn-external-monitoring.svc:9100", "timestamp": 1737547896.46, "sum(rate(node_network_receive_errs_total[1m]) + rate(node_network_transmit_errs_total[1m])) by (instance)": 0, "network_errors": 0, "kubernetes_prometheus_rules": "kubernetes_prometheus_rules", "add_security_context": "add_security_context", "delay_treatment": "delay_treatment"}, {"instance": "kube-prometheus-prometheus-node-exporter.oxn-external-monitoring.svc:9100", "timestamp": 1737547897.46, "sum(rate(node_network_receive_errs_total[1m]) + rate(node_network_transmit_errs_total[1m])) by (instance)": 0, "network_errors": 0, "kubernetes_prometheus_rules": "kubernetes_prometheus_rules", "add_security_context": "add_security_context", "delay_treatment": "delay_treatment"}, {"instance": "kube-prometheus-prometheus-node-exporter.oxn-external-monitoring.svc:9100", "timestamp": 1737547898.46, "sum(rate(node_network_receive_errs_total[1m]) + rate(node_network_transmit_errs_total[1m])) by (instance)": 0, "network_errors": 0, "kubernetes_prometheus_rules": "kubernetes_prometheus_rules", "add_security_context": "add_security_context", "delay_treatment": "delay_treatment"}, {"instance": "kube-prometheus-prometheus-node-exporter.oxn-external-monitoring.svc:9100", "timestamp": 1737547899.46, "sum(rate(node_network_receive_errs_total[1m]) + rate(node_network_transmit_errs_total[1m])) by (instance)": 0, "network_errors": 0, "kubernetes_prometheus_rules": "kubernetes_prometheus_rules", "add_security_context": "add_security_context", "delay_treatment": "delay_treatment"}, {"instance": "kube-prometheus-prometheus-node-exporter.oxn-external-monitoring.svc:9100", "timestamp": 1737547900.46, "sum(rate(node_network_receive_errs_total[1m]) + rate(node_network_transmit_errs_total[1m])) by (instance)": 0, "network_errors": 0, "kubernetes_prometheus_rules": "kubernetes_prometheus_rules", "add_security_context": "add_security_context", "delay_treatment": "delay_treatment"}, {"instance": "kube-prometheus-prometheus-node-exporter.oxn-external-monitoring.svc:9100", "timestamp": 1737547901.46, "sum(rate(node_network_receive_errs_total[1m]) + rate(node_network_transmit_errs_total[1m])) by (instance)": 0, "network_errors": 0, "kubernetes_prometheus_rules": "kubernetes_prometheus_rules", "add_security_context": "add_security_context", "delay_treatment": "delay_treatment"}, {"instance": "kube-prometheus-prometheus-node-exporter.oxn-external-monitoring.svc:9100", "timestamp": 1737547902.46, "sum(rate(node_network_receive_errs_total[1m]) + rate(node_network_transmit_errs_total[1m])) by (instance)": 0, "network_errors": 0, "kubernetes_prometheus_rules": "kubernetes_prometheus_rules", "add_security_context": "add_security_context", "delay_treatment": "delay_treatment"}, {"instance": "kube-prometheus-prometheus-node-exporter.oxn-external-monitoring.svc:9100", "timestamp": 1737547903.46, "sum(rate(node_network_receive_errs_total[1m]) + rate(node_network_transmit_errs_total[1m])) by (instance)": 0, "network_errors": 0, "kubernetes_prometheus_rules": "kubernetes_prometheus_rules", "add_security_context": "add_security_context", "delay_treatment": "delay_treatment"}, {"instance": "kube-prometheus-prometheus-node-exporter.oxn-external-monitoring.svc:9100", "timestamp": 1737547904.46, "sum(rate(node_network_receive_errs_total[1m]) + rate(node_network_transmit_errs_total[1m])) by (instance)": 0, "network_errors": 0, "kubernetes_prometheus_rules": "kubernetes_prometheus_rules", "add_security_context": "add_security_context", "delay_treatment": "delay_treatment"}, {"instance": "kube-prometheus-prometheus-node-exporter.oxn-external-monitoring.svc:9100", "timestamp": 1737547905.46, "sum(rate(node_network_receive_errs_total[1m]) + rate(node_network_transmit_errs_total[1m])) by (instance)": 0, "network_errors": 0, "kubernetes_prometheus_rules": "kubernetes_prometheus_rules", "add_security_context": "add_security_context", "delay_treatment": "delay_treatment"}, {"instance": "kube-prometheus-prometheus-node-exporter.oxn-external-monitoring.svc:9100", "timestamp": 1737547906.46, "sum(rate(node_network_receive_errs_total[1m]) + rate(node_network_transmit_errs_total[1m])) by (instance)": 0, "network_errors": 0, "kubernetes_prometheus_rules": "kubernetes_prometheus_rules", "add_security_context": "add_security_context", "delay_treatment": "delay_treatment"}, {"instance": "kube-prometheus-prometheus-node-exporter.oxn-external-monitoring.svc:9100", "timestamp": 1737547907.46, "sum(rate(node_network_receive_errs_total[1m]) + rate(node_network_transmit_errs_total[1m])) by (instance)": 0, "network_errors": 0, "kubernetes_prometheus_rules": "kubernetes_prometheus_rules", "add_security_context": "add_security_context", "delay_treatment": "delay_treatment"}, {"instance": "kube-prometheus-prometheus-node-exporter.oxn-external-monitoring.svc:9100", "timestamp": 1737547908.46, "sum(rate(node_network_receive_errs_total[1m]) + rate(node_network_transmit_errs_total[1m])) by (instance)": 0, "network_errors": 0, "kubernetes_prometheus_rules": "kubernetes_prometheus_rules", "add_security_context": "add_security_context", "delay_treatment": "delay_treatment"}, {"instance": "kube-prometheus-prometheus-node-exporter.oxn-external-monitoring.svc:9100", "timestamp": 1737547909.46, "sum(rate(node_network_receive_errs_total[1m]) + rate(node_network_transmit_errs_total[1m])) by (instance)": 0, "network_errors": 0, "kubernetes_prometheus_rules": "kubernetes_prometheus_rules", "add_security_context": "add_security_context", "delay_treatment": "delay_treatment"}, {"instance": "kube-prometheus-prometheus-node-exporter.oxn-external-monitoring.svc:9100", "timestamp": 1737547910.46, "sum(rate(node_network_receive_errs_total[1m]) + rate(node_network_transmit_errs_total[1m])) by (instance)": 0, "network_errors": 0, "kubernetes_prometheus_rules": "kubernetes_prometheus_rules", "add_security_context": "add_security_context", "delay_treatment": "delay_treatment"}, {"instance": "kube-prometheus-prometheus-node-exporter.oxn-external-monitoring.svc:9100", "timestamp": 1737547911.46, "sum(rate(node_network_receive_errs_total[1m]) + rate(node_network_transmit_errs_total[1m])) by (instance)": 0, "network_errors": 0, "kubernetes_prometheus_rules": "kubernetes_prometheus_rules", "add_security_context": "add_security_context", "delay_treatment": "delay_treatment"}, {"instance": "kube-prometheus-prometheus-node-exporter.oxn-external-monitoring.svc:9100", "timestamp": 1737547912.46, "sum(rate(node_network_receive_errs_total[1m]) + rate(node_network_transmit_errs_total[1m])) by (instance)": 0, "network_errors": 0, "kubernetes_prometheus_rules": "kubernetes_prometheus_rules", "add_security_context": "add_security_context", "delay_treatment": "delay_treatment"}, {"instance": "kube-prometheus-prometheus-node-exporter.oxn-external-monitoring.svc:9100", "timestamp": 1737547913.46, "sum(rate(node_network_receive_errs_total[1m]) + rate(node_network_transmit_errs_total[1m])) by (instance)": 0, "network_errors": 0, "kubernetes_prometheus_rules": "kubernetes_prometheus_rules", "add_security_context": "add_security_context", "delay_treatment": "delay_treatment"}, {"instance": "kube-prometheus-prometheus-node-exporter.oxn-external-monitoring.svc:9100", "timestamp": 1737547914.46, "sum(rate(node_network_receive_errs_total[1m]) + rate(node_network_transmit_errs_total[1m])) by (instance)": 0, "network_errors": 0, "kubernetes_prometheus_rules": "kubernetes_prometheus_rules", "add_security_context": "add_security_context", "delay_treatment": "delay_treatment"}, {"instance": "kube-prometheus-prometheus-node-exporter.oxn-external-monitoring.svc:9100", "timestamp": 1737547915.46, "sum(rate(node_network_receive_errs_total[1m]) + rate(node_network_transmit_errs_total[1m])) by (instance)": 0, "network_errors": 0, "kubernetes_prometheus_rules": "kubernetes_prometheus_rules", "add_security_context": "add_security_context", "delay_treatment": "delay_treatment"}, {"instance": "kube-prometheus-prometheus-node-exporter.oxn-external-monitoring.svc:9100", "timestamp": 1737547916.46, "sum(rate(node_network_receive_errs_total[1m]) + rate(node_network_transmit_errs_total[1m])) by (instance)": 0, "network_errors": 0, "kubernetes_prometheus_rules": "kubernetes_prometheus_rules", "add_security_context": "add_security_context", "delay_treatment": "delay_treatment"}, {"instance": "kube-prometheus-prometheus-node-exporter.oxn-external-monitoring.svc:9100", "timestamp": 1737547917.46, "sum(rate(node_network_receive_errs_total[1m]) + rate(node_network_transmit_errs_total[1m])) by (instance)": 0, "network_errors": 0, "kubernetes_prometheus_rules": "kubernetes_prometheus_rules", "add_security_context": "add_security_context", "delay_treatment": "delay_treatment"}, {"instance": "kube-prometheus-prometheus-node-exporter.oxn-external-monitoring.svc:9100", "timestamp": 1737547918.46, "sum(rate(node_network_receive_errs_total[1m]) + rate(node_network_transmit_errs_total[1m])) by (instance)": 0, "network_errors": 0, "kubernetes_prometheus_rules": "kubernetes_prometheus_rules", "add_security_context": "add_security_context", "delay_treatment": "delay_treatment"}, {"instance": "kube-prometheus-prometheus-node-exporter.oxn-external-monitoring.svc:9100", "timestamp": 1737547919.46, "sum(rate(node_network_receive_errs_total[1m]) + rate(node_network_transmit_errs_total[1m])) by (instance)": 0, "network_errors": 0, "kubernetes_prometheus_rules": "kubernetes_prometheus_rules", "add_security_context": "add_security_context", "delay_treatment": "delay_treatment"}, {"instance": "kube-prometheus-prometheus-node-exporter.oxn-external-monitoring.svc:9100", "timestamp": 1737547920.46, "sum(rate(node_network_receive_errs_total[1m]) + rate(node_network_transmit_errs_total[1m])) by (instance)": 0, "network_errors": 0, "kubernetes_prometheus_rules": "kubernetes_prometheus_rules", "add_security_context": "add_security_context", "delay_treatment": "delay_treatment"}, {"instance": "kube-prometheus-prometheus-node-exporter.oxn-external-monitoring.svc:9100", "timestamp": 1737547921.46, "sum(rate(node_network_receive_errs_total[1m]) + rate(node_network_transmit_errs_total[1m])) by (instance)": 0, "network_errors": 0, "kubernetes_prometheus_rules": "kubernetes_prometheus_rules", "add_security_context": "add_security_context", "delay_treatment": "delay_treatment"}, {"instance": "kube-prometheus-prometheus-node-exporter.oxn-external-monitoring.svc:9100", "timestamp": 1737547922.46, "sum(rate(node_network_receive_errs_total[1m]) + rate(node_network_transmit_errs_total[1m])) by (instance)": 0, "network_errors": 0, "kubernetes_prometheus_rules": "kubernetes_prometheus_rules", "add_security_context": "add_security_context", "delay_treatment": "delay_treatment"}, {"instance": "kube-prometheus-prometheus-node-exporter.oxn-external-monitoring.svc:9100", "timestamp": 1737547923.46, "sum(rate(node_network_receive_errs_total[1m]) + rate(node_network_transmit_errs_total[1m])) by (instance)": 0, "network_errors": 0, "kubernetes_prometheus_rules": "kubernetes_prometheus_rules", "add_security_context": "add_security_context", "delay_treatment": "delay_treatment"}, {"instance": "kube-prometheus-prometheus-node-exporter.oxn-external-monitoring.svc:9100", "timestamp": 1737547924.46, "sum(rate(node_network_receive_errs_total[1m]) + rate(node_network_transmit_errs_total[1m])) by (instance)": 0, "network_errors": 0, "kubernetes_prometheus_rules": "kubernetes_prometheus_rules", "add_security_context": "add_security_context", "delay_treatment": "delay_treatment"}, {"instance": "kube-prometheus-prometheus-node-exporter.oxn-external-monitoring.svc:9100", "timestamp": 1737547925.46, "sum(rate(node_network_receive_errs_total[1m]) + rate(node_network_transmit_errs_total[1m])) by (instance)": 0, "network_errors": 0, "kubernetes_prometheus_rules": "kubernetes_prometheus_rules", "add_security_context": "add_security_context", "delay_treatment": "delay_treatment"}, {"instance": "kube-prometheus-prometheus-node-exporter.oxn-external-monitoring.svc:9100", "timestamp": 1737547926.46, "sum(rate(node_network_receive_errs_total[1m]) + rate(node_network_transmit_errs_total[1m])) by (instance)": 0, "network_errors": 0, "kubernetes_prometheus_rules": "kubernetes_prometheus_rules", "add_security_context": "add_security_context", "delay_treatment": "delay_treatment"}, {"instance": "kube-prometheus-prometheus-node-exporter.oxn-external-monitoring.svc:9100", "timestamp": 1737547927.46, "sum(rate(node_network_receive_errs_total[1m]) + rate(node_network_transmit_errs_total[1m])) by (instance)": 0, "network_errors": 0, "kubernetes_prometheus_rules": "kubernetes_prometheus_rules", "add_security_context": "add_security_context", "delay_treatment": "delay_treatment"}, {"instance": "kube-prometheus-prometheus-node-exporter.oxn-external-monitoring.svc:9100", "timestamp": 1737547928.46, "sum(rate(node_network_receive_errs_total[1m]) + rate(node_network_transmit_errs_total[1m])) by (instance)": 0, "network_errors": 0, "kubernetes_prometheus_rules": "kubernetes_prometheus_rules", "add_security_context": "add_security_context", "delay_treatment": "delay_treatment"}, {"instance": "kube-prometheus-prometheus-node-exporter.oxn-external-monitoring.svc:9100", "timestamp": 1737547929.46, "sum(rate(node_network_receive_errs_total[1m]) + rate(node_network_transmit_errs_total[1m])) by (instance)": 0, "network_errors": 0, "kubernetes_prometheus_rules": "kubernetes_prometheus_rules", "add_security_context": "add_security_context", "delay_treatment": "delay_treatment"}, {"instance": "kube-prometheus-prometheus-node-exporter.oxn-external-monitoring.svc:9100", "timestamp": 1737547930.46, "sum(rate(node_network_receive_errs_total[1m]) + rate(node_network_transmit_errs_total[1m])) by (instance)": 0, "network_errors": 0, "kubernetes_prometheus_rules": "kubernetes_prometheus_rules", "add_security_context": "add_security_context", "delay_treatment": "delay_treatment"}, {"instance": "kube-prometheus-prometheus-node-exporter.oxn-external-monitoring.svc:9100", "timestamp": 1737547931.46, "sum(rate(node_network_receive_errs_total[1m]) + rate(node_network_transmit_errs_total[1m])) by (instance)": 0, "network_errors": 0, "kubernetes_prometheus_rules": "kubernetes_prometheus_rules", "add_security_context": "add_security_context", "delay_treatment": "delay_treatment"}, {"instance": "kube-prometheus-prometheus-node-exporter.oxn-external-monitoring.svc:9100", "timestamp": 1737547932.46, "sum(rate(node_network_receive_errs_total[1m]) + rate(node_network_transmit_errs_total[1m])) by (instance)": 0, "network_errors": 0, "kubernetes_prometheus_rules": "kubernetes_prometheus_rules", "add_security_context": "add_security_context", "delay_treatment": "delay_treatment"}, {"instance": "kube-prometheus-prometheus-node-exporter.oxn-external-monitoring.svc:9100", "timestamp": 1737547933.46, "sum(rate(node_network_receive_errs_total[1m]) + rate(node_network_transmit_errs_total[1m])) by (instance)": 0, "network_errors": 0, "kubernetes_prometheus_rules": "kubernetes_prometheus_rules", "add_security_context": "add_security_context", "delay_treatment": "delay_treatment"}, {"instance": "kube-prometheus-prometheus-node-exporter.oxn-external-monitoring.svc:9100", "timestamp": 1737547934.46, "sum(rate(node_network_receive_errs_total[1m]) + rate(node_network_transmit_errs_total[1m])) by (instance)": 0, "network_errors": 0, "kubernetes_prometheus_rules": "kubernetes_prometheus_rules", "add_security_context": "add_security_context", "delay_treatment": "delay_treatment"}, {"instance": "kube-prometheus-prometheus-node-exporter.oxn-external-monitoring.svc:9100", "timestamp": 1737547935.46, "sum(rate(node_network_receive_errs_total[1m]) + rate(node_network_transmit_errs_total[1m])) by (instance)": 0, "network_errors": 0, "kubernetes_prometheus_rules": "kubernetes_prometheus_rules", "add_security_context": "add_security_context", "delay_treatment": "delay_treatment"}, {"instance": "kube-prometheus-prometheus-node-exporter.oxn-external-monitoring.svc:9100", "timestamp": 1737547936.46, "sum(rate(node_network_receive_errs_total[1m]) + rate(node_network_transmit_errs_total[1m])) by (instance)": 0, "network_errors": 0, "kubernetes_prometheus_rules": "kubernetes_prometheus_rules", "add_security_context": "add_security_context", "delay_treatment": "delay_treatment"}, {"instance": "kube-prometheus-prometheus-node-exporter.oxn-external-monitoring.svc:9100", "timestamp": 1737547937.46, "sum(rate(node_network_receive_errs_total[1m]) + rate(node_network_transmit_errs_total[1m])) by (instance)": 0, "network_errors": 0, "kubernetes_prometheus_rules": "kubernetes_prometheus_rules", "add_security_context": "add_security_context", "delay_treatment": "delay_treatment"}, {"instance": "kube-prometheus-prometheus-node-exporter.oxn-external-monitoring.svc:9100", "timestamp": 1737547938.46, "sum(rate(node_network_receive_errs_total[1m]) + rate(node_network_transmit_errs_total[1m])) by (instance)": 0, "network_errors": 0, "kubernetes_prometheus_rules": "kubernetes_prometheus_rules", "add_security_context": "add_security_context", "delay_treatment": "delay_treatment"}, {"instance": "kube-prometheus-prometheus-node-exporter.oxn-external-monitoring.svc:9100", "timestamp": 1737547939.46, "sum(rate(node_network_receive_errs_total[1m]) + rate(node_network_transmit_errs_total[1m])) by (instance)": 0, "network_errors": 0, "kubernetes_prometheus_rules": "kubernetes_prometheus_rules", "add_security_context": "add_security_context", "delay_treatment": "delay_treatment"}, {"instance": "kube-prometheus-prometheus-node-exporter.oxn-external-monitoring.svc:9100", "timestamp": 1737547940.46, "sum(rate(node_network_receive_errs_total[1m]) + rate(node_network_transmit_errs_total[1m])) by (instance)": 0, "network_errors": 0, "kubernetes_prometheus_rules": "kubernetes_prometheus_rules", "add_security_context": "add_security_context", "delay_treatment": "delay_treatment"}, {"instance": "kube-prometheus-prometheus-node-exporter.oxn-external-monitoring.svc:9100", "timestamp": 1737547941.46, "sum(rate(node_network_receive_errs_total[1m]) + rate(node_network_transmit_errs_total[1m])) by (instance)": 0, "network_errors": 0, "kubernetes_prometheus_rules": "kubernetes_prometheus_rules", "add_security_context": "add_security_context", "delay_treatment": "delay_treatment"}, {"instance": "kube-prometheus-prometheus-node-exporter.oxn-external-monitoring.svc:9100", "timestamp": 1737547942.46, "sum(rate(node_network_receive_errs_total[1m]) + rate(node_network_transmit_errs_total[1m])) by (instance)": 0, "network_errors": 0, "kubernetes_prometheus_rules": "kubernetes_prometheus_rules", "add_security_context": "add_security_context", "delay_treatment": "delay_treatment"}, {"instance": "kube-prometheus-prometheus-node-exporter.oxn-external-monitoring.svc:9100", "timestamp": 1737547943.46, "sum(rate(node_network_receive_errs_total[1m]) + rate(node_network_transmit_errs_total[1m])) by (instance)": 0, "network_errors": 0, "kubernetes_prometheus_rules": "kubernetes_prometheus_rules", "add_security_context": "add_security_context", "delay_treatment": "delay_treatment"}, {"instance": "kube-prometheus-prometheus-node-exporter.oxn-external-monitoring.svc:9100", "timestamp": 1737547944.46, "sum(rate(node_network_receive_errs_total[1m]) + rate(node_network_transmit_errs_total[1m])) by (instance)": 0, "network_errors": 0, "kubernetes_prometheus_rules": "kubernetes_prometheus_rules", "add_security_context": "add_security_context", "delay_treatment": "delay_treatment"}, {"instance": "kube-prometheus-prometheus-node-exporter.oxn-external-monitoring.svc:9100", "timestamp": 1737547945.46, "sum(rate(node_network_receive_errs_total[1m]) + rate(node_network_transmit_errs_total[1m])) by (instance)": 0, "network_errors": 0, "kubernetes_prometheus_rules": "kubernetes_prometheus_rules", "add_security_context": "add_security_context", "delay_treatment": "delay_treatment"}, {"instance": "kube-prometheus-prometheus-node-exporter.oxn-external-monitoring.svc:9100", "timestamp": 1737547946.46, "sum(rate(node_network_receive_errs_total[1m]) + rate(node_network_transmit_errs_total[1m])) by (instance)": 0, "network_errors": 0, "kubernetes_prometheus_rules": "kubernetes_prometheus_rules", "add_security_context": "add_security_context", "delay_treatment": "delay_treatment"}, {"instance": "kube-prometheus-prometheus-node-exporter.oxn-external-monitoring.svc:9100", "timestamp": 1737547947.46, "sum(rate(node_network_receive_errs_total[1m]) + rate(node_network_transmit_errs_total[1m])) by (instance)": 0, "network_errors": 0, "kubernetes_prometheus_rules": "kubernetes_prometheus_rules", "add_security_context": "add_security_context", "delay_treatment": "delay_treatment"}, {"instance": "kube-prometheus-prometheus-node-exporter.oxn-external-monitoring.svc:9100", "timestamp": 1737547948.46, "sum(rate(node_network_receive_errs_total[1m]) + rate(node_network_transmit_errs_total[1m])) by (instance)": 0, "network_errors": 0, "kubernetes_prometheus_rules": "kubernetes_prometheus_rules", "add_security_context": "add_security_context", "delay_treatment": "delay_treatment"}, {"instance": "kube-prometheus-prometheus-node-exporter.oxn-external-monitoring.svc:9100", "timestamp": 1737547949.46, "sum(rate(node_network_receive_errs_total[1m]) + rate(node_network_transmit_errs_total[1m])) by (instance)": 0, "network_errors": 0, "kubernetes_prometheus_rules": "kubernetes_prometheus_rules", "add_security_context": "add_security_context", "delay_treatment": "delay_treatment"}, {"instance": "kube-prometheus-prometheus-node-exporter.oxn-external-monitoring.svc:9100", "timestamp": 1737547950.46, "sum(rate(node_network_receive_errs_total[1m]) + rate(node_network_transmit_errs_total[1m])) by (instance)": 0, "network_errors": 0, "kubernetes_prometheus_rules": "kubernetes_prometheus_rules", "add_security_context": "add_security_context", "delay_treatment": "delay_treatment"}, {"instance": "kube-prometheus-prometheus-node-exporter.oxn-external-monitoring.svc:9100", "timestamp": 1737547951.46, "sum(rate(node_network_receive_errs_total[1m]) + rate(node_network_transmit_errs_total[1m])) by (instance)": 0, "network_errors": 0, "kubernetes_prometheus_rules": "kubernetes_prometheus_rules", "add_security_context": "add_security_context", "delay_treatment": "delay_treatment"}, {"instance": "kube-prometheus-prometheus-node-exporter.oxn-external-monitoring.svc:9100", "timestamp": 1737547952.46, "sum(rate(node_network_receive_errs_total[1m]) + rate(node_network_transmit_errs_total[1m])) by (instance)": 0, "network_errors": 0, "kubernetes_prometheus_rules": "kubernetes_prometheus_rules", "add_security_context": "add_security_context", "delay_treatment": "delay_treatment"}, {"instance": "kube-prometheus-prometheus-node-exporter.oxn-external-monitoring.svc:9100", "timestamp": 1737547953.46, "sum(rate(node_network_receive_errs_total[1m]) + rate(node_network_transmit_errs_total[1m])) by (instance)": 0, "network_errors": 0, "kubernetes_prometheus_rules": "kubernetes_prometheus_rules", "add_security_context": "add_security_context", "delay_treatment": "delay_treatment"}, {"instance": "kube-prometheus-prometheus-node-exporter.oxn-external-monitoring.svc:9100", "timestamp": 1737547954.46, "sum(rate(node_network_receive_errs_total[1m]) + rate(node_network_transmit_errs_total[1m])) by (instance)": 0, "network_errors": 0, "kubernetes_prometheus_rules": "kubernetes_prometheus_rules", "add_security_context": "add_security_context", "delay_treatment": "delay_treatment"}, {"instance": "kube-prometheus-prometheus-node-exporter.oxn-external-monitoring.svc:9100", "timestamp": 1737547955.46, "sum(rate(node_network_receive_errs_total[1m]) + rate(node_network_transmit_errs_total[1m])) by (instance)": 0, "network_errors": 0, "kubernetes_prometheus_rules": "kubernetes_prometheus_rules", "add_security_context": "add_security_context", "delay_treatment": "delay_treatment"}, {"instance": "kube-prometheus-prometheus-node-exporter.oxn-external-monitoring.svc:9100", "timestamp": 1737547956.46, "sum(rate(node_network_receive_errs_total[1m]) + rate(node_network_transmit_errs_total[1m])) by (instance)": 0, "network_errors": 0, "kubernetes_prometheus_rules": "kubernetes_prometheus_rules", "add_security_context": "add_security_context", "delay_treatment": "delay_treatment"}, {"instance": "kube-prometheus-prometheus-node-exporter.oxn-external-monitoring.svc:9100", "timestamp": 1737547957.46, "sum(rate(node_network_receive_errs_total[1m]) + rate(node_network_transmit_errs_total[1m])) by (instance)": 0, "network_errors": 0, "kubernetes_prometheus_rules": "kubernetes_prometheus_rules", "add_security_context": "add_security_context", "delay_treatment": "delay_treatment"}, {"instance": "kube-prometheus-prometheus-node-exporter.oxn-external-monitoring.svc:9100", "timestamp": 1737547958.46, "sum(rate(node_network_receive_errs_total[1m]) + rate(node_network_transmit_errs_total[1m])) by (instance)": 0, "network_errors": 0, "kubernetes_prometheus_rules": "kubernetes_prometheus_rules", "add_security_context": "add_security_context", "delay_treatment": "delay_treatment"}, {"instance": "kube-prometheus-prometheus-node-exporter.oxn-external-monitoring.svc:9100", "timestamp": 1737547959.46, "sum(rate(node_network_receive_errs_total[1m]) + rate(node_network_transmit_errs_total[1m])) by (instance)": 0, "network_errors": 0, "kubernetes_prometheus_rules": "kubernetes_prometheus_rules", "add_security_context": "add_security_context", "delay_treatment": "delay_treatment"}, {"instance": "kube-prometheus-prometheus-node-exporter.oxn-external-monitoring.svc:9100", "timestamp": 1737547960.46, "sum(rate(node_network_receive_errs_total[1m]) + rate(node_network_transmit_errs_total[1m])) by (instance)": 0, "network_errors": 0, "kubernetes_prometheus_rules": "kubernetes_prometheus_rules", "add_security_context": "add_security_context", "delay_treatment": "delay_treatment"}, {"instance": "kube-prometheus-prometheus-node-exporter.oxn-external-monitoring.svc:9100", "timestamp": 1737547961.46, "sum(rate(node_network_receive_errs_total[1m]) + rate(node_network_transmit_errs_total[1m])) by (instance)": 0, "network_errors": 0, "kubernetes_prometheus_rules": "kubernetes_prometheus_rules", "add_security_context": "add_security_context", "delay_treatment": "delay_treatment"}, {"instance": "kube-prometheus-prometheus-node-exporter.oxn-external-monitoring.svc:9100", "timestamp": 1737547962.46, "sum(rate(node_network_receive_errs_total[1m]) + rate(node_network_transmit_errs_total[1m])) by (instance)": 0, "network_errors": 0, "kubernetes_prometheus_rules": "kubernetes_prometheus_rules", "add_security_context": "add_security_context", "delay_treatment": "delay_treatment"}, {"instance": "kube-prometheus-prometheus-node-exporter.oxn-external-monitoring.svc:9100", "timestamp": 1737547963.46, "sum(rate(node_network_receive_errs_total[1m]) + rate(node_network_transmit_errs_total[1m])) by (instance)": 0, "network_errors": 0, "kubernetes_prometheus_rules": "kubernetes_prometheus_rules", "add_security_context": "add_security_context", "delay_treatment": "delay_treatment"}, {"instance": "kube-prometheus-prometheus-node-exporter.oxn-external-monitoring.svc:9100", "timestamp": 1737547964.46, "sum(rate(node_network_receive_errs_total[1m]) + rate(node_network_transmit_errs_total[1m])) by (instance)": 0, "network_errors": 0, "kubernetes_prometheus_rules": "kubernetes_prometheus_rules", "add_security_context": "add_security_context", "delay_treatment": "delay_treatment"}, {"instance": "kube-prometheus-prometheus-node-exporter.oxn-external-monitoring.svc:9100", "timestamp": 1737547965.46, "sum(rate(node_network_receive_errs_total[1m]) + rate(node_network_transmit_errs_total[1m])) by (instance)": 0, "network_errors": 0, "kubernetes_prometheus_rules": "kubernetes_prometheus_rules", "add_security_context": "add_security_context", "delay_treatment": "delay_treatment"}, {"instance": "kube-prometheus-prometheus-node-exporter.oxn-external-monitoring.svc:9100", "timestamp": 1737547966.46, "sum(rate(node_network_receive_errs_total[1m]) + rate(node_network_transmit_errs_total[1m])) by (instance)": 0, "network_errors": 0, "kubernetes_prometheus_rules": "kubernetes_prometheus_rules", "add_security_context": "add_security_context", "delay_treatment": "delay_treatment"}, {"instance": "kube-prometheus-prometheus-node-exporter.oxn-external-monitoring.svc:9100", "timestamp": 1737547967.46, "sum(rate(node_network_receive_errs_total[1m]) + rate(node_network_transmit_errs_total[1m])) by (instance)": 0, "network_errors": 0, "kubernetes_prometheus_rules": "kubernetes_prometheus_rules", "add_security_context": "add_security_context", "delay_treatment": "delay_treatment"}, {"instance": "kube-prometheus-prometheus-node-exporter.oxn-external-monitoring.svc:9100", "timestamp": 1737547968.46, "sum(rate(node_network_receive_errs_total[1m]) + rate(node_network_transmit_errs_total[1m])) by (instance)": 0, "network_errors": 0, "kubernetes_prometheus_rules": "kubernetes_prometheus_rules", "add_security_context": "add_security_context", "delay_treatment": "delay_treatment"}, {"instance": "kube-prometheus-prometheus-node-exporter.oxn-external-monitoring.svc:9100", "timestamp": 1737547969.46, "sum(rate(node_network_receive_errs_total[1m]) + rate(node_network_transmit_errs_total[1m])) by (instance)": 0, "network_errors": 0, "kubernetes_prometheus_rules": "kubernetes_prometheus_rules", "add_security_context": "add_security_context", "delay_treatment": "delay_treatment"}, {"instance": "kube-prometheus-prometheus-node-exporter.oxn-external-monitoring.svc:9100", "timestamp": 1737547970.46, "sum(rate(node_network_receive_errs_total[1m]) + rate(node_network_transmit_errs_total[1m])) by (instance)": 0, "network_errors": 0, "kubernetes_prometheus_rules": "kubernetes_prometheus_rules", "add_security_context": "add_security_context", "delay_treatment": "delay_treatment"}, {"instance": "kube-prometheus-prometheus-node-exporter.oxn-external-monitoring.svc:9100", "timestamp": 1737547971.46, "sum(rate(node_network_receive_errs_total[1m]) + rate(node_network_transmit_errs_total[1m])) by (instance)": 0, "network_errors": 0, "kubernetes_prometheus_rules": "kubernetes_prometheus_rules", "add_security_context": "add_security_context", "delay_treatment": "delay_treatment"}, {"instance": "kube-prometheus-prometheus-node-exporter.oxn-external-monitoring.svc:9100", "timestamp": 1737547972.46, "sum(rate(node_network_receive_errs_total[1m]) + rate(node_network_transmit_errs_total[1m])) by (instance)": 0, "network_errors": 0, "kubernetes_prometheus_rules": "kubernetes_prometheus_rules", "add_security_context": "add_security_context", "delay_treatment": "delay_treatment"}, {"instance": "kube-prometheus-prometheus-node-exporter.oxn-external-monitoring.svc:9100", "timestamp": 1737547973.46, "sum(rate(node_network_receive_errs_total[1m]) + rate(node_network_transmit_errs_total[1m])) by (instance)": 0, "network_errors": 0, "kubernetes_prometheus_rules": "kubernetes_prometheus_rules", "add_security_context": "add_security_context", "delay_treatment": "delay_treatment"}, {"instance": "kube-prometheus-prometheus-node-exporter.oxn-external-monitoring.svc:9100", "timestamp": 1737547974.46, "sum(rate(node_network_receive_errs_total[1m]) + rate(node_network_transmit_errs_total[1m])) by (instance)": 0, "network_errors": 0, "kubernetes_prometheus_rules": "kubernetes_prometheus_rules", "add_security_context": "add_security_context", "delay_treatment": "delay_treatment"}, {"instance": "kube-prometheus-prometheus-node-exporter.oxn-external-monitoring.svc:9100", "timestamp": 1737547975.46, "sum(rate(node_network_receive_errs_total[1m]) + rate(node_network_transmit_errs_total[1m])) by (instance)": 0, "network_errors": 0, "kubernetes_prometheus_rules": "kubernetes_prometheus_rules", "add_security_context": "add_security_context", "delay_treatment": "delay_treatment"}, {"instance": "kube-prometheus-prometheus-node-exporter.oxn-external-monitoring.svc:9100", "timestamp": 1737547976.46, "sum(rate(node_network_receive_errs_total[1m]) + rate(node_network_transmit_errs_total[1m])) by (instance)": 0, "network_errors": 0, "kubernetes_prometheus_rules": "kubernetes_prometheus_rules", "add_security_context": "add_security_context", "delay_treatment": "delay_treatment"}, {"instance": "kube-prometheus-prometheus-node-exporter.oxn-external-monitoring.svc:9100", "timestamp": 1737547977.46, "sum(rate(node_network_receive_errs_total[1m]) + rate(node_network_transmit_errs_total[1m])) by (instance)": 0, "network_errors": 0, "kubernetes_prometheus_rules": "kubernetes_prometheus_rules", "add_security_context": "add_security_context", "delay_treatment": "delay_treatment"}, {"instance": "kube-prometheus-prometheus-node-exporter.oxn-external-monitoring.svc:9100", "timestamp": 1737547978.46, "sum(rate(node_network_receive_errs_total[1m]) + rate(node_network_transmit_errs_total[1m])) by (instance)": 0, "network_errors": 0, "kubernetes_prometheus_rules": "kubernetes_prometheus_rules", "add_security_context": "add_security_context", "delay_treatment": "delay_treatment"}, {"instance": "kube-prometheus-prometheus-node-exporter.oxn-external-monitoring.svc:9100", "timestamp": 1737547979.46, "sum(rate(node_network_receive_errs_total[1m]) + rate(node_network_transmit_errs_total[1m])) by (instance)": 0, "network_errors": 0, "kubernetes_prometheus_rules": "kubernetes_prometheus_rules", "add_security_context": "add_security_context", "delay_treatment": "delay_treatment"}, {"instance": "kube-prometheus-prometheus-node-exporter.oxn-external-monitoring.svc:9100", "timestamp": 1737547980.46, "sum(rate(node_network_receive_errs_total[1m]) + rate(node_network_transmit_errs_total[1m])) by (instance)": 0, "network_errors": 0, "kubernetes_prometheus_rules": "kubernetes_prometheus_rules", "add_security_context": "add_security_context", "delay_treatment": "delay_treatment"}, {"instance": "kube-prometheus-prometheus-node-exporter.oxn-external-monitoring.svc:9100", "timestamp": 1737547981.46, "sum(rate(node_network_receive_errs_total[1m]) + rate(node_network_transmit_errs_total[1m])) by (instance)": 0, "network_errors": 0, "kubernetes_prometheus_rules": "kubernetes_prometheus_rules", "add_security_context": "add_security_context", "delay_treatment": "delay_treatment"}, {"instance": "kube-prometheus-prometheus-node-exporter.oxn-external-monitoring.svc:9100", "timestamp": 1737547982.46, "sum(rate(node_network_receive_errs_total[1m]) + rate(node_network_transmit_errs_total[1m])) by (instance)": 0, "network_errors": 0, "kubernetes_prometheus_rules": "kubernetes_prometheus_rules", "add_security_context": "add_security_context", "delay_treatment": "delay_treatment"}, {"instance": "kube-prometheus-prometheus-node-exporter.oxn-external-monitoring.svc:9100", "timestamp": 1737547983.46, "sum(rate(node_network_receive_errs_total[1m]) + rate(node_network_transmit_errs_total[1m])) by (instance)": 0, "network_errors": 0, "kubernetes_prometheus_rules": "kubernetes_prometheus_rules", "add_security_context": "add_security_context", "delay_treatment": "delay_treatment"}, {"instance": "kube-prometheus-prometheus-node-exporter.oxn-external-monitoring.svc:9100", "timestamp": 1737547984.46, "sum(rate(node_network_receive_errs_total[1m]) + rate(node_network_transmit_errs_total[1m])) by (instance)": 0, "network_errors": 0, "kubernetes_prometheus_rules": "kubernetes_prometheus_rules", "add_security_context": "add_security_context", "delay_treatment": "delay_treatment"}, {"instance": "kube-prometheus-prometheus-node-exporter.oxn-external-monitoring.svc:9100", "timestamp": 1737547985.46, "sum(rate(node_network_receive_errs_total[1m]) + rate(node_network_transmit_errs_total[1m])) by (instance)": 0, "network_errors": 0, "kubernetes_prometheus_rules": "kubernetes_prometheus_rules", "add_security_context": "add_security_context", "delay_treatment": "delay_treatment"}, {"instance": "kube-prometheus-prometheus-node-exporter.oxn-external-monitoring.svc:9100", "timestamp": 1737547986.46, "sum(rate(node_network_receive_errs_total[1m]) + rate(node_network_transmit_errs_total[1m])) by (instance)": 0, "network_errors": 0, "kubernetes_prometheus_rules": "kubernetes_prometheus_rules", "add_security_context": "add_security_context", "delay_treatment": "delay_treatment"}, {"instance": "kube-prometheus-prometheus-node-exporter.oxn-external-monitoring.svc:9100", "timestamp": 1737547987.46, "sum(rate(node_network_receive_errs_total[1m]) + rate(node_network_transmit_errs_total[1m])) by (instance)": 0, "network_errors": 0, "kubernetes_prometheus_rules": "kubernetes_prometheus_rules", "add_security_context": "add_security_context", "delay_treatment": "delay_treatment"}, {"instance": "kube-prometheus-prometheus-node-exporter.oxn-external-monitoring.svc:9100", "timestamp": 1737547988.46, "sum(rate(node_network_receive_errs_total[1m]) + rate(node_network_transmit_errs_total[1m])) by (instance)": 0, "network_errors": 0, "kubernetes_prometheus_rules": "kubernetes_prometheus_rules", "add_security_context": "add_security_context", "delay_treatment": "delay_treatment"}, {"instance": "kube-prometheus-prometheus-node-exporter.oxn-external-monitoring.svc:9100", "timestamp": 1737547989.46, "sum(rate(node_network_receive_errs_total[1m]) + rate(node_network_transmit_errs_total[1m])) by (instance)": 0, "network_errors": 0, "kubernetes_prometheus_rules": "kubernetes_prometheus_rules", "add_security_context": "add_security_context", "delay_treatment": "delay_treatment"}, {"instance": "kube-prometheus-prometheus-node-exporter.oxn-external-monitoring.svc:9100", "timestamp": 1737547990.46, "sum(rate(node_network_receive_errs_total[1m]) + rate(node_network_transmit_errs_total[1m])) by (instance)": 0, "network_errors": 0, "kubernetes_prometheus_rules": "kubernetes_prometheus_rules", "add_security_context": "add_security_context", "delay_treatment": "delay_treatment"}, {"instance": "kube-prometheus-prometheus-node-exporter.oxn-external-monitoring.svc:9100", "timestamp": 1737547991.46, "sum(rate(node_network_receive_errs_total[1m]) + rate(node_network_transmit_errs_total[1m])) by (instance)": 0, "network_errors": 0, "kubernetes_prometheus_rules": "kubernetes_prometheus_rules", "add_security_context": "add_security_context", "delay_treatment": "delay_treatment"}, {"instance": "kube-prometheus-prometheus-node-exporter.oxn-external-monitoring.svc:9100", "timestamp": 1737547992.46, "sum(rate(node_network_receive_errs_total[1m]) + rate(node_network_transmit_errs_total[1m])) by (instance)": 0, "network_errors": 0, "kubernetes_prometheus_rules": "kubernetes_prometheus_rules", "add_security_context": "add_security_context", "delay_treatment": "delay_treatment"}, {"instance": "kube-prometheus-prometheus-node-exporter.oxn-external-monitoring.svc:9100", "timestamp": 1737547993.46, "sum(rate(node_network_receive_errs_total[1m]) + rate(node_network_transmit_errs_total[1m])) by (instance)": 0, "network_errors": 0, "kubernetes_prometheus_rules": "kubernetes_prometheus_rules", "add_security_context": "add_security_context", "delay_treatment": "delay_treatment"}, {"instance": "kube-prometheus-prometheus-node-exporter.oxn-external-monitoring.svc:9100", "timestamp": 1737547994.46, "sum(rate(node_network_receive_errs_total[1m]) + rate(node_network_transmit_errs_total[1m])) by (instance)": 0, "network_errors": 0, "kubernetes_prometheus_rules": "kubernetes_prometheus_rules", "add_security_context": "add_security_context", "delay_treatment": "delay_treatment"}, {"instance": "kube-prometheus-prometheus-node-exporter.oxn-external-monitoring.svc:9100", "timestamp": 1737547995.46, "sum(rate(node_network_receive_errs_total[1m]) + rate(node_network_transmit_errs_total[1m])) by (instance)": 0, "network_errors": 0, "kubernetes_prometheus_rules": "kubernetes_prometheus_rules", "add_security_context": "add_security_context", "delay_treatment": "delay_treatment"}, {"instance": "kube-prometheus-prometheus-node-exporter.oxn-external-monitoring.svc:9100", "timestamp": 1737547996.46, "sum(rate(node_network_receive_errs_total[1m]) + rate(node_network_transmit_errs_total[1m])) by (instance)": 0, "network_errors": 0, "kubernetes_prometheus_rules": "kubernetes_prometheus_rules", "add_security_context": "add_security_context", "delay_treatment": "delay_treatment"}, {"instance": "kube-prometheus-prometheus-node-exporter.oxn-external-monitoring.svc:9100", "timestamp": 1737547997.46, "sum(rate(node_network_receive_errs_total[1m]) + rate(node_network_transmit_errs_total[1m])) by (instance)": 0, "network_errors": 0, "kubernetes_prometheus_rules": "kubernetes_prometheus_rules", "add_security_context": "add_security_context", "delay_treatment": "delay_treatment"}, {"instance": "kube-prometheus-prometheus-node-exporter.oxn-external-monitoring.svc:9100", "timestamp": 1737547998.46, "sum(rate(node_network_receive_errs_total[1m]) + rate(node_network_transmit_errs_total[1m])) by (instance)": 0, "network_errors": 0, "kubernetes_prometheus_rules": "kubernetes_prometheus_rules", "add_security_context": "add_security_context", "delay_treatment": "delay_treatment"}, {"instance": "kube-prometheus-prometheus-node-exporter.oxn-external-monitoring.svc:9100", "timestamp": 1737547999.46, "sum(rate(node_network_receive_errs_total[1m]) + rate(node_network_transmit_errs_total[1m])) by (instance)": 0, "network_errors": 0, "kubernetes_prometheus_rules": "kubernetes_prometheus_rules", "add_security_context": "add_security_context", "delay_treatment": "delay_treatment"}, {"instance": "kube-prometheus-prometheus-node-exporter.oxn-external-monitoring.svc:9100", "timestamp": 1737548000.46, "sum(rate(node_network_receive_errs_total[1m]) + rate(node_network_transmit_errs_total[1m])) by (instance)": 0, "network_errors": 0, "kubernetes_prometheus_rules": "kubernetes_prometheus_rules", "add_security_context": "add_security_context", "delay_treatment": "delay_treatment"}, {"instance": "kube-prometheus-prometheus-node-exporter.oxn-external-monitoring.svc:9100", "timestamp": 1737548001.46, "sum(rate(node_network_receive_errs_total[1m]) + rate(node_network_transmit_errs_total[1m])) by (instance)": 0, "network_errors": 0, "kubernetes_prometheus_rules": "kubernetes_prometheus_rules", "add_security_context": "add_security_context", "delay_treatment": "delay_treatment"}, {"instance": "kube-prometheus-prometheus-node-exporter.oxn-external-monitoring.svc:9100", "timestamp": 1737548002.46, "sum(rate(node_network_receive_errs_total[1m]) + rate(node_network_transmit_errs_total[1m])) by (instance)": 0, "network_errors": 0, "kubernetes_prometheus_rules": "kubernetes_prometheus_rules", "add_security_context": "add_security_context", "delay_treatment": "delay_treatment"}, {"instance": "kube-prometheus-prometheus-node-exporter.oxn-external-monitoring.svc:9100", "timestamp": 1737548003.46, "sum(rate(node_network_receive_errs_total[1m]) + rate(node_network_transmit_errs_total[1m])) by (instance)": 0, "network_errors": 0, "kubernetes_prometheus_rules": "kubernetes_prometheus_rules", "add_security_context": "add_security_context", "delay_treatment": "delay_treatment"}, {"instance": "kube-prometheus-prometheus-node-exporter.oxn-external-monitoring.svc:9100", "timestamp": 1737548004.46, "sum(rate(node_network_receive_errs_total[1m]) + rate(node_network_transmit_errs_total[1m])) by (instance)": 0, "network_errors": 0, "kubernetes_prometheus_rules": "kubernetes_prometheus_rules", "add_security_context": "add_security_context", "delay_treatment": "delay_treatment"}, {"instance": "kube-prometheus-prometheus-node-exporter.oxn-external-monitoring.svc:9100", "timestamp": 1737548005.46, "sum(rate(node_network_receive_errs_total[1m]) + rate(node_network_transmit_errs_total[1m])) by (instance)": 0, "network_errors": 0, "kubernetes_prometheus_rules": "kubernetes_prometheus_rules", "add_security_context": "add_security_context", "delay_treatment": "delay_treatment"}, {"instance": "kube-prometheus-prometheus-node-exporter.oxn-external-monitoring.svc:9100", "timestamp": 1737548006.46, "sum(rate(node_network_receive_errs_total[1m]) + rate(node_network_transmit_errs_total[1m])) by (instance)": 0, "network_errors": 0, "kubernetes_prometheus_rules": "kubernetes_prometheus_rules", "add_security_context": "add_security_context", "delay_treatment": "delay_treatment"}, {"instance": "kube-prometheus-prometheus-node-exporter.oxn-external-monitoring.svc:9100", "timestamp": 1737548007.46, "sum(rate(node_network_receive_errs_total[1m]) + rate(node_network_transmit_errs_total[1m])) by (instance)": 0, "network_errors": 0, "kubernetes_prometheus_rules": "kubernetes_prometheus_rules", "add_security_context": "add_security_context", "delay_treatment": "delay_treatment"}, {"instance": "kube-prometheus-prometheus-node-exporter.oxn-external-monitoring.svc:9100", "timestamp": 1737548008.46, "sum(rate(node_network_receive_errs_total[1m]) + rate(node_network_transmit_errs_total[1m])) by (instance)": 0, "network_errors": 0, "kubernetes_prometheus_rules": "kubernetes_prometheus_rules", "add_security_context": "add_security_context", "delay_treatment": "delay_treatment"}, {"instance": "kube-prometheus-prometheus-node-exporter.oxn-external-monitoring.svc:9100", "timestamp": 1737548009.46, "sum(rate(node_network_receive_errs_total[1m]) + rate(node_network_transmit_errs_total[1m])) by (instance)": 0, "network_errors": 0, "kubernetes_prometheus_rules": "kubernetes_prometheus_rules", "add_security_context": "add_security_context", "delay_treatment": "delay_treatment"}, {"instance": "kube-prometheus-prometheus-node-exporter.oxn-external-monitoring.svc:9100", "timestamp": 1737548010.46, "sum(rate(node_network_receive_errs_total[1m]) + rate(node_network_transmit_errs_total[1m])) by (instance)": 0, "network_errors": 0, "kubernetes_prometheus_rules": "kubernetes_prometheus_rules", "add_security_context": "add_security_context", "delay_treatment": "delay_treatment"}, {"instance": "kube-prometheus-prometheus-node-exporter.oxn-external-monitoring.svc:9100", "timestamp": 1737548011.46, "sum(rate(node_network_receive_errs_total[1m]) + rate(node_network_transmit_errs_total[1m])) by (instance)": 0, "network_errors": 0, "kubernetes_prometheus_rules": "kubernetes_prometheus_rules", "add_security_context": "add_security_context", "delay_treatment": "delay_treatment"}, {"instance": "kube-prometheus-prometheus-node-exporter.oxn-external-monitoring.svc:9100", "timestamp": 1737548012.46, "sum(rate(node_network_receive_errs_total[1m]) + rate(node_network_transmit_errs_total[1m])) by (instance)": 0, "network_errors": 0, "kubernetes_prometheus_rules": "kubernetes_prometheus_rules", "add_security_context": "add_security_context", "delay_treatment": "delay_treatment"}, {"instance": "kube-prometheus-prometheus-node-exporter.oxn-external-monitoring.svc:9100", "timestamp": 1737548013.46, "sum(rate(node_network_receive_errs_total[1m]) + rate(node_network_transmit_errs_total[1m])) by (instance)": 0, "network_errors": 0, "kubernetes_prometheus_rules": "kubernetes_prometheus_rules", "add_security_context": "add_security_context", "delay_treatment": "delay_treatment"}, {"instance": "kube-prometheus-prometheus-node-exporter.oxn-external-monitoring.svc:9100", "timestamp": 1737548014.46, "sum(rate(node_network_receive_errs_total[1m]) + rate(node_network_transmit_errs_total[1m])) by (instance)": 0, "network_errors": 0, "kubernetes_prometheus_rules": "kubernetes_prometheus_rules", "add_security_context": "add_security_context", "delay_treatment": "delay_treatment"}, {"instance": "kube-prometheus-prometheus-node-exporter.oxn-external-monitoring.svc:9100", "timestamp": 1737548015.46, "sum(rate(node_network_receive_errs_total[1m]) + rate(node_network_transmit_errs_total[1m])) by (instance)": 0, "network_errors": 0, "kubernetes_prometheus_rules": "kubernetes_prometheus_rules", "add_security_context": "add_security_context", "delay_treatment": "delay_treatment"}, {"instance": "kube-prometheus-prometheus-node-exporter.oxn-external-monitoring.svc:9100", "timestamp": 1737548016.46, "sum(rate(node_network_receive_errs_total[1m]) + rate(node_network_transmit_errs_total[1m])) by (instance)": 0, "network_errors": 0, "kubernetes_prometheus_rules": "kubernetes_prometheus_rules", "add_security_context": "add_security_context", "delay_treatment": "delay_treatment"}, {"instance": "kube-prometheus-prometheus-node-exporter.oxn-external-monitoring.svc:9100", "timestamp": 1737548017.46, "sum(rate(node_network_receive_errs_total[1m]) + rate(node_network_transmit_errs_total[1m])) by (instance)": 0, "network_errors": 0, "kubernetes_prometheus_rules": "kubernetes_prometheus_rules", "add_security_context": "add_security_context", "delay_treatment": "delay_treatment"}, {"instance": "kube-prometheus-prometheus-node-exporter.oxn-external-monitoring.svc:9100", "timestamp": 1737548018.46, "sum(rate(node_network_receive_errs_total[1m]) + rate(node_network_transmit_errs_total[1m])) by (instance)": 0, "network_errors": 0, "kubernetes_prometheus_rules": "kubernetes_prometheus_rules", "add_security_context": "add_security_context", "delay_treatment": "delay_treatment"}, {"instance": "kube-prometheus-prometheus-node-exporter.oxn-external-monitoring.svc:9100", "timestamp": 1737548019.46, "sum(rate(node_network_receive_errs_total[1m]) + rate(node_network_transmit_errs_total[1m])) by (instance)": 0, "network_errors": 0, "kubernetes_prometheus_rules": "kubernetes_prometheus_rules", "add_security_context": "add_security_context", "delay_treatment": "delay_treatment"}, {"instance": "kube-prometheus-prometheus-node-exporter.oxn-external-monitoring.svc:9100", "timestamp": 1737548020.46, "sum(rate(node_network_receive_errs_total[1m]) + rate(node_network_transmit_errs_total[1m])) by (instance)": 0, "network_errors": 0, "kubernetes_prometheus_rules": "kubernetes_prometheus_rules", "add_security_context": "add_security_context", "delay_treatment": "delay_treatment"}, {"instance": "kube-prometheus-prometheus-node-exporter.oxn-external-monitoring.svc:9100", "timestamp": 1737548021.46, "sum(rate(node_network_receive_errs_total[1m]) + rate(node_network_transmit_errs_total[1m])) by (instance)": 0, "network_errors": 0, "kubernetes_prometheus_rules": "kubernetes_prometheus_rules", "add_security_context": "add_security_context", "delay_treatment": "delay_treatment"}, {"instance": "kube-prometheus-prometheus-node-exporter.oxn-external-monitoring.svc:9100", "timestamp": 1737548022.46, "sum(rate(node_network_receive_errs_total[1m]) + rate(node_network_transmit_errs_total[1m])) by (instance)": 0, "network_errors": 0, "kubernetes_prometheus_rules": "kubernetes_prometheus_rules", "add_security_context": "add_security_context", "delay_treatment": "delay_treatment"}, {"instance": "kube-prometheus-prometheus-node-exporter.oxn-external-monitoring.svc:9100", "timestamp": 1737548023.46, "sum(rate(node_network_receive_errs_total[1m]) + rate(node_network_transmit_errs_total[1m])) by (instance)": 0, "network_errors": 0, "kubernetes_prometheus_rules": "kubernetes_prometheus_rules", "add_security_context": "add_security_context", "delay_treatment": "delay_treatment"}, {"instance": "kube-prometheus-prometheus-node-exporter.oxn-external-monitoring.svc:9100", "timestamp": 1737548024.46, "sum(rate(node_network_receive_errs_total[1m]) + rate(node_network_transmit_errs_total[1m])) by (instance)": 0, "network_errors": 0, "kubernetes_prometheus_rules": "kubernetes_prometheus_rules", "add_security_context": "add_security_context", "delay_treatment": "delay_treatment"}, {"instance": "kube-prometheus-prometheus-node-exporter.oxn-external-monitoring.svc:9100", "timestamp": 1737548025.46, "sum(rate(node_network_receive_errs_total[1m]) + rate(node_network_transmit_errs_total[1m])) by (instance)": 0, "network_errors": 0, "kubernetes_prometheus_rules": "kubernetes_prometheus_rules", "add_security_context": "add_security_context", "delay_treatment": "delay_treatment"}, {"instance": "kube-prometheus-prometheus-node-exporter.oxn-external-monitoring.svc:9100", "timestamp": 1737548026.46, "sum(rate(node_network_receive_errs_total[1m]) + rate(node_network_transmit_errs_total[1m])) by (instance)": 0, "network_errors": 0, "kubernetes_prometheus_rules": "kubernetes_prometheus_rules", "add_security_context": "add_security_context", "delay_treatment": "delay_treatment"}, {"instance": "kube-prometheus-prometheus-node-exporter.oxn-external-monitoring.svc:9100", "timestamp": 1737548027.46, "sum(rate(node_network_receive_errs_total[1m]) + rate(node_network_transmit_errs_total[1m])) by (instance)": 0, "network_errors": 0, "kubernetes_prometheus_rules": "kubernetes_prometheus_rules", "add_security_context": "add_security_context", "delay_treatment": "delay_treatment"}, {"instance": "kube-prometheus-prometheus-node-exporter.oxn-external-monitoring.svc:9100", "timestamp": 1737548028.46, "sum(rate(node_network_receive_errs_total[1m]) + rate(node_network_transmit_errs_total[1m])) by (instance)": 0, "network_errors": 0, "kubernetes_prometheus_rules": "kubernetes_prometheus_rules", "add_security_context": "add_security_context", "delay_treatment": "delay_treatment"}, {"instance": "kube-prometheus-prometheus-node-exporter.oxn-external-monitoring.svc:9100", "timestamp": 1737548029.46, "sum(rate(node_network_receive_errs_total[1m]) + rate(node_network_transmit_errs_total[1m])) by (instance)": 0, "network_errors": 0, "kubernetes_prometheus_rules": "kubernetes_prometheus_rules", "add_security_context": "add_security_context", "delay_treatment": "delay_treatment"}, {"instance": "kube-prometheus-prometheus-node-exporter.oxn-external-monitoring.svc:9100", "timestamp": 1737548030.46, "sum(rate(node_network_receive_errs_total[1m]) + rate(node_network_transmit_errs_total[1m])) by (instance)": 0, "network_errors": 0, "kubernetes_prometheus_rules": "kubernetes_prometheus_rules", "add_security_context": "add_security_context", "delay_treatment": "delay_treatment"}, {"instance": "kube-prometheus-prometheus-node-exporter.oxn-external-monitoring.svc:9100", "timestamp": 1737548031.46, "sum(rate(node_network_receive_errs_total[1m]) + rate(node_network_transmit_errs_total[1m])) by (instance)": 0, "network_errors": 0, "kubernetes_prometheus_rules": "kubernetes_prometheus_rules", "add_security_context": "add_security_context", "delay_treatment": "delay_treatment"}, {"instance": "kube-prometheus-prometheus-node-exporter.oxn-external-monitoring.svc:9100", "timestamp": 1737548032.46, "sum(rate(node_network_receive_errs_total[1m]) + rate(node_network_transmit_errs_total[1m])) by (instance)": 0, "network_errors": 0, "kubernetes_prometheus_rules": "kubernetes_prometheus_rules", "add_security_context": "add_security_context", "delay_treatment": "delay_treatment"}, {"instance": "kube-prometheus-prometheus-node-exporter.oxn-external-monitoring.svc:9100", "timestamp": 1737548033.46, "sum(rate(node_network_receive_errs_total[1m]) + rate(node_network_transmit_errs_total[1m])) by (instance)": 0, "network_errors": 0, "kubernetes_prometheus_rules": "kubernetes_prometheus_rules", "add_security_context": "add_security_context", "delay_treatment": "delay_treatment"}, {"instance": "kube-prometheus-prometheus-node-exporter.oxn-external-monitoring.svc:9100", "timestamp": 1737548034.46, "sum(rate(node_network_receive_errs_total[1m]) + rate(node_network_transmit_errs_total[1m])) by (instance)": 0, "network_errors": 0, "kubernetes_prometheus_rules": "kubernetes_prometheus_rules", "add_security_context": "add_security_context", "delay_treatment": "delay_treatment"}, {"instance": "kube-prometheus-prometheus-node-exporter.oxn-external-monitoring.svc:9100", "timestamp": 1737548035.46, "sum(rate(node_network_receive_errs_total[1m]) + rate(node_network_transmit_errs_total[1m])) by (instance)": 0, "network_errors": 0, "kubernetes_prometheus_rules": "kubernetes_prometheus_rules", "add_security_context": "add_security_context", "delay_treatment": "delay_treatment"}, {"instance": "kube-prometheus-prometheus-node-exporter.oxn-external-monitoring.svc:9100", "timestamp": 1737548036.46, "sum(rate(node_network_receive_errs_total[1m]) + rate(node_network_transmit_errs_total[1m])) by (instance)": 0, "network_errors": 0, "kubernetes_prometheus_rules": "kubernetes_prometheus_rules", "add_security_context": "add_security_context", "delay_treatment": "delay_treatment"}, {"instance": "kube-prometheus-prometheus-node-exporter.oxn-external-monitoring.svc:9100", "timestamp": 1737548037.46, "sum(rate(node_network_receive_errs_total[1m]) + rate(node_network_transmit_errs_total[1m])) by (instance)": 0, "network_errors": 0, "kubernetes_prometheus_rules": "kubernetes_prometheus_rules", "add_security_context": "add_security_context", "delay_treatment": "delay_treatment"}, {"instance": "kube-prometheus-prometheus-node-exporter.oxn-external-monitoring.svc:9100", "timestamp": 1737548038.46, "sum(rate(node_network_receive_errs_total[1m]) + rate(node_network_transmit_errs_total[1m])) by (instance)": 0, "network_errors": 0, "kubernetes_prometheus_rules": "kubernetes_prometheus_rules", "add_security_context": "add_security_context", "delay_treatment": "delay_treatment"}, {"instance": "kube-prometheus-prometheus-node-exporter.oxn-external-monitoring.svc:9100", "timestamp": 1737548039.46, "sum(rate(node_network_receive_errs_total[1m]) + rate(node_network_transmit_errs_total[1m])) by (instance)": 0, "network_errors": 0, "kubernetes_prometheus_rules": "kubernetes_prometheus_rules", "add_security_context": "add_security_context", "delay_treatment": "delay_treatment"}, {"instance": "kube-prometheus-prometheus-node-exporter.oxn-external-monitoring.svc:9100", "timestamp": 1737548040.46, "sum(rate(node_network_receive_errs_total[1m]) + rate(node_network_transmit_errs_total[1m])) by (instance)": 0, "network_errors": 0, "kubernetes_prometheus_rules": "kubernetes_prometheus_rules", "add_security_context": "add_security_context", "delay_treatment": "delay_treatment"}, {"instance": "kube-prometheus-prometheus-node-exporter.oxn-external-monitoring.svc:9100", "timestamp": 1737548041.46, "sum(rate(node_network_receive_errs_total[1m]) + rate(node_network_transmit_errs_total[1m])) by (instance)": 0, "network_errors": 0, "kubernetes_prometheus_rules": "kubernetes_prometheus_rules", "add_security_context": "add_security_context", "delay_treatment": "delay_treatment"}, {"instance": "kube-prometheus-prometheus-node-exporter.oxn-external-monitoring.svc:9100", "timestamp": 1737548042.46, "sum(rate(node_network_receive_errs_total[1m]) + rate(node_network_transmit_errs_total[1m])) by (instance)": 0, "network_errors": 0, "kubernetes_prometheus_rules": "kubernetes_prometheus_rules", "add_security_context": "add_security_context", "delay_treatment": "delay_treatment"}, {"instance": "kube-prometheus-prometheus-node-exporter.oxn-external-monitoring.svc:9100", "timestamp": 1737548043.46, "sum(rate(node_network_receive_errs_total[1m]) + rate(node_network_transmit_errs_total[1m])) by (instance)": 0, "network_errors": 0, "kubernetes_prometheus_rules": "kubernetes_prometheus_rules", "add_security_context": "add_security_context", "delay_treatment": "delay_treatment"}, {"instance": "kube-prometheus-prometheus-node-exporter.oxn-external-monitoring.svc:9100", "timestamp": 1737548044.46, "sum(rate(node_network_receive_errs_total[1m]) + rate(node_network_transmit_errs_total[1m])) by (instance)": 0, "network_errors": 0, "kubernetes_prometheus_rules": "kubernetes_prometheus_rules", "add_security_context": "add_security_context", "delay_treatment": "delay_treatment"}, {"instance": "kube-prometheus-prometheus-node-exporter.oxn-external-monitoring.svc:9100", "timestamp": 1737548045.46, "sum(rate(node_network_receive_errs_total[1m]) + rate(node_network_transmit_errs_total[1m])) by (instance)": 0, "network_errors": 0, "kubernetes_prometheus_rules": "kubernetes_prometheus_rules", "add_security_context": "add_security_context", "delay_treatment": "delay_treatment"}, {"instance": "kube-prometheus-prometheus-node-exporter.oxn-external-monitoring.svc:9100", "timestamp": 1737548046.46, "sum(rate(node_network_receive_errs_total[1m]) + rate(node_network_transmit_errs_total[1m])) by (instance)": 0, "network_errors": 0, "kubernetes_prometheus_rules": "kubernetes_prometheus_rules", "add_security_context": "add_security_context", "delay_treatment": "delay_treatment"}, {"instance": "kube-prometheus-prometheus-node-exporter.oxn-external-monitoring.svc:9100", "timestamp": 1737548047.46, "sum(rate(node_network_receive_errs_total[1m]) + rate(node_network_transmit_errs_total[1m])) by (instance)": 0, "network_errors": 0, "kubernetes_prometheus_rules": "kubernetes_prometheus_rules", "add_security_context": "add_security_context", "delay_treatment": "delay_treatment"}, {"instance": "kube-prometheus-prometheus-node-exporter.oxn-external-monitoring.svc:9100", "timestamp": 1737548048.46, "sum(rate(node_network_receive_errs_total[1m]) + rate(node_network_transmit_errs_total[1m])) by (instance)": 0, "network_errors": 0, "kubernetes_prometheus_rules": "kubernetes_prometheus_rules", "add_security_context": "add_security_context", "delay_treatment": "delay_treatment"}, {"instance": "kube-prometheus-prometheus-node-exporter.oxn-external-monitoring.svc:9100", "timestamp": 1737548049.46, "sum(rate(node_network_receive_errs_total[1m]) + rate(node_network_transmit_errs_total[1m])) by (instance)": 0, "network_errors": 0, "kubernetes_prometheus_rules": "kubernetes_prometheus_rules", "add_security_context": "add_security_context", "delay_treatment": "delay_treatment"}, {"instance": "kube-prometheus-prometheus-node-exporter.oxn-external-monitoring.svc:9100", "timestamp": 1737548050.46, "sum(rate(node_network_receive_errs_total[1m]) + rate(node_network_transmit_errs_total[1m])) by (instance)": 0, "network_errors": 0, "kubernetes_prometheus_rules": "kubernetes_prometheus_rules", "add_security_context": "add_security_context", "delay_treatment": "delay_treatment"}, {"instance": "kube-prometheus-prometheus-node-exporter.oxn-external-monitoring.svc:9100", "timestamp": 1737548051.46, "sum(rate(node_network_receive_errs_total[1m]) + rate(node_network_transmit_errs_total[1m])) by (instance)": 0, "network_errors": 0, "kubernetes_prometheus_rules": "kubernetes_prometheus_rules", "add_security_context": "add_security_context", "delay_treatment": "delay_treatment"}, {"instance": "kube-prometheus-prometheus-node-exporter.oxn-external-monitoring.svc:9100", "timestamp": 1737548052.46, "sum(rate(node_network_receive_errs_total[1m]) + rate(node_network_transmit_errs_total[1m])) by (instance)": 0, "network_errors": 0, "kubernetes_prometheus_rules": "kubernetes_prometheus_rules", "add_security_context": "add_security_context", "delay_treatment": "delay_treatment"}, {"instance": "kube-prometheus-prometheus-node-exporter.oxn-external-monitoring.svc:9100", "timestamp": 1737548053.46, "sum(rate(node_network_receive_errs_total[1m]) + rate(node_network_transmit_errs_total[1m])) by (instance)": 0, "network_errors": 0, "kubernetes_prometheus_rules": "kubernetes_prometheus_rules", "add_security_context": "add_security_context", "delay_treatment": "delay_treatment"}, {"instance": "kube-prometheus-prometheus-node-exporter.oxn-external-monitoring.svc:9100", "timestamp": 1737548054.46, "sum(rate(node_network_receive_errs_total[1m]) + rate(node_network_transmit_errs_total[1m])) by (instance)": 0, "network_errors": 0, "kubernetes_prometheus_rules": "kubernetes_prometheus_rules", "add_security_context": "add_security_context", "delay_treatment": "delay_treatment"}, {"instance": "kube-prometheus-prometheus-node-exporter.oxn-external-monitoring.svc:9100", "timestamp": 1737548055.46, "sum(rate(node_network_receive_errs_total[1m]) + rate(node_network_transmit_errs_total[1m])) by (instance)": 0, "network_errors": 0, "kubernetes_prometheus_rules": "kubernetes_prometheus_rules", "add_security_context": "add_security_context", "delay_treatment": "delay_treatment"}, {"instance": "kube-prometheus-prometheus-node-exporter.oxn-external-monitoring.svc:9100", "timestamp": 1737548056.46, "sum(rate(node_network_receive_errs_total[1m]) + rate(node_network_transmit_errs_total[1m])) by (instance)": 0, "network_errors": 0, "kubernetes_prometheus_rules": "kubernetes_prometheus_rules", "add_security_context": "add_security_context", "delay_treatment": "delay_treatment"}, {"instance": "kube-prometheus-prometheus-node-exporter.oxn-external-monitoring.svc:9100", "timestamp": 1737548057.46, "sum(rate(node_network_receive_errs_total[1m]) + rate(node_network_transmit_errs_total[1m])) by (instance)": 0, "network_errors": 0, "kubernetes_prometheus_rules": "kubernetes_prometheus_rules", "add_security_context": "add_security_context", "delay_treatment": "delay_treatment"}, {"instance": "kube-prometheus-prometheus-node-exporter.oxn-external-monitoring.svc:9100", "timestamp": 1737548058.46, "sum(rate(node_network_receive_errs_total[1m]) + rate(node_network_transmit_errs_total[1m])) by (instance)": 0, "network_errors": 0, "kubernetes_prometheus_rules": "kubernetes_prometheus_rules", "add_security_context": "add_security_context", "delay_treatment": "delay_treatment"}, {"instance": "kube-prometheus-prometheus-node-exporter.oxn-external-monitoring.svc:9100", "timestamp": 1737548059.46, "sum(rate(node_network_receive_errs_total[1m]) + rate(node_network_transmit_errs_total[1m])) by (instance)": 0, "network_errors": 0, "kubernetes_prometheus_rules": "kubernetes_prometheus_rules", "add_security_context": "add_security_context", "delay_treatment": "delay_treatment"}, {"instance": "kube-prometheus-prometheus-node-exporter.oxn-external-monitoring.svc:9100", "timestamp": 1737548060.46, "sum(rate(node_network_receive_errs_total[1m]) + rate(node_network_transmit_errs_total[1m])) by (instance)": 0, "network_errors": 0, "kubernetes_prometheus_rules": "kubernetes_prometheus_rules", "add_security_context": "add_security_context", "delay_treatment": "delay_treatment"}, {"instance": "kube-prometheus-prometheus-node-exporter.oxn-external-monitoring.svc:9100", "timestamp": 1737548061.46, "sum(rate(node_network_receive_errs_total[1m]) + rate(node_network_transmit_errs_total[1m])) by (instance)": 0, "network_errors": 0, "kubernetes_prometheus_rules": "kubernetes_prometheus_rules", "add_security_context": "add_security_context", "delay_treatment": "delay_treatment"}, {"instance": "kube-prometheus-prometheus-node-exporter.oxn-external-monitoring.svc:9100", "timestamp": 1737548062.46, "sum(rate(node_network_receive_errs_total[1m]) + rate(node_network_transmit_errs_total[1m])) by (instance)": 0, "network_errors": 0, "kubernetes_prometheus_rules": "kubernetes_prometheus_rules", "add_security_context": "add_security_context", "delay_treatment": "delay_treatment"}, {"instance": "kube-prometheus-prometheus-node-exporter.oxn-external-monitoring.svc:9100", "timestamp": 1737548063.46, "sum(rate(node_network_receive_errs_total[1m]) + rate(node_network_transmit_errs_total[1m])) by (instance)": 0, "network_errors": 0, "kubernetes_prometheus_rules": "kubernetes_prometheus_rules", "add_security_context": "add_security_context", "delay_treatment": "delay_treatment"}, {"instance": "kube-prometheus-prometheus-node-exporter.oxn-external-monitoring.svc:9100", "timestamp": 1737548064.46, "sum(rate(node_network_receive_errs_total[1m]) + rate(node_network_transmit_errs_total[1m])) by (instance)": 0, "network_errors": 0, "kubernetes_prometheus_rules": "kubernetes_prometheus_rules", "add_security_context": "add_security_context", "delay_treatment": "delay_treatment"}, {"instance": "kube-prometheus-prometheus-node-exporter.oxn-external-monitoring.svc:9100", "timestamp": 1737548065.46, "sum(rate(node_network_receive_errs_total[1m]) + rate(node_network_transmit_errs_total[1m])) by (instance)": 0, "network_errors": 0, "kubernetes_prometheus_rules": "kubernetes_prometheus_rules", "add_security_context": "add_security_context", "delay_treatment": "delay_treatment"}, {"instance": "kube-prometheus-prometheus-node-exporter.oxn-external-monitoring.svc:9100", "timestamp": 1737548066.46, "sum(rate(node_network_receive_errs_total[1m]) + rate(node_network_transmit_errs_total[1m])) by (instance)": 0, "network_errors": 0, "kubernetes_prometheus_rules": "kubernetes_prometheus_rules", "add_security_context": "add_security_context", "delay_treatment": "delay_treatment"}, {"instance": "kube-prometheus-prometheus-node-exporter.oxn-external-monitoring.svc:9100", "timestamp": 1737548067.46, "sum(rate(node_network_receive_errs_total[1m]) + rate(node_network_transmit_errs_total[1m])) by (instance)": 0, "network_errors": 0, "kubernetes_prometheus_rules": "kubernetes_prometheus_rules", "add_security_context": "add_security_context", "delay_treatment": "delay_treatment"}, {"instance": "kube-prometheus-prometheus-node-exporter.oxn-external-monitoring.svc:9100", "timestamp": 1737548068.46, "sum(rate(node_network_receive_errs_total[1m]) + rate(node_network_transmit_errs_total[1m])) by (instance)": 0, "network_errors": 0, "kubernetes_prometheus_rules": "kubernetes_prometheus_rules", "add_security_context": "add_security_context", "delay_treatment": "delay_treatment"}, {"instance": "kube-prometheus-prometheus-node-exporter.oxn-external-monitoring.svc:9100", "timestamp": 1737548069.46, "sum(rate(node_network_receive_errs_total[1m]) + rate(node_network_transmit_errs_total[1m])) by (instance)": 0, "network_errors": 0, "kubernetes_prometheus_rules": "kubernetes_prometheus_rules", "add_security_context": "add_security_context", "delay_treatment": "delay_treatment"}, {"instance": "kube-prometheus-prometheus-node-exporter.oxn-external-monitoring.svc:9100", "timestamp": 1737548070.46, "sum(rate(node_network_receive_errs_total[1m]) + rate(node_network_transmit_errs_total[1m])) by (instance)": 0, "network_errors": 0, "kubernetes_prometheus_rules": "kubernetes_prometheus_rules", "add_security_context": "add_security_context", "delay_treatment": "delay_treatment"}, {"instance": "kube-prometheus-prometheus-node-exporter.oxn-external-monitoring.svc:9100", "timestamp": 1737548071.46, "sum(rate(node_network_receive_errs_total[1m]) + rate(node_network_transmit_errs_total[1m])) by (instance)": 0, "network_errors": 0, "kubernetes_prometheus_rules": "kubernetes_prometheus_rules", "add_security_context": "add_security_context", "delay_treatment": "delay_treatment"}, {"instance": "kube-prometheus-prometheus-node-exporter.oxn-external-monitoring.svc:9100", "timestamp": 1737548072.46, "sum(rate(node_network_receive_errs_total[1m]) + rate(node_network_transmit_errs_total[1m])) by (instance)": 0, "network_errors": 0, "kubernetes_prometheus_rules": "kubernetes_prometheus_rules", "add_security_context": "add_security_context", "delay_treatment": "delay_treatment"}, {"instance": "kube-prometheus-prometheus-node-exporter.oxn-external-monitoring.svc:9100", "timestamp": 1737548073.46, "sum(rate(node_network_receive_errs_total[1m]) + rate(node_network_transmit_errs_total[1m])) by (instance)": 0, "network_errors": 0, "kubernetes_prometheus_rules": "kubernetes_prometheus_rules", "add_security_context": "add_security_context", "delay_treatment": "delay_treatment"}, {"instance": "kube-prometheus-prometheus-node-exporter.oxn-external-monitoring.svc:9100", "timestamp": 1737548074.46, "sum(rate(node_network_receive_errs_total[1m]) + rate(node_network_transmit_errs_total[1m])) by (instance)": 0, "network_errors": 0, "kubernetes_prometheus_rules": "NoTreatment", "add_security_context": "NoTreatment", "delay_treatment": "NoTreatment"}, {"instance": "kube-prometheus-prometheus-node-exporter.oxn-external-monitoring.svc:9100", "timestamp": 1737548075.46, "sum(rate(node_network_receive_errs_total[1m]) + rate(node_network_transmit_errs_total[1m])) by (instance)": 0, "network_errors": 0, "kubernetes_prometheus_rules": "NoTreatment", "add_security_context": "NoTreatment", "delay_treatment": "NoTreatment"}, {"instance": "kube-prometheus-prometheus-node-exporter.oxn-external-monitoring.svc:9100", "timestamp": 1737548076.46, "sum(rate(node_network_receive_errs_total[1m]) + rate(node_network_transmit_errs_total[1m])) by (instance)": 0, "network_errors": 0, "kubernetes_prometheus_rules": "NoTreatment", "add_security_context": "NoTreatment", "delay_treatment": "NoTreatment"}, {"instance": "kube-prometheus-prometheus-node-exporter.oxn-external-monitoring.svc:9100", "timestamp": 1737548077.46, "sum(rate(node_network_receive_errs_total[1m]) + rate(node_network_transmit_errs_total[1m])) by (instance)": 0, "network_errors": 0, "kubernetes_prometheus_rules": "NoTreatment", "add_security_context": "NoTreatment", "delay_treatment": "NoTreatment"}, {"instance": "kube-prometheus-prometheus-node-exporter.oxn-external-monitoring.svc:9100", "timestamp": 1737548078.46, "sum(rate(node_network_receive_errs_total[1m]) + rate(node_network_transmit_errs_total[1m])) by (instance)": 0, "network_errors": 0, "kubernetes_prometheus_rules": "NoTreatment", "add_security_context": "NoTreatment", "delay_treatment": "NoTreatment"}, {"instance": "kube-prometheus-prometheus-node-exporter.oxn-external-monitoring.svc:9100", "timestamp": 1737548079.46, "sum(rate(node_network_receive_errs_total[1m]) + rate(node_network_transmit_errs_total[1m])) by (instance)": 0, "network_errors": 0, "kubernetes_prometheus_rules": "NoTreatment", "add_security_context": "NoTreatment", "delay_treatment": "NoTreatment"}, {"instance": "kube-prometheus-prometheus-node-exporter.oxn-external-monitoring.svc:9100", "timestamp": 1737548080.46, "sum(rate(node_network_receive_errs_total[1m]) + rate(node_network_transmit_errs_total[1m])) by (instance)": 0, "network_errors": 0, "kubernetes_prometheus_rules": "NoTreatment", "add_security_context": "NoTreatment", "delay_treatment": "NoTreatment"}, {"instance": "kube-prometheus-prometheus-node-exporter.oxn-external-monitoring.svc:9100", "timestamp": 1737548081.46, "sum(rate(node_network_receive_errs_total[1m]) + rate(node_network_transmit_errs_total[1m])) by (instance)": 0, "network_errors": 0, "kubernetes_prometheus_rules": "NoTreatment", "add_security_context": "NoTreatment", "delay_treatment": "NoTreatment"}, {"instance": "kube-prometheus-prometheus-node-exporter.oxn-external-monitoring.svc:9100", "timestamp": 1737548082.46, "sum(rate(node_network_receive_errs_total[1m]) + rate(node_network_transmit_errs_total[1m])) by (instance)": 0, "network_errors": 0, "kubernetes_prometheus_rules": "NoTreatment", "add_security_context": "NoTreatment", "delay_treatment": "NoTreatment"}, {"instance": "kube-prometheus-prometheus-node-exporter.oxn-external-monitoring.svc:9100", "timestamp": 1737548083.46, "sum(rate(node_network_receive_errs_total[1m]) + rate(node_network_transmit_errs_total[1m])) by (instance)": 0, "network_errors": 0, "kubernetes_prometheus_rules": "NoTreatment", "add_security_context": "NoTreatment", "delay_treatment": "NoTreatment"}]