[{"instance": "kube-prometheus-prometheus-node-exporter.oxn-external-monitoring.svc:9100", "timestamp": 1737551725.412, "sum(rate(node_cpu_seconds_total{mode!=\"idle\"}[1m])) by (instance)": 0.27951349163043127, "cpu_usage": 0.27951349163043127, "kubernetes_prometheus_rules": "kubernetes_prometheus_rules", "add_security_context": "NoTreatment", "delay_treatment": "NoTreatment"}, {"instance": "kube-prometheus-prometheus-node-exporter.oxn-external-monitoring.svc:9100", "timestamp": 1737551726.412, "sum(rate(node_cpu_seconds_total{mode!=\"idle\"}[1m])) by (instance)": 0.26692142898499704, "cpu_usage": 0.26692142898499704, "kubernetes_prometheus_rules": "kubernetes_prometheus_rules", "add_security_context": "NoTreatment", "delay_treatment": "NoTreatment"}, {"instance": "kube-prometheus-prometheus-node-exporter.oxn-external-monitoring.svc:9100", "timestamp": 1737551727.412, "sum(rate(node_cpu_seconds_total{mode!=\"idle\"}[1m])) by (instance)": 0.266921428984997, "cpu_usage": 0.266921428984997, "kubernetes_prometheus_rules": "kubernetes_prometheus_rules", "add_security_context": "NoTreatment", "delay_treatment": "NoTreatment"}, {"instance": "kube-prometheus-prometheus-node-exporter.oxn-external-monitoring.svc:9100", "timestamp": 1737551728.412, "sum(rate(node_cpu_seconds_total{mode!=\"idle\"}[1m])) by (instance)": 0.2564553887314479, "cpu_usage": 0.2564553887314479, "kubernetes_prometheus_rules": "kubernetes_prometheus_rules", "add_security_context": "NoTreatment", "delay_treatment": "NoTreatment"}, {"instance": "kube-prometheus-prometheus-node-exporter.oxn-external-monitoring.svc:9100", "timestamp": 1737551729.412, "sum(rate(node_cpu_seconds_total{mode!=\"idle\"}[1m])) by (instance)": 0.2564553887314479, "cpu_usage": 0.2564553887314479, "kubernetes_prometheus_rules": "kubernetes_prometheus_rules", "add_security_context": "NoTreatment", "delay_treatment": "NoTreatment"}, {"instance": "kube-prometheus-prometheus-node-exporter.oxn-external-monitoring.svc:9100", "timestamp": 1737551730.412, "sum(rate(node_cpu_seconds_total{mode!=\"idle\"}[1m])) by (instance)": 0.2564553887314479, "cpu_usage": 0.2564553887314479, "kubernetes_prometheus_rules": "kubernetes_prometheus_rules", "add_security_context": "NoTreatment", "delay_treatment": "NoTreatment"}, {"instance": "kube-prometheus-prometheus-node-exporter.oxn-external-monitoring.svc:9100", "timestamp": 1737551731.412, "sum(rate(node_cpu_seconds_total{mode!=\"idle\"}[1m])) by (instance)": 0.23662015324339342, "cpu_usage": 0.23662015324339342, "kubernetes_prometheus_rules": "kubernetes_prometheus_rules", "add_security_context": "NoTreatment", "delay_treatment": "NoTreatment"}, {"instance": "kube-prometheus-prometheus-node-exporter.oxn-external-monitoring.svc:9100", "timestamp": 1737551732.412, "sum(rate(node_cpu_seconds_total{mode!=\"idle\"}[1m])) by (instance)": 0.2366201532433934, "cpu_usage": 0.2366201532433934, "kubernetes_prometheus_rules": "kubernetes_prometheus_rules", "add_security_context": "NoTreatment", "delay_treatment": "NoTreatment"}, {"instance": "kube-prometheus-prometheus-node-exporter.oxn-external-monitoring.svc:9100", "timestamp": 1737551733.412, "sum(rate(node_cpu_seconds_total{mode!=\"idle\"}[1m])) by (instance)": 0.22741274004189327, "cpu_usage": 0.22741274004189327, "kubernetes_prometheus_rules": "kubernetes_prometheus_rules", "add_security_context": "NoTreatment", "delay_treatment": "NoTreatment"}, {"instance": "kube-prometheus-prometheus-node-exporter.oxn-external-monitoring.svc:9100", "timestamp": 1737551734.412, "sum(rate(node_cpu_seconds_total{mode!=\"idle\"}[1m])) by (instance)": 0.22741274004189327, "cpu_usage": 0.22741274004189327, "kubernetes_prometheus_rules": "kubernetes_prometheus_rules", "add_security_context": "NoTreatment", "delay_treatment": "NoTreatment"}, {"instance": "kube-prometheus-prometheus-node-exporter.oxn-external-monitoring.svc:9100", "timestamp": 1737551735.412, "sum(rate(node_cpu_seconds_total{mode!=\"idle\"}[1m])) by (instance)": 0.22741274004189327, "cpu_usage": 0.22741274004189327, "kubernetes_prometheus_rules": "kubernetes_prometheus_rules", "add_security_context": "add_security_context", "delay_treatment": "NoTreatment"}, {"instance": "kube-prometheus-prometheus-node-exporter.oxn-external-monitoring.svc:9100", "timestamp": 1737551736.412, "sum(rate(node_cpu_seconds_total{mode!=\"idle\"}[1m])) by (instance)": 0.19647578792966883, "cpu_usage": 0.19647578792966883, "kubernetes_prometheus_rules": "kubernetes_prometheus_rules", "add_security_context": "add_security_context", "delay_treatment": "delay_treatment"}, {"instance": "kube-prometheus-prometheus-node-exporter.oxn-external-monitoring.svc:9100", "timestamp": 1737551737.412, "sum(rate(node_cpu_seconds_total{mode!=\"idle\"}[1m])) by (instance)": 0.1964757879296688, "cpu_usage": 0.1964757879296688, "kubernetes_prometheus_rules": "kubernetes_prometheus_rules", "add_security_context": "add_security_context", "delay_treatment": "delay_treatment"}, {"instance": "kube-prometheus-prometheus-node-exporter.oxn-external-monitoring.svc:9100", "timestamp": 1737551738.412, "sum(rate(node_cpu_seconds_total{mode!=\"idle\"}[1m])) by (instance)": 0.19749001108901132, "cpu_usage": 0.19749001108901132, "kubernetes_prometheus_rules": "kubernetes_prometheus_rules", "add_security_context": "add_security_context", "delay_treatment": "delay_treatment"}, {"instance": "kube-prometheus-prometheus-node-exporter.oxn-external-monitoring.svc:9100", "timestamp": 1737551739.412, "sum(rate(node_cpu_seconds_total{mode!=\"idle\"}[1m])) by (instance)": 0.19749001108901132, "cpu_usage": 0.19749001108901132, "kubernetes_prometheus_rules": "kubernetes_prometheus_rules", "add_security_context": "add_security_context", "delay_treatment": "delay_treatment"}, {"instance": "kube-prometheus-prometheus-node-exporter.oxn-external-monitoring.svc:9100", "timestamp": 1737551740.412, "sum(rate(node_cpu_seconds_total{mode!=\"idle\"}[1m])) by (instance)": 0.19749001108901132, "cpu_usage": 0.19749001108901132, "kubernetes_prometheus_rules": "kubernetes_prometheus_rules", "add_security_context": "add_security_context", "delay_treatment": "delay_treatment"}, {"instance": "kube-prometheus-prometheus-node-exporter.oxn-external-monitoring.svc:9100", "timestamp": 1737551741.412, "sum(rate(node_cpu_seconds_total{mode!=\"idle\"}[1m])) by (instance)": 0.15884044544805578, "cpu_usage": 0.15884044544805578, "kubernetes_prometheus_rules": "kubernetes_prometheus_rules", "add_security_context": "add_security_context", "delay_treatment": "delay_treatment"}, {"instance": "kube-prometheus-prometheus-node-exporter.oxn-external-monitoring.svc:9100", "timestamp": 1737551742.412, "sum(rate(node_cpu_seconds_total{mode!=\"idle\"}[1m])) by (instance)": 0.15884044544805576, "cpu_usage": 0.15884044544805576, "kubernetes_prometheus_rules": "kubernetes_prometheus_rules", "add_security_context": "add_security_context", "delay_treatment": "delay_treatment"}, {"instance": "kube-prometheus-prometheus-node-exporter.oxn-external-monitoring.svc:9100", "timestamp": 1737551743.412, "sum(rate(node_cpu_seconds_total{mode!=\"idle\"}[1m])) by (instance)": 0.17337581187404402, "cpu_usage": 0.17337581187404402, "kubernetes_prometheus_rules": "kubernetes_prometheus_rules", "add_security_context": "add_security_context", "delay_treatment": "delay_treatment"}, {"instance": "kube-prometheus-prometheus-node-exporter.oxn-external-monitoring.svc:9100", "timestamp": 1737551744.412, "sum(rate(node_cpu_seconds_total{mode!=\"idle\"}[1m])) by (instance)": 0.17337581187404402, "cpu_usage": 0.17337581187404402, "kubernetes_prometheus_rules": "kubernetes_prometheus_rules", "add_security_context": "add_security_context", "delay_treatment": "delay_treatment"}, {"instance": "kube-prometheus-prometheus-node-exporter.oxn-external-monitoring.svc:9100", "timestamp": 1737551745.412, "sum(rate(node_cpu_seconds_total{mode!=\"idle\"}[1m])) by (instance)": 0.17337581187404402, "cpu_usage": 0.17337581187404402, "kubernetes_prometheus_rules": "kubernetes_prometheus_rules", "add_security_context": "add_security_context", "delay_treatment": "delay_treatment"}, {"instance": "kube-prometheus-prometheus-node-exporter.oxn-external-monitoring.svc:9100", "timestamp": 1737551746.412, "sum(rate(node_cpu_seconds_total{mode!=\"idle\"}[1m])) by (instance)": 0.11246180000000085, "cpu_usage": 0.11246180000000085, "kubernetes_prometheus_rules": "kubernetes_prometheus_rules", "add_security_context": "add_security_context", "delay_treatment": "delay_treatment"}, {"instance": "kube-prometheus-prometheus-node-exporter.oxn-external-monitoring.svc:9100", "timestamp": 1737551747.412, "sum(rate(node_cpu_seconds_total{mode!=\"idle\"}[1m])) by (instance)": 0.11557846666666756, "cpu_usage": 0.11557846666666756, "kubernetes_prometheus_rules": "kubernetes_prometheus_rules", "add_security_context": "add_security_context", "delay_treatment": "delay_treatment"}, {"instance": "kube-prometheus-prometheus-node-exporter.oxn-external-monitoring.svc:9100", "timestamp": 1737551748.412, "sum(rate(node_cpu_seconds_total{mode!=\"idle\"}[1m])) by (instance)": 0.12984830476190348, "cpu_usage": 0.12984830476190348, "kubernetes_prometheus_rules": "kubernetes_prometheus_rules", "add_security_context": "add_security_context", "delay_treatment": "delay_treatment"}, {"instance": "kube-prometheus-prometheus-node-exporter.oxn-external-monitoring.svc:9100", "timestamp": 1737551749.412, "sum(rate(node_cpu_seconds_total{mode!=\"idle\"}[1m])) by (instance)": 0.13325782857142723, "cpu_usage": 0.13325782857142723, "kubernetes_prometheus_rules": "kubernetes_prometheus_rules", "add_security_context": "add_security_context", "delay_treatment": "delay_treatment"}, {"instance": "kube-prometheus-prometheus-node-exporter.oxn-external-monitoring.svc:9100", "timestamp": 1737551750.412, "sum(rate(node_cpu_seconds_total{mode!=\"idle\"}[1m])) by (instance)": 0.13666735238095104, "cpu_usage": 0.13666735238095104, "kubernetes_prometheus_rules": "kubernetes_prometheus_rules", "add_security_context": "add_security_context", "delay_treatment": "delay_treatment"}, {"instance": "kube-prometheus-prometheus-node-exporter.oxn-external-monitoring.svc:9100", "timestamp": 1737551751.412, "sum(rate(node_cpu_seconds_total{mode!=\"idle\"}[1m])) by (instance)": 0.14007687619047482, "cpu_usage": 0.14007687619047482, "kubernetes_prometheus_rules": "kubernetes_prometheus_rules", "add_security_context": "add_security_context", "delay_treatment": "delay_treatment"}, {"instance": "kube-prometheus-prometheus-node-exporter.oxn-external-monitoring.svc:9100", "timestamp": 1737551752.412, "sum(rate(node_cpu_seconds_total{mode!=\"idle\"}[1m])) by (instance)": 0.1434863999999986, "cpu_usage": 0.1434863999999986, "kubernetes_prometheus_rules": "kubernetes_prometheus_rules", "add_security_context": "add_security_context", "delay_treatment": "delay_treatment"}, {"instance": "kube-prometheus-prometheus-node-exporter.oxn-external-monitoring.svc:9100", "timestamp": 1737551753.412, "sum(rate(node_cpu_seconds_total{mode!=\"idle\"}[1m])) by (instance)": 0.1723360000000002, "cpu_usage": 0.1723360000000002, "kubernetes_prometheus_rules": "kubernetes_prometheus_rules", "add_security_context": "add_security_context", "delay_treatment": "delay_treatment"}, {"instance": "kube-prometheus-prometheus-node-exporter.oxn-external-monitoring.svc:9100", "timestamp": 1737551754.412, "sum(rate(node_cpu_seconds_total{mode!=\"idle\"}[1m])) by (instance)": 0.17633600000000021, "cpu_usage": 0.17633600000000021, "kubernetes_prometheus_rules": "kubernetes_prometheus_rules", "add_security_context": "add_security_context", "delay_treatment": "delay_treatment"}, {"instance": "kube-prometheus-prometheus-node-exporter.oxn-external-monitoring.svc:9100", "timestamp": 1737551755.412, "sum(rate(node_cpu_seconds_total{mode!=\"idle\"}[1m])) by (instance)": 0.18033600000000022, "cpu_usage": 0.18033600000000022, "kubernetes_prometheus_rules": "kubernetes_prometheus_rules", "add_security_context": "add_security_context", "delay_treatment": "delay_treatment"}, {"instance": "kube-prometheus-prometheus-node-exporter.oxn-external-monitoring.svc:9100", "timestamp": 1737551756.412, "sum(rate(node_cpu_seconds_total{mode!=\"idle\"}[1m])) by (instance)": 0.18433600000000025, "cpu_usage": 0.18433600000000025, "kubernetes_prometheus_rules": "kubernetes_prometheus_rules", "add_security_context": "add_security_context", "delay_treatment": "delay_treatment"}, {"instance": "kube-prometheus-prometheus-node-exporter.oxn-external-monitoring.svc:9100", "timestamp": 1737551757.412, "sum(rate(node_cpu_seconds_total{mode!=\"idle\"}[1m])) by (instance)": 0.18833600000000025, "cpu_usage": 0.18833600000000025, "kubernetes_prometheus_rules": "kubernetes_prometheus_rules", "add_security_context": "add_security_context", "delay_treatment": "delay_treatment"}, {"instance": "kube-prometheus-prometheus-node-exporter.oxn-external-monitoring.svc:9100", "timestamp": 1737551758.412, "sum(rate(node_cpu_seconds_total{mode!=\"idle\"}[1m])) by (instance)": 0.20854208888888848, "cpu_usage": 0.20854208888888848, "kubernetes_prometheus_rules": "kubernetes_prometheus_rules", "add_security_context": "add_security_context", "delay_treatment": "delay_treatment"}, {"instance": "kube-prometheus-prometheus-node-exporter.oxn-external-monitoring.svc:9100", "timestamp": 1737551759.412, "sum(rate(node_cpu_seconds_total{mode!=\"idle\"}[1m])) by (instance)": 0.21287912592592556, "cpu_usage": 0.21287912592592556, "kubernetes_prometheus_rules": "kubernetes_prometheus_rules", "add_security_context": "add_security_context", "delay_treatment": "delay_treatment"}, {"instance": "kube-prometheus-prometheus-node-exporter.oxn-external-monitoring.svc:9100", "timestamp": 1737551760.412, "sum(rate(node_cpu_seconds_total{mode!=\"idle\"}[1m])) by (instance)": 0.21721616296296256, "cpu_usage": 0.21721616296296256, "kubernetes_prometheus_rules": "kubernetes_prometheus_rules", "add_security_context": "add_security_context", "delay_treatment": "delay_treatment"}, {"instance": "kube-prometheus-prometheus-node-exporter.oxn-external-monitoring.svc:9100", "timestamp": 1737551761.412, "sum(rate(node_cpu_seconds_total{mode!=\"idle\"}[1m])) by (instance)": 0.2215531999999996, "cpu_usage": 0.2215531999999996, "kubernetes_prometheus_rules": "kubernetes_prometheus_rules", "add_security_context": "add_security_context", "delay_treatment": "delay_treatment"}, {"instance": "kube-prometheus-prometheus-node-exporter.oxn-external-monitoring.svc:9100", "timestamp": 1737551762.412, "sum(rate(node_cpu_seconds_total{mode!=\"idle\"}[1m])) by (instance)": 0.22589023703703662, "cpu_usage": 0.22589023703703662, "kubernetes_prometheus_rules": "kubernetes_prometheus_rules", "add_security_context": "add_security_context", "delay_treatment": "delay_treatment"}, {"instance": "kube-prometheus-prometheus-node-exporter.oxn-external-monitoring.svc:9100", "timestamp": 1737551763.412, "sum(rate(node_cpu_seconds_total{mode!=\"idle\"}[1m])) by (instance)": 0.2477253333333345, "cpu_usage": 0.2477253333333345, "kubernetes_prometheus_rules": "kubernetes_prometheus_rules", "add_security_context": "add_security_context", "delay_treatment": "delay_treatment"}, {"instance": "kube-prometheus-prometheus-node-exporter.oxn-external-monitoring.svc:9100", "timestamp": 1737551764.412, "sum(rate(node_cpu_seconds_total{mode!=\"idle\"}[1m])) by (instance)": 0.2523920000000011, "cpu_usage": 0.2523920000000011, "kubernetes_prometheus_rules": "kubernetes_prometheus_rules", "add_security_context": "add_security_context", "delay_treatment": "delay_treatment"}, {"instance": "kube-prometheus-prometheus-node-exporter.oxn-external-monitoring.svc:9100", "timestamp": 1737551765.412, "sum(rate(node_cpu_seconds_total{mode!=\"idle\"}[1m])) by (instance)": 0.2570586666666678, "cpu_usage": 0.2570586666666678, "kubernetes_prometheus_rules": "kubernetes_prometheus_rules", "add_security_context": "add_security_context", "delay_treatment": "delay_treatment"}, {"instance": "kube-prometheus-prometheus-node-exporter.oxn-external-monitoring.svc:9100", "timestamp": 1737551766.412, "sum(rate(node_cpu_seconds_total{mode!=\"idle\"}[1m])) by (instance)": 0.26172533333333453, "cpu_usage": 0.26172533333333453, "kubernetes_prometheus_rules": "kubernetes_prometheus_rules", "add_security_context": "add_security_context", "delay_treatment": "delay_treatment"}, {"instance": "kube-prometheus-prometheus-node-exporter.oxn-external-monitoring.svc:9100", "timestamp": 1737551767.412, "sum(rate(node_cpu_seconds_total{mode!=\"idle\"}[1m])) by (instance)": 0.2800000000000013, "cpu_usage": 0.2800000000000013, "kubernetes_prometheus_rules": "kubernetes_prometheus_rules", "add_security_context": "add_security_context", "delay_treatment": "delay_treatment"}, {"instance": "kube-prometheus-prometheus-node-exporter.oxn-external-monitoring.svc:9100", "timestamp": 1737551768.412, "sum(rate(node_cpu_seconds_total{mode!=\"idle\"}[1m])) by (instance)": 0.29090909090909206, "cpu_usage": 0.29090909090909206, "kubernetes_prometheus_rules": "kubernetes_prometheus_rules", "add_security_context": "add_security_context", "delay_treatment": "delay_treatment"}, {"instance": "kube-prometheus-prometheus-node-exporter.oxn-external-monitoring.svc:9100", "timestamp": 1737551769.412, "sum(rate(node_cpu_seconds_total{mode!=\"idle\"}[1m])) by (instance)": 0.29090909090909206, "cpu_usage": 0.29090909090909206, "kubernetes_prometheus_rules": "kubernetes_prometheus_rules", "add_security_context": "add_security_context", "delay_treatment": "delay_treatment"}, {"instance": "kube-prometheus-prometheus-node-exporter.oxn-external-monitoring.svc:9100", "timestamp": 1737551770.412, "sum(rate(node_cpu_seconds_total{mode!=\"idle\"}[1m])) by (instance)": 0.29090909090909206, "cpu_usage": 0.29090909090909206, "kubernetes_prometheus_rules": "kubernetes_prometheus_rules", "add_security_context": "add_security_context", "delay_treatment": "delay_treatment"}, {"instance": "kube-prometheus-prometheus-node-exporter.oxn-external-monitoring.svc:9100", "timestamp": 1737551771.412, "sum(rate(node_cpu_seconds_total{mode!=\"idle\"}[1m])) by (instance)": 0.29090909090909206, "cpu_usage": 0.29090909090909206, "kubernetes_prometheus_rules": "kubernetes_prometheus_rules", "add_security_context": "add_security_context", "delay_treatment": "delay_treatment"}, {"instance": "kube-prometheus-prometheus-node-exporter.oxn-external-monitoring.svc:9100", "timestamp": 1737551772.412, "sum(rate(node_cpu_seconds_total{mode!=\"idle\"}[1m])) by (instance)": 0.29090909090909206, "cpu_usage": 0.29090909090909206, "kubernetes_prometheus_rules": "kubernetes_prometheus_rules", "add_security_context": "add_security_context", "delay_treatment": "delay_treatment"}, {"instance": "kube-prometheus-prometheus-node-exporter.oxn-external-monitoring.svc:9100", "timestamp": 1737551773.412, "sum(rate(node_cpu_seconds_total{mode!=\"idle\"}[1m])) by (instance)": 0.3261818181818196, "cpu_usage": 0.3261818181818196, "kubernetes_prometheus_rules": "kubernetes_prometheus_rules", "add_security_context": "add_security_context", "delay_treatment": "delay_treatment"}, {"instance": "kube-prometheus-prometheus-node-exporter.oxn-external-monitoring.svc:9100", "timestamp": 1737551774.412, "sum(rate(node_cpu_seconds_total{mode!=\"idle\"}[1m])) by (instance)": 0.3261818181818196, "cpu_usage": 0.3261818181818196, "kubernetes_prometheus_rules": "kubernetes_prometheus_rules", "add_security_context": "add_security_context", "delay_treatment": "delay_treatment"}, {"instance": "kube-prometheus-prometheus-node-exporter.oxn-external-monitoring.svc:9100", "timestamp": 1737551775.412, "sum(rate(node_cpu_seconds_total{mode!=\"idle\"}[1m])) by (instance)": 0.3261818181818196, "cpu_usage": 0.3261818181818196, "kubernetes_prometheus_rules": "kubernetes_prometheus_rules", "add_security_context": "add_security_context", "delay_treatment": "delay_treatment"}, {"instance": "kube-prometheus-prometheus-node-exporter.oxn-external-monitoring.svc:9100", "timestamp": 1737551776.412, "sum(rate(node_cpu_seconds_total{mode!=\"idle\"}[1m])) by (instance)": 0.3261818181818196, "cpu_usage": 0.3261818181818196, "kubernetes_prometheus_rules": "kubernetes_prometheus_rules", "add_security_context": "add_security_context", "delay_treatment": "delay_treatment"}, {"instance": "kube-prometheus-prometheus-node-exporter.oxn-external-monitoring.svc:9100", "timestamp": 1737551777.412, "sum(rate(node_cpu_seconds_total{mode!=\"idle\"}[1m])) by (instance)": 0.3261818181818196, "cpu_usage": 0.3261818181818196, "kubernetes_prometheus_rules": "kubernetes_prometheus_rules", "add_security_context": "add_security_context", "delay_treatment": "delay_treatment"}, {"instance": "kube-prometheus-prometheus-node-exporter.oxn-external-monitoring.svc:9100", "timestamp": 1737551778.412, "sum(rate(node_cpu_seconds_total{mode!=\"idle\"}[1m])) by (instance)": 0.36054545454545717, "cpu_usage": 0.36054545454545717, "kubernetes_prometheus_rules": "kubernetes_prometheus_rules", "add_security_context": "add_security_context", "delay_treatment": "delay_treatment"}, {"instance": "kube-prometheus-prometheus-node-exporter.oxn-external-monitoring.svc:9100", "timestamp": 1737551779.412, "sum(rate(node_cpu_seconds_total{mode!=\"idle\"}[1m])) by (instance)": 0.36054545454545717, "cpu_usage": 0.36054545454545717, "kubernetes_prometheus_rules": "kubernetes_prometheus_rules", "add_security_context": "add_security_context", "delay_treatment": "delay_treatment"}, {"instance": "kube-prometheus-prometheus-node-exporter.oxn-external-monitoring.svc:9100", "timestamp": 1737551780.412, "sum(rate(node_cpu_seconds_total{mode!=\"idle\"}[1m])) by (instance)": 0.36054545454545717, "cpu_usage": 0.36054545454545717, "kubernetes_prometheus_rules": "kubernetes_prometheus_rules", "add_security_context": "add_security_context", "delay_treatment": "delay_treatment"}, {"instance": "kube-prometheus-prometheus-node-exporter.oxn-external-monitoring.svc:9100", "timestamp": 1737551781.412, "sum(rate(node_cpu_seconds_total{mode!=\"idle\"}[1m])) by (instance)": 0.36054545454545717, "cpu_usage": 0.36054545454545717, "kubernetes_prometheus_rules": "kubernetes_prometheus_rules", "add_security_context": "add_security_context", "delay_treatment": "delay_treatment"}, {"instance": "kube-prometheus-prometheus-node-exporter.oxn-external-monitoring.svc:9100", "timestamp": 1737551782.412, "sum(rate(node_cpu_seconds_total{mode!=\"idle\"}[1m])) by (instance)": 0.36054545454545717, "cpu_usage": 0.36054545454545717, "kubernetes_prometheus_rules": "kubernetes_prometheus_rules", "add_security_context": "add_security_context", "delay_treatment": "delay_treatment"}, {"instance": "kube-prometheus-prometheus-node-exporter.oxn-external-monitoring.svc:9100", "timestamp": 1737551783.412, "sum(rate(node_cpu_seconds_total{mode!=\"idle\"}[1m])) by (instance)": 0.4036363636363666, "cpu_usage": 0.4036363636363666, "kubernetes_prometheus_rules": "kubernetes_prometheus_rules", "add_security_context": "add_security_context", "delay_treatment": "delay_treatment"}, {"instance": "kube-prometheus-prometheus-node-exporter.oxn-external-monitoring.svc:9100", "timestamp": 1737551784.412, "sum(rate(node_cpu_seconds_total{mode!=\"idle\"}[1m])) by (instance)": 0.4036363636363666, "cpu_usage": 0.4036363636363666, "kubernetes_prometheus_rules": "kubernetes_prometheus_rules", "add_security_context": "add_security_context", "delay_treatment": "delay_treatment"}, {"instance": "kube-prometheus-prometheus-node-exporter.oxn-external-monitoring.svc:9100", "timestamp": 1737551785.412, "sum(rate(node_cpu_seconds_total{mode!=\"idle\"}[1m])) by (instance)": 0.4036363636363666, "cpu_usage": 0.4036363636363666, "kubernetes_prometheus_rules": "kubernetes_prometheus_rules", "add_security_context": "add_security_context", "delay_treatment": "delay_treatment"}, {"instance": "kube-prometheus-prometheus-node-exporter.oxn-external-monitoring.svc:9100", "timestamp": 1737551786.412, "sum(rate(node_cpu_seconds_total{mode!=\"idle\"}[1m])) by (instance)": 0.4036363636363666, "cpu_usage": 0.4036363636363666, "kubernetes_prometheus_rules": "kubernetes_prometheus_rules", "add_security_context": "add_security_context", "delay_treatment": "delay_treatment"}, {"instance": "kube-prometheus-prometheus-node-exporter.oxn-external-monitoring.svc:9100", "timestamp": 1737551787.412, "sum(rate(node_cpu_seconds_total{mode!=\"idle\"}[1m])) by (instance)": 0.4036363636363666, "cpu_usage": 0.4036363636363666, "kubernetes_prometheus_rules": "kubernetes_prometheus_rules", "add_security_context": "add_security_context", "delay_treatment": "delay_treatment"}, {"instance": "kube-prometheus-prometheus-node-exporter.oxn-external-monitoring.svc:9100", "timestamp": 1737551788.412, "sum(rate(node_cpu_seconds_total{mode!=\"idle\"}[1m])) by (instance)": 0.4358181818181827, "cpu_usage": 0.4358181818181827, "kubernetes_prometheus_rules": "kubernetes_prometheus_rules", "add_security_context": "add_security_context", "delay_treatment": "delay_treatment"}, {"instance": "kube-prometheus-prometheus-node-exporter.oxn-external-monitoring.svc:9100", "timestamp": 1737551789.412, "sum(rate(node_cpu_seconds_total{mode!=\"idle\"}[1m])) by (instance)": 0.4358181818181827, "cpu_usage": 0.4358181818181827, "kubernetes_prometheus_rules": "kubernetes_prometheus_rules", "add_security_context": "add_security_context", "delay_treatment": "delay_treatment"}, {"instance": "kube-prometheus-prometheus-node-exporter.oxn-external-monitoring.svc:9100", "timestamp": 1737551790.412, "sum(rate(node_cpu_seconds_total{mode!=\"idle\"}[1m])) by (instance)": 0.4358181818181827, "cpu_usage": 0.4358181818181827, "kubernetes_prometheus_rules": "kubernetes_prometheus_rules", "add_security_context": "add_security_context", "delay_treatment": "delay_treatment"}, {"instance": "kube-prometheus-prometheus-node-exporter.oxn-external-monitoring.svc:9100", "timestamp": 1737551791.412, "sum(rate(node_cpu_seconds_total{mode!=\"idle\"}[1m])) by (instance)": 0.4358181818181827, "cpu_usage": 0.4358181818181827, "kubernetes_prometheus_rules": "kubernetes_prometheus_rules", "add_security_context": "add_security_context", "delay_treatment": "delay_treatment"}, {"instance": "kube-prometheus-prometheus-node-exporter.oxn-external-monitoring.svc:9100", "timestamp": 1737551792.412, "sum(rate(node_cpu_seconds_total{mode!=\"idle\"}[1m])) by (instance)": 0.4358181818181827, "cpu_usage": 0.4358181818181827, "kubernetes_prometheus_rules": "kubernetes_prometheus_rules", "add_security_context": "add_security_context", "delay_treatment": "delay_treatment"}, {"instance": "kube-prometheus-prometheus-node-exporter.oxn-external-monitoring.svc:9100", "timestamp": 1737551793.412, "sum(rate(node_cpu_seconds_total{mode!=\"idle\"}[1m])) by (instance)": 0.4707272727272689, "cpu_usage": 0.4707272727272689, "kubernetes_prometheus_rules": "kubernetes_prometheus_rules", "add_security_context": "add_security_context", "delay_treatment": "delay_treatment"}, {"instance": "kube-prometheus-prometheus-node-exporter.oxn-external-monitoring.svc:9100", "timestamp": 1737551794.412, "sum(rate(node_cpu_seconds_total{mode!=\"idle\"}[1m])) by (instance)": 0.4707272727272689, "cpu_usage": 0.4707272727272689, "kubernetes_prometheus_rules": "kubernetes_prometheus_rules", "add_security_context": "add_security_context", "delay_treatment": "delay_treatment"}, {"instance": "kube-prometheus-prometheus-node-exporter.oxn-external-monitoring.svc:9100", "timestamp": 1737551795.412, "sum(rate(node_cpu_seconds_total{mode!=\"idle\"}[1m])) by (instance)": 0.4707272727272689, "cpu_usage": 0.4707272727272689, "kubernetes_prometheus_rules": "kubernetes_prometheus_rules", "add_security_context": "add_security_context", "delay_treatment": "delay_treatment"}, {"instance": "kube-prometheus-prometheus-node-exporter.oxn-external-monitoring.svc:9100", "timestamp": 1737551796.412, "sum(rate(node_cpu_seconds_total{mode!=\"idle\"}[1m])) by (instance)": 0.4707272727272689, "cpu_usage": 0.4707272727272689, "kubernetes_prometheus_rules": "kubernetes_prometheus_rules", "add_security_context": "add_security_context", "delay_treatment": "delay_treatment"}, {"instance": "kube-prometheus-prometheus-node-exporter.oxn-external-monitoring.svc:9100", "timestamp": 1737551797.412, "sum(rate(node_cpu_seconds_total{mode!=\"idle\"}[1m])) by (instance)": 0.4707272727272689, "cpu_usage": 0.4707272727272689, "kubernetes_prometheus_rules": "kubernetes_prometheus_rules", "add_security_context": "add_security_context", "delay_treatment": "delay_treatment"}, {"instance": "kube-prometheus-prometheus-node-exporter.oxn-external-monitoring.svc:9100", "timestamp": 1737551798.412, "sum(rate(node_cpu_seconds_total{mode!=\"idle\"}[1m])) by (instance)": 0.49818181818181867, "cpu_usage": 0.49818181818181867, "kubernetes_prometheus_rules": "kubernetes_prometheus_rules", "add_security_context": "add_security_context", "delay_treatment": "delay_treatment"}, {"instance": "kube-prometheus-prometheus-node-exporter.oxn-external-monitoring.svc:9100", "timestamp": 1737551799.412, "sum(rate(node_cpu_seconds_total{mode!=\"idle\"}[1m])) by (instance)": 0.49818181818181867, "cpu_usage": 0.49818181818181867, "kubernetes_prometheus_rules": "kubernetes_prometheus_rules", "add_security_context": "add_security_context", "delay_treatment": "delay_treatment"}, {"instance": "kube-prometheus-prometheus-node-exporter.oxn-external-monitoring.svc:9100", "timestamp": 1737551800.412, "sum(rate(node_cpu_seconds_total{mode!=\"idle\"}[1m])) by (instance)": 0.49818181818181867, "cpu_usage": 0.49818181818181867, "kubernetes_prometheus_rules": "kubernetes_prometheus_rules", "add_security_context": "add_security_context", "delay_treatment": "delay_treatment"}, {"instance": "kube-prometheus-prometheus-node-exporter.oxn-external-monitoring.svc:9100", "timestamp": 1737551801.412, "sum(rate(node_cpu_seconds_total{mode!=\"idle\"}[1m])) by (instance)": 0.49818181818181867, "cpu_usage": 0.49818181818181867, "kubernetes_prometheus_rules": "kubernetes_prometheus_rules", "add_security_context": "add_security_context", "delay_treatment": "delay_treatment"}, {"instance": "kube-prometheus-prometheus-node-exporter.oxn-external-monitoring.svc:9100", "timestamp": 1737551802.412, "sum(rate(node_cpu_seconds_total{mode!=\"idle\"}[1m])) by (instance)": 0.49818181818181867, "cpu_usage": 0.49818181818181867, "kubernetes_prometheus_rules": "kubernetes_prometheus_rules", "add_security_context": "add_security_context", "delay_treatment": "delay_treatment"}, {"instance": "kube-prometheus-prometheus-node-exporter.oxn-external-monitoring.svc:9100", "timestamp": 1737551803.412, "sum(rate(node_cpu_seconds_total{mode!=\"idle\"}[1m])) by (instance)": 0.528363636363635, "cpu_usage": 0.528363636363635, "kubernetes_prometheus_rules": "kubernetes_prometheus_rules", "add_security_context": "add_security_context", "delay_treatment": "delay_treatment"}, {"instance": "kube-prometheus-prometheus-node-exporter.oxn-external-monitoring.svc:9100", "timestamp": 1737551804.412, "sum(rate(node_cpu_seconds_total{mode!=\"idle\"}[1m])) by (instance)": 0.528363636363635, "cpu_usage": 0.528363636363635, "kubernetes_prometheus_rules": "kubernetes_prometheus_rules", "add_security_context": "add_security_context", "delay_treatment": "delay_treatment"}, {"instance": "kube-prometheus-prometheus-node-exporter.oxn-external-monitoring.svc:9100", "timestamp": 1737551805.412, "sum(rate(node_cpu_seconds_total{mode!=\"idle\"}[1m])) by (instance)": 0.528363636363635, "cpu_usage": 0.528363636363635, "kubernetes_prometheus_rules": "kubernetes_prometheus_rules", "add_security_context": "add_security_context", "delay_treatment": "delay_treatment"}, {"instance": "kube-prometheus-prometheus-node-exporter.oxn-external-monitoring.svc:9100", "timestamp": 1737551806.412, "sum(rate(node_cpu_seconds_total{mode!=\"idle\"}[1m])) by (instance)": 0.528363636363635, "cpu_usage": 0.528363636363635, "kubernetes_prometheus_rules": "kubernetes_prometheus_rules", "add_security_context": "add_security_context", "delay_treatment": "delay_treatment"}, {"instance": "kube-prometheus-prometheus-node-exporter.oxn-external-monitoring.svc:9100", "timestamp": 1737551807.412, "sum(rate(node_cpu_seconds_total{mode!=\"idle\"}[1m])) by (instance)": 0.528363636363635, "cpu_usage": 0.528363636363635, "kubernetes_prometheus_rules": "kubernetes_prometheus_rules", "add_security_context": "add_security_context", "delay_treatment": "delay_treatment"}, {"instance": "kube-prometheus-prometheus-node-exporter.oxn-external-monitoring.svc:9100", "timestamp": 1737551808.412, "sum(rate(node_cpu_seconds_total{mode!=\"idle\"}[1m])) by (instance)": 0.5461818181818163, "cpu_usage": 0.5461818181818163, "kubernetes_prometheus_rules": "kubernetes_prometheus_rules", "add_security_context": "add_security_context", "delay_treatment": "delay_treatment"}, {"instance": "kube-prometheus-prometheus-node-exporter.oxn-external-monitoring.svc:9100", "timestamp": 1737551809.412, "sum(rate(node_cpu_seconds_total{mode!=\"idle\"}[1m])) by (instance)": 0.5461818181818163, "cpu_usage": 0.5461818181818163, "kubernetes_prometheus_rules": "kubernetes_prometheus_rules", "add_security_context": "add_security_context", "delay_treatment": "delay_treatment"}, {"instance": "kube-prometheus-prometheus-node-exporter.oxn-external-monitoring.svc:9100", "timestamp": 1737551810.412, "sum(rate(node_cpu_seconds_total{mode!=\"idle\"}[1m])) by (instance)": 0.5461818181818163, "cpu_usage": 0.5461818181818163, "kubernetes_prometheus_rules": "kubernetes_prometheus_rules", "add_security_context": "add_security_context", "delay_treatment": "delay_treatment"}, {"instance": "kube-prometheus-prometheus-node-exporter.oxn-external-monitoring.svc:9100", "timestamp": 1737551811.412, "sum(rate(node_cpu_seconds_total{mode!=\"idle\"}[1m])) by (instance)": 0.5461818181818163, "cpu_usage": 0.5461818181818163, "kubernetes_prometheus_rules": "kubernetes_prometheus_rules", "add_security_context": "add_security_context", "delay_treatment": "delay_treatment"}, {"instance": "kube-prometheus-prometheus-node-exporter.oxn-external-monitoring.svc:9100", "timestamp": 1737551812.412, "sum(rate(node_cpu_seconds_total{mode!=\"idle\"}[1m])) by (instance)": 0.5461818181818163, "cpu_usage": 0.5461818181818163, "kubernetes_prometheus_rules": "kubernetes_prometheus_rules", "add_security_context": "add_security_context", "delay_treatment": "delay_treatment"}, {"instance": "kube-prometheus-prometheus-node-exporter.oxn-external-monitoring.svc:9100", "timestamp": 1737551813.412, "sum(rate(node_cpu_seconds_total{mode!=\"idle\"}[1m])) by (instance)": 0.568181818181816, "cpu_usage": 0.568181818181816, "kubernetes_prometheus_rules": "kubernetes_prometheus_rules", "add_security_context": "add_security_context", "delay_treatment": "delay_treatment"}, {"instance": "kube-prometheus-prometheus-node-exporter.oxn-external-monitoring.svc:9100", "timestamp": 1737551814.412, "sum(rate(node_cpu_seconds_total{mode!=\"idle\"}[1m])) by (instance)": 0.568181818181816, "cpu_usage": 0.568181818181816, "kubernetes_prometheus_rules": "kubernetes_prometheus_rules", "add_security_context": "add_security_context", "delay_treatment": "delay_treatment"}, {"instance": "kube-prometheus-prometheus-node-exporter.oxn-external-monitoring.svc:9100", "timestamp": 1737551815.412, "sum(rate(node_cpu_seconds_total{mode!=\"idle\"}[1m])) by (instance)": 0.568181818181816, "cpu_usage": 0.568181818181816, "kubernetes_prometheus_rules": "kubernetes_prometheus_rules", "add_security_context": "add_security_context", "delay_treatment": "delay_treatment"}, {"instance": "kube-prometheus-prometheus-node-exporter.oxn-external-monitoring.svc:9100", "timestamp": 1737551816.412, "sum(rate(node_cpu_seconds_total{mode!=\"idle\"}[1m])) by (instance)": 0.568181818181816, "cpu_usage": 0.568181818181816, "kubernetes_prometheus_rules": "kubernetes_prometheus_rules", "add_security_context": "add_security_context", "delay_treatment": "delay_treatment"}, {"instance": "kube-prometheus-prometheus-node-exporter.oxn-external-monitoring.svc:9100", "timestamp": 1737551817.412, "sum(rate(node_cpu_seconds_total{mode!=\"idle\"}[1m])) by (instance)": 0.568181818181816, "cpu_usage": 0.568181818181816, "kubernetes_prometheus_rules": "kubernetes_prometheus_rules", "add_security_context": "add_security_context", "delay_treatment": "delay_treatment"}, {"instance": "kube-prometheus-prometheus-node-exporter.oxn-external-monitoring.svc:9100", "timestamp": 1737551818.412, "sum(rate(node_cpu_seconds_total{mode!=\"idle\"}[1m])) by (instance)": 0.575454545454543, "cpu_usage": 0.575454545454543, "kubernetes_prometheus_rules": "kubernetes_prometheus_rules", "add_security_context": "add_security_context", "delay_treatment": "delay_treatment"}, {"instance": "kube-prometheus-prometheus-node-exporter.oxn-external-monitoring.svc:9100", "timestamp": 1737551819.412, "sum(rate(node_cpu_seconds_total{mode!=\"idle\"}[1m])) by (instance)": 0.575454545454543, "cpu_usage": 0.575454545454543, "kubernetes_prometheus_rules": "kubernetes_prometheus_rules", "add_security_context": "add_security_context", "delay_treatment": "delay_treatment"}, {"instance": "kube-prometheus-prometheus-node-exporter.oxn-external-monitoring.svc:9100", "timestamp": 1737551820.412, "sum(rate(node_cpu_seconds_total{mode!=\"idle\"}[1m])) by (instance)": 0.575454545454543, "cpu_usage": 0.575454545454543, "kubernetes_prometheus_rules": "kubernetes_prometheus_rules", "add_security_context": "add_security_context", "delay_treatment": "delay_treatment"}, {"instance": "kube-prometheus-prometheus-node-exporter.oxn-external-monitoring.svc:9100", "timestamp": 1737551821.412, "sum(rate(node_cpu_seconds_total{mode!=\"idle\"}[1m])) by (instance)": 0.575454545454543, "cpu_usage": 0.575454545454543, "kubernetes_prometheus_rules": "kubernetes_prometheus_rules", "add_security_context": "add_security_context", "delay_treatment": "delay_treatment"}, {"instance": "kube-prometheus-prometheus-node-exporter.oxn-external-monitoring.svc:9100", "timestamp": 1737551822.412, "sum(rate(node_cpu_seconds_total{mode!=\"idle\"}[1m])) by (instance)": 0.575454545454543, "cpu_usage": 0.575454545454543, "kubernetes_prometheus_rules": "kubernetes_prometheus_rules", "add_security_context": "add_security_context", "delay_treatment": "delay_treatment"}, {"instance": "kube-prometheus-prometheus-node-exporter.oxn-external-monitoring.svc:9100", "timestamp": 1737551823.412, "sum(rate(node_cpu_seconds_total{mode!=\"idle\"}[1m])) by (instance)": 0.5927272727272699, "cpu_usage": 0.5927272727272699, "kubernetes_prometheus_rules": "kubernetes_prometheus_rules", "add_security_context": "add_security_context", "delay_treatment": "delay_treatment"}, {"instance": "kube-prometheus-prometheus-node-exporter.oxn-external-monitoring.svc:9100", "timestamp": 1737551824.412, "sum(rate(node_cpu_seconds_total{mode!=\"idle\"}[1m])) by (instance)": 0.5927272727272699, "cpu_usage": 0.5927272727272699, "kubernetes_prometheus_rules": "kubernetes_prometheus_rules", "add_security_context": "add_security_context", "delay_treatment": "delay_treatment"}, {"instance": "kube-prometheus-prometheus-node-exporter.oxn-external-monitoring.svc:9100", "timestamp": 1737551825.412, "sum(rate(node_cpu_seconds_total{mode!=\"idle\"}[1m])) by (instance)": 0.5927272727272699, "cpu_usage": 0.5927272727272699, "kubernetes_prometheus_rules": "kubernetes_prometheus_rules", "add_security_context": "add_security_context", "delay_treatment": "delay_treatment"}, {"instance": "kube-prometheus-prometheus-node-exporter.oxn-external-monitoring.svc:9100", "timestamp": 1737551826.412, "sum(rate(node_cpu_seconds_total{mode!=\"idle\"}[1m])) by (instance)": 0.5927272727272699, "cpu_usage": 0.5927272727272699, "kubernetes_prometheus_rules": "kubernetes_prometheus_rules", "add_security_context": "add_security_context", "delay_treatment": "delay_treatment"}, {"instance": "kube-prometheus-prometheus-node-exporter.oxn-external-monitoring.svc:9100", "timestamp": 1737551827.412, "sum(rate(node_cpu_seconds_total{mode!=\"idle\"}[1m])) by (instance)": 0.5927272727272699, "cpu_usage": 0.5927272727272699, "kubernetes_prometheus_rules": "kubernetes_prometheus_rules", "add_security_context": "add_security_context", "delay_treatment": "delay_treatment"}, {"instance": "kube-prometheus-prometheus-node-exporter.oxn-external-monitoring.svc:9100", "timestamp": 1737551828.412, "sum(rate(node_cpu_seconds_total{mode!=\"idle\"}[1m])) by (instance)": 0.5976363636363689, "cpu_usage": 0.5976363636363689, "kubernetes_prometheus_rules": "kubernetes_prometheus_rules", "add_security_context": "add_security_context", "delay_treatment": "delay_treatment"}, {"instance": "kube-prometheus-prometheus-node-exporter.oxn-external-monitoring.svc:9100", "timestamp": 1737551829.412, "sum(rate(node_cpu_seconds_total{mode!=\"idle\"}[1m])) by (instance)": 0.5976363636363689, "cpu_usage": 0.5976363636363689, "kubernetes_prometheus_rules": "kubernetes_prometheus_rules", "add_security_context": "add_security_context", "delay_treatment": "delay_treatment"}, {"instance": "kube-prometheus-prometheus-node-exporter.oxn-external-monitoring.svc:9100", "timestamp": 1737551830.412, "sum(rate(node_cpu_seconds_total{mode!=\"idle\"}[1m])) by (instance)": 0.5976363636363689, "cpu_usage": 0.5976363636363689, "kubernetes_prometheus_rules": "kubernetes_prometheus_rules", "add_security_context": "add_security_context", "delay_treatment": "delay_treatment"}, {"instance": "kube-prometheus-prometheus-node-exporter.oxn-external-monitoring.svc:9100", "timestamp": 1737551831.412, "sum(rate(node_cpu_seconds_total{mode!=\"idle\"}[1m])) by (instance)": 0.5976363636363689, "cpu_usage": 0.5976363636363689, "kubernetes_prometheus_rules": "kubernetes_prometheus_rules", "add_security_context": "add_security_context", "delay_treatment": "delay_treatment"}, {"instance": "kube-prometheus-prometheus-node-exporter.oxn-external-monitoring.svc:9100", "timestamp": 1737551832.412, "sum(rate(node_cpu_seconds_total{mode!=\"idle\"}[1m])) by (instance)": 0.5976363636363689, "cpu_usage": 0.5976363636363689, "kubernetes_prometheus_rules": "kubernetes_prometheus_rules", "add_security_context": "add_security_context", "delay_treatment": "delay_treatment"}, {"instance": "kube-prometheus-prometheus-node-exporter.oxn-external-monitoring.svc:9100", "timestamp": 1737551833.412, "sum(rate(node_cpu_seconds_total{mode!=\"idle\"}[1m])) by (instance)": 0.6074545454545478, "cpu_usage": 0.6074545454545478, "kubernetes_prometheus_rules": "kubernetes_prometheus_rules", "add_security_context": "add_security_context", "delay_treatment": "delay_treatment"}, {"instance": "kube-prometheus-prometheus-node-exporter.oxn-external-monitoring.svc:9100", "timestamp": 1737551834.412, "sum(rate(node_cpu_seconds_total{mode!=\"idle\"}[1m])) by (instance)": 0.6074545454545478, "cpu_usage": 0.6074545454545478, "kubernetes_prometheus_rules": "kubernetes_prometheus_rules", "add_security_context": "add_security_context", "delay_treatment": "delay_treatment"}, {"instance": "kube-prometheus-prometheus-node-exporter.oxn-external-monitoring.svc:9100", "timestamp": 1737551835.412, "sum(rate(node_cpu_seconds_total{mode!=\"idle\"}[1m])) by (instance)": 0.6074545454545478, "cpu_usage": 0.6074545454545478, "kubernetes_prometheus_rules": "kubernetes_prometheus_rules", "add_security_context": "add_security_context", "delay_treatment": "delay_treatment"}, {"instance": "kube-prometheus-prometheus-node-exporter.oxn-external-monitoring.svc:9100", "timestamp": 1737551836.412, "sum(rate(node_cpu_seconds_total{mode!=\"idle\"}[1m])) by (instance)": 0.6074545454545478, "cpu_usage": 0.6074545454545478, "kubernetes_prometheus_rules": "kubernetes_prometheus_rules", "add_security_context": "add_security_context", "delay_treatment": "delay_treatment"}, {"instance": "kube-prometheus-prometheus-node-exporter.oxn-external-monitoring.svc:9100", "timestamp": 1737551837.412, "sum(rate(node_cpu_seconds_total{mode!=\"idle\"}[1m])) by (instance)": 0.6074545454545478, "cpu_usage": 0.6074545454545478, "kubernetes_prometheus_rules": "kubernetes_prometheus_rules", "add_security_context": "add_security_context", "delay_treatment": "delay_treatment"}, {"instance": "kube-prometheus-prometheus-node-exporter.oxn-external-monitoring.svc:9100", "timestamp": 1737551838.412, "sum(rate(node_cpu_seconds_total{mode!=\"idle\"}[1m])) by (instance)": 0.5998181818181813, "cpu_usage": 0.5998181818181813, "kubernetes_prometheus_rules": "kubernetes_prometheus_rules", "add_security_context": "add_security_context", "delay_treatment": "delay_treatment"}, {"instance": "kube-prometheus-prometheus-node-exporter.oxn-external-monitoring.svc:9100", "timestamp": 1737551839.412, "sum(rate(node_cpu_seconds_total{mode!=\"idle\"}[1m])) by (instance)": 0.5998181818181813, "cpu_usage": 0.5998181818181813, "kubernetes_prometheus_rules": "kubernetes_prometheus_rules", "add_security_context": "add_security_context", "delay_treatment": "delay_treatment"}, {"instance": "kube-prometheus-prometheus-node-exporter.oxn-external-monitoring.svc:9100", "timestamp": 1737551840.412, "sum(rate(node_cpu_seconds_total{mode!=\"idle\"}[1m])) by (instance)": 0.5998181818181813, "cpu_usage": 0.5998181818181813, "kubernetes_prometheus_rules": "kubernetes_prometheus_rules", "add_security_context": "add_security_context", "delay_treatment": "delay_treatment"}, {"instance": "kube-prometheus-prometheus-node-exporter.oxn-external-monitoring.svc:9100", "timestamp": 1737551841.412, "sum(rate(node_cpu_seconds_total{mode!=\"idle\"}[1m])) by (instance)": 0.5998181818181813, "cpu_usage": 0.5998181818181813, "kubernetes_prometheus_rules": "kubernetes_prometheus_rules", "add_security_context": "add_security_context", "delay_treatment": "delay_treatment"}, {"instance": "kube-prometheus-prometheus-node-exporter.oxn-external-monitoring.svc:9100", "timestamp": 1737551842.412, "sum(rate(node_cpu_seconds_total{mode!=\"idle\"}[1m])) by (instance)": 0.5998181818181813, "cpu_usage": 0.5998181818181813, "kubernetes_prometheus_rules": "kubernetes_prometheus_rules", "add_security_context": "add_security_context", "delay_treatment": "delay_treatment"}, {"instance": "kube-prometheus-prometheus-node-exporter.oxn-external-monitoring.svc:9100", "timestamp": 1737551843.412, "sum(rate(node_cpu_seconds_total{mode!=\"idle\"}[1m])) by (instance)": 0.617818181818181, "cpu_usage": 0.617818181818181, "kubernetes_prometheus_rules": "kubernetes_prometheus_rules", "add_security_context": "add_security_context", "delay_treatment": "delay_treatment"}, {"instance": "kube-prometheus-prometheus-node-exporter.oxn-external-monitoring.svc:9100", "timestamp": 1737551844.412, "sum(rate(node_cpu_seconds_total{mode!=\"idle\"}[1m])) by (instance)": 0.617818181818181, "cpu_usage": 0.617818181818181, "kubernetes_prometheus_rules": "kubernetes_prometheus_rules", "add_security_context": "add_security_context", "delay_treatment": "delay_treatment"}, {"instance": "kube-prometheus-prometheus-node-exporter.oxn-external-monitoring.svc:9100", "timestamp": 1737551845.412, "sum(rate(node_cpu_seconds_total{mode!=\"idle\"}[1m])) by (instance)": 0.617818181818181, "cpu_usage": 0.617818181818181, "kubernetes_prometheus_rules": "kubernetes_prometheus_rules", "add_security_context": "add_security_context", "delay_treatment": "delay_treatment"}, {"instance": "kube-prometheus-prometheus-node-exporter.oxn-external-monitoring.svc:9100", "timestamp": 1737551846.412, "sum(rate(node_cpu_seconds_total{mode!=\"idle\"}[1m])) by (instance)": 0.617818181818181, "cpu_usage": 0.617818181818181, "kubernetes_prometheus_rules": "kubernetes_prometheus_rules", "add_security_context": "add_security_context", "delay_treatment": "delay_treatment"}, {"instance": "kube-prometheus-prometheus-node-exporter.oxn-external-monitoring.svc:9100", "timestamp": 1737551847.412, "sum(rate(node_cpu_seconds_total{mode!=\"idle\"}[1m])) by (instance)": 0.617818181818181, "cpu_usage": 0.617818181818181, "kubernetes_prometheus_rules": "kubernetes_prometheus_rules", "add_security_context": "add_security_context", "delay_treatment": "delay_treatment"}, {"instance": "kube-prometheus-prometheus-node-exporter.oxn-external-monitoring.svc:9100", "timestamp": 1737551848.412, "sum(rate(node_cpu_seconds_total{mode!=\"idle\"}[1m])) by (instance)": 0.6192727272727275, "cpu_usage": 0.6192727272727275, "kubernetes_prometheus_rules": "kubernetes_prometheus_rules", "add_security_context": "add_security_context", "delay_treatment": "delay_treatment"}, {"instance": "kube-prometheus-prometheus-node-exporter.oxn-external-monitoring.svc:9100", "timestamp": 1737551849.412, "sum(rate(node_cpu_seconds_total{mode!=\"idle\"}[1m])) by (instance)": 0.6192727272727275, "cpu_usage": 0.6192727272727275, "kubernetes_prometheus_rules": "kubernetes_prometheus_rules", "add_security_context": "add_security_context", "delay_treatment": "delay_treatment"}, {"instance": "kube-prometheus-prometheus-node-exporter.oxn-external-monitoring.svc:9100", "timestamp": 1737551850.412, "sum(rate(node_cpu_seconds_total{mode!=\"idle\"}[1m])) by (instance)": 0.6192727272727275, "cpu_usage": 0.6192727272727275, "kubernetes_prometheus_rules": "kubernetes_prometheus_rules", "add_security_context": "add_security_context", "delay_treatment": "delay_treatment"}, {"instance": "kube-prometheus-prometheus-node-exporter.oxn-external-monitoring.svc:9100", "timestamp": 1737551851.412, "sum(rate(node_cpu_seconds_total{mode!=\"idle\"}[1m])) by (instance)": 0.6192727272727275, "cpu_usage": 0.6192727272727275, "kubernetes_prometheus_rules": "kubernetes_prometheus_rules", "add_security_context": "add_security_context", "delay_treatment": "delay_treatment"}, {"instance": "kube-prometheus-prometheus-node-exporter.oxn-external-monitoring.svc:9100", "timestamp": 1737551852.412, "sum(rate(node_cpu_seconds_total{mode!=\"idle\"}[1m])) by (instance)": 0.6192727272727275, "cpu_usage": 0.6192727272727275, "kubernetes_prometheus_rules": "kubernetes_prometheus_rules", "add_security_context": "add_security_context", "delay_treatment": "delay_treatment"}, {"instance": "kube-prometheus-prometheus-node-exporter.oxn-external-monitoring.svc:9100", "timestamp": 1737551853.412, "sum(rate(node_cpu_seconds_total{mode!=\"idle\"}[1m])) by (instance)": 0.6176363636363623, "cpu_usage": 0.6176363636363623, "kubernetes_prometheus_rules": "kubernetes_prometheus_rules", "add_security_context": "add_security_context", "delay_treatment": "delay_treatment"}, {"instance": "kube-prometheus-prometheus-node-exporter.oxn-external-monitoring.svc:9100", "timestamp": 1737551854.412, "sum(rate(node_cpu_seconds_total{mode!=\"idle\"}[1m])) by (instance)": 0.6176363636363623, "cpu_usage": 0.6176363636363623, "kubernetes_prometheus_rules": "kubernetes_prometheus_rules", "add_security_context": "add_security_context", "delay_treatment": "delay_treatment"}, {"instance": "kube-prometheus-prometheus-node-exporter.oxn-external-monitoring.svc:9100", "timestamp": 1737551855.412, "sum(rate(node_cpu_seconds_total{mode!=\"idle\"}[1m])) by (instance)": 0.6176363636363623, "cpu_usage": 0.6176363636363623, "kubernetes_prometheus_rules": "kubernetes_prometheus_rules", "add_security_context": "add_security_context", "delay_treatment": "delay_treatment"}, {"instance": "kube-prometheus-prometheus-node-exporter.oxn-external-monitoring.svc:9100", "timestamp": 1737551856.412, "sum(rate(node_cpu_seconds_total{mode!=\"idle\"}[1m])) by (instance)": 0.6176363636363623, "cpu_usage": 0.6176363636363623, "kubernetes_prometheus_rules": "kubernetes_prometheus_rules", "add_security_context": "add_security_context", "delay_treatment": "delay_treatment"}, {"instance": "kube-prometheus-prometheus-node-exporter.oxn-external-monitoring.svc:9100", "timestamp": 1737551857.412, "sum(rate(node_cpu_seconds_total{mode!=\"idle\"}[1m])) by (instance)": 0.6176363636363623, "cpu_usage": 0.6176363636363623, "kubernetes_prometheus_rules": "kubernetes_prometheus_rules", "add_security_context": "add_security_context", "delay_treatment": "delay_treatment"}, {"instance": "kube-prometheus-prometheus-node-exporter.oxn-external-monitoring.svc:9100", "timestamp": 1737551858.412, "sum(rate(node_cpu_seconds_total{mode!=\"idle\"}[1m])) by (instance)": 0.620909090909094, "cpu_usage": 0.620909090909094, "kubernetes_prometheus_rules": "kubernetes_prometheus_rules", "add_security_context": "add_security_context", "delay_treatment": "delay_treatment"}, {"instance": "kube-prometheus-prometheus-node-exporter.oxn-external-monitoring.svc:9100", "timestamp": 1737551859.412, "sum(rate(node_cpu_seconds_total{mode!=\"idle\"}[1m])) by (instance)": 0.620909090909094, "cpu_usage": 0.620909090909094, "kubernetes_prometheus_rules": "kubernetes_prometheus_rules", "add_security_context": "add_security_context", "delay_treatment": "delay_treatment"}, {"instance": "kube-prometheus-prometheus-node-exporter.oxn-external-monitoring.svc:9100", "timestamp": 1737551860.412, "sum(rate(node_cpu_seconds_total{mode!=\"idle\"}[1m])) by (instance)": 0.620909090909094, "cpu_usage": 0.620909090909094, "kubernetes_prometheus_rules": "kubernetes_prometheus_rules", "add_security_context": "add_security_context", "delay_treatment": "delay_treatment"}, {"instance": "kube-prometheus-prometheus-node-exporter.oxn-external-monitoring.svc:9100", "timestamp": 1737551861.412, "sum(rate(node_cpu_seconds_total{mode!=\"idle\"}[1m])) by (instance)": 0.620909090909094, "cpu_usage": 0.620909090909094, "kubernetes_prometheus_rules": "kubernetes_prometheus_rules", "add_security_context": "add_security_context", "delay_treatment": "delay_treatment"}, {"instance": "kube-prometheus-prometheus-node-exporter.oxn-external-monitoring.svc:9100", "timestamp": 1737551862.412, "sum(rate(node_cpu_seconds_total{mode!=\"idle\"}[1m])) by (instance)": 0.620909090909094, "cpu_usage": 0.620909090909094, "kubernetes_prometheus_rules": "kubernetes_prometheus_rules", "add_security_context": "add_security_context", "delay_treatment": "delay_treatment"}, {"instance": "kube-prometheus-prometheus-node-exporter.oxn-external-monitoring.svc:9100", "timestamp": 1737551863.412, "sum(rate(node_cpu_seconds_total{mode!=\"idle\"}[1m])) by (instance)": 0.6227272727272731, "cpu_usage": 0.6227272727272731, "kubernetes_prometheus_rules": "kubernetes_prometheus_rules", "add_security_context": "add_security_context", "delay_treatment": "delay_treatment"}, {"instance": "kube-prometheus-prometheus-node-exporter.oxn-external-monitoring.svc:9100", "timestamp": 1737551864.412, "sum(rate(node_cpu_seconds_total{mode!=\"idle\"}[1m])) by (instance)": 0.6227272727272731, "cpu_usage": 0.6227272727272731, "kubernetes_prometheus_rules": "kubernetes_prometheus_rules", "add_security_context": "add_security_context", "delay_treatment": "delay_treatment"}, {"instance": "kube-prometheus-prometheus-node-exporter.oxn-external-monitoring.svc:9100", "timestamp": 1737551865.412, "sum(rate(node_cpu_seconds_total{mode!=\"idle\"}[1m])) by (instance)": 0.6227272727272731, "cpu_usage": 0.6227272727272731, "kubernetes_prometheus_rules": "kubernetes_prometheus_rules", "add_security_context": "add_security_context", "delay_treatment": "delay_treatment"}, {"instance": "kube-prometheus-prometheus-node-exporter.oxn-external-monitoring.svc:9100", "timestamp": 1737551866.412, "sum(rate(node_cpu_seconds_total{mode!=\"idle\"}[1m])) by (instance)": 0.6227272727272731, "cpu_usage": 0.6227272727272731, "kubernetes_prometheus_rules": "kubernetes_prometheus_rules", "add_security_context": "add_security_context", "delay_treatment": "delay_treatment"}, {"instance": "kube-prometheus-prometheus-node-exporter.oxn-external-monitoring.svc:9100", "timestamp": 1737551867.412, "sum(rate(node_cpu_seconds_total{mode!=\"idle\"}[1m])) by (instance)": 0.6227272727272731, "cpu_usage": 0.6227272727272731, "kubernetes_prometheus_rules": "kubernetes_prometheus_rules", "add_security_context": "add_security_context", "delay_treatment": "delay_treatment"}, {"instance": "kube-prometheus-prometheus-node-exporter.oxn-external-monitoring.svc:9100", "timestamp": 1737551868.412, "sum(rate(node_cpu_seconds_total{mode!=\"idle\"}[1m])) by (instance)": 0.619454545454547, "cpu_usage": 0.619454545454547, "kubernetes_prometheus_rules": "kubernetes_prometheus_rules", "add_security_context": "add_security_context", "delay_treatment": "delay_treatment"}, {"instance": "kube-prometheus-prometheus-node-exporter.oxn-external-monitoring.svc:9100", "timestamp": 1737551869.412, "sum(rate(node_cpu_seconds_total{mode!=\"idle\"}[1m])) by (instance)": 0.619454545454547, "cpu_usage": 0.619454545454547, "kubernetes_prometheus_rules": "kubernetes_prometheus_rules", "add_security_context": "add_security_context", "delay_treatment": "delay_treatment"}, {"instance": "kube-prometheus-prometheus-node-exporter.oxn-external-monitoring.svc:9100", "timestamp": 1737551870.412, "sum(rate(node_cpu_seconds_total{mode!=\"idle\"}[1m])) by (instance)": 0.619454545454547, "cpu_usage": 0.619454545454547, "kubernetes_prometheus_rules": "kubernetes_prometheus_rules", "add_security_context": "add_security_context", "delay_treatment": "delay_treatment"}, {"instance": "kube-prometheus-prometheus-node-exporter.oxn-external-monitoring.svc:9100", "timestamp": 1737551871.412, "sum(rate(node_cpu_seconds_total{mode!=\"idle\"}[1m])) by (instance)": 0.619454545454547, "cpu_usage": 0.619454545454547, "kubernetes_prometheus_rules": "kubernetes_prometheus_rules", "add_security_context": "add_security_context", "delay_treatment": "delay_treatment"}, {"instance": "kube-prometheus-prometheus-node-exporter.oxn-external-monitoring.svc:9100", "timestamp": 1737551872.412, "sum(rate(node_cpu_seconds_total{mode!=\"idle\"}[1m])) by (instance)": 0.619454545454547, "cpu_usage": 0.619454545454547, "kubernetes_prometheus_rules": "kubernetes_prometheus_rules", "add_security_context": "add_security_context", "delay_treatment": "delay_treatment"}, {"instance": "kube-prometheus-prometheus-node-exporter.oxn-external-monitoring.svc:9100", "timestamp": 1737551873.412, "sum(rate(node_cpu_seconds_total{mode!=\"idle\"}[1m])) by (instance)": 0.6325454545454525, "cpu_usage": 0.6325454545454525, "kubernetes_prometheus_rules": "kubernetes_prometheus_rules", "add_security_context": "add_security_context", "delay_treatment": "delay_treatment"}, {"instance": "kube-prometheus-prometheus-node-exporter.oxn-external-monitoring.svc:9100", "timestamp": 1737551874.412, "sum(rate(node_cpu_seconds_total{mode!=\"idle\"}[1m])) by (instance)": 0.6325454545454525, "cpu_usage": 0.6325454545454525, "kubernetes_prometheus_rules": "kubernetes_prometheus_rules", "add_security_context": "add_security_context", "delay_treatment": "delay_treatment"}, {"instance": "kube-prometheus-prometheus-node-exporter.oxn-external-monitoring.svc:9100", "timestamp": 1737551875.412, "sum(rate(node_cpu_seconds_total{mode!=\"idle\"}[1m])) by (instance)": 0.6325454545454525, "cpu_usage": 0.6325454545454525, "kubernetes_prometheus_rules": "kubernetes_prometheus_rules", "add_security_context": "add_security_context", "delay_treatment": "delay_treatment"}, {"instance": "kube-prometheus-prometheus-node-exporter.oxn-external-monitoring.svc:9100", "timestamp": 1737551876.412, "sum(rate(node_cpu_seconds_total{mode!=\"idle\"}[1m])) by (instance)": 0.6325454545454525, "cpu_usage": 0.6325454545454525, "kubernetes_prometheus_rules": "kubernetes_prometheus_rules", "add_security_context": "add_security_context", "delay_treatment": "delay_treatment"}, {"instance": "kube-prometheus-prometheus-node-exporter.oxn-external-monitoring.svc:9100", "timestamp": 1737551877.412, "sum(rate(node_cpu_seconds_total{mode!=\"idle\"}[1m])) by (instance)": 0.6325454545454525, "cpu_usage": 0.6325454545454525, "kubernetes_prometheus_rules": "kubernetes_prometheus_rules", "add_security_context": "add_security_context", "delay_treatment": "delay_treatment"}, {"instance": "kube-prometheus-prometheus-node-exporter.oxn-external-monitoring.svc:9100", "timestamp": 1737551878.412, "sum(rate(node_cpu_seconds_total{mode!=\"idle\"}[1m])) by (instance)": 0.6209090909090937, "cpu_usage": 0.6209090909090937, "kubernetes_prometheus_rules": "kubernetes_prometheus_rules", "add_security_context": "add_security_context", "delay_treatment": "delay_treatment"}, {"instance": "kube-prometheus-prometheus-node-exporter.oxn-external-monitoring.svc:9100", "timestamp": 1737551879.412, "sum(rate(node_cpu_seconds_total{mode!=\"idle\"}[1m])) by (instance)": 0.6209090909090937, "cpu_usage": 0.6209090909090937, "kubernetes_prometheus_rules": "kubernetes_prometheus_rules", "add_security_context": "add_security_context", "delay_treatment": "delay_treatment"}, {"instance": "kube-prometheus-prometheus-node-exporter.oxn-external-monitoring.svc:9100", "timestamp": 1737551880.412, "sum(rate(node_cpu_seconds_total{mode!=\"idle\"}[1m])) by (instance)": 0.6209090909090937, "cpu_usage": 0.6209090909090937, "kubernetes_prometheus_rules": "kubernetes_prometheus_rules", "add_security_context": "add_security_context", "delay_treatment": "delay_treatment"}, {"instance": "kube-prometheus-prometheus-node-exporter.oxn-external-monitoring.svc:9100", "timestamp": 1737551881.412, "sum(rate(node_cpu_seconds_total{mode!=\"idle\"}[1m])) by (instance)": 0.6209090909090937, "cpu_usage": 0.6209090909090937, "kubernetes_prometheus_rules": "kubernetes_prometheus_rules", "add_security_context": "add_security_context", "delay_treatment": "delay_treatment"}, {"instance": "kube-prometheus-prometheus-node-exporter.oxn-external-monitoring.svc:9100", "timestamp": 1737551882.412, "sum(rate(node_cpu_seconds_total{mode!=\"idle\"}[1m])) by (instance)": 0.6209090909090937, "cpu_usage": 0.6209090909090937, "kubernetes_prometheus_rules": "kubernetes_prometheus_rules", "add_security_context": "add_security_context", "delay_treatment": "delay_treatment"}, {"instance": "kube-prometheus-prometheus-node-exporter.oxn-external-monitoring.svc:9100", "timestamp": 1737551883.412, "sum(rate(node_cpu_seconds_total{mode!=\"idle\"}[1m])) by (instance)": 0.6154545454545449, "cpu_usage": 0.6154545454545449, "kubernetes_prometheus_rules": "kubernetes_prometheus_rules", "add_security_context": "add_security_context", "delay_treatment": "delay_treatment"}, {"instance": "kube-prometheus-prometheus-node-exporter.oxn-external-monitoring.svc:9100", "timestamp": 1737551884.412, "sum(rate(node_cpu_seconds_total{mode!=\"idle\"}[1m])) by (instance)": 0.6154545454545449, "cpu_usage": 0.6154545454545449, "kubernetes_prometheus_rules": "kubernetes_prometheus_rules", "add_security_context": "add_security_context", "delay_treatment": "delay_treatment"}, {"instance": "kube-prometheus-prometheus-node-exporter.oxn-external-monitoring.svc:9100", "timestamp": 1737551885.412, "sum(rate(node_cpu_seconds_total{mode!=\"idle\"}[1m])) by (instance)": 0.6154545454545449, "cpu_usage": 0.6154545454545449, "kubernetes_prometheus_rules": "kubernetes_prometheus_rules", "add_security_context": "add_security_context", "delay_treatment": "delay_treatment"}, {"instance": "kube-prometheus-prometheus-node-exporter.oxn-external-monitoring.svc:9100", "timestamp": 1737551886.412, "sum(rate(node_cpu_seconds_total{mode!=\"idle\"}[1m])) by (instance)": 0.6154545454545449, "cpu_usage": 0.6154545454545449, "kubernetes_prometheus_rules": "kubernetes_prometheus_rules", "add_security_context": "add_security_context", "delay_treatment": "delay_treatment"}, {"instance": "kube-prometheus-prometheus-node-exporter.oxn-external-monitoring.svc:9100", "timestamp": 1737551887.412, "sum(rate(node_cpu_seconds_total{mode!=\"idle\"}[1m])) by (instance)": 0.6154545454545449, "cpu_usage": 0.6154545454545449, "kubernetes_prometheus_rules": "kubernetes_prometheus_rules", "add_security_context": "add_security_context", "delay_treatment": "delay_treatment"}, {"instance": "kube-prometheus-prometheus-node-exporter.oxn-external-monitoring.svc:9100", "timestamp": 1737551888.412, "sum(rate(node_cpu_seconds_total{mode!=\"idle\"}[1m])) by (instance)": 0.5929090909090897, "cpu_usage": 0.5929090909090897, "kubernetes_prometheus_rules": "kubernetes_prometheus_rules", "add_security_context": "add_security_context", "delay_treatment": "delay_treatment"}, {"instance": "kube-prometheus-prometheus-node-exporter.oxn-external-monitoring.svc:9100", "timestamp": 1737551889.412, "sum(rate(node_cpu_seconds_total{mode!=\"idle\"}[1m])) by (instance)": 0.5929090909090897, "cpu_usage": 0.5929090909090897, "kubernetes_prometheus_rules": "kubernetes_prometheus_rules", "add_security_context": "add_security_context", "delay_treatment": "delay_treatment"}, {"instance": "kube-prometheus-prometheus-node-exporter.oxn-external-monitoring.svc:9100", "timestamp": 1737551890.412, "sum(rate(node_cpu_seconds_total{mode!=\"idle\"}[1m])) by (instance)": 0.5929090909090897, "cpu_usage": 0.5929090909090897, "kubernetes_prometheus_rules": "kubernetes_prometheus_rules", "add_security_context": "add_security_context", "delay_treatment": "delay_treatment"}, {"instance": "kube-prometheus-prometheus-node-exporter.oxn-external-monitoring.svc:9100", "timestamp": 1737551891.412, "sum(rate(node_cpu_seconds_total{mode!=\"idle\"}[1m])) by (instance)": 0.5929090909090897, "cpu_usage": 0.5929090909090897, "kubernetes_prometheus_rules": "kubernetes_prometheus_rules", "add_security_context": "add_security_context", "delay_treatment": "delay_treatment"}, {"instance": "kube-prometheus-prometheus-node-exporter.oxn-external-monitoring.svc:9100", "timestamp": 1737551892.412, "sum(rate(node_cpu_seconds_total{mode!=\"idle\"}[1m])) by (instance)": 0.5929090909090897, "cpu_usage": 0.5929090909090897, "kubernetes_prometheus_rules": "kubernetes_prometheus_rules", "add_security_context": "add_security_context", "delay_treatment": "delay_treatment"}, {"instance": "kube-prometheus-prometheus-node-exporter.oxn-external-monitoring.svc:9100", "timestamp": 1737551893.412, "sum(rate(node_cpu_seconds_total{mode!=\"idle\"}[1m])) by (instance)": 0.5985454545454555, "cpu_usage": 0.5985454545454555, "kubernetes_prometheus_rules": "kubernetes_prometheus_rules", "add_security_context": "add_security_context", "delay_treatment": "delay_treatment"}, {"instance": "kube-prometheus-prometheus-node-exporter.oxn-external-monitoring.svc:9100", "timestamp": 1737551894.412, "sum(rate(node_cpu_seconds_total{mode!=\"idle\"}[1m])) by (instance)": 0.5985454545454555, "cpu_usage": 0.5985454545454555, "kubernetes_prometheus_rules": "kubernetes_prometheus_rules", "add_security_context": "add_security_context", "delay_treatment": "delay_treatment"}, {"instance": "kube-prometheus-prometheus-node-exporter.oxn-external-monitoring.svc:9100", "timestamp": 1737551895.412, "sum(rate(node_cpu_seconds_total{mode!=\"idle\"}[1m])) by (instance)": 0.5985454545454555, "cpu_usage": 0.5985454545454555, "kubernetes_prometheus_rules": "kubernetes_prometheus_rules", "add_security_context": "add_security_context", "delay_treatment": "delay_treatment"}, {"instance": "kube-prometheus-prometheus-node-exporter.oxn-external-monitoring.svc:9100", "timestamp": 1737551896.412, "sum(rate(node_cpu_seconds_total{mode!=\"idle\"}[1m])) by (instance)": 0.5985454545454555, "cpu_usage": 0.5985454545454555, "kubernetes_prometheus_rules": "kubernetes_prometheus_rules", "add_security_context": "add_security_context", "delay_treatment": "delay_treatment"}, {"instance": "kube-prometheus-prometheus-node-exporter.oxn-external-monitoring.svc:9100", "timestamp": 1737551897.412, "sum(rate(node_cpu_seconds_total{mode!=\"idle\"}[1m])) by (instance)": 0.5985454545454555, "cpu_usage": 0.5985454545454555, "kubernetes_prometheus_rules": "kubernetes_prometheus_rules", "add_security_context": "add_security_context", "delay_treatment": "delay_treatment"}, {"instance": "kube-prometheus-prometheus-node-exporter.oxn-external-monitoring.svc:9100", "timestamp": 1737551898.412, "sum(rate(node_cpu_seconds_total{mode!=\"idle\"}[1m])) by (instance)": 0.5880000000000011, "cpu_usage": 0.5880000000000011, "kubernetes_prometheus_rules": "kubernetes_prometheus_rules", "add_security_context": "add_security_context", "delay_treatment": "delay_treatment"}, {"instance": "kube-prometheus-prometheus-node-exporter.oxn-external-monitoring.svc:9100", "timestamp": 1737551899.412, "sum(rate(node_cpu_seconds_total{mode!=\"idle\"}[1m])) by (instance)": 0.5880000000000011, "cpu_usage": 0.5880000000000011, "kubernetes_prometheus_rules": "kubernetes_prometheus_rules", "add_security_context": "add_security_context", "delay_treatment": "delay_treatment"}, {"instance": "kube-prometheus-prometheus-node-exporter.oxn-external-monitoring.svc:9100", "timestamp": 1737551900.412, "sum(rate(node_cpu_seconds_total{mode!=\"idle\"}[1m])) by (instance)": 0.5880000000000011, "cpu_usage": 0.5880000000000011, "kubernetes_prometheus_rules": "kubernetes_prometheus_rules", "add_security_context": "add_security_context", "delay_treatment": "delay_treatment"}, {"instance": "kube-prometheus-prometheus-node-exporter.oxn-external-monitoring.svc:9100", "timestamp": 1737551901.412, "sum(rate(node_cpu_seconds_total{mode!=\"idle\"}[1m])) by (instance)": 0.5880000000000011, "cpu_usage": 0.5880000000000011, "kubernetes_prometheus_rules": "kubernetes_prometheus_rules", "add_security_context": "add_security_context", "delay_treatment": "delay_treatment"}, {"instance": "kube-prometheus-prometheus-node-exporter.oxn-external-monitoring.svc:9100", "timestamp": 1737551902.412, "sum(rate(node_cpu_seconds_total{mode!=\"idle\"}[1m])) by (instance)": 0.5880000000000011, "cpu_usage": 0.5880000000000011, "kubernetes_prometheus_rules": "kubernetes_prometheus_rules", "add_security_context": "add_security_context", "delay_treatment": "delay_treatment"}, {"instance": "kube-prometheus-prometheus-node-exporter.oxn-external-monitoring.svc:9100", "timestamp": 1737551903.412, "sum(rate(node_cpu_seconds_total{mode!=\"idle\"}[1m])) by (instance)": 0.5905454545454553, "cpu_usage": 0.5905454545454553, "kubernetes_prometheus_rules": "kubernetes_prometheus_rules", "add_security_context": "add_security_context", "delay_treatment": "delay_treatment"}, {"instance": "kube-prometheus-prometheus-node-exporter.oxn-external-monitoring.svc:9100", "timestamp": 1737551904.412, "sum(rate(node_cpu_seconds_total{mode!=\"idle\"}[1m])) by (instance)": 0.5905454545454553, "cpu_usage": 0.5905454545454553, "kubernetes_prometheus_rules": "kubernetes_prometheus_rules", "add_security_context": "add_security_context", "delay_treatment": "delay_treatment"}, {"instance": "kube-prometheus-prometheus-node-exporter.oxn-external-monitoring.svc:9100", "timestamp": 1737551905.412, "sum(rate(node_cpu_seconds_total{mode!=\"idle\"}[1m])) by (instance)": 0.5905454545454553, "cpu_usage": 0.5905454545454553, "kubernetes_prometheus_rules": "kubernetes_prometheus_rules", "add_security_context": "add_security_context", "delay_treatment": "delay_treatment"}, {"instance": "kube-prometheus-prometheus-node-exporter.oxn-external-monitoring.svc:9100", "timestamp": 1737551906.412, "sum(rate(node_cpu_seconds_total{mode!=\"idle\"}[1m])) by (instance)": 0.5905454545454553, "cpu_usage": 0.5905454545454553, "kubernetes_prometheus_rules": "kubernetes_prometheus_rules", "add_security_context": "add_security_context", "delay_treatment": "delay_treatment"}, {"instance": "kube-prometheus-prometheus-node-exporter.oxn-external-monitoring.svc:9100", "timestamp": 1737551907.412, "sum(rate(node_cpu_seconds_total{mode!=\"idle\"}[1m])) by (instance)": 0.5905454545454553, "cpu_usage": 0.5905454545454553, "kubernetes_prometheus_rules": "kubernetes_prometheus_rules", "add_security_context": "add_security_context", "delay_treatment": "delay_treatment"}, {"instance": "kube-prometheus-prometheus-node-exporter.oxn-external-monitoring.svc:9100", "timestamp": 1737551908.412, "sum(rate(node_cpu_seconds_total{mode!=\"idle\"}[1m])) by (instance)": 0.590545454545453, "cpu_usage": 0.590545454545453, "kubernetes_prometheus_rules": "kubernetes_prometheus_rules", "add_security_context": "add_security_context", "delay_treatment": "delay_treatment"}, {"instance": "kube-prometheus-prometheus-node-exporter.oxn-external-monitoring.svc:9100", "timestamp": 1737551909.412, "sum(rate(node_cpu_seconds_total{mode!=\"idle\"}[1m])) by (instance)": 0.590545454545453, "cpu_usage": 0.590545454545453, "kubernetes_prometheus_rules": "kubernetes_prometheus_rules", "add_security_context": "add_security_context", "delay_treatment": "delay_treatment"}, {"instance": "kube-prometheus-prometheus-node-exporter.oxn-external-monitoring.svc:9100", "timestamp": 1737551910.412, "sum(rate(node_cpu_seconds_total{mode!=\"idle\"}[1m])) by (instance)": 0.590545454545453, "cpu_usage": 0.590545454545453, "kubernetes_prometheus_rules": "kubernetes_prometheus_rules", "add_security_context": "add_security_context", "delay_treatment": "delay_treatment"}, {"instance": "kube-prometheus-prometheus-node-exporter.oxn-external-monitoring.svc:9100", "timestamp": 1737551911.412, "sum(rate(node_cpu_seconds_total{mode!=\"idle\"}[1m])) by (instance)": 0.590545454545453, "cpu_usage": 0.590545454545453, "kubernetes_prometheus_rules": "kubernetes_prometheus_rules", "add_security_context": "add_security_context", "delay_treatment": "delay_treatment"}, {"instance": "kube-prometheus-prometheus-node-exporter.oxn-external-monitoring.svc:9100", "timestamp": 1737551912.412, "sum(rate(node_cpu_seconds_total{mode!=\"idle\"}[1m])) by (instance)": 0.590545454545453, "cpu_usage": 0.590545454545453, "kubernetes_prometheus_rules": "kubernetes_prometheus_rules", "add_security_context": "add_security_context", "delay_treatment": "delay_treatment"}, {"instance": "kube-prometheus-prometheus-node-exporter.oxn-external-monitoring.svc:9100", "timestamp": 1737551913.412, "sum(rate(node_cpu_seconds_total{mode!=\"idle\"}[1m])) by (instance)": 0.5840000000000014, "cpu_usage": 0.5840000000000014, "kubernetes_prometheus_rules": "kubernetes_prometheus_rules", "add_security_context": "add_security_context", "delay_treatment": "delay_treatment"}, {"instance": "kube-prometheus-prometheus-node-exporter.oxn-external-monitoring.svc:9100", "timestamp": 1737551914.412, "sum(rate(node_cpu_seconds_total{mode!=\"idle\"}[1m])) by (instance)": 0.5840000000000014, "cpu_usage": 0.5840000000000014, "kubernetes_prometheus_rules": "kubernetes_prometheus_rules", "add_security_context": "add_security_context", "delay_treatment": "delay_treatment"}, {"instance": "kube-prometheus-prometheus-node-exporter.oxn-external-monitoring.svc:9100", "timestamp": 1737551915.412, "sum(rate(node_cpu_seconds_total{mode!=\"idle\"}[1m])) by (instance)": 0.5840000000000014, "cpu_usage": 0.5840000000000014, "kubernetes_prometheus_rules": "kubernetes_prometheus_rules", "add_security_context": "add_security_context", "delay_treatment": "delay_treatment"}, {"instance": "kube-prometheus-prometheus-node-exporter.oxn-external-monitoring.svc:9100", "timestamp": 1737551916.412, "sum(rate(node_cpu_seconds_total{mode!=\"idle\"}[1m])) by (instance)": 0.5840000000000014, "cpu_usage": 0.5840000000000014, "kubernetes_prometheus_rules": "NoTreatment", "add_security_context": "NoTreatment", "delay_treatment": "NoTreatment"}, {"instance": "kube-prometheus-prometheus-node-exporter.oxn-external-monitoring.svc:9100", "timestamp": 1737551917.412, "sum(rate(node_cpu_seconds_total{mode!=\"idle\"}[1m])) by (instance)": 0.5840000000000014, "cpu_usage": 0.5840000000000014, "kubernetes_prometheus_rules": "NoTreatment", "add_security_context": "NoTreatment", "delay_treatment": "NoTreatment"}, {"instance": "kube-prometheus-prometheus-node-exporter.oxn-external-monitoring.svc:9100", "timestamp": 1737551918.412, "sum(rate(node_cpu_seconds_total{mode!=\"idle\"}[1m])) by (instance)": 0.5718181818181834, "cpu_usage": 0.5718181818181834, "kubernetes_prometheus_rules": "NoTreatment", "add_security_context": "NoTreatment", "delay_treatment": "NoTreatment"}, {"instance": "kube-prometheus-prometheus-node-exporter.oxn-external-monitoring.svc:9100", "timestamp": 1737551919.412, "sum(rate(node_cpu_seconds_total{mode!=\"idle\"}[1m])) by (instance)": 0.5718181818181834, "cpu_usage": 0.5718181818181834, "kubernetes_prometheus_rules": "NoTreatment", "add_security_context": "NoTreatment", "delay_treatment": "NoTreatment"}, {"instance": "kube-prometheus-prometheus-node-exporter.oxn-external-monitoring.svc:9100", "timestamp": 1737551920.412, "sum(rate(node_cpu_seconds_total{mode!=\"idle\"}[1m])) by (instance)": 0.5718181818181834, "cpu_usage": 0.5718181818181834, "kubernetes_prometheus_rules": "NoTreatment", "add_security_context": "NoTreatment", "delay_treatment": "NoTreatment"}, {"instance": "kube-prometheus-prometheus-node-exporter.oxn-external-monitoring.svc:9100", "timestamp": 1737551921.412, "sum(rate(node_cpu_seconds_total{mode!=\"idle\"}[1m])) by (instance)": 0.5718181818181834, "cpu_usage": 0.5718181818181834, "kubernetes_prometheus_rules": "NoTreatment", "add_security_context": "NoTreatment", "delay_treatment": "NoTreatment"}, {"instance": "kube-prometheus-prometheus-node-exporter.oxn-external-monitoring.svc:9100", "timestamp": 1737551922.412, "sum(rate(node_cpu_seconds_total{mode!=\"idle\"}[1m])) by (instance)": 0.5718181818181834, "cpu_usage": 0.5718181818181834, "kubernetes_prometheus_rules": "NoTreatment", "add_security_context": "NoTreatment", "delay_treatment": "NoTreatment"}, {"instance": "kube-prometheus-prometheus-node-exporter.oxn-external-monitoring.svc:9100", "timestamp": 1737551923.412, "sum(rate(node_cpu_seconds_total{mode!=\"idle\"}[1m])) by (instance)": 0.5683636363636363, "cpu_usage": 0.5683636363636363, "kubernetes_prometheus_rules": "NoTreatment", "add_security_context": "NoTreatment", "delay_treatment": "NoTreatment"}, {"instance": "kube-prometheus-prometheus-node-exporter.oxn-external-monitoring.svc:9100", "timestamp": 1737551924.412, "sum(rate(node_cpu_seconds_total{mode!=\"idle\"}[1m])) by (instance)": 0.5683636363636363, "cpu_usage": 0.5683636363636363, "kubernetes_prometheus_rules": "NoTreatment", "add_security_context": "NoTreatment", "delay_treatment": "NoTreatment"}, {"instance": "kube-prometheus-prometheus-node-exporter.oxn-external-monitoring.svc:9100", "timestamp": 1737551925.412, "sum(rate(node_cpu_seconds_total{mode!=\"idle\"}[1m])) by (instance)": 0.5683636363636363, "cpu_usage": 0.5683636363636363, "kubernetes_prometheus_rules": "NoTreatment", "add_security_context": "NoTreatment", "delay_treatment": "NoTreatment"}]