[{"timestamp": 1737549397.919, "sum(rate(container_cpu_usage_seconds_total{namespace=\"system-under-evaluation\"}[1m]))": 2.1882689009539087, "system_CPU": 2.1882689009539087, "kubernetes_prometheus_rules": "kubernetes_prometheus_rules", "add_security_context": "NoTreatment", "delay_treatment": "NoTreatment"}, {"timestamp": 1737549398.919, "sum(rate(container_cpu_usage_seconds_total{namespace=\"system-under-evaluation\"}[1m]))": 2.1344080256936073, "system_CPU": 2.1344080256936073, "kubernetes_prometheus_rules": "kubernetes_prometheus_rules", "add_security_context": "NoTreatment", "delay_treatment": "NoTreatment"}, {"timestamp": 1737549399.919, "sum(rate(container_cpu_usage_seconds_total{namespace=\"system-under-evaluation\"}[1m]))": 2.074181635754584, "system_CPU": 2.074181635754584, "kubernetes_prometheus_rules": "kubernetes_prometheus_rules", "add_security_context": "NoTreatment", "delay_treatment": "NoTreatment"}, {"timestamp": 1737549400.919, "sum(rate(container_cpu_usage_seconds_total{namespace=\"system-under-evaluation\"}[1m]))": 1.9907019839065165, "system_CPU": 1.9907019839065165, "kubernetes_prometheus_rules": "kubernetes_prometheus_rules", "add_security_context": "NoTreatment", "delay_treatment": "NoTreatment"}, {"timestamp": 1737549401.919, "sum(rate(container_cpu_usage_seconds_total{namespace=\"system-under-evaluation\"}[1m]))": 1.9722071288810283, "system_CPU": 1.9722071288810283, "kubernetes_prometheus_rules": "kubernetes_prometheus_rules", "add_security_context": "NoTreatment", "delay_treatment": "NoTreatment"}, {"timestamp": 1737549402.919, "sum(rate(container_cpu_usage_seconds_total{namespace=\"system-under-evaluation\"}[1m]))": 1.8818661249142419, "system_CPU": 1.8818661249142419, "kubernetes_prometheus_rules": "kubernetes_prometheus_rules", "add_security_context": "NoTreatment", "delay_treatment": "NoTreatment"}, {"timestamp": 1737549403.919, "sum(rate(container_cpu_usage_seconds_total{namespace=\"system-under-evaluation\"}[1m]))": 1.782231866624797, "system_CPU": 1.782231866624797, "kubernetes_prometheus_rules": "kubernetes_prometheus_rules", "add_security_context": "NoTreatment", "delay_treatment": "NoTreatment"}, {"timestamp": 1737549404.919, "sum(rate(container_cpu_usage_seconds_total{namespace=\"system-under-evaluation\"}[1m]))": 1.7536622712271814, "system_CPU": 1.7536622712271814, "kubernetes_prometheus_rules": "kubernetes_prometheus_rules", "add_security_context": "NoTreatment", "delay_treatment": "NoTreatment"}, {"timestamp": 1737549405.919, "sum(rate(container_cpu_usage_seconds_total{namespace=\"system-under-evaluation\"}[1m]))": 1.74572442094657, "system_CPU": 1.74572442094657, "kubernetes_prometheus_rules": "kubernetes_prometheus_rules", "add_security_context": "NoTreatment", "delay_treatment": "NoTreatment"}, {"timestamp": 1737549406.919, "sum(rate(container_cpu_usage_seconds_total{namespace=\"system-under-evaluation\"}[1m]))": 1.7222216752038562, "system_CPU": 1.7222216752038562, "kubernetes_prometheus_rules": "kubernetes_prometheus_rules", "add_security_context": "NoTreatment", "delay_treatment": "NoTreatment"}, {"timestamp": 1737549407.919, "sum(rate(container_cpu_usage_seconds_total{namespace=\"system-under-evaluation\"}[1m]))": 1.6122270491586315, "system_CPU": 1.6122270491586315, "kubernetes_prometheus_rules": "kubernetes_prometheus_rules", "add_security_context": "add_security_context", "delay_treatment": "NoTreatment"}, {"timestamp": 1737549408.919, "sum(rate(container_cpu_usage_seconds_total{namespace=\"system-under-evaluation\"}[1m]))": 1.607411299366454, "system_CPU": 1.607411299366454, "kubernetes_prometheus_rules": "kubernetes_prometheus_rules", "add_security_context": "add_security_context", "delay_treatment": "delay_treatment"}, {"timestamp": 1737549409.919, "sum(rate(container_cpu_usage_seconds_total{namespace=\"system-under-evaluation\"}[1m]))": 1.5996514153055013, "system_CPU": 1.5996514153055013, "kubernetes_prometheus_rules": "kubernetes_prometheus_rules", "add_security_context": "add_security_context", "delay_treatment": "delay_treatment"}, {"timestamp": 1737549410.919, "sum(rate(container_cpu_usage_seconds_total{namespace=\"system-under-evaluation\"}[1m]))": 1.414133654325818, "system_CPU": 1.414133654325818, "kubernetes_prometheus_rules": "kubernetes_prometheus_rules", "add_security_context": "add_security_context", "delay_treatment": "delay_treatment"}, {"timestamp": 1737549411.919, "sum(rate(container_cpu_usage_seconds_total{namespace=\"system-under-evaluation\"}[1m]))": 1.3710508464811784, "system_CPU": 1.3710508464811784, "kubernetes_prometheus_rules": "kubernetes_prometheus_rules", "add_security_context": "add_security_context", "delay_treatment": "delay_treatment"}, {"timestamp": 1737549412.919, "sum(rate(container_cpu_usage_seconds_total{namespace=\"system-under-evaluation\"}[1m]))": 1.315833991133927, "system_CPU": 1.315833991133927, "kubernetes_prometheus_rules": "kubernetes_prometheus_rules", "add_security_context": "add_security_context", "delay_treatment": "delay_treatment"}, {"timestamp": 1737549413.919, "sum(rate(container_cpu_usage_seconds_total{namespace=\"system-under-evaluation\"}[1m]))": 1.197155385396798, "system_CPU": 1.197155385396798, "kubernetes_prometheus_rules": "kubernetes_prometheus_rules", "add_security_context": "add_security_context", "delay_treatment": "delay_treatment"}, {"timestamp": 1737549414.919, "sum(rate(container_cpu_usage_seconds_total{namespace=\"system-under-evaluation\"}[1m]))": 0.7116850361354422, "system_CPU": 0.7116850361354422, "kubernetes_prometheus_rules": "kubernetes_prometheus_rules", "add_security_context": "add_security_context", "delay_treatment": "delay_treatment"}, {"timestamp": 1737549415.919, "sum(rate(container_cpu_usage_seconds_total{namespace=\"system-under-evaluation\"}[1m]))": 0.7112285500649419, "system_CPU": 0.7112285500649419, "kubernetes_prometheus_rules": "kubernetes_prometheus_rules", "add_security_context": "add_security_context", "delay_treatment": "delay_treatment"}, {"timestamp": 1737549416.919, "sum(rate(container_cpu_usage_seconds_total{namespace=\"system-under-evaluation\"}[1m]))": 1.0135247560090055, "system_CPU": 1.0135247560090055, "kubernetes_prometheus_rules": "kubernetes_prometheus_rules", "add_security_context": "add_security_context", "delay_treatment": "delay_treatment"}, {"timestamp": 1737549417.919, "sum(rate(container_cpu_usage_seconds_total{namespace=\"system-under-evaluation\"}[1m]))": 0.956089400567794, "system_CPU": 0.956089400567794, "kubernetes_prometheus_rules": "kubernetes_prometheus_rules", "add_security_context": "add_security_context", "delay_treatment": "delay_treatment"}, {"timestamp": 1737549418.919, "sum(rate(container_cpu_usage_seconds_total{namespace=\"system-under-evaluation\"}[1m]))": 1.0046206952578747, "system_CPU": 1.0046206952578747, "kubernetes_prometheus_rules": "kubernetes_prometheus_rules", "add_security_context": "add_security_context", "delay_treatment": "delay_treatment"}, {"timestamp": 1737549419.919, "sum(rate(container_cpu_usage_seconds_total{namespace=\"system-under-evaluation\"}[1m]))": 1.0323134090340296, "system_CPU": 1.0323134090340296, "kubernetes_prometheus_rules": "kubernetes_prometheus_rules", "add_security_context": "add_security_context", "delay_treatment": "delay_treatment"}, {"timestamp": 1737549420.919, "sum(rate(container_cpu_usage_seconds_total{namespace=\"system-under-evaluation\"}[1m]))": 1.0323483488960221, "system_CPU": 1.0323483488960221, "kubernetes_prometheus_rules": "kubernetes_prometheus_rules", "add_security_context": "add_security_context", "delay_treatment": "delay_treatment"}, {"timestamp": 1737549421.919, "sum(rate(container_cpu_usage_seconds_total{namespace=\"system-under-evaluation\"}[1m]))": 1.0320296798847208, "system_CPU": 1.0320296798847208, "kubernetes_prometheus_rules": "kubernetes_prometheus_rules", "add_security_context": "add_security_context", "delay_treatment": "delay_treatment"}, {"timestamp": 1737549422.919, "sum(rate(container_cpu_usage_seconds_total{namespace=\"system-under-evaluation\"}[1m]))": 1.0320296798847208, "system_CPU": 1.0320296798847208, "kubernetes_prometheus_rules": "kubernetes_prometheus_rules", "add_security_context": "add_security_context", "delay_treatment": "delay_treatment"}, {"timestamp": 1737549423.919, "sum(rate(container_cpu_usage_seconds_total{namespace=\"system-under-evaluation\"}[1m]))": 1.0320296798847208, "system_CPU": 1.0320296798847208, "kubernetes_prometheus_rules": "kubernetes_prometheus_rules", "add_security_context": "add_security_context", "delay_treatment": "delay_treatment"}, {"timestamp": 1737549424.919, "sum(rate(container_cpu_usage_seconds_total{namespace=\"system-under-evaluation\"}[1m]))": 1.0198342277849277, "system_CPU": 1.0198342277849277, "kubernetes_prometheus_rules": "kubernetes_prometheus_rules", "add_security_context": "add_security_context", "delay_treatment": "delay_treatment"}, {"timestamp": 1737549425.919, "sum(rate(container_cpu_usage_seconds_total{namespace=\"system-under-evaluation\"}[1m]))": 1.0198342277849277, "system_CPU": 1.0198342277849277, "kubernetes_prometheus_rules": "kubernetes_prometheus_rules", "add_security_context": "add_security_context", "delay_treatment": "delay_treatment"}, {"timestamp": 1737549426.919, "sum(rate(container_cpu_usage_seconds_total{namespace=\"system-under-evaluation\"}[1m]))": 1.0198342277849277, "system_CPU": 1.0198342277849277, "kubernetes_prometheus_rules": "kubernetes_prometheus_rules", "add_security_context": "add_security_context", "delay_treatment": "delay_treatment"}, {"timestamp": 1737549427.919, "sum(rate(container_cpu_usage_seconds_total{namespace=\"system-under-evaluation\"}[1m]))": 1.0159255785752026, "system_CPU": 1.0159255785752026, "kubernetes_prometheus_rules": "kubernetes_prometheus_rules", "add_security_context": "add_security_context", "delay_treatment": "delay_treatment"}, {"timestamp": 1737549428.919, "sum(rate(container_cpu_usage_seconds_total{namespace=\"system-under-evaluation\"}[1m]))": 1.0128970697305477, "system_CPU": 1.0128970697305477, "kubernetes_prometheus_rules": "kubernetes_prometheus_rules", "add_security_context": "add_security_context", "delay_treatment": "delay_treatment"}, {"timestamp": 1737549429.919, "sum(rate(container_cpu_usage_seconds_total{namespace=\"system-under-evaluation\"}[1m]))": 1.0042727247633363, "system_CPU": 1.0042727247633363, "kubernetes_prometheus_rules": "kubernetes_prometheus_rules", "add_security_context": "add_security_context", "delay_treatment": "delay_treatment"}, {"timestamp": 1737549430.919, "sum(rate(container_cpu_usage_seconds_total{namespace=\"system-under-evaluation\"}[1m]))": 1.0040058663461842, "system_CPU": 1.0040058663461842, "kubernetes_prometheus_rules": "kubernetes_prometheus_rules", "add_security_context": "add_security_context", "delay_treatment": "delay_treatment"}, {"timestamp": 1737549431.919, "sum(rate(container_cpu_usage_seconds_total{namespace=\"system-under-evaluation\"}[1m]))": 1.0475211309159933, "system_CPU": 1.0475211309159933, "kubernetes_prometheus_rules": "kubernetes_prometheus_rules", "add_security_context": "add_security_context", "delay_treatment": "delay_treatment"}, {"timestamp": 1737549432.919, "sum(rate(container_cpu_usage_seconds_total{namespace=\"system-under-evaluation\"}[1m]))": 1.0981775428337701, "system_CPU": 1.0981775428337701, "kubernetes_prometheus_rules": "kubernetes_prometheus_rules", "add_security_context": "add_security_context", "delay_treatment": "delay_treatment"}, {"timestamp": 1737549433.919, "sum(rate(container_cpu_usage_seconds_total{namespace=\"system-under-evaluation\"}[1m]))": 1.0946341109195978, "system_CPU": 1.0946341109195978, "kubernetes_prometheus_rules": "kubernetes_prometheus_rules", "add_security_context": "add_security_context", "delay_treatment": "delay_treatment"}, {"timestamp": 1737549434.919, "sum(rate(container_cpu_usage_seconds_total{namespace=\"system-under-evaluation\"}[1m]))": 1.3617972403171898, "system_CPU": 1.3617972403171898, "kubernetes_prometheus_rules": "kubernetes_prometheus_rules", "add_security_context": "add_security_context", "delay_treatment": "delay_treatment"}, {"timestamp": 1737549435.919, "sum(rate(container_cpu_usage_seconds_total{namespace=\"system-under-evaluation\"}[1m]))": 1.3972229190391094, "system_CPU": 1.3972229190391094, "kubernetes_prometheus_rules": "kubernetes_prometheus_rules", "add_security_context": "add_security_context", "delay_treatment": "delay_treatment"}, {"timestamp": 1737549436.919, "sum(rate(container_cpu_usage_seconds_total{namespace=\"system-under-evaluation\"}[1m]))": 1.4210062085479158, "system_CPU": 1.4210062085479158, "kubernetes_prometheus_rules": "kubernetes_prometheus_rules", "add_security_context": "add_security_context", "delay_treatment": "delay_treatment"}, {"timestamp": 1737549437.919, "sum(rate(container_cpu_usage_seconds_total{namespace=\"system-under-evaluation\"}[1m]))": 1.4571912683340857, "system_CPU": 1.4571912683340857, "kubernetes_prometheus_rules": "kubernetes_prometheus_rules", "add_security_context": "add_security_context", "delay_treatment": "delay_treatment"}, {"timestamp": 1737549438.919, "sum(rate(container_cpu_usage_seconds_total{namespace=\"system-under-evaluation\"}[1m]))": 1.7806544530344823, "system_CPU": 1.7806544530344823, "kubernetes_prometheus_rules": "kubernetes_prometheus_rules", "add_security_context": "add_security_context", "delay_treatment": "delay_treatment"}, {"timestamp": 1737549439.919, "sum(rate(container_cpu_usage_seconds_total{namespace=\"system-under-evaluation\"}[1m]))": 1.8801126509666568, "system_CPU": 1.8801126509666568, "kubernetes_prometheus_rules": "kubernetes_prometheus_rules", "add_security_context": "add_security_context", "delay_treatment": "delay_treatment"}, {"timestamp": 1737549440.919, "sum(rate(container_cpu_usage_seconds_total{namespace=\"system-under-evaluation\"}[1m]))": 1.9907065876383678, "system_CPU": 1.9907065876383678, "kubernetes_prometheus_rules": "kubernetes_prometheus_rules", "add_security_context": "add_security_context", "delay_treatment": "delay_treatment"}, {"timestamp": 1737549441.919, "sum(rate(container_cpu_usage_seconds_total{namespace=\"system-under-evaluation\"}[1m]))": 2.074852786591774, "system_CPU": 2.074852786591774, "kubernetes_prometheus_rules": "kubernetes_prometheus_rules", "add_security_context": "add_security_context", "delay_treatment": "delay_treatment"}, {"timestamp": 1737549442.919, "sum(rate(container_cpu_usage_seconds_total{namespace=\"system-under-evaluation\"}[1m]))": 2.1699047423276467, "system_CPU": 2.1699047423276467, "kubernetes_prometheus_rules": "kubernetes_prometheus_rules", "add_security_context": "add_security_context", "delay_treatment": "delay_treatment"}, {"timestamp": 1737549443.919, "sum(rate(container_cpu_usage_seconds_total{namespace=\"system-under-evaluation\"}[1m]))": 2.2185453551406633, "system_CPU": 2.2185453551406633, "kubernetes_prometheus_rules": "kubernetes_prometheus_rules", "add_security_context": "add_security_context", "delay_treatment": "delay_treatment"}, {"timestamp": 1737549444.919, "sum(rate(container_cpu_usage_seconds_total{namespace=\"system-under-evaluation\"}[1m]))": 2.243590041892456, "system_CPU": 2.243590041892456, "kubernetes_prometheus_rules": "kubernetes_prometheus_rules", "add_security_context": "add_security_context", "delay_treatment": "delay_treatment"}, {"timestamp": 1737549445.919, "sum(rate(container_cpu_usage_seconds_total{namespace=\"system-under-evaluation\"}[1m]))": 2.383769519126449, "system_CPU": 2.383769519126449, "kubernetes_prometheus_rules": "kubernetes_prometheus_rules", "add_security_context": "add_security_context", "delay_treatment": "delay_treatment"}, {"timestamp": 1737549446.919, "sum(rate(container_cpu_usage_seconds_total{namespace=\"system-under-evaluation\"}[1m]))": 2.399891702015916, "system_CPU": 2.399891702015916, "kubernetes_prometheus_rules": "kubernetes_prometheus_rules", "add_security_context": "add_security_context", "delay_treatment": "delay_treatment"}, {"timestamp": 1737549447.919, "sum(rate(container_cpu_usage_seconds_total{namespace=\"system-under-evaluation\"}[1m]))": 2.6338712006932434, "system_CPU": 2.6338712006932434, "kubernetes_prometheus_rules": "kubernetes_prometheus_rules", "add_security_context": "add_security_context", "delay_treatment": "delay_treatment"}, {"timestamp": 1737549448.919, "sum(rate(container_cpu_usage_seconds_total{namespace=\"system-under-evaluation\"}[1m]))": 2.7492688217650785, "system_CPU": 2.7492688217650785, "kubernetes_prometheus_rules": "kubernetes_prometheus_rules", "add_security_context": "add_security_context", "delay_treatment": "delay_treatment"}, {"timestamp": 1737549449.919, "sum(rate(container_cpu_usage_seconds_total{namespace=\"system-under-evaluation\"}[1m]))": 2.792407642596625, "system_CPU": 2.792407642596625, "kubernetes_prometheus_rules": "kubernetes_prometheus_rules", "add_security_context": "add_security_context", "delay_treatment": "delay_treatment"}, {"timestamp": 1737549450.919, "sum(rate(container_cpu_usage_seconds_total{namespace=\"system-under-evaluation\"}[1m]))": 2.8341820697501268, "system_CPU": 2.8341820697501268, "kubernetes_prometheus_rules": "kubernetes_prometheus_rules", "add_security_context": "add_security_context", "delay_treatment": "delay_treatment"}, {"timestamp": 1737549451.919, "sum(rate(container_cpu_usage_seconds_total{namespace=\"system-under-evaluation\"}[1m]))": 2.87364512097608, "system_CPU": 2.87364512097608, "kubernetes_prometheus_rules": "kubernetes_prometheus_rules", "add_security_context": "add_security_context", "delay_treatment": "delay_treatment"}, {"timestamp": 1737549452.919, "sum(rate(container_cpu_usage_seconds_total{namespace=\"system-under-evaluation\"}[1m]))": 3.1317269716944725, "system_CPU": 3.1317269716944725, "kubernetes_prometheus_rules": "kubernetes_prometheus_rules", "add_security_context": "add_security_context", "delay_treatment": "delay_treatment"}, {"timestamp": 1737549453.919, "sum(rate(container_cpu_usage_seconds_total{namespace=\"system-under-evaluation\"}[1m]))": 3.1767048899960857, "system_CPU": 3.1767048899960857, "kubernetes_prometheus_rules": "kubernetes_prometheus_rules", "add_security_context": "add_security_context", "delay_treatment": "delay_treatment"}, {"timestamp": 1737549454.919, "sum(rate(container_cpu_usage_seconds_total{namespace=\"system-under-evaluation\"}[1m]))": 3.000077865051162, "system_CPU": 3.000077865051162, "kubernetes_prometheus_rules": "kubernetes_prometheus_rules", "add_security_context": "add_security_context", "delay_treatment": "delay_treatment"}, {"timestamp": 1737549455.919, "sum(rate(container_cpu_usage_seconds_total{namespace=\"system-under-evaluation\"}[1m]))": 3.0206307787909026, "system_CPU": 3.0206307787909026, "kubernetes_prometheus_rules": "kubernetes_prometheus_rules", "add_security_context": "add_security_context", "delay_treatment": "delay_treatment"}, {"timestamp": 1737549456.919, "sum(rate(container_cpu_usage_seconds_total{namespace=\"system-under-evaluation\"}[1m]))": 3.0740861164596858, "system_CPU": 3.0740861164596858, "kubernetes_prometheus_rules": "kubernetes_prometheus_rules", "add_security_context": "add_security_context", "delay_treatment": "delay_treatment"}, {"timestamp": 1737549457.919, "sum(rate(container_cpu_usage_seconds_total{namespace=\"system-under-evaluation\"}[1m]))": 3.2351390331190744, "system_CPU": 3.2351390331190744, "kubernetes_prometheus_rules": "kubernetes_prometheus_rules", "add_security_context": "add_security_context", "delay_treatment": "delay_treatment"}, {"timestamp": 1737549458.919, "sum(rate(container_cpu_usage_seconds_total{namespace=\"system-under-evaluation\"}[1m]))": 3.217801311574401, "system_CPU": 3.217801311574401, "kubernetes_prometheus_rules": "kubernetes_prometheus_rules", "add_security_context": "add_security_context", "delay_treatment": "delay_treatment"}, {"timestamp": 1737549459.919, "sum(rate(container_cpu_usage_seconds_total{namespace=\"system-under-evaluation\"}[1m]))": 3.1628309063654236, "system_CPU": 3.1628309063654236, "kubernetes_prometheus_rules": "kubernetes_prometheus_rules", "add_security_context": "add_security_context", "delay_treatment": "delay_treatment"}, {"timestamp": 1737549460.919, "sum(rate(container_cpu_usage_seconds_total{namespace=\"system-under-evaluation\"}[1m]))": 3.214321627455406, "system_CPU": 3.214321627455406, "kubernetes_prometheus_rules": "kubernetes_prometheus_rules", "add_security_context": "add_security_context", "delay_treatment": "delay_treatment"}, {"timestamp": 1737549461.919, "sum(rate(container_cpu_usage_seconds_total{namespace=\"system-under-evaluation\"}[1m]))": 3.137817034077771, "system_CPU": 3.137817034077771, "kubernetes_prometheus_rules": "kubernetes_prometheus_rules", "add_security_context": "add_security_context", "delay_treatment": "delay_treatment"}, {"timestamp": 1737549462.919, "sum(rate(container_cpu_usage_seconds_total{namespace=\"system-under-evaluation\"}[1m]))": 2.931491600494379, "system_CPU": 2.931491600494379, "kubernetes_prometheus_rules": "kubernetes_prometheus_rules", "add_security_context": "add_security_context", "delay_treatment": "delay_treatment"}, {"timestamp": 1737549463.919, "sum(rate(container_cpu_usage_seconds_total{namespace=\"system-under-evaluation\"}[1m]))": 2.8850138545988133, "system_CPU": 2.8850138545988133, "kubernetes_prometheus_rules": "kubernetes_prometheus_rules", "add_security_context": "add_security_context", "delay_treatment": "delay_treatment"}, {"timestamp": 1737549464.919, "sum(rate(container_cpu_usage_seconds_total{namespace=\"system-under-evaluation\"}[1m]))": 2.7235980498956223, "system_CPU": 2.7235980498956223, "kubernetes_prometheus_rules": "kubernetes_prometheus_rules", "add_security_context": "add_security_context", "delay_treatment": "delay_treatment"}, {"timestamp": 1737549465.919, "sum(rate(container_cpu_usage_seconds_total{namespace=\"system-under-evaluation\"}[1m]))": 3.031408284702313, "system_CPU": 3.031408284702313, "kubernetes_prometheus_rules": "kubernetes_prometheus_rules", "add_security_context": "add_security_context", "delay_treatment": "delay_treatment"}, {"timestamp": 1737549466.919, "sum(rate(container_cpu_usage_seconds_total{namespace=\"system-under-evaluation\"}[1m]))": 3.02421761468508, "system_CPU": 3.02421761468508, "kubernetes_prometheus_rules": "kubernetes_prometheus_rules", "add_security_context": "add_security_context", "delay_treatment": "delay_treatment"}, {"timestamp": 1737549467.919, "sum(rate(container_cpu_usage_seconds_total{namespace=\"system-under-evaluation\"}[1m]))": 3.0742413789946714, "system_CPU": 3.0742413789946714, "kubernetes_prometheus_rules": "kubernetes_prometheus_rules", "add_security_context": "add_security_context", "delay_treatment": "delay_treatment"}, {"timestamp": 1737549468.919, "sum(rate(container_cpu_usage_seconds_total{namespace=\"system-under-evaluation\"}[1m]))": 3.487115449484067, "system_CPU": 3.487115449484067, "kubernetes_prometheus_rules": "kubernetes_prometheus_rules", "add_security_context": "add_security_context", "delay_treatment": "delay_treatment"}, {"timestamp": 1737549469.919, "sum(rate(container_cpu_usage_seconds_total{namespace=\"system-under-evaluation\"}[1m]))": 3.54676524330388, "system_CPU": 3.54676524330388, "kubernetes_prometheus_rules": "kubernetes_prometheus_rules", "add_security_context": "add_security_context", "delay_treatment": "delay_treatment"}, {"timestamp": 1737549470.919, "sum(rate(container_cpu_usage_seconds_total{namespace=\"system-under-evaluation\"}[1m]))": 3.540455550478842, "system_CPU": 3.540455550478842, "kubernetes_prometheus_rules": "kubernetes_prometheus_rules", "add_security_context": "add_security_context", "delay_treatment": "delay_treatment"}, {"timestamp": 1737549471.919, "sum(rate(container_cpu_usage_seconds_total{namespace=\"system-under-evaluation\"}[1m]))": 3.5830369634402888, "system_CPU": 3.5830369634402888, "kubernetes_prometheus_rules": "kubernetes_prometheus_rules", "add_security_context": "add_security_context", "delay_treatment": "delay_treatment"}, {"timestamp": 1737549472.919, "sum(rate(container_cpu_usage_seconds_total{namespace=\"system-under-evaluation\"}[1m]))": 3.668657395887768, "system_CPU": 3.668657395887768, "kubernetes_prometheus_rules": "kubernetes_prometheus_rules", "add_security_context": "add_security_context", "delay_treatment": "delay_treatment"}, {"timestamp": 1737549473.919, "sum(rate(container_cpu_usage_seconds_total{namespace=\"system-under-evaluation\"}[1m]))": 3.5599436332724403, "system_CPU": 3.5599436332724403, "kubernetes_prometheus_rules": "kubernetes_prometheus_rules", "add_security_context": "add_security_context", "delay_treatment": "delay_treatment"}, {"timestamp": 1737549474.919, "sum(rate(container_cpu_usage_seconds_total{namespace=\"system-under-evaluation\"}[1m]))": 3.684706861809473, "system_CPU": 3.684706861809473, "kubernetes_prometheus_rules": "kubernetes_prometheus_rules", "add_security_context": "add_security_context", "delay_treatment": "delay_treatment"}, {"timestamp": 1737549475.919, "sum(rate(container_cpu_usage_seconds_total{namespace=\"system-under-evaluation\"}[1m]))": 3.8139184415565874, "system_CPU": 3.8139184415565874, "kubernetes_prometheus_rules": "kubernetes_prometheus_rules", "add_security_context": "add_security_context", "delay_treatment": "delay_treatment"}, {"timestamp": 1737549476.919, "sum(rate(container_cpu_usage_seconds_total{namespace=\"system-under-evaluation\"}[1m]))": 3.797361351260869, "system_CPU": 3.797361351260869, "kubernetes_prometheus_rules": "kubernetes_prometheus_rules", "add_security_context": "add_security_context", "delay_treatment": "delay_treatment"}, {"timestamp": 1737549477.919, "sum(rate(container_cpu_usage_seconds_total{namespace=\"system-under-evaluation\"}[1m]))": 3.7922374186278365, "system_CPU": 3.7922374186278365, "kubernetes_prometheus_rules": "kubernetes_prometheus_rules", "add_security_context": "add_security_context", "delay_treatment": "delay_treatment"}, {"timestamp": 1737549478.919, "sum(rate(container_cpu_usage_seconds_total{namespace=\"system-under-evaluation\"}[1m]))": 3.736509814138758, "system_CPU": 3.736509814138758, "kubernetes_prometheus_rules": "kubernetes_prometheus_rules", "add_security_context": "add_security_context", "delay_treatment": "delay_treatment"}, {"timestamp": 1737549479.919, "sum(rate(container_cpu_usage_seconds_total{namespace=\"system-under-evaluation\"}[1m]))": 3.708397604306487, "system_CPU": 3.708397604306487, "kubernetes_prometheus_rules": "kubernetes_prometheus_rules", "add_security_context": "add_security_context", "delay_treatment": "delay_treatment"}, {"timestamp": 1737549480.919, "sum(rate(container_cpu_usage_seconds_total{namespace=\"system-under-evaluation\"}[1m]))": 3.7159089341700793, "system_CPU": 3.7159089341700793, "kubernetes_prometheus_rules": "kubernetes_prometheus_rules", "add_security_context": "add_security_context", "delay_treatment": "delay_treatment"}, {"timestamp": 1737549481.919, "sum(rate(container_cpu_usage_seconds_total{namespace=\"system-under-evaluation\"}[1m]))": 3.7144856605755843, "system_CPU": 3.7144856605755843, "kubernetes_prometheus_rules": "kubernetes_prometheus_rules", "add_security_context": "add_security_context", "delay_treatment": "delay_treatment"}, {"timestamp": 1737549482.919, "sum(rate(container_cpu_usage_seconds_total{namespace=\"system-under-evaluation\"}[1m]))": 3.7143272575260093, "system_CPU": 3.7143272575260093, "kubernetes_prometheus_rules": "kubernetes_prometheus_rules", "add_security_context": "add_security_context", "delay_treatment": "delay_treatment"}, {"timestamp": 1737549483.919, "sum(rate(container_cpu_usage_seconds_total{namespace=\"system-under-evaluation\"}[1m]))": 3.7120570648394624, "system_CPU": 3.7120570648394624, "kubernetes_prometheus_rules": "kubernetes_prometheus_rules", "add_security_context": "add_security_context", "delay_treatment": "delay_treatment"}, {"timestamp": 1737549484.919, "sum(rate(container_cpu_usage_seconds_total{namespace=\"system-under-evaluation\"}[1m]))": 3.6807582374692878, "system_CPU": 3.6807582374692878, "kubernetes_prometheus_rules": "kubernetes_prometheus_rules", "add_security_context": "add_security_context", "delay_treatment": "delay_treatment"}, {"timestamp": 1737549485.919, "sum(rate(container_cpu_usage_seconds_total{namespace=\"system-under-evaluation\"}[1m]))": 3.678128647204519, "system_CPU": 3.678128647204519, "kubernetes_prometheus_rules": "kubernetes_prometheus_rules", "add_security_context": "add_security_context", "delay_treatment": "delay_treatment"}, {"timestamp": 1737549486.919, "sum(rate(container_cpu_usage_seconds_total{namespace=\"system-under-evaluation\"}[1m]))": 3.668666049674654, "system_CPU": 3.668666049674654, "kubernetes_prometheus_rules": "kubernetes_prometheus_rules", "add_security_context": "add_security_context", "delay_treatment": "delay_treatment"}, {"timestamp": 1737549487.919, "sum(rate(container_cpu_usage_seconds_total{namespace=\"system-under-evaluation\"}[1m]))": 3.669636345441079, "system_CPU": 3.669636345441079, "kubernetes_prometheus_rules": "kubernetes_prometheus_rules", "add_security_context": "add_security_context", "delay_treatment": "delay_treatment"}, {"timestamp": 1737549488.919, "sum(rate(container_cpu_usage_seconds_total{namespace=\"system-under-evaluation\"}[1m]))": 3.6548421940525633, "system_CPU": 3.6548421940525633, "kubernetes_prometheus_rules": "kubernetes_prometheus_rules", "add_security_context": "add_security_context", "delay_treatment": "delay_treatment"}, {"timestamp": 1737549489.919, "sum(rate(container_cpu_usage_seconds_total{namespace=\"system-under-evaluation\"}[1m]))": 3.6375357828600565, "system_CPU": 3.6375357828600565, "kubernetes_prometheus_rules": "kubernetes_prometheus_rules", "add_security_context": "add_security_context", "delay_treatment": "delay_treatment"}, {"timestamp": 1737549490.919, "sum(rate(container_cpu_usage_seconds_total{namespace=\"system-under-evaluation\"}[1m]))": 3.6503469025289355, "system_CPU": 3.6503469025289355, "kubernetes_prometheus_rules": "kubernetes_prometheus_rules", "add_security_context": "add_security_context", "delay_treatment": "delay_treatment"}, {"timestamp": 1737549491.919, "sum(rate(container_cpu_usage_seconds_total{namespace=\"system-under-evaluation\"}[1m]))": 3.557148788773559, "system_CPU": 3.557148788773559, "kubernetes_prometheus_rules": "kubernetes_prometheus_rules", "add_security_context": "add_security_context", "delay_treatment": "delay_treatment"}, {"timestamp": 1737549492.919, "sum(rate(container_cpu_usage_seconds_total{namespace=\"system-under-evaluation\"}[1m]))": 3.598390438848402, "system_CPU": 3.598390438848402, "kubernetes_prometheus_rules": "kubernetes_prometheus_rules", "add_security_context": "add_security_context", "delay_treatment": "delay_treatment"}, {"timestamp": 1737549493.919, "sum(rate(container_cpu_usage_seconds_total{namespace=\"system-under-evaluation\"}[1m]))": 3.597104979973643, "system_CPU": 3.597104979973643, "kubernetes_prometheus_rules": "kubernetes_prometheus_rules", "add_security_context": "add_security_context", "delay_treatment": "delay_treatment"}, {"timestamp": 1737549494.919, "sum(rate(container_cpu_usage_seconds_total{namespace=\"system-under-evaluation\"}[1m]))": 2.568854604676426, "system_CPU": 2.568854604676426, "kubernetes_prometheus_rules": "kubernetes_prometheus_rules", "add_security_context": "add_security_context", "delay_treatment": "delay_treatment"}, {"timestamp": 1737549495.919, "sum(rate(container_cpu_usage_seconds_total{namespace=\"system-under-evaluation\"}[1m]))": 3.4963283160431664, "system_CPU": 3.4963283160431664, "kubernetes_prometheus_rules": "kubernetes_prometheus_rules", "add_security_context": "add_security_context", "delay_treatment": "delay_treatment"}, {"timestamp": 1737549496.919, "sum(rate(container_cpu_usage_seconds_total{namespace=\"system-under-evaluation\"}[1m]))": 3.5195246277104806, "system_CPU": 3.5195246277104806, "kubernetes_prometheus_rules": "kubernetes_prometheus_rules", "add_security_context": "add_security_context", "delay_treatment": "delay_treatment"}, {"timestamp": 1737549497.919, "sum(rate(container_cpu_usage_seconds_total{namespace=\"system-under-evaluation\"}[1m]))": 3.4886535605742552, "system_CPU": 3.4886535605742552, "kubernetes_prometheus_rules": "kubernetes_prometheus_rules", "add_security_context": "add_security_context", "delay_treatment": "delay_treatment"}, {"timestamp": 1737549498.919, "sum(rate(container_cpu_usage_seconds_total{namespace=\"system-under-evaluation\"}[1m]))": 2.6324615056919605, "system_CPU": 2.6324615056919605, "kubernetes_prometheus_rules": "kubernetes_prometheus_rules", "add_security_context": "add_security_context", "delay_treatment": "delay_treatment"}, {"timestamp": 1737549499.919, "sum(rate(container_cpu_usage_seconds_total{namespace=\"system-under-evaluation\"}[1m]))": 2.641172775288915, "system_CPU": 2.641172775288915, "kubernetes_prometheus_rules": "kubernetes_prometheus_rules", "add_security_context": "add_security_context", "delay_treatment": "delay_treatment"}, {"timestamp": 1737549500.919, "sum(rate(container_cpu_usage_seconds_total{namespace=\"system-under-evaluation\"}[1m]))": 2.5473345892417316, "system_CPU": 2.5473345892417316, "kubernetes_prometheus_rules": "kubernetes_prometheus_rules", "add_security_context": "add_security_context", "delay_treatment": "delay_treatment"}, {"timestamp": 1737549501.919, "sum(rate(container_cpu_usage_seconds_total{namespace=\"system-under-evaluation\"}[1m]))": 2.572430621369876, "system_CPU": 2.572430621369876, "kubernetes_prometheus_rules": "kubernetes_prometheus_rules", "add_security_context": "add_security_context", "delay_treatment": "delay_treatment"}, {"timestamp": 1737549502.919, "sum(rate(container_cpu_usage_seconds_total{namespace=\"system-under-evaluation\"}[1m]))": 3.511658033103716, "system_CPU": 3.511658033103716, "kubernetes_prometheus_rules": "kubernetes_prometheus_rules", "add_security_context": "add_security_context", "delay_treatment": "delay_treatment"}, {"timestamp": 1737549503.919, "sum(rate(container_cpu_usage_seconds_total{namespace=\"system-under-evaluation\"}[1m]))": 3.5316821774626024, "system_CPU": 3.5316821774626024, "kubernetes_prometheus_rules": "kubernetes_prometheus_rules", "add_security_context": "add_security_context", "delay_treatment": "delay_treatment"}, {"timestamp": 1737549504.919, "sum(rate(container_cpu_usage_seconds_total{namespace=\"system-under-evaluation\"}[1m]))": 3.5446741913870934, "system_CPU": 3.5446741913870934, "kubernetes_prometheus_rules": "kubernetes_prometheus_rules", "add_security_context": "add_security_context", "delay_treatment": "delay_treatment"}, {"timestamp": 1737549505.919, "sum(rate(container_cpu_usage_seconds_total{namespace=\"system-under-evaluation\"}[1m]))": 3.4234269332453358, "system_CPU": 3.4234269332453358, "kubernetes_prometheus_rules": "kubernetes_prometheus_rules", "add_security_context": "add_security_context", "delay_treatment": "delay_treatment"}, {"timestamp": 1737549506.919, "sum(rate(container_cpu_usage_seconds_total{namespace=\"system-under-evaluation\"}[1m]))": 3.4932054512810216, "system_CPU": 3.4932054512810216, "kubernetes_prometheus_rules": "kubernetes_prometheus_rules", "add_security_context": "add_security_context", "delay_treatment": "delay_treatment"}, {"timestamp": 1737549507.919, "sum(rate(container_cpu_usage_seconds_total{namespace=\"system-under-evaluation\"}[1m]))": 3.8718503596243923, "system_CPU": 3.8718503596243923, "kubernetes_prometheus_rules": "kubernetes_prometheus_rules", "add_security_context": "add_security_context", "delay_treatment": "delay_treatment"}, {"timestamp": 1737549508.919, "sum(rate(container_cpu_usage_seconds_total{namespace=\"system-under-evaluation\"}[1m]))": 3.8720948393508623, "system_CPU": 3.8720948393508623, "kubernetes_prometheus_rules": "kubernetes_prometheus_rules", "add_security_context": "add_security_context", "delay_treatment": "delay_treatment"}, {"timestamp": 1737549509.919, "sum(rate(container_cpu_usage_seconds_total{namespace=\"system-under-evaluation\"}[1m]))": 3.8723393190773323, "system_CPU": 3.8723393190773323, "kubernetes_prometheus_rules": "kubernetes_prometheus_rules", "add_security_context": "add_security_context", "delay_treatment": "delay_treatment"}, {"timestamp": 1737549510.919, "sum(rate(container_cpu_usage_seconds_total{namespace=\"system-under-evaluation\"}[1m]))": 3.8738321302298266, "system_CPU": 3.8738321302298266, "kubernetes_prometheus_rules": "kubernetes_prometheus_rules", "add_security_context": "add_security_context", "delay_treatment": "delay_treatment"}, {"timestamp": 1737549511.919, "sum(rate(container_cpu_usage_seconds_total{namespace=\"system-under-evaluation\"}[1m]))": 3.872681285690987, "system_CPU": 3.872681285690987, "kubernetes_prometheus_rules": "kubernetes_prometheus_rules", "add_security_context": "add_security_context", "delay_treatment": "delay_treatment"}, {"timestamp": 1737549512.919, "sum(rate(container_cpu_usage_seconds_total{namespace=\"system-under-evaluation\"}[1m]))": 3.873475426258718, "system_CPU": 3.873475426258718, "kubernetes_prometheus_rules": "kubernetes_prometheus_rules", "add_security_context": "add_security_context", "delay_treatment": "delay_treatment"}, {"timestamp": 1737549513.919, "sum(rate(container_cpu_usage_seconds_total{namespace=\"system-under-evaluation\"}[1m]))": 3.8738226167655117, "system_CPU": 3.8738226167655117, "kubernetes_prometheus_rules": "kubernetes_prometheus_rules", "add_security_context": "add_security_context", "delay_treatment": "delay_treatment"}, {"timestamp": 1737549514.919, "sum(rate(container_cpu_usage_seconds_total{namespace=\"system-under-evaluation\"}[1m]))": 3.8608082639924257, "system_CPU": 3.8608082639924257, "kubernetes_prometheus_rules": "kubernetes_prometheus_rules", "add_security_context": "add_security_context", "delay_treatment": "delay_treatment"}, {"timestamp": 1737549515.919, "sum(rate(container_cpu_usage_seconds_total{namespace=\"system-under-evaluation\"}[1m]))": 3.808494864668167, "system_CPU": 3.808494864668167, "kubernetes_prometheus_rules": "kubernetes_prometheus_rules", "add_security_context": "add_security_context", "delay_treatment": "delay_treatment"}, {"timestamp": 1737549516.919, "sum(rate(container_cpu_usage_seconds_total{namespace=\"system-under-evaluation\"}[1m]))": 3.6087904793798633, "system_CPU": 3.6087904793798633, "kubernetes_prometheus_rules": "kubernetes_prometheus_rules", "add_security_context": "add_security_context", "delay_treatment": "delay_treatment"}, {"timestamp": 1737549517.919, "sum(rate(container_cpu_usage_seconds_total{namespace=\"system-under-evaluation\"}[1m]))": 3.5896694636778235, "system_CPU": 3.5896694636778235, "kubernetes_prometheus_rules": "kubernetes_prometheus_rules", "add_security_context": "add_security_context", "delay_treatment": "delay_treatment"}, {"timestamp": 1737549518.919, "sum(rate(container_cpu_usage_seconds_total{namespace=\"system-under-evaluation\"}[1m]))": 3.5877701073821258, "system_CPU": 3.5877701073821258, "kubernetes_prometheus_rules": "kubernetes_prometheus_rules", "add_security_context": "add_security_context", "delay_treatment": "delay_treatment"}, {"timestamp": 1737549519.919, "sum(rate(container_cpu_usage_seconds_total{namespace=\"system-under-evaluation\"}[1m]))": 3.571327541328999, "system_CPU": 3.571327541328999, "kubernetes_prometheus_rules": "kubernetes_prometheus_rules", "add_security_context": "add_security_context", "delay_treatment": "delay_treatment"}, {"timestamp": 1737549520.919, "sum(rate(container_cpu_usage_seconds_total{namespace=\"system-under-evaluation\"}[1m]))": 3.4301313492165955, "system_CPU": 3.4301313492165955, "kubernetes_prometheus_rules": "kubernetes_prometheus_rules", "add_security_context": "add_security_context", "delay_treatment": "delay_treatment"}, {"timestamp": 1737549521.919, "sum(rate(container_cpu_usage_seconds_total{namespace=\"system-under-evaluation\"}[1m]))": 3.5183542262062413, "system_CPU": 3.5183542262062413, "kubernetes_prometheus_rules": "kubernetes_prometheus_rules", "add_security_context": "add_security_context", "delay_treatment": "delay_treatment"}, {"timestamp": 1737549522.919, "sum(rate(container_cpu_usage_seconds_total{namespace=\"system-under-evaluation\"}[1m]))": 3.453910089077277, "system_CPU": 3.453910089077277, "kubernetes_prometheus_rules": "kubernetes_prometheus_rules", "add_security_context": "add_security_context", "delay_treatment": "delay_treatment"}, {"timestamp": 1737549523.919, "sum(rate(container_cpu_usage_seconds_total{namespace=\"system-under-evaluation\"}[1m]))": 3.4572687008602276, "system_CPU": 3.4572687008602276, "kubernetes_prometheus_rules": "kubernetes_prometheus_rules", "add_security_context": "add_security_context", "delay_treatment": "delay_treatment"}, {"timestamp": 1737549524.919, "sum(rate(container_cpu_usage_seconds_total{namespace=\"system-under-evaluation\"}[1m]))": 3.4252080047055213, "system_CPU": 3.4252080047055213, "kubernetes_prometheus_rules": "kubernetes_prometheus_rules", "add_security_context": "add_security_context", "delay_treatment": "delay_treatment"}, {"timestamp": 1737549525.919, "sum(rate(container_cpu_usage_seconds_total{namespace=\"system-under-evaluation\"}[1m]))": 2.5218125239503677, "system_CPU": 2.5218125239503677, "kubernetes_prometheus_rules": "kubernetes_prometheus_rules", "add_security_context": "add_security_context", "delay_treatment": "delay_treatment"}, {"timestamp": 1737549526.919, "sum(rate(container_cpu_usage_seconds_total{namespace=\"system-under-evaluation\"}[1m]))": 2.513166133664012, "system_CPU": 2.513166133664012, "kubernetes_prometheus_rules": "kubernetes_prometheus_rules", "add_security_context": "add_security_context", "delay_treatment": "delay_treatment"}, {"timestamp": 1737549527.919, "sum(rate(container_cpu_usage_seconds_total{namespace=\"system-under-evaluation\"}[1m]))": 2.4063217275264184, "system_CPU": 2.4063217275264184, "kubernetes_prometheus_rules": "kubernetes_prometheus_rules", "add_security_context": "add_security_context", "delay_treatment": "delay_treatment"}, {"timestamp": 1737549528.919, "sum(rate(container_cpu_usage_seconds_total{namespace=\"system-under-evaluation\"}[1m]))": 1.4037656022667044, "system_CPU": 1.4037656022667044, "kubernetes_prometheus_rules": "kubernetes_prometheus_rules", "add_security_context": "add_security_context", "delay_treatment": "delay_treatment"}, {"timestamp": 1737549529.919, "sum(rate(container_cpu_usage_seconds_total{namespace=\"system-under-evaluation\"}[1m]))": 1.5495393070415928, "system_CPU": 1.5495393070415928, "kubernetes_prometheus_rules": "kubernetes_prometheus_rules", "add_security_context": "add_security_context", "delay_treatment": "delay_treatment"}, {"timestamp": 1737549530.919, "sum(rate(container_cpu_usage_seconds_total{namespace=\"system-under-evaluation\"}[1m]))": 1.5211916573907374, "system_CPU": 1.5211916573907374, "kubernetes_prometheus_rules": "kubernetes_prometheus_rules", "add_security_context": "add_security_context", "delay_treatment": "delay_treatment"}, {"timestamp": 1737549531.919, "sum(rate(container_cpu_usage_seconds_total{namespace=\"system-under-evaluation\"}[1m]))": 1.5623303558135226, "system_CPU": 1.5623303558135226, "kubernetes_prometheus_rules": "kubernetes_prometheus_rules", "add_security_context": "add_security_context", "delay_treatment": "delay_treatment"}, {"timestamp": 1737549532.919, "sum(rate(container_cpu_usage_seconds_total{namespace=\"system-under-evaluation\"}[1m]))": 1.7136056950495646, "system_CPU": 1.7136056950495646, "kubernetes_prometheus_rules": "kubernetes_prometheus_rules", "add_security_context": "add_security_context", "delay_treatment": "delay_treatment"}, {"timestamp": 1737549533.919, "sum(rate(container_cpu_usage_seconds_total{namespace=\"system-under-evaluation\"}[1m]))": 2.6555619769607763, "system_CPU": 2.6555619769607763, "kubernetes_prometheus_rules": "kubernetes_prometheus_rules", "add_security_context": "add_security_context", "delay_treatment": "delay_treatment"}, {"timestamp": 1737549534.919, "sum(rate(container_cpu_usage_seconds_total{namespace=\"system-under-evaluation\"}[1m]))": 2.5286635908472124, "system_CPU": 2.5286635908472124, "kubernetes_prometheus_rules": "kubernetes_prometheus_rules", "add_security_context": "add_security_context", "delay_treatment": "delay_treatment"}, {"timestamp": 1737549535.919, "sum(rate(container_cpu_usage_seconds_total{namespace=\"system-under-evaluation\"}[1m]))": 2.5124269377455475, "system_CPU": 2.5124269377455475, "kubernetes_prometheus_rules": "kubernetes_prometheus_rules", "add_security_context": "add_security_context", "delay_treatment": "delay_treatment"}, {"timestamp": 1737549536.919, "sum(rate(container_cpu_usage_seconds_total{namespace=\"system-under-evaluation\"}[1m]))": 2.5507187864950396, "system_CPU": 2.5507187864950396, "kubernetes_prometheus_rules": "kubernetes_prometheus_rules", "add_security_context": "add_security_context", "delay_treatment": "delay_treatment"}, {"timestamp": 1737549537.919, "sum(rate(container_cpu_usage_seconds_total{namespace=\"system-under-evaluation\"}[1m]))": 3.671257736905709, "system_CPU": 3.671257736905709, "kubernetes_prometheus_rules": "kubernetes_prometheus_rules", "add_security_context": "add_security_context", "delay_treatment": "delay_treatment"}, {"timestamp": 1737549538.919, "sum(rate(container_cpu_usage_seconds_total{namespace=\"system-under-evaluation\"}[1m]))": 3.6931085966076918, "system_CPU": 3.6931085966076918, "kubernetes_prometheus_rules": "kubernetes_prometheus_rules", "add_security_context": "add_security_context", "delay_treatment": "delay_treatment"}, {"timestamp": 1737549539.919, "sum(rate(container_cpu_usage_seconds_total{namespace=\"system-under-evaluation\"}[1m]))": 3.673658863778266, "system_CPU": 3.673658863778266, "kubernetes_prometheus_rules": "kubernetes_prometheus_rules", "add_security_context": "add_security_context", "delay_treatment": "delay_treatment"}, {"timestamp": 1737549540.919, "sum(rate(container_cpu_usage_seconds_total{namespace=\"system-under-evaluation\"}[1m]))": 3.6760801825449105, "system_CPU": 3.6760801825449105, "kubernetes_prometheus_rules": "kubernetes_prometheus_rules", "add_security_context": "add_security_context", "delay_treatment": "delay_treatment"}, {"timestamp": 1737549541.919, "sum(rate(container_cpu_usage_seconds_total{namespace=\"system-under-evaluation\"}[1m]))": 3.717799678788733, "system_CPU": 3.717799678788733, "kubernetes_prometheus_rules": "kubernetes_prometheus_rules", "add_security_context": "add_security_context", "delay_treatment": "delay_treatment"}, {"timestamp": 1737549542.919, "sum(rate(container_cpu_usage_seconds_total{namespace=\"system-under-evaluation\"}[1m]))": 3.7054728864764206, "system_CPU": 3.7054728864764206, "kubernetes_prometheus_rules": "kubernetes_prometheus_rules", "add_security_context": "add_security_context", "delay_treatment": "delay_treatment"}, {"timestamp": 1737549543.919, "sum(rate(container_cpu_usage_seconds_total{namespace=\"system-under-evaluation\"}[1m]))": 3.702902271539161, "system_CPU": 3.702902271539161, "kubernetes_prometheus_rules": "kubernetes_prometheus_rules", "add_security_context": "add_security_context", "delay_treatment": "delay_treatment"}, {"timestamp": 1737549544.919, "sum(rate(container_cpu_usage_seconds_total{namespace=\"system-under-evaluation\"}[1m]))": 3.7012010826606807, "system_CPU": 3.7012010826606807, "kubernetes_prometheus_rules": "kubernetes_prometheus_rules", "add_security_context": "add_security_context", "delay_treatment": "delay_treatment"}, {"timestamp": 1737549545.919, "sum(rate(container_cpu_usage_seconds_total{namespace=\"system-under-evaluation\"}[1m]))": 3.6979032657519597, "system_CPU": 3.6979032657519597, "kubernetes_prometheus_rules": "kubernetes_prometheus_rules", "add_security_context": "add_security_context", "delay_treatment": "delay_treatment"}, {"timestamp": 1737549546.919, "sum(rate(container_cpu_usage_seconds_total{namespace=\"system-under-evaluation\"}[1m]))": 3.6931331103847214, "system_CPU": 3.6931331103847214, "kubernetes_prometheus_rules": "kubernetes_prometheus_rules", "add_security_context": "add_security_context", "delay_treatment": "delay_treatment"}, {"timestamp": 1737549547.919, "sum(rate(container_cpu_usage_seconds_total{namespace=\"system-under-evaluation\"}[1m]))": 3.6694967244992145, "system_CPU": 3.6694967244992145, "kubernetes_prometheus_rules": "kubernetes_prometheus_rules", "add_security_context": "add_security_context", "delay_treatment": "delay_treatment"}, {"timestamp": 1737549548.919, "sum(rate(container_cpu_usage_seconds_total{namespace=\"system-under-evaluation\"}[1m]))": 3.6670886458475045, "system_CPU": 3.6670886458475045, "kubernetes_prometheus_rules": "kubernetes_prometheus_rules", "add_security_context": "add_security_context", "delay_treatment": "delay_treatment"}, {"timestamp": 1737549549.919, "sum(rate(container_cpu_usage_seconds_total{namespace=\"system-under-evaluation\"}[1m]))": 3.638865653671553, "system_CPU": 3.638865653671553, "kubernetes_prometheus_rules": "kubernetes_prometheus_rules", "add_security_context": "add_security_context", "delay_treatment": "delay_treatment"}, {"timestamp": 1737549550.919, "sum(rate(container_cpu_usage_seconds_total{namespace=\"system-under-evaluation\"}[1m]))": 3.4593423907526675, "system_CPU": 3.4593423907526675, "kubernetes_prometheus_rules": "kubernetes_prometheus_rules", "add_security_context": "add_security_context", "delay_treatment": "delay_treatment"}, {"timestamp": 1737549551.919, "sum(rate(container_cpu_usage_seconds_total{namespace=\"system-under-evaluation\"}[1m]))": 3.5022801271267614, "system_CPU": 3.5022801271267614, "kubernetes_prometheus_rules": "kubernetes_prometheus_rules", "add_security_context": "add_security_context", "delay_treatment": "delay_treatment"}, {"timestamp": 1737549552.919, "sum(rate(container_cpu_usage_seconds_total{namespace=\"system-under-evaluation\"}[1m]))": 3.4226684382876496, "system_CPU": 3.4226684382876496, "kubernetes_prometheus_rules": "kubernetes_prometheus_rules", "add_security_context": "add_security_context", "delay_treatment": "delay_treatment"}, {"timestamp": 1737549553.919, "sum(rate(container_cpu_usage_seconds_total{namespace=\"system-under-evaluation\"}[1m]))": 3.407594718618515, "system_CPU": 3.407594718618515, "kubernetes_prometheus_rules": "kubernetes_prometheus_rules", "add_security_context": "add_security_context", "delay_treatment": "delay_treatment"}, {"timestamp": 1737549554.919, "sum(rate(container_cpu_usage_seconds_total{namespace=\"system-under-evaluation\"}[1m]))": 3.4152280301438096, "system_CPU": 3.4152280301438096, "kubernetes_prometheus_rules": "kubernetes_prometheus_rules", "add_security_context": "add_security_context", "delay_treatment": "delay_treatment"}, {"timestamp": 1737549555.919, "sum(rate(container_cpu_usage_seconds_total{namespace=\"system-under-evaluation\"}[1m]))": 2.3423446275637296, "system_CPU": 2.3423446275637296, "kubernetes_prometheus_rules": "kubernetes_prometheus_rules", "add_security_context": "add_security_context", "delay_treatment": "delay_treatment"}, {"timestamp": 1737549556.919, "sum(rate(container_cpu_usage_seconds_total{namespace=\"system-under-evaluation\"}[1m]))": 2.2680575505365277, "system_CPU": 2.2680575505365277, "kubernetes_prometheus_rules": "kubernetes_prometheus_rules", "add_security_context": "add_security_context", "delay_treatment": "delay_treatment"}, {"timestamp": 1737549557.919, "sum(rate(container_cpu_usage_seconds_total{namespace=\"system-under-evaluation\"}[1m]))": 2.221849872759363, "system_CPU": 2.221849872759363, "kubernetes_prometheus_rules": "kubernetes_prometheus_rules", "add_security_context": "add_security_context", "delay_treatment": "delay_treatment"}, {"timestamp": 1737549558.919, "sum(rate(container_cpu_usage_seconds_total{namespace=\"system-under-evaluation\"}[1m]))": 2.2001752515024315, "system_CPU": 2.2001752515024315, "kubernetes_prometheus_rules": "kubernetes_prometheus_rules", "add_security_context": "add_security_context", "delay_treatment": "delay_treatment"}, {"timestamp": 1737549559.919, "sum(rate(container_cpu_usage_seconds_total{namespace=\"system-under-evaluation\"}[1m]))": 2.111646393318863, "system_CPU": 2.111646393318863, "kubernetes_prometheus_rules": "kubernetes_prometheus_rules", "add_security_context": "add_security_context", "delay_treatment": "delay_treatment"}, {"timestamp": 1737549560.919, "sum(rate(container_cpu_usage_seconds_total{namespace=\"system-under-evaluation\"}[1m]))": 2.2148976365692516, "system_CPU": 2.2148976365692516, "kubernetes_prometheus_rules": "kubernetes_prometheus_rules", "add_security_context": "add_security_context", "delay_treatment": "delay_treatment"}, {"timestamp": 1737549561.919, "sum(rate(container_cpu_usage_seconds_total{namespace=\"system-under-evaluation\"}[1m]))": 3.003943562480999, "system_CPU": 3.003943562480999, "kubernetes_prometheus_rules": "kubernetes_prometheus_rules", "add_security_context": "add_security_context", "delay_treatment": "delay_treatment"}, {"timestamp": 1737549562.919, "sum(rate(container_cpu_usage_seconds_total{namespace=\"system-under-evaluation\"}[1m]))": 2.148795369722521, "system_CPU": 2.148795369722521, "kubernetes_prometheus_rules": "kubernetes_prometheus_rules", "add_security_context": "add_security_context", "delay_treatment": "delay_treatment"}, {"timestamp": 1737549563.919, "sum(rate(container_cpu_usage_seconds_total{namespace=\"system-under-evaluation\"}[1m]))": 2.1823079979917805, "system_CPU": 2.1823079979917805, "kubernetes_prometheus_rules": "kubernetes_prometheus_rules", "add_security_context": "add_security_context", "delay_treatment": "delay_treatment"}, {"timestamp": 1737549564.919, "sum(rate(container_cpu_usage_seconds_total{namespace=\"system-under-evaluation\"}[1m]))": 2.241938922674108, "system_CPU": 2.241938922674108, "kubernetes_prometheus_rules": "kubernetes_prometheus_rules", "add_security_context": "add_security_context", "delay_treatment": "delay_treatment"}, {"timestamp": 1737549565.919, "sum(rate(container_cpu_usage_seconds_total{namespace=\"system-under-evaluation\"}[1m]))": 2.269449294002076, "system_CPU": 2.269449294002076, "kubernetes_prometheus_rules": "kubernetes_prometheus_rules", "add_security_context": "add_security_context", "delay_treatment": "delay_treatment"}, {"timestamp": 1737549566.919, "sum(rate(container_cpu_usage_seconds_total{namespace=\"system-under-evaluation\"}[1m]))": 2.3226507068178415, "system_CPU": 2.3226507068178415, "kubernetes_prometheus_rules": "kubernetes_prometheus_rules", "add_security_context": "add_security_context", "delay_treatment": "delay_treatment"}, {"timestamp": 1737549567.919, "sum(rate(container_cpu_usage_seconds_total{namespace=\"system-under-evaluation\"}[1m]))": 3.2292925629488307, "system_CPU": 3.2292925629488307, "kubernetes_prometheus_rules": "kubernetes_prometheus_rules", "add_security_context": "add_security_context", "delay_treatment": "delay_treatment"}, {"timestamp": 1737549568.919, "sum(rate(container_cpu_usage_seconds_total{namespace=\"system-under-evaluation\"}[1m]))": 3.245368463851695, "system_CPU": 3.245368463851695, "kubernetes_prometheus_rules": "kubernetes_prometheus_rules", "add_security_context": "add_security_context", "delay_treatment": "delay_treatment"}, {"timestamp": 1737549569.919, "sum(rate(container_cpu_usage_seconds_total{namespace=\"system-under-evaluation\"}[1m]))": 3.2711324978523213, "system_CPU": 3.2711324978523213, "kubernetes_prometheus_rules": "kubernetes_prometheus_rules", "add_security_context": "add_security_context", "delay_treatment": "delay_treatment"}, {"timestamp": 1737549570.919, "sum(rate(container_cpu_usage_seconds_total{namespace=\"system-under-evaluation\"}[1m]))": 3.513973374359167, "system_CPU": 3.513973374359167, "kubernetes_prometheus_rules": "kubernetes_prometheus_rules", "add_security_context": "add_security_context", "delay_treatment": "delay_treatment"}, {"timestamp": 1737549571.919, "sum(rate(container_cpu_usage_seconds_total{namespace=\"system-under-evaluation\"}[1m]))": 3.5227925333211316, "system_CPU": 3.5227925333211316, "kubernetes_prometheus_rules": "kubernetes_prometheus_rules", "add_security_context": "add_security_context", "delay_treatment": "delay_treatment"}, {"timestamp": 1737549572.919, "sum(rate(container_cpu_usage_seconds_total{namespace=\"system-under-evaluation\"}[1m]))": 3.521228170696473, "system_CPU": 3.521228170696473, "kubernetes_prometheus_rules": "kubernetes_prometheus_rules", "add_security_context": "add_security_context", "delay_treatment": "delay_treatment"}, {"timestamp": 1737549573.919, "sum(rate(container_cpu_usage_seconds_total{namespace=\"system-under-evaluation\"}[1m]))": 3.477301926100097, "system_CPU": 3.477301926100097, "kubernetes_prometheus_rules": "kubernetes_prometheus_rules", "add_security_context": "add_security_context", "delay_treatment": "delay_treatment"}, {"timestamp": 1737549574.919, "sum(rate(container_cpu_usage_seconds_total{namespace=\"system-under-evaluation\"}[1m]))": 3.4756250973450107, "system_CPU": 3.4756250973450107, "kubernetes_prometheus_rules": "kubernetes_prometheus_rules", "add_security_context": "add_security_context", "delay_treatment": "delay_treatment"}, {"timestamp": 1737549575.919, "sum(rate(container_cpu_usage_seconds_total{namespace=\"system-under-evaluation\"}[1m]))": 3.46725969051539, "system_CPU": 3.46725969051539, "kubernetes_prometheus_rules": "kubernetes_prometheus_rules", "add_security_context": "add_security_context", "delay_treatment": "delay_treatment"}, {"timestamp": 1737549576.919, "sum(rate(container_cpu_usage_seconds_total{namespace=\"system-under-evaluation\"}[1m]))": 3.415447517710164, "system_CPU": 3.415447517710164, "kubernetes_prometheus_rules": "kubernetes_prometheus_rules", "add_security_context": "add_security_context", "delay_treatment": "delay_treatment"}, {"timestamp": 1737549577.919, "sum(rate(container_cpu_usage_seconds_total{namespace=\"system-under-evaluation\"}[1m]))": 3.4341142898219803, "system_CPU": 3.4341142898219803, "kubernetes_prometheus_rules": "kubernetes_prometheus_rules", "add_security_context": "add_security_context", "delay_treatment": "delay_treatment"}, {"timestamp": 1737549578.919, "sum(rate(container_cpu_usage_seconds_total{namespace=\"system-under-evaluation\"}[1m]))": 3.4452522307254716, "system_CPU": 3.4452522307254716, "kubernetes_prometheus_rules": "kubernetes_prometheus_rules", "add_security_context": "add_security_context", "delay_treatment": "delay_treatment"}, {"timestamp": 1737549579.919, "sum(rate(container_cpu_usage_seconds_total{namespace=\"system-under-evaluation\"}[1m]))": 3.4196110370054185, "system_CPU": 3.4196110370054185, "kubernetes_prometheus_rules": "kubernetes_prometheus_rules", "add_security_context": "add_security_context", "delay_treatment": "delay_treatment"}, {"timestamp": 1737549580.919, "sum(rate(container_cpu_usage_seconds_total{namespace=\"system-under-evaluation\"}[1m]))": 3.3655934872039643, "system_CPU": 3.3655934872039643, "kubernetes_prometheus_rules": "kubernetes_prometheus_rules", "add_security_context": "add_security_context", "delay_treatment": "delay_treatment"}, {"timestamp": 1737549581.919, "sum(rate(container_cpu_usage_seconds_total{namespace=\"system-under-evaluation\"}[1m]))": 3.3263959740837636, "system_CPU": 3.3263959740837636, "kubernetes_prometheus_rules": "kubernetes_prometheus_rules", "add_security_context": "add_security_context", "delay_treatment": "delay_treatment"}, {"timestamp": 1737549582.919, "sum(rate(container_cpu_usage_seconds_total{namespace=\"system-under-evaluation\"}[1m]))": 3.1293616635622894, "system_CPU": 3.1293616635622894, "kubernetes_prometheus_rules": "kubernetes_prometheus_rules", "add_security_context": "add_security_context", "delay_treatment": "delay_treatment"}, {"timestamp": 1737549583.919, "sum(rate(container_cpu_usage_seconds_total{namespace=\"system-under-evaluation\"}[1m]))": 3.0613705197930443, "system_CPU": 3.0613705197930443, "kubernetes_prometheus_rules": "kubernetes_prometheus_rules", "add_security_context": "add_security_context", "delay_treatment": "delay_treatment"}, {"timestamp": 1737549584.919, "sum(rate(container_cpu_usage_seconds_total{namespace=\"system-under-evaluation\"}[1m]))": 3.0611291065831097, "system_CPU": 3.0611291065831097, "kubernetes_prometheus_rules": "kubernetes_prometheus_rules", "add_security_context": "add_security_context", "delay_treatment": "delay_treatment"}, {"timestamp": 1737549585.919, "sum(rate(container_cpu_usage_seconds_total{namespace=\"system-under-evaluation\"}[1m]))": 2.9524053263373236, "system_CPU": 2.9524053263373236, "kubernetes_prometheus_rules": "kubernetes_prometheus_rules", "add_security_context": "add_security_context", "delay_treatment": "delay_treatment"}, {"timestamp": 1737549586.919, "sum(rate(container_cpu_usage_seconds_total{namespace=\"system-under-evaluation\"}[1m]))": 3.00197183330437, "system_CPU": 3.00197183330437, "kubernetes_prometheus_rules": "kubernetes_prometheus_rules", "add_security_context": "add_security_context", "delay_treatment": "delay_treatment"}, {"timestamp": 1737549587.919, "sum(rate(container_cpu_usage_seconds_total{namespace=\"system-under-evaluation\"}[1m]))": 2.9994999267315765, "system_CPU": 2.9994999267315765, "kubernetes_prometheus_rules": "kubernetes_prometheus_rules", "add_security_context": "add_security_context", "delay_treatment": "delay_treatment"}, {"timestamp": 1737549588.919, "sum(rate(container_cpu_usage_seconds_total{namespace=\"system-under-evaluation\"}[1m]))": 2.9217178873245744, "system_CPU": 2.9217178873245744, "kubernetes_prometheus_rules": "kubernetes_prometheus_rules", "add_security_context": "add_security_context", "delay_treatment": "delay_treatment"}, {"timestamp": 1737549589.919, "sum(rate(container_cpu_usage_seconds_total{namespace=\"system-under-evaluation\"}[1m]))": 2.5246271245623233, "system_CPU": 2.5246271245623233, "kubernetes_prometheus_rules": "NoTreatment", "add_security_context": "NoTreatment", "delay_treatment": "NoTreatment"}, {"timestamp": 1737549590.919, "sum(rate(container_cpu_usage_seconds_total{namespace=\"system-under-evaluation\"}[1m]))": 2.4655789702897497, "system_CPU": 2.4655789702897497, "kubernetes_prometheus_rules": "NoTreatment", "add_security_context": "NoTreatment", "delay_treatment": "NoTreatment"}, {"timestamp": 1737549591.919, "sum(rate(container_cpu_usage_seconds_total{namespace=\"system-under-evaluation\"}[1m]))": 2.515885858205909, "system_CPU": 2.515885858205909, "kubernetes_prometheus_rules": "NoTreatment", "add_security_context": "NoTreatment", "delay_treatment": "NoTreatment"}, {"timestamp": 1737549592.919, "sum(rate(container_cpu_usage_seconds_total{namespace=\"system-under-evaluation\"}[1m]))": 2.4654725674215396, "system_CPU": 2.4654725674215396, "kubernetes_prometheus_rules": "NoTreatment", "add_security_context": "NoTreatment", "delay_treatment": "NoTreatment"}, {"timestamp": 1737549593.919, "sum(rate(container_cpu_usage_seconds_total{namespace=\"system-under-evaluation\"}[1m]))": 2.560479411880944, "system_CPU": 2.560479411880944, "kubernetes_prometheus_rules": "NoTreatment", "add_security_context": "NoTreatment", "delay_treatment": "NoTreatment"}, {"timestamp": 1737549594.919, "sum(rate(container_cpu_usage_seconds_total{namespace=\"system-under-evaluation\"}[1m]))": 2.609871603837395, "system_CPU": 2.609871603837395, "kubernetes_prometheus_rules": "NoTreatment", "add_security_context": "NoTreatment", "delay_treatment": "NoTreatment"}, {"timestamp": 1737549595.919, "sum(rate(container_cpu_usage_seconds_total{namespace=\"system-under-evaluation\"}[1m]))": 2.830090632852045, "system_CPU": 2.830090632852045, "kubernetes_prometheus_rules": "NoTreatment", "add_security_context": "NoTreatment", "delay_treatment": "NoTreatment"}, {"timestamp": 1737549596.919, "sum(rate(container_cpu_usage_seconds_total{namespace=\"system-under-evaluation\"}[1m]))": 2.866754309458135, "system_CPU": 2.866754309458135, "kubernetes_prometheus_rules": "NoTreatment", "add_security_context": "NoTreatment", "delay_treatment": "NoTreatment"}, {"timestamp": 1737549597.919, "sum(rate(container_cpu_usage_seconds_total{namespace=\"system-under-evaluation\"}[1m]))": 3.0708915464967275, "system_CPU": 3.0708915464967275, "kubernetes_prometheus_rules": "NoTreatment", "add_security_context": "NoTreatment", "delay_treatment": "NoTreatment"}, {"timestamp": 1737549598.919, "sum(rate(container_cpu_usage_seconds_total{namespace=\"system-under-evaluation\"}[1m]))": 3.1133551186300976, "system_CPU": 3.1133551186300976, "kubernetes_prometheus_rules": "NoTreatment", "add_security_context": "NoTreatment", "delay_treatment": "NoTreatment"}]