[{"instance": "kube-prometheus-prometheus-node-exporter.oxn-external-monitoring.svc:9100", "timestamp": 1737549796.989, "sum(rate(node_network_receive_errs_total[1m]) + rate(node_network_transmit_errs_total[1m])) by (instance)": 0, "network_errors": 0, "kubernetes_prometheus_rules": "kubernetes_prometheus_rules", "add_security_context": "NoTreatment", "delay_treatment": "NoTreatment"}, {"instance": "kube-prometheus-prometheus-node-exporter.oxn-external-monitoring.svc:9100", "timestamp": 1737549797.989, "sum(rate(node_network_receive_errs_total[1m]) + rate(node_network_transmit_errs_total[1m])) by (instance)": 0, "network_errors": 0, "kubernetes_prometheus_rules": "kubernetes_prometheus_rules", "add_security_context": "NoTreatment", "delay_treatment": "NoTreatment"}, {"instance": "kube-prometheus-prometheus-node-exporter.oxn-external-monitoring.svc:9100", "timestamp": 1737549798.989, "sum(rate(node_network_receive_errs_total[1m]) + rate(node_network_transmit_errs_total[1m])) by (instance)": 0, "network_errors": 0, "kubernetes_prometheus_rules": "kubernetes_prometheus_rules", "add_security_context": "NoTreatment", "delay_treatment": "NoTreatment"}, {"instance": "kube-prometheus-prometheus-node-exporter.oxn-external-monitoring.svc:9100", "timestamp": 1737549799.989, "sum(rate(node_network_receive_errs_total[1m]) + rate(node_network_transmit_errs_total[1m])) by (instance)": 0, "network_errors": 0, "kubernetes_prometheus_rules": "kubernetes_prometheus_rules", "add_security_context": "NoTreatment", "delay_treatment": "NoTreatment"}, {"instance": "kube-prometheus-prometheus-node-exporter.oxn-external-monitoring.svc:9100", "timestamp": 1737549800.989, "sum(rate(node_network_receive_errs_total[1m]) + rate(node_network_transmit_errs_total[1m])) by (instance)": 0, "network_errors": 0, "kubernetes_prometheus_rules": "kubernetes_prometheus_rules", "add_security_context": "NoTreatment", "delay_treatment": "NoTreatment"}, {"instance": "kube-prometheus-prometheus-node-exporter.oxn-external-monitoring.svc:9100", "timestamp": 1737549801.989, "sum(rate(node_network_receive_errs_total[1m]) + rate(node_network_transmit_errs_total[1m])) by (instance)": 0, "network_errors": 0, "kubernetes_prometheus_rules": "kubernetes_prometheus_rules", "add_security_context": "NoTreatment", "delay_treatment": "NoTreatment"}, {"instance": "kube-prometheus-prometheus-node-exporter.oxn-external-monitoring.svc:9100", "timestamp": 1737549802.989, "sum(rate(node_network_receive_errs_total[1m]) + rate(node_network_transmit_errs_total[1m])) by (instance)": 0, "network_errors": 0, "kubernetes_prometheus_rules": "kubernetes_prometheus_rules", "add_security_context": "NoTreatment", "delay_treatment": "NoTreatment"}, {"instance": "kube-prometheus-prometheus-node-exporter.oxn-external-monitoring.svc:9100", "timestamp": 1737549803.989, "sum(rate(node_network_receive_errs_total[1m]) + rate(node_network_transmit_errs_total[1m])) by (instance)": 0, "network_errors": 0, "kubernetes_prometheus_rules": "kubernetes_prometheus_rules", "add_security_context": "NoTreatment", "delay_treatment": "NoTreatment"}, {"instance": "kube-prometheus-prometheus-node-exporter.oxn-external-monitoring.svc:9100", "timestamp": 1737549804.989, "sum(rate(node_network_receive_errs_total[1m]) + rate(node_network_transmit_errs_total[1m])) by (instance)": 0, "network_errors": 0, "kubernetes_prometheus_rules": "kubernetes_prometheus_rules", "add_security_context": "NoTreatment", "delay_treatment": "NoTreatment"}, {"instance": "kube-prometheus-prometheus-node-exporter.oxn-external-monitoring.svc:9100", "timestamp": 1737549805.989, "sum(rate(node_network_receive_errs_total[1m]) + rate(node_network_transmit_errs_total[1m])) by (instance)": 0, "network_errors": 0, "kubernetes_prometheus_rules": "kubernetes_prometheus_rules", "add_security_context": "NoTreatment", "delay_treatment": "NoTreatment"}, {"instance": "kube-prometheus-prometheus-node-exporter.oxn-external-monitoring.svc:9100", "timestamp": 1737549806.989, "sum(rate(node_network_receive_errs_total[1m]) + rate(node_network_transmit_errs_total[1m])) by (instance)": 0, "network_errors": 0, "kubernetes_prometheus_rules": "kubernetes_prometheus_rules", "add_security_context": "add_security_context", "delay_treatment": "NoTreatment"}, {"instance": "kube-prometheus-prometheus-node-exporter.oxn-external-monitoring.svc:9100", "timestamp": 1737549807.989, "sum(rate(node_network_receive_errs_total[1m]) + rate(node_network_transmit_errs_total[1m])) by (instance)": 0, "network_errors": 0, "kubernetes_prometheus_rules": "kubernetes_prometheus_rules", "add_security_context": "add_security_context", "delay_treatment": "delay_treatment"}, {"instance": "kube-prometheus-prometheus-node-exporter.oxn-external-monitoring.svc:9100", "timestamp": 1737549808.989, "sum(rate(node_network_receive_errs_total[1m]) + rate(node_network_transmit_errs_total[1m])) by (instance)": 0, "network_errors": 0, "kubernetes_prometheus_rules": "kubernetes_prometheus_rules", "add_security_context": "add_security_context", "delay_treatment": "delay_treatment"}, {"instance": "kube-prometheus-prometheus-node-exporter.oxn-external-monitoring.svc:9100", "timestamp": 1737549809.989, "sum(rate(node_network_receive_errs_total[1m]) + rate(node_network_transmit_errs_total[1m])) by (instance)": 0, "network_errors": 0, "kubernetes_prometheus_rules": "kubernetes_prometheus_rules", "add_security_context": "add_security_context", "delay_treatment": "delay_treatment"}, {"instance": "kube-prometheus-prometheus-node-exporter.oxn-external-monitoring.svc:9100", "timestamp": 1737549810.989, "sum(rate(node_network_receive_errs_total[1m]) + rate(node_network_transmit_errs_total[1m])) by (instance)": 0, "network_errors": 0, "kubernetes_prometheus_rules": "kubernetes_prometheus_rules", "add_security_context": "add_security_context", "delay_treatment": "delay_treatment"}, {"instance": "kube-prometheus-prometheus-node-exporter.oxn-external-monitoring.svc:9100", "timestamp": 1737549811.989, "sum(rate(node_network_receive_errs_total[1m]) + rate(node_network_transmit_errs_total[1m])) by (instance)": 0, "network_errors": 0, "kubernetes_prometheus_rules": "kubernetes_prometheus_rules", "add_security_context": "add_security_context", "delay_treatment": "delay_treatment"}, {"instance": "kube-prometheus-prometheus-node-exporter.oxn-external-monitoring.svc:9100", "timestamp": 1737549812.989, "sum(rate(node_network_receive_errs_total[1m]) + rate(node_network_transmit_errs_total[1m])) by (instance)": 0, "network_errors": 0, "kubernetes_prometheus_rules": "kubernetes_prometheus_rules", "add_security_context": "add_security_context", "delay_treatment": "delay_treatment"}, {"instance": "kube-prometheus-prometheus-node-exporter.oxn-external-monitoring.svc:9100", "timestamp": 1737549813.989, "sum(rate(node_network_receive_errs_total[1m]) + rate(node_network_transmit_errs_total[1m])) by (instance)": 0, "network_errors": 0, "kubernetes_prometheus_rules": "kubernetes_prometheus_rules", "add_security_context": "add_security_context", "delay_treatment": "delay_treatment"}, {"instance": "kube-prometheus-prometheus-node-exporter.oxn-external-monitoring.svc:9100", "timestamp": 1737549814.989, "sum(rate(node_network_receive_errs_total[1m]) + rate(node_network_transmit_errs_total[1m])) by (instance)": 0, "network_errors": 0, "kubernetes_prometheus_rules": "kubernetes_prometheus_rules", "add_security_context": "add_security_context", "delay_treatment": "delay_treatment"}, {"instance": "kube-prometheus-prometheus-node-exporter.oxn-external-monitoring.svc:9100", "timestamp": 1737549815.989, "sum(rate(node_network_receive_errs_total[1m]) + rate(node_network_transmit_errs_total[1m])) by (instance)": 0, "network_errors": 0, "kubernetes_prometheus_rules": "kubernetes_prometheus_rules", "add_security_context": "add_security_context", "delay_treatment": "delay_treatment"}, {"instance": "kube-prometheus-prometheus-node-exporter.oxn-external-monitoring.svc:9100", "timestamp": 1737549816.989, "sum(rate(node_network_receive_errs_total[1m]) + rate(node_network_transmit_errs_total[1m])) by (instance)": 0, "network_errors": 0, "kubernetes_prometheus_rules": "kubernetes_prometheus_rules", "add_security_context": "add_security_context", "delay_treatment": "delay_treatment"}, {"instance": "kube-prometheus-prometheus-node-exporter.oxn-external-monitoring.svc:9100", "timestamp": 1737549817.989, "sum(rate(node_network_receive_errs_total[1m]) + rate(node_network_transmit_errs_total[1m])) by (instance)": 0, "network_errors": 0, "kubernetes_prometheus_rules": "kubernetes_prometheus_rules", "add_security_context": "add_security_context", "delay_treatment": "delay_treatment"}, {"instance": "kube-prometheus-prometheus-node-exporter.oxn-external-monitoring.svc:9100", "timestamp": 1737549818.989, "sum(rate(node_network_receive_errs_total[1m]) + rate(node_network_transmit_errs_total[1m])) by (instance)": 0, "network_errors": 0, "kubernetes_prometheus_rules": "kubernetes_prometheus_rules", "add_security_context": "add_security_context", "delay_treatment": "delay_treatment"}, {"instance": "kube-prometheus-prometheus-node-exporter.oxn-external-monitoring.svc:9100", "timestamp": 1737549819.989, "sum(rate(node_network_receive_errs_total[1m]) + rate(node_network_transmit_errs_total[1m])) by (instance)": 0, "network_errors": 0, "kubernetes_prometheus_rules": "kubernetes_prometheus_rules", "add_security_context": "add_security_context", "delay_treatment": "delay_treatment"}, {"instance": "kube-prometheus-prometheus-node-exporter.oxn-external-monitoring.svc:9100", "timestamp": 1737549820.989, "sum(rate(node_network_receive_errs_total[1m]) + rate(node_network_transmit_errs_total[1m])) by (instance)": 0, "network_errors": 0, "kubernetes_prometheus_rules": "kubernetes_prometheus_rules", "add_security_context": "add_security_context", "delay_treatment": "delay_treatment"}, {"instance": "kube-prometheus-prometheus-node-exporter.oxn-external-monitoring.svc:9100", "timestamp": 1737549821.989, "sum(rate(node_network_receive_errs_total[1m]) + rate(node_network_transmit_errs_total[1m])) by (instance)": 0, "network_errors": 0, "kubernetes_prometheus_rules": "kubernetes_prometheus_rules", "add_security_context": "add_security_context", "delay_treatment": "delay_treatment"}, {"instance": "kube-prometheus-prometheus-node-exporter.oxn-external-monitoring.svc:9100", "timestamp": 1737549822.989, "sum(rate(node_network_receive_errs_total[1m]) + rate(node_network_transmit_errs_total[1m])) by (instance)": 0, "network_errors": 0, "kubernetes_prometheus_rules": "kubernetes_prometheus_rules", "add_security_context": "add_security_context", "delay_treatment": "delay_treatment"}, {"instance": "kube-prometheus-prometheus-node-exporter.oxn-external-monitoring.svc:9100", "timestamp": 1737549823.989, "sum(rate(node_network_receive_errs_total[1m]) + rate(node_network_transmit_errs_total[1m])) by (instance)": 0, "network_errors": 0, "kubernetes_prometheus_rules": "kubernetes_prometheus_rules", "add_security_context": "add_security_context", "delay_treatment": "delay_treatment"}, {"instance": "kube-prometheus-prometheus-node-exporter.oxn-external-monitoring.svc:9100", "timestamp": 1737549824.989, "sum(rate(node_network_receive_errs_total[1m]) + rate(node_network_transmit_errs_total[1m])) by (instance)": 0, "network_errors": 0, "kubernetes_prometheus_rules": "kubernetes_prometheus_rules", "add_security_context": "add_security_context", "delay_treatment": "delay_treatment"}, {"instance": "kube-prometheus-prometheus-node-exporter.oxn-external-monitoring.svc:9100", "timestamp": 1737549825.989, "sum(rate(node_network_receive_errs_total[1m]) + rate(node_network_transmit_errs_total[1m])) by (instance)": 0, "network_errors": 0, "kubernetes_prometheus_rules": "kubernetes_prometheus_rules", "add_security_context": "add_security_context", "delay_treatment": "delay_treatment"}, {"instance": "kube-prometheus-prometheus-node-exporter.oxn-external-monitoring.svc:9100", "timestamp": 1737549826.989, "sum(rate(node_network_receive_errs_total[1m]) + rate(node_network_transmit_errs_total[1m])) by (instance)": 0, "network_errors": 0, "kubernetes_prometheus_rules": "kubernetes_prometheus_rules", "add_security_context": "add_security_context", "delay_treatment": "delay_treatment"}, {"instance": "kube-prometheus-prometheus-node-exporter.oxn-external-monitoring.svc:9100", "timestamp": 1737549827.989, "sum(rate(node_network_receive_errs_total[1m]) + rate(node_network_transmit_errs_total[1m])) by (instance)": 0, "network_errors": 0, "kubernetes_prometheus_rules": "kubernetes_prometheus_rules", "add_security_context": "add_security_context", "delay_treatment": "delay_treatment"}, {"instance": "kube-prometheus-prometheus-node-exporter.oxn-external-monitoring.svc:9100", "timestamp": 1737549828.989, "sum(rate(node_network_receive_errs_total[1m]) + rate(node_network_transmit_errs_total[1m])) by (instance)": 0, "network_errors": 0, "kubernetes_prometheus_rules": "kubernetes_prometheus_rules", "add_security_context": "add_security_context", "delay_treatment": "delay_treatment"}, {"instance": "kube-prometheus-prometheus-node-exporter.oxn-external-monitoring.svc:9100", "timestamp": 1737549829.989, "sum(rate(node_network_receive_errs_total[1m]) + rate(node_network_transmit_errs_total[1m])) by (instance)": 0, "network_errors": 0, "kubernetes_prometheus_rules": "kubernetes_prometheus_rules", "add_security_context": "add_security_context", "delay_treatment": "delay_treatment"}, {"instance": "kube-prometheus-prometheus-node-exporter.oxn-external-monitoring.svc:9100", "timestamp": 1737549830.989, "sum(rate(node_network_receive_errs_total[1m]) + rate(node_network_transmit_errs_total[1m])) by (instance)": 0, "network_errors": 0, "kubernetes_prometheus_rules": "kubernetes_prometheus_rules", "add_security_context": "add_security_context", "delay_treatment": "delay_treatment"}, {"instance": "kube-prometheus-prometheus-node-exporter.oxn-external-monitoring.svc:9100", "timestamp": 1737549831.989, "sum(rate(node_network_receive_errs_total[1m]) + rate(node_network_transmit_errs_total[1m])) by (instance)": 0, "network_errors": 0, "kubernetes_prometheus_rules": "kubernetes_prometheus_rules", "add_security_context": "add_security_context", "delay_treatment": "delay_treatment"}, {"instance": "kube-prometheus-prometheus-node-exporter.oxn-external-monitoring.svc:9100", "timestamp": 1737549832.989, "sum(rate(node_network_receive_errs_total[1m]) + rate(node_network_transmit_errs_total[1m])) by (instance)": 0, "network_errors": 0, "kubernetes_prometheus_rules": "kubernetes_prometheus_rules", "add_security_context": "add_security_context", "delay_treatment": "delay_treatment"}, {"instance": "kube-prometheus-prometheus-node-exporter.oxn-external-monitoring.svc:9100", "timestamp": 1737549833.989, "sum(rate(node_network_receive_errs_total[1m]) + rate(node_network_transmit_errs_total[1m])) by (instance)": 0, "network_errors": 0, "kubernetes_prometheus_rules": "kubernetes_prometheus_rules", "add_security_context": "add_security_context", "delay_treatment": "delay_treatment"}, {"instance": "kube-prometheus-prometheus-node-exporter.oxn-external-monitoring.svc:9100", "timestamp": 1737549834.989, "sum(rate(node_network_receive_errs_total[1m]) + rate(node_network_transmit_errs_total[1m])) by (instance)": 0, "network_errors": 0, "kubernetes_prometheus_rules": "kubernetes_prometheus_rules", "add_security_context": "add_security_context", "delay_treatment": "delay_treatment"}, {"instance": "kube-prometheus-prometheus-node-exporter.oxn-external-monitoring.svc:9100", "timestamp": 1737549835.989, "sum(rate(node_network_receive_errs_total[1m]) + rate(node_network_transmit_errs_total[1m])) by (instance)": 0, "network_errors": 0, "kubernetes_prometheus_rules": "kubernetes_prometheus_rules", "add_security_context": "add_security_context", "delay_treatment": "delay_treatment"}, {"instance": "kube-prometheus-prometheus-node-exporter.oxn-external-monitoring.svc:9100", "timestamp": 1737549836.989, "sum(rate(node_network_receive_errs_total[1m]) + rate(node_network_transmit_errs_total[1m])) by (instance)": 0, "network_errors": 0, "kubernetes_prometheus_rules": "kubernetes_prometheus_rules", "add_security_context": "add_security_context", "delay_treatment": "delay_treatment"}, {"instance": "kube-prometheus-prometheus-node-exporter.oxn-external-monitoring.svc:9100", "timestamp": 1737549837.989, "sum(rate(node_network_receive_errs_total[1m]) + rate(node_network_transmit_errs_total[1m])) by (instance)": 0, "network_errors": 0, "kubernetes_prometheus_rules": "kubernetes_prometheus_rules", "add_security_context": "add_security_context", "delay_treatment": "delay_treatment"}, {"instance": "kube-prometheus-prometheus-node-exporter.oxn-external-monitoring.svc:9100", "timestamp": 1737549838.989, "sum(rate(node_network_receive_errs_total[1m]) + rate(node_network_transmit_errs_total[1m])) by (instance)": 0, "network_errors": 0, "kubernetes_prometheus_rules": "kubernetes_prometheus_rules", "add_security_context": "add_security_context", "delay_treatment": "delay_treatment"}, {"instance": "kube-prometheus-prometheus-node-exporter.oxn-external-monitoring.svc:9100", "timestamp": 1737549839.989, "sum(rate(node_network_receive_errs_total[1m]) + rate(node_network_transmit_errs_total[1m])) by (instance)": 0, "network_errors": 0, "kubernetes_prometheus_rules": "kubernetes_prometheus_rules", "add_security_context": "add_security_context", "delay_treatment": "delay_treatment"}, {"instance": "kube-prometheus-prometheus-node-exporter.oxn-external-monitoring.svc:9100", "timestamp": 1737549840.989, "sum(rate(node_network_receive_errs_total[1m]) + rate(node_network_transmit_errs_total[1m])) by (instance)": 0, "network_errors": 0, "kubernetes_prometheus_rules": "kubernetes_prometheus_rules", "add_security_context": "add_security_context", "delay_treatment": "delay_treatment"}, {"instance": "kube-prometheus-prometheus-node-exporter.oxn-external-monitoring.svc:9100", "timestamp": 1737549841.989, "sum(rate(node_network_receive_errs_total[1m]) + rate(node_network_transmit_errs_total[1m])) by (instance)": 0, "network_errors": 0, "kubernetes_prometheus_rules": "kubernetes_prometheus_rules", "add_security_context": "add_security_context", "delay_treatment": "delay_treatment"}, {"instance": "kube-prometheus-prometheus-node-exporter.oxn-external-monitoring.svc:9100", "timestamp": 1737549842.989, "sum(rate(node_network_receive_errs_total[1m]) + rate(node_network_transmit_errs_total[1m])) by (instance)": 0, "network_errors": 0, "kubernetes_prometheus_rules": "kubernetes_prometheus_rules", "add_security_context": "add_security_context", "delay_treatment": "delay_treatment"}, {"instance": "kube-prometheus-prometheus-node-exporter.oxn-external-monitoring.svc:9100", "timestamp": 1737549843.989, "sum(rate(node_network_receive_errs_total[1m]) + rate(node_network_transmit_errs_total[1m])) by (instance)": 0, "network_errors": 0, "kubernetes_prometheus_rules": "kubernetes_prometheus_rules", "add_security_context": "add_security_context", "delay_treatment": "delay_treatment"}, {"instance": "kube-prometheus-prometheus-node-exporter.oxn-external-monitoring.svc:9100", "timestamp": 1737549844.989, "sum(rate(node_network_receive_errs_total[1m]) + rate(node_network_transmit_errs_total[1m])) by (instance)": 0, "network_errors": 0, "kubernetes_prometheus_rules": "kubernetes_prometheus_rules", "add_security_context": "add_security_context", "delay_treatment": "delay_treatment"}, {"instance": "kube-prometheus-prometheus-node-exporter.oxn-external-monitoring.svc:9100", "timestamp": 1737549845.989, "sum(rate(node_network_receive_errs_total[1m]) + rate(node_network_transmit_errs_total[1m])) by (instance)": 0, "network_errors": 0, "kubernetes_prometheus_rules": "kubernetes_prometheus_rules", "add_security_context": "add_security_context", "delay_treatment": "delay_treatment"}, {"instance": "kube-prometheus-prometheus-node-exporter.oxn-external-monitoring.svc:9100", "timestamp": 1737549846.989, "sum(rate(node_network_receive_errs_total[1m]) + rate(node_network_transmit_errs_total[1m])) by (instance)": 0, "network_errors": 0, "kubernetes_prometheus_rules": "kubernetes_prometheus_rules", "add_security_context": "add_security_context", "delay_treatment": "delay_treatment"}, {"instance": "kube-prometheus-prometheus-node-exporter.oxn-external-monitoring.svc:9100", "timestamp": 1737549847.989, "sum(rate(node_network_receive_errs_total[1m]) + rate(node_network_transmit_errs_total[1m])) by (instance)": 0, "network_errors": 0, "kubernetes_prometheus_rules": "kubernetes_prometheus_rules", "add_security_context": "add_security_context", "delay_treatment": "delay_treatment"}, {"instance": "kube-prometheus-prometheus-node-exporter.oxn-external-monitoring.svc:9100", "timestamp": 1737549848.989, "sum(rate(node_network_receive_errs_total[1m]) + rate(node_network_transmit_errs_total[1m])) by (instance)": 0, "network_errors": 0, "kubernetes_prometheus_rules": "kubernetes_prometheus_rules", "add_security_context": "add_security_context", "delay_treatment": "delay_treatment"}, {"instance": "kube-prometheus-prometheus-node-exporter.oxn-external-monitoring.svc:9100", "timestamp": 1737549849.989, "sum(rate(node_network_receive_errs_total[1m]) + rate(node_network_transmit_errs_total[1m])) by (instance)": 0, "network_errors": 0, "kubernetes_prometheus_rules": "kubernetes_prometheus_rules", "add_security_context": "add_security_context", "delay_treatment": "delay_treatment"}, {"instance": "kube-prometheus-prometheus-node-exporter.oxn-external-monitoring.svc:9100", "timestamp": 1737549850.989, "sum(rate(node_network_receive_errs_total[1m]) + rate(node_network_transmit_errs_total[1m])) by (instance)": 0, "network_errors": 0, "kubernetes_prometheus_rules": "kubernetes_prometheus_rules", "add_security_context": "add_security_context", "delay_treatment": "delay_treatment"}, {"instance": "kube-prometheus-prometheus-node-exporter.oxn-external-monitoring.svc:9100", "timestamp": 1737549851.989, "sum(rate(node_network_receive_errs_total[1m]) + rate(node_network_transmit_errs_total[1m])) by (instance)": 0, "network_errors": 0, "kubernetes_prometheus_rules": "kubernetes_prometheus_rules", "add_security_context": "add_security_context", "delay_treatment": "delay_treatment"}, {"instance": "kube-prometheus-prometheus-node-exporter.oxn-external-monitoring.svc:9100", "timestamp": 1737549852.989, "sum(rate(node_network_receive_errs_total[1m]) + rate(node_network_transmit_errs_total[1m])) by (instance)": 0, "network_errors": 0, "kubernetes_prometheus_rules": "kubernetes_prometheus_rules", "add_security_context": "add_security_context", "delay_treatment": "delay_treatment"}, {"instance": "kube-prometheus-prometheus-node-exporter.oxn-external-monitoring.svc:9100", "timestamp": 1737549853.989, "sum(rate(node_network_receive_errs_total[1m]) + rate(node_network_transmit_errs_total[1m])) by (instance)": 0, "network_errors": 0, "kubernetes_prometheus_rules": "kubernetes_prometheus_rules", "add_security_context": "add_security_context", "delay_treatment": "delay_treatment"}, {"instance": "kube-prometheus-prometheus-node-exporter.oxn-external-monitoring.svc:9100", "timestamp": 1737549854.989, "sum(rate(node_network_receive_errs_total[1m]) + rate(node_network_transmit_errs_total[1m])) by (instance)": 0, "network_errors": 0, "kubernetes_prometheus_rules": "kubernetes_prometheus_rules", "add_security_context": "add_security_context", "delay_treatment": "delay_treatment"}, {"instance": "kube-prometheus-prometheus-node-exporter.oxn-external-monitoring.svc:9100", "timestamp": 1737549855.989, "sum(rate(node_network_receive_errs_total[1m]) + rate(node_network_transmit_errs_total[1m])) by (instance)": 0, "network_errors": 0, "kubernetes_prometheus_rules": "kubernetes_prometheus_rules", "add_security_context": "add_security_context", "delay_treatment": "delay_treatment"}, {"instance": "kube-prometheus-prometheus-node-exporter.oxn-external-monitoring.svc:9100", "timestamp": 1737549856.989, "sum(rate(node_network_receive_errs_total[1m]) + rate(node_network_transmit_errs_total[1m])) by (instance)": 0, "network_errors": 0, "kubernetes_prometheus_rules": "kubernetes_prometheus_rules", "add_security_context": "add_security_context", "delay_treatment": "delay_treatment"}, {"instance": "kube-prometheus-prometheus-node-exporter.oxn-external-monitoring.svc:9100", "timestamp": 1737549857.989, "sum(rate(node_network_receive_errs_total[1m]) + rate(node_network_transmit_errs_total[1m])) by (instance)": 0, "network_errors": 0, "kubernetes_prometheus_rules": "kubernetes_prometheus_rules", "add_security_context": "add_security_context", "delay_treatment": "delay_treatment"}, {"instance": "kube-prometheus-prometheus-node-exporter.oxn-external-monitoring.svc:9100", "timestamp": 1737549858.989, "sum(rate(node_network_receive_errs_total[1m]) + rate(node_network_transmit_errs_total[1m])) by (instance)": 0, "network_errors": 0, "kubernetes_prometheus_rules": "kubernetes_prometheus_rules", "add_security_context": "add_security_context", "delay_treatment": "delay_treatment"}, {"instance": "kube-prometheus-prometheus-node-exporter.oxn-external-monitoring.svc:9100", "timestamp": 1737549859.989, "sum(rate(node_network_receive_errs_total[1m]) + rate(node_network_transmit_errs_total[1m])) by (instance)": 0, "network_errors": 0, "kubernetes_prometheus_rules": "kubernetes_prometheus_rules", "add_security_context": "add_security_context", "delay_treatment": "delay_treatment"}, {"instance": "kube-prometheus-prometheus-node-exporter.oxn-external-monitoring.svc:9100", "timestamp": 1737549860.989, "sum(rate(node_network_receive_errs_total[1m]) + rate(node_network_transmit_errs_total[1m])) by (instance)": 0, "network_errors": 0, "kubernetes_prometheus_rules": "kubernetes_prometheus_rules", "add_security_context": "add_security_context", "delay_treatment": "delay_treatment"}, {"instance": "kube-prometheus-prometheus-node-exporter.oxn-external-monitoring.svc:9100", "timestamp": 1737549861.989, "sum(rate(node_network_receive_errs_total[1m]) + rate(node_network_transmit_errs_total[1m])) by (instance)": 0, "network_errors": 0, "kubernetes_prometheus_rules": "kubernetes_prometheus_rules", "add_security_context": "add_security_context", "delay_treatment": "delay_treatment"}, {"instance": "kube-prometheus-prometheus-node-exporter.oxn-external-monitoring.svc:9100", "timestamp": 1737549862.989, "sum(rate(node_network_receive_errs_total[1m]) + rate(node_network_transmit_errs_total[1m])) by (instance)": 0, "network_errors": 0, "kubernetes_prometheus_rules": "kubernetes_prometheus_rules", "add_security_context": "add_security_context", "delay_treatment": "delay_treatment"}, {"instance": "kube-prometheus-prometheus-node-exporter.oxn-external-monitoring.svc:9100", "timestamp": 1737549863.989, "sum(rate(node_network_receive_errs_total[1m]) + rate(node_network_transmit_errs_total[1m])) by (instance)": 0, "network_errors": 0, "kubernetes_prometheus_rules": "kubernetes_prometheus_rules", "add_security_context": "add_security_context", "delay_treatment": "delay_treatment"}, {"instance": "kube-prometheus-prometheus-node-exporter.oxn-external-monitoring.svc:9100", "timestamp": 1737549864.989, "sum(rate(node_network_receive_errs_total[1m]) + rate(node_network_transmit_errs_total[1m])) by (instance)": 0, "network_errors": 0, "kubernetes_prometheus_rules": "kubernetes_prometheus_rules", "add_security_context": "add_security_context", "delay_treatment": "delay_treatment"}, {"instance": "kube-prometheus-prometheus-node-exporter.oxn-external-monitoring.svc:9100", "timestamp": 1737549865.989, "sum(rate(node_network_receive_errs_total[1m]) + rate(node_network_transmit_errs_total[1m])) by (instance)": 0, "network_errors": 0, "kubernetes_prometheus_rules": "kubernetes_prometheus_rules", "add_security_context": "add_security_context", "delay_treatment": "delay_treatment"}, {"instance": "kube-prometheus-prometheus-node-exporter.oxn-external-monitoring.svc:9100", "timestamp": 1737549866.989, "sum(rate(node_network_receive_errs_total[1m]) + rate(node_network_transmit_errs_total[1m])) by (instance)": 0, "network_errors": 0, "kubernetes_prometheus_rules": "kubernetes_prometheus_rules", "add_security_context": "add_security_context", "delay_treatment": "delay_treatment"}, {"instance": "kube-prometheus-prometheus-node-exporter.oxn-external-monitoring.svc:9100", "timestamp": 1737549867.989, "sum(rate(node_network_receive_errs_total[1m]) + rate(node_network_transmit_errs_total[1m])) by (instance)": 0, "network_errors": 0, "kubernetes_prometheus_rules": "kubernetes_prometheus_rules", "add_security_context": "add_security_context", "delay_treatment": "delay_treatment"}, {"instance": "kube-prometheus-prometheus-node-exporter.oxn-external-monitoring.svc:9100", "timestamp": 1737549868.989, "sum(rate(node_network_receive_errs_total[1m]) + rate(node_network_transmit_errs_total[1m])) by (instance)": 0, "network_errors": 0, "kubernetes_prometheus_rules": "kubernetes_prometheus_rules", "add_security_context": "add_security_context", "delay_treatment": "delay_treatment"}, {"instance": "kube-prometheus-prometheus-node-exporter.oxn-external-monitoring.svc:9100", "timestamp": 1737549869.989, "sum(rate(node_network_receive_errs_total[1m]) + rate(node_network_transmit_errs_total[1m])) by (instance)": 0, "network_errors": 0, "kubernetes_prometheus_rules": "kubernetes_prometheus_rules", "add_security_context": "add_security_context", "delay_treatment": "delay_treatment"}, {"instance": "kube-prometheus-prometheus-node-exporter.oxn-external-monitoring.svc:9100", "timestamp": 1737549870.989, "sum(rate(node_network_receive_errs_total[1m]) + rate(node_network_transmit_errs_total[1m])) by (instance)": 0, "network_errors": 0, "kubernetes_prometheus_rules": "kubernetes_prometheus_rules", "add_security_context": "add_security_context", "delay_treatment": "delay_treatment"}, {"instance": "kube-prometheus-prometheus-node-exporter.oxn-external-monitoring.svc:9100", "timestamp": 1737549871.989, "sum(rate(node_network_receive_errs_total[1m]) + rate(node_network_transmit_errs_total[1m])) by (instance)": 0, "network_errors": 0, "kubernetes_prometheus_rules": "kubernetes_prometheus_rules", "add_security_context": "add_security_context", "delay_treatment": "delay_treatment"}, {"instance": "kube-prometheus-prometheus-node-exporter.oxn-external-monitoring.svc:9100", "timestamp": 1737549872.989, "sum(rate(node_network_receive_errs_total[1m]) + rate(node_network_transmit_errs_total[1m])) by (instance)": 0, "network_errors": 0, "kubernetes_prometheus_rules": "kubernetes_prometheus_rules", "add_security_context": "add_security_context", "delay_treatment": "delay_treatment"}, {"instance": "kube-prometheus-prometheus-node-exporter.oxn-external-monitoring.svc:9100", "timestamp": 1737549873.989, "sum(rate(node_network_receive_errs_total[1m]) + rate(node_network_transmit_errs_total[1m])) by (instance)": 0, "network_errors": 0, "kubernetes_prometheus_rules": "kubernetes_prometheus_rules", "add_security_context": "add_security_context", "delay_treatment": "delay_treatment"}, {"instance": "kube-prometheus-prometheus-node-exporter.oxn-external-monitoring.svc:9100", "timestamp": 1737549874.989, "sum(rate(node_network_receive_errs_total[1m]) + rate(node_network_transmit_errs_total[1m])) by (instance)": 0, "network_errors": 0, "kubernetes_prometheus_rules": "kubernetes_prometheus_rules", "add_security_context": "add_security_context", "delay_treatment": "delay_treatment"}, {"instance": "kube-prometheus-prometheus-node-exporter.oxn-external-monitoring.svc:9100", "timestamp": 1737549875.989, "sum(rate(node_network_receive_errs_total[1m]) + rate(node_network_transmit_errs_total[1m])) by (instance)": 0, "network_errors": 0, "kubernetes_prometheus_rules": "kubernetes_prometheus_rules", "add_security_context": "add_security_context", "delay_treatment": "delay_treatment"}, {"instance": "kube-prometheus-prometheus-node-exporter.oxn-external-monitoring.svc:9100", "timestamp": 1737549876.989, "sum(rate(node_network_receive_errs_total[1m]) + rate(node_network_transmit_errs_total[1m])) by (instance)": 0, "network_errors": 0, "kubernetes_prometheus_rules": "kubernetes_prometheus_rules", "add_security_context": "add_security_context", "delay_treatment": "delay_treatment"}, {"instance": "kube-prometheus-prometheus-node-exporter.oxn-external-monitoring.svc:9100", "timestamp": 1737549877.989, "sum(rate(node_network_receive_errs_total[1m]) + rate(node_network_transmit_errs_total[1m])) by (instance)": 0, "network_errors": 0, "kubernetes_prometheus_rules": "kubernetes_prometheus_rules", "add_security_context": "add_security_context", "delay_treatment": "delay_treatment"}, {"instance": "kube-prometheus-prometheus-node-exporter.oxn-external-monitoring.svc:9100", "timestamp": 1737549878.989, "sum(rate(node_network_receive_errs_total[1m]) + rate(node_network_transmit_errs_total[1m])) by (instance)": 0, "network_errors": 0, "kubernetes_prometheus_rules": "kubernetes_prometheus_rules", "add_security_context": "add_security_context", "delay_treatment": "delay_treatment"}, {"instance": "kube-prometheus-prometheus-node-exporter.oxn-external-monitoring.svc:9100", "timestamp": 1737549879.989, "sum(rate(node_network_receive_errs_total[1m]) + rate(node_network_transmit_errs_total[1m])) by (instance)": 0, "network_errors": 0, "kubernetes_prometheus_rules": "kubernetes_prometheus_rules", "add_security_context": "add_security_context", "delay_treatment": "delay_treatment"}, {"instance": "kube-prometheus-prometheus-node-exporter.oxn-external-monitoring.svc:9100", "timestamp": 1737549880.989, "sum(rate(node_network_receive_errs_total[1m]) + rate(node_network_transmit_errs_total[1m])) by (instance)": 0, "network_errors": 0, "kubernetes_prometheus_rules": "kubernetes_prometheus_rules", "add_security_context": "add_security_context", "delay_treatment": "delay_treatment"}, {"instance": "kube-prometheus-prometheus-node-exporter.oxn-external-monitoring.svc:9100", "timestamp": 1737549881.989, "sum(rate(node_network_receive_errs_total[1m]) + rate(node_network_transmit_errs_total[1m])) by (instance)": 0, "network_errors": 0, "kubernetes_prometheus_rules": "kubernetes_prometheus_rules", "add_security_context": "add_security_context", "delay_treatment": "delay_treatment"}, {"instance": "kube-prometheus-prometheus-node-exporter.oxn-external-monitoring.svc:9100", "timestamp": 1737549882.989, "sum(rate(node_network_receive_errs_total[1m]) + rate(node_network_transmit_errs_total[1m])) by (instance)": 0, "network_errors": 0, "kubernetes_prometheus_rules": "kubernetes_prometheus_rules", "add_security_context": "add_security_context", "delay_treatment": "delay_treatment"}, {"instance": "kube-prometheus-prometheus-node-exporter.oxn-external-monitoring.svc:9100", "timestamp": 1737549883.989, "sum(rate(node_network_receive_errs_total[1m]) + rate(node_network_transmit_errs_total[1m])) by (instance)": 0, "network_errors": 0, "kubernetes_prometheus_rules": "kubernetes_prometheus_rules", "add_security_context": "add_security_context", "delay_treatment": "delay_treatment"}, {"instance": "kube-prometheus-prometheus-node-exporter.oxn-external-monitoring.svc:9100", "timestamp": 1737549884.989, "sum(rate(node_network_receive_errs_total[1m]) + rate(node_network_transmit_errs_total[1m])) by (instance)": 0, "network_errors": 0, "kubernetes_prometheus_rules": "kubernetes_prometheus_rules", "add_security_context": "add_security_context", "delay_treatment": "delay_treatment"}, {"instance": "kube-prometheus-prometheus-node-exporter.oxn-external-monitoring.svc:9100", "timestamp": 1737549885.989, "sum(rate(node_network_receive_errs_total[1m]) + rate(node_network_transmit_errs_total[1m])) by (instance)": 0, "network_errors": 0, "kubernetes_prometheus_rules": "kubernetes_prometheus_rules", "add_security_context": "add_security_context", "delay_treatment": "delay_treatment"}, {"instance": "kube-prometheus-prometheus-node-exporter.oxn-external-monitoring.svc:9100", "timestamp": 1737549886.989, "sum(rate(node_network_receive_errs_total[1m]) + rate(node_network_transmit_errs_total[1m])) by (instance)": 0, "network_errors": 0, "kubernetes_prometheus_rules": "kubernetes_prometheus_rules", "add_security_context": "add_security_context", "delay_treatment": "delay_treatment"}, {"instance": "kube-prometheus-prometheus-node-exporter.oxn-external-monitoring.svc:9100", "timestamp": 1737549887.989, "sum(rate(node_network_receive_errs_total[1m]) + rate(node_network_transmit_errs_total[1m])) by (instance)": 0, "network_errors": 0, "kubernetes_prometheus_rules": "kubernetes_prometheus_rules", "add_security_context": "add_security_context", "delay_treatment": "delay_treatment"}, {"instance": "kube-prometheus-prometheus-node-exporter.oxn-external-monitoring.svc:9100", "timestamp": 1737549888.989, "sum(rate(node_network_receive_errs_total[1m]) + rate(node_network_transmit_errs_total[1m])) by (instance)": 0, "network_errors": 0, "kubernetes_prometheus_rules": "kubernetes_prometheus_rules", "add_security_context": "add_security_context", "delay_treatment": "delay_treatment"}, {"instance": "kube-prometheus-prometheus-node-exporter.oxn-external-monitoring.svc:9100", "timestamp": 1737549889.989, "sum(rate(node_network_receive_errs_total[1m]) + rate(node_network_transmit_errs_total[1m])) by (instance)": 0, "network_errors": 0, "kubernetes_prometheus_rules": "kubernetes_prometheus_rules", "add_security_context": "add_security_context", "delay_treatment": "delay_treatment"}, {"instance": "kube-prometheus-prometheus-node-exporter.oxn-external-monitoring.svc:9100", "timestamp": 1737549890.989, "sum(rate(node_network_receive_errs_total[1m]) + rate(node_network_transmit_errs_total[1m])) by (instance)": 0, "network_errors": 0, "kubernetes_prometheus_rules": "kubernetes_prometheus_rules", "add_security_context": "add_security_context", "delay_treatment": "delay_treatment"}, {"instance": "kube-prometheus-prometheus-node-exporter.oxn-external-monitoring.svc:9100", "timestamp": 1737549891.989, "sum(rate(node_network_receive_errs_total[1m]) + rate(node_network_transmit_errs_total[1m])) by (instance)": 0, "network_errors": 0, "kubernetes_prometheus_rules": "kubernetes_prometheus_rules", "add_security_context": "add_security_context", "delay_treatment": "delay_treatment"}, {"instance": "kube-prometheus-prometheus-node-exporter.oxn-external-monitoring.svc:9100", "timestamp": 1737549892.989, "sum(rate(node_network_receive_errs_total[1m]) + rate(node_network_transmit_errs_total[1m])) by (instance)": 0, "network_errors": 0, "kubernetes_prometheus_rules": "kubernetes_prometheus_rules", "add_security_context": "add_security_context", "delay_treatment": "delay_treatment"}, {"instance": "kube-prometheus-prometheus-node-exporter.oxn-external-monitoring.svc:9100", "timestamp": 1737549893.989, "sum(rate(node_network_receive_errs_total[1m]) + rate(node_network_transmit_errs_total[1m])) by (instance)": 0, "network_errors": 0, "kubernetes_prometheus_rules": "kubernetes_prometheus_rules", "add_security_context": "add_security_context", "delay_treatment": "delay_treatment"}, {"instance": "kube-prometheus-prometheus-node-exporter.oxn-external-monitoring.svc:9100", "timestamp": 1737549894.989, "sum(rate(node_network_receive_errs_total[1m]) + rate(node_network_transmit_errs_total[1m])) by (instance)": 0, "network_errors": 0, "kubernetes_prometheus_rules": "kubernetes_prometheus_rules", "add_security_context": "add_security_context", "delay_treatment": "delay_treatment"}, {"instance": "kube-prometheus-prometheus-node-exporter.oxn-external-monitoring.svc:9100", "timestamp": 1737549895.989, "sum(rate(node_network_receive_errs_total[1m]) + rate(node_network_transmit_errs_total[1m])) by (instance)": 0, "network_errors": 0, "kubernetes_prometheus_rules": "kubernetes_prometheus_rules", "add_security_context": "add_security_context", "delay_treatment": "delay_treatment"}, {"instance": "kube-prometheus-prometheus-node-exporter.oxn-external-monitoring.svc:9100", "timestamp": 1737549896.989, "sum(rate(node_network_receive_errs_total[1m]) + rate(node_network_transmit_errs_total[1m])) by (instance)": 0, "network_errors": 0, "kubernetes_prometheus_rules": "kubernetes_prometheus_rules", "add_security_context": "add_security_context", "delay_treatment": "delay_treatment"}, {"instance": "kube-prometheus-prometheus-node-exporter.oxn-external-monitoring.svc:9100", "timestamp": 1737549897.989, "sum(rate(node_network_receive_errs_total[1m]) + rate(node_network_transmit_errs_total[1m])) by (instance)": 0, "network_errors": 0, "kubernetes_prometheus_rules": "kubernetes_prometheus_rules", "add_security_context": "add_security_context", "delay_treatment": "delay_treatment"}, {"instance": "kube-prometheus-prometheus-node-exporter.oxn-external-monitoring.svc:9100", "timestamp": 1737549898.989, "sum(rate(node_network_receive_errs_total[1m]) + rate(node_network_transmit_errs_total[1m])) by (instance)": 0, "network_errors": 0, "kubernetes_prometheus_rules": "kubernetes_prometheus_rules", "add_security_context": "add_security_context", "delay_treatment": "delay_treatment"}, {"instance": "kube-prometheus-prometheus-node-exporter.oxn-external-monitoring.svc:9100", "timestamp": 1737549899.989, "sum(rate(node_network_receive_errs_total[1m]) + rate(node_network_transmit_errs_total[1m])) by (instance)": 0, "network_errors": 0, "kubernetes_prometheus_rules": "kubernetes_prometheus_rules", "add_security_context": "add_security_context", "delay_treatment": "delay_treatment"}, {"instance": "kube-prometheus-prometheus-node-exporter.oxn-external-monitoring.svc:9100", "timestamp": 1737549900.989, "sum(rate(node_network_receive_errs_total[1m]) + rate(node_network_transmit_errs_total[1m])) by (instance)": 0, "network_errors": 0, "kubernetes_prometheus_rules": "kubernetes_prometheus_rules", "add_security_context": "add_security_context", "delay_treatment": "delay_treatment"}, {"instance": "kube-prometheus-prometheus-node-exporter.oxn-external-monitoring.svc:9100", "timestamp": 1737549901.989, "sum(rate(node_network_receive_errs_total[1m]) + rate(node_network_transmit_errs_total[1m])) by (instance)": 0, "network_errors": 0, "kubernetes_prometheus_rules": "kubernetes_prometheus_rules", "add_security_context": "add_security_context", "delay_treatment": "delay_treatment"}, {"instance": "kube-prometheus-prometheus-node-exporter.oxn-external-monitoring.svc:9100", "timestamp": 1737549902.989, "sum(rate(node_network_receive_errs_total[1m]) + rate(node_network_transmit_errs_total[1m])) by (instance)": 0, "network_errors": 0, "kubernetes_prometheus_rules": "kubernetes_prometheus_rules", "add_security_context": "add_security_context", "delay_treatment": "delay_treatment"}, {"instance": "kube-prometheus-prometheus-node-exporter.oxn-external-monitoring.svc:9100", "timestamp": 1737549903.989, "sum(rate(node_network_receive_errs_total[1m]) + rate(node_network_transmit_errs_total[1m])) by (instance)": 0, "network_errors": 0, "kubernetes_prometheus_rules": "kubernetes_prometheus_rules", "add_security_context": "add_security_context", "delay_treatment": "delay_treatment"}, {"instance": "kube-prometheus-prometheus-node-exporter.oxn-external-monitoring.svc:9100", "timestamp": 1737549904.989, "sum(rate(node_network_receive_errs_total[1m]) + rate(node_network_transmit_errs_total[1m])) by (instance)": 0, "network_errors": 0, "kubernetes_prometheus_rules": "kubernetes_prometheus_rules", "add_security_context": "add_security_context", "delay_treatment": "delay_treatment"}, {"instance": "kube-prometheus-prometheus-node-exporter.oxn-external-monitoring.svc:9100", "timestamp": 1737549905.989, "sum(rate(node_network_receive_errs_total[1m]) + rate(node_network_transmit_errs_total[1m])) by (instance)": 0, "network_errors": 0, "kubernetes_prometheus_rules": "kubernetes_prometheus_rules", "add_security_context": "add_security_context", "delay_treatment": "delay_treatment"}, {"instance": "kube-prometheus-prometheus-node-exporter.oxn-external-monitoring.svc:9100", "timestamp": 1737549906.989, "sum(rate(node_network_receive_errs_total[1m]) + rate(node_network_transmit_errs_total[1m])) by (instance)": 0, "network_errors": 0, "kubernetes_prometheus_rules": "kubernetes_prometheus_rules", "add_security_context": "add_security_context", "delay_treatment": "delay_treatment"}, {"instance": "kube-prometheus-prometheus-node-exporter.oxn-external-monitoring.svc:9100", "timestamp": 1737549907.989, "sum(rate(node_network_receive_errs_total[1m]) + rate(node_network_transmit_errs_total[1m])) by (instance)": 0, "network_errors": 0, "kubernetes_prometheus_rules": "kubernetes_prometheus_rules", "add_security_context": "add_security_context", "delay_treatment": "delay_treatment"}, {"instance": "kube-prometheus-prometheus-node-exporter.oxn-external-monitoring.svc:9100", "timestamp": 1737549908.989, "sum(rate(node_network_receive_errs_total[1m]) + rate(node_network_transmit_errs_total[1m])) by (instance)": 0, "network_errors": 0, "kubernetes_prometheus_rules": "kubernetes_prometheus_rules", "add_security_context": "add_security_context", "delay_treatment": "delay_treatment"}, {"instance": "kube-prometheus-prometheus-node-exporter.oxn-external-monitoring.svc:9100", "timestamp": 1737549909.989, "sum(rate(node_network_receive_errs_total[1m]) + rate(node_network_transmit_errs_total[1m])) by (instance)": 0, "network_errors": 0, "kubernetes_prometheus_rules": "kubernetes_prometheus_rules", "add_security_context": "add_security_context", "delay_treatment": "delay_treatment"}, {"instance": "kube-prometheus-prometheus-node-exporter.oxn-external-monitoring.svc:9100", "timestamp": 1737549910.989, "sum(rate(node_network_receive_errs_total[1m]) + rate(node_network_transmit_errs_total[1m])) by (instance)": 0, "network_errors": 0, "kubernetes_prometheus_rules": "kubernetes_prometheus_rules", "add_security_context": "add_security_context", "delay_treatment": "delay_treatment"}, {"instance": "kube-prometheus-prometheus-node-exporter.oxn-external-monitoring.svc:9100", "timestamp": 1737549911.989, "sum(rate(node_network_receive_errs_total[1m]) + rate(node_network_transmit_errs_total[1m])) by (instance)": 0, "network_errors": 0, "kubernetes_prometheus_rules": "kubernetes_prometheus_rules", "add_security_context": "add_security_context", "delay_treatment": "delay_treatment"}, {"instance": "kube-prometheus-prometheus-node-exporter.oxn-external-monitoring.svc:9100", "timestamp": 1737549912.989, "sum(rate(node_network_receive_errs_total[1m]) + rate(node_network_transmit_errs_total[1m])) by (instance)": 0, "network_errors": 0, "kubernetes_prometheus_rules": "kubernetes_prometheus_rules", "add_security_context": "add_security_context", "delay_treatment": "delay_treatment"}, {"instance": "kube-prometheus-prometheus-node-exporter.oxn-external-monitoring.svc:9100", "timestamp": 1737549913.989, "sum(rate(node_network_receive_errs_total[1m]) + rate(node_network_transmit_errs_total[1m])) by (instance)": 0, "network_errors": 0, "kubernetes_prometheus_rules": "kubernetes_prometheus_rules", "add_security_context": "add_security_context", "delay_treatment": "delay_treatment"}, {"instance": "kube-prometheus-prometheus-node-exporter.oxn-external-monitoring.svc:9100", "timestamp": 1737549914.989, "sum(rate(node_network_receive_errs_total[1m]) + rate(node_network_transmit_errs_total[1m])) by (instance)": 0, "network_errors": 0, "kubernetes_prometheus_rules": "kubernetes_prometheus_rules", "add_security_context": "add_security_context", "delay_treatment": "delay_treatment"}, {"instance": "kube-prometheus-prometheus-node-exporter.oxn-external-monitoring.svc:9100", "timestamp": 1737549915.989, "sum(rate(node_network_receive_errs_total[1m]) + rate(node_network_transmit_errs_total[1m])) by (instance)": 0, "network_errors": 0, "kubernetes_prometheus_rules": "kubernetes_prometheus_rules", "add_security_context": "add_security_context", "delay_treatment": "delay_treatment"}, {"instance": "kube-prometheus-prometheus-node-exporter.oxn-external-monitoring.svc:9100", "timestamp": 1737549916.989, "sum(rate(node_network_receive_errs_total[1m]) + rate(node_network_transmit_errs_total[1m])) by (instance)": 0, "network_errors": 0, "kubernetes_prometheus_rules": "kubernetes_prometheus_rules", "add_security_context": "add_security_context", "delay_treatment": "delay_treatment"}, {"instance": "kube-prometheus-prometheus-node-exporter.oxn-external-monitoring.svc:9100", "timestamp": 1737549917.989, "sum(rate(node_network_receive_errs_total[1m]) + rate(node_network_transmit_errs_total[1m])) by (instance)": 0, "network_errors": 0, "kubernetes_prometheus_rules": "kubernetes_prometheus_rules", "add_security_context": "add_security_context", "delay_treatment": "delay_treatment"}, {"instance": "kube-prometheus-prometheus-node-exporter.oxn-external-monitoring.svc:9100", "timestamp": 1737549918.989, "sum(rate(node_network_receive_errs_total[1m]) + rate(node_network_transmit_errs_total[1m])) by (instance)": 0, "network_errors": 0, "kubernetes_prometheus_rules": "kubernetes_prometheus_rules", "add_security_context": "add_security_context", "delay_treatment": "delay_treatment"}, {"instance": "kube-prometheus-prometheus-node-exporter.oxn-external-monitoring.svc:9100", "timestamp": 1737549919.989, "sum(rate(node_network_receive_errs_total[1m]) + rate(node_network_transmit_errs_total[1m])) by (instance)": 0, "network_errors": 0, "kubernetes_prometheus_rules": "kubernetes_prometheus_rules", "add_security_context": "add_security_context", "delay_treatment": "delay_treatment"}, {"instance": "kube-prometheus-prometheus-node-exporter.oxn-external-monitoring.svc:9100", "timestamp": 1737549920.989, "sum(rate(node_network_receive_errs_total[1m]) + rate(node_network_transmit_errs_total[1m])) by (instance)": 0, "network_errors": 0, "kubernetes_prometheus_rules": "kubernetes_prometheus_rules", "add_security_context": "add_security_context", "delay_treatment": "delay_treatment"}, {"instance": "kube-prometheus-prometheus-node-exporter.oxn-external-monitoring.svc:9100", "timestamp": 1737549921.989, "sum(rate(node_network_receive_errs_total[1m]) + rate(node_network_transmit_errs_total[1m])) by (instance)": 0, "network_errors": 0, "kubernetes_prometheus_rules": "kubernetes_prometheus_rules", "add_security_context": "add_security_context", "delay_treatment": "delay_treatment"}, {"instance": "kube-prometheus-prometheus-node-exporter.oxn-external-monitoring.svc:9100", "timestamp": 1737549922.989, "sum(rate(node_network_receive_errs_total[1m]) + rate(node_network_transmit_errs_total[1m])) by (instance)": 0, "network_errors": 0, "kubernetes_prometheus_rules": "kubernetes_prometheus_rules", "add_security_context": "add_security_context", "delay_treatment": "delay_treatment"}, {"instance": "kube-prometheus-prometheus-node-exporter.oxn-external-monitoring.svc:9100", "timestamp": 1737549923.989, "sum(rate(node_network_receive_errs_total[1m]) + rate(node_network_transmit_errs_total[1m])) by (instance)": 0, "network_errors": 0, "kubernetes_prometheus_rules": "kubernetes_prometheus_rules", "add_security_context": "add_security_context", "delay_treatment": "delay_treatment"}, {"instance": "kube-prometheus-prometheus-node-exporter.oxn-external-monitoring.svc:9100", "timestamp": 1737549924.989, "sum(rate(node_network_receive_errs_total[1m]) + rate(node_network_transmit_errs_total[1m])) by (instance)": 0, "network_errors": 0, "kubernetes_prometheus_rules": "kubernetes_prometheus_rules", "add_security_context": "add_security_context", "delay_treatment": "delay_treatment"}, {"instance": "kube-prometheus-prometheus-node-exporter.oxn-external-monitoring.svc:9100", "timestamp": 1737549925.989, "sum(rate(node_network_receive_errs_total[1m]) + rate(node_network_transmit_errs_total[1m])) by (instance)": 0, "network_errors": 0, "kubernetes_prometheus_rules": "kubernetes_prometheus_rules", "add_security_context": "add_security_context", "delay_treatment": "delay_treatment"}, {"instance": "kube-prometheus-prometheus-node-exporter.oxn-external-monitoring.svc:9100", "timestamp": 1737549926.989, "sum(rate(node_network_receive_errs_total[1m]) + rate(node_network_transmit_errs_total[1m])) by (instance)": 0, "network_errors": 0, "kubernetes_prometheus_rules": "kubernetes_prometheus_rules", "add_security_context": "add_security_context", "delay_treatment": "delay_treatment"}, {"instance": "kube-prometheus-prometheus-node-exporter.oxn-external-monitoring.svc:9100", "timestamp": 1737549927.989, "sum(rate(node_network_receive_errs_total[1m]) + rate(node_network_transmit_errs_total[1m])) by (instance)": 0, "network_errors": 0, "kubernetes_prometheus_rules": "kubernetes_prometheus_rules", "add_security_context": "add_security_context", "delay_treatment": "delay_treatment"}, {"instance": "kube-prometheus-prometheus-node-exporter.oxn-external-monitoring.svc:9100", "timestamp": 1737549928.989, "sum(rate(node_network_receive_errs_total[1m]) + rate(node_network_transmit_errs_total[1m])) by (instance)": 0, "network_errors": 0, "kubernetes_prometheus_rules": "kubernetes_prometheus_rules", "add_security_context": "add_security_context", "delay_treatment": "delay_treatment"}, {"instance": "kube-prometheus-prometheus-node-exporter.oxn-external-monitoring.svc:9100", "timestamp": 1737549929.989, "sum(rate(node_network_receive_errs_total[1m]) + rate(node_network_transmit_errs_total[1m])) by (instance)": 0, "network_errors": 0, "kubernetes_prometheus_rules": "kubernetes_prometheus_rules", "add_security_context": "add_security_context", "delay_treatment": "delay_treatment"}, {"instance": "kube-prometheus-prometheus-node-exporter.oxn-external-monitoring.svc:9100", "timestamp": 1737549930.989, "sum(rate(node_network_receive_errs_total[1m]) + rate(node_network_transmit_errs_total[1m])) by (instance)": 0, "network_errors": 0, "kubernetes_prometheus_rules": "kubernetes_prometheus_rules", "add_security_context": "add_security_context", "delay_treatment": "delay_treatment"}, {"instance": "kube-prometheus-prometheus-node-exporter.oxn-external-monitoring.svc:9100", "timestamp": 1737549931.989, "sum(rate(node_network_receive_errs_total[1m]) + rate(node_network_transmit_errs_total[1m])) by (instance)": 0, "network_errors": 0, "kubernetes_prometheus_rules": "kubernetes_prometheus_rules", "add_security_context": "add_security_context", "delay_treatment": "delay_treatment"}, {"instance": "kube-prometheus-prometheus-node-exporter.oxn-external-monitoring.svc:9100", "timestamp": 1737549932.989, "sum(rate(node_network_receive_errs_total[1m]) + rate(node_network_transmit_errs_total[1m])) by (instance)": 0, "network_errors": 0, "kubernetes_prometheus_rules": "kubernetes_prometheus_rules", "add_security_context": "add_security_context", "delay_treatment": "delay_treatment"}, {"instance": "kube-prometheus-prometheus-node-exporter.oxn-external-monitoring.svc:9100", "timestamp": 1737549933.989, "sum(rate(node_network_receive_errs_total[1m]) + rate(node_network_transmit_errs_total[1m])) by (instance)": 0, "network_errors": 0, "kubernetes_prometheus_rules": "kubernetes_prometheus_rules", "add_security_context": "add_security_context", "delay_treatment": "delay_treatment"}, {"instance": "kube-prometheus-prometheus-node-exporter.oxn-external-monitoring.svc:9100", "timestamp": 1737549934.989, "sum(rate(node_network_receive_errs_total[1m]) + rate(node_network_transmit_errs_total[1m])) by (instance)": 0, "network_errors": 0, "kubernetes_prometheus_rules": "kubernetes_prometheus_rules", "add_security_context": "add_security_context", "delay_treatment": "delay_treatment"}, {"instance": "kube-prometheus-prometheus-node-exporter.oxn-external-monitoring.svc:9100", "timestamp": 1737549935.989, "sum(rate(node_network_receive_errs_total[1m]) + rate(node_network_transmit_errs_total[1m])) by (instance)": 0, "network_errors": 0, "kubernetes_prometheus_rules": "kubernetes_prometheus_rules", "add_security_context": "add_security_context", "delay_treatment": "delay_treatment"}, {"instance": "kube-prometheus-prometheus-node-exporter.oxn-external-monitoring.svc:9100", "timestamp": 1737549936.989, "sum(rate(node_network_receive_errs_total[1m]) + rate(node_network_transmit_errs_total[1m])) by (instance)": 0, "network_errors": 0, "kubernetes_prometheus_rules": "kubernetes_prometheus_rules", "add_security_context": "add_security_context", "delay_treatment": "delay_treatment"}, {"instance": "kube-prometheus-prometheus-node-exporter.oxn-external-monitoring.svc:9100", "timestamp": 1737549937.989, "sum(rate(node_network_receive_errs_total[1m]) + rate(node_network_transmit_errs_total[1m])) by (instance)": 0, "network_errors": 0, "kubernetes_prometheus_rules": "kubernetes_prometheus_rules", "add_security_context": "add_security_context", "delay_treatment": "delay_treatment"}, {"instance": "kube-prometheus-prometheus-node-exporter.oxn-external-monitoring.svc:9100", "timestamp": 1737549938.989, "sum(rate(node_network_receive_errs_total[1m]) + rate(node_network_transmit_errs_total[1m])) by (instance)": 0, "network_errors": 0, "kubernetes_prometheus_rules": "kubernetes_prometheus_rules", "add_security_context": "add_security_context", "delay_treatment": "delay_treatment"}, {"instance": "kube-prometheus-prometheus-node-exporter.oxn-external-monitoring.svc:9100", "timestamp": 1737549939.989, "sum(rate(node_network_receive_errs_total[1m]) + rate(node_network_transmit_errs_total[1m])) by (instance)": 0, "network_errors": 0, "kubernetes_prometheus_rules": "kubernetes_prometheus_rules", "add_security_context": "add_security_context", "delay_treatment": "delay_treatment"}, {"instance": "kube-prometheus-prometheus-node-exporter.oxn-external-monitoring.svc:9100", "timestamp": 1737549940.989, "sum(rate(node_network_receive_errs_total[1m]) + rate(node_network_transmit_errs_total[1m])) by (instance)": 0, "network_errors": 0, "kubernetes_prometheus_rules": "kubernetes_prometheus_rules", "add_security_context": "add_security_context", "delay_treatment": "delay_treatment"}, {"instance": "kube-prometheus-prometheus-node-exporter.oxn-external-monitoring.svc:9100", "timestamp": 1737549941.989, "sum(rate(node_network_receive_errs_total[1m]) + rate(node_network_transmit_errs_total[1m])) by (instance)": 0, "network_errors": 0, "kubernetes_prometheus_rules": "kubernetes_prometheus_rules", "add_security_context": "add_security_context", "delay_treatment": "delay_treatment"}, {"instance": "kube-prometheus-prometheus-node-exporter.oxn-external-monitoring.svc:9100", "timestamp": 1737549942.989, "sum(rate(node_network_receive_errs_total[1m]) + rate(node_network_transmit_errs_total[1m])) by (instance)": 0, "network_errors": 0, "kubernetes_prometheus_rules": "kubernetes_prometheus_rules", "add_security_context": "add_security_context", "delay_treatment": "delay_treatment"}, {"instance": "kube-prometheus-prometheus-node-exporter.oxn-external-monitoring.svc:9100", "timestamp": 1737549943.989, "sum(rate(node_network_receive_errs_total[1m]) + rate(node_network_transmit_errs_total[1m])) by (instance)": 0, "network_errors": 0, "kubernetes_prometheus_rules": "kubernetes_prometheus_rules", "add_security_context": "add_security_context", "delay_treatment": "delay_treatment"}, {"instance": "kube-prometheus-prometheus-node-exporter.oxn-external-monitoring.svc:9100", "timestamp": 1737549944.989, "sum(rate(node_network_receive_errs_total[1m]) + rate(node_network_transmit_errs_total[1m])) by (instance)": 0, "network_errors": 0, "kubernetes_prometheus_rules": "kubernetes_prometheus_rules", "add_security_context": "add_security_context", "delay_treatment": "delay_treatment"}, {"instance": "kube-prometheus-prometheus-node-exporter.oxn-external-monitoring.svc:9100", "timestamp": 1737549945.989, "sum(rate(node_network_receive_errs_total[1m]) + rate(node_network_transmit_errs_total[1m])) by (instance)": 0, "network_errors": 0, "kubernetes_prometheus_rules": "kubernetes_prometheus_rules", "add_security_context": "add_security_context", "delay_treatment": "delay_treatment"}, {"instance": "kube-prometheus-prometheus-node-exporter.oxn-external-monitoring.svc:9100", "timestamp": 1737549946.989, "sum(rate(node_network_receive_errs_total[1m]) + rate(node_network_transmit_errs_total[1m])) by (instance)": 0, "network_errors": 0, "kubernetes_prometheus_rules": "kubernetes_prometheus_rules", "add_security_context": "add_security_context", "delay_treatment": "delay_treatment"}, {"instance": "kube-prometheus-prometheus-node-exporter.oxn-external-monitoring.svc:9100", "timestamp": 1737549947.989, "sum(rate(node_network_receive_errs_total[1m]) + rate(node_network_transmit_errs_total[1m])) by (instance)": 0, "network_errors": 0, "kubernetes_prometheus_rules": "kubernetes_prometheus_rules", "add_security_context": "add_security_context", "delay_treatment": "delay_treatment"}, {"instance": "kube-prometheus-prometheus-node-exporter.oxn-external-monitoring.svc:9100", "timestamp": 1737549948.989, "sum(rate(node_network_receive_errs_total[1m]) + rate(node_network_transmit_errs_total[1m])) by (instance)": 0, "network_errors": 0, "kubernetes_prometheus_rules": "kubernetes_prometheus_rules", "add_security_context": "add_security_context", "delay_treatment": "delay_treatment"}, {"instance": "kube-prometheus-prometheus-node-exporter.oxn-external-monitoring.svc:9100", "timestamp": 1737549949.989, "sum(rate(node_network_receive_errs_total[1m]) + rate(node_network_transmit_errs_total[1m])) by (instance)": 0, "network_errors": 0, "kubernetes_prometheus_rules": "kubernetes_prometheus_rules", "add_security_context": "add_security_context", "delay_treatment": "delay_treatment"}, {"instance": "kube-prometheus-prometheus-node-exporter.oxn-external-monitoring.svc:9100", "timestamp": 1737549950.989, "sum(rate(node_network_receive_errs_total[1m]) + rate(node_network_transmit_errs_total[1m])) by (instance)": 0, "network_errors": 0, "kubernetes_prometheus_rules": "kubernetes_prometheus_rules", "add_security_context": "add_security_context", "delay_treatment": "delay_treatment"}, {"instance": "kube-prometheus-prometheus-node-exporter.oxn-external-monitoring.svc:9100", "timestamp": 1737549951.989, "sum(rate(node_network_receive_errs_total[1m]) + rate(node_network_transmit_errs_total[1m])) by (instance)": 0, "network_errors": 0, "kubernetes_prometheus_rules": "kubernetes_prometheus_rules", "add_security_context": "add_security_context", "delay_treatment": "delay_treatment"}, {"instance": "kube-prometheus-prometheus-node-exporter.oxn-external-monitoring.svc:9100", "timestamp": 1737549952.989, "sum(rate(node_network_receive_errs_total[1m]) + rate(node_network_transmit_errs_total[1m])) by (instance)": 0, "network_errors": 0, "kubernetes_prometheus_rules": "kubernetes_prometheus_rules", "add_security_context": "add_security_context", "delay_treatment": "delay_treatment"}, {"instance": "kube-prometheus-prometheus-node-exporter.oxn-external-monitoring.svc:9100", "timestamp": 1737549953.989, "sum(rate(node_network_receive_errs_total[1m]) + rate(node_network_transmit_errs_total[1m])) by (instance)": 0, "network_errors": 0, "kubernetes_prometheus_rules": "kubernetes_prometheus_rules", "add_security_context": "add_security_context", "delay_treatment": "delay_treatment"}, {"instance": "kube-prometheus-prometheus-node-exporter.oxn-external-monitoring.svc:9100", "timestamp": 1737549954.989, "sum(rate(node_network_receive_errs_total[1m]) + rate(node_network_transmit_errs_total[1m])) by (instance)": 0, "network_errors": 0, "kubernetes_prometheus_rules": "kubernetes_prometheus_rules", "add_security_context": "add_security_context", "delay_treatment": "delay_treatment"}, {"instance": "kube-prometheus-prometheus-node-exporter.oxn-external-monitoring.svc:9100", "timestamp": 1737549955.989, "sum(rate(node_network_receive_errs_total[1m]) + rate(node_network_transmit_errs_total[1m])) by (instance)": 0, "network_errors": 0, "kubernetes_prometheus_rules": "kubernetes_prometheus_rules", "add_security_context": "add_security_context", "delay_treatment": "delay_treatment"}, {"instance": "kube-prometheus-prometheus-node-exporter.oxn-external-monitoring.svc:9100", "timestamp": 1737549956.989, "sum(rate(node_network_receive_errs_total[1m]) + rate(node_network_transmit_errs_total[1m])) by (instance)": 0, "network_errors": 0, "kubernetes_prometheus_rules": "kubernetes_prometheus_rules", "add_security_context": "add_security_context", "delay_treatment": "delay_treatment"}, {"instance": "kube-prometheus-prometheus-node-exporter.oxn-external-monitoring.svc:9100", "timestamp": 1737549957.989, "sum(rate(node_network_receive_errs_total[1m]) + rate(node_network_transmit_errs_total[1m])) by (instance)": 0, "network_errors": 0, "kubernetes_prometheus_rules": "kubernetes_prometheus_rules", "add_security_context": "add_security_context", "delay_treatment": "delay_treatment"}, {"instance": "kube-prometheus-prometheus-node-exporter.oxn-external-monitoring.svc:9100", "timestamp": 1737549958.989, "sum(rate(node_network_receive_errs_total[1m]) + rate(node_network_transmit_errs_total[1m])) by (instance)": 0, "network_errors": 0, "kubernetes_prometheus_rules": "kubernetes_prometheus_rules", "add_security_context": "add_security_context", "delay_treatment": "delay_treatment"}, {"instance": "kube-prometheus-prometheus-node-exporter.oxn-external-monitoring.svc:9100", "timestamp": 1737549959.989, "sum(rate(node_network_receive_errs_total[1m]) + rate(node_network_transmit_errs_total[1m])) by (instance)": 0, "network_errors": 0, "kubernetes_prometheus_rules": "kubernetes_prometheus_rules", "add_security_context": "add_security_context", "delay_treatment": "delay_treatment"}, {"instance": "kube-prometheus-prometheus-node-exporter.oxn-external-monitoring.svc:9100", "timestamp": 1737549960.989, "sum(rate(node_network_receive_errs_total[1m]) + rate(node_network_transmit_errs_total[1m])) by (instance)": 0, "network_errors": 0, "kubernetes_prometheus_rules": "kubernetes_prometheus_rules", "add_security_context": "add_security_context", "delay_treatment": "delay_treatment"}, {"instance": "kube-prometheus-prometheus-node-exporter.oxn-external-monitoring.svc:9100", "timestamp": 1737549961.989, "sum(rate(node_network_receive_errs_total[1m]) + rate(node_network_transmit_errs_total[1m])) by (instance)": 0, "network_errors": 0, "kubernetes_prometheus_rules": "kubernetes_prometheus_rules", "add_security_context": "add_security_context", "delay_treatment": "delay_treatment"}, {"instance": "kube-prometheus-prometheus-node-exporter.oxn-external-monitoring.svc:9100", "timestamp": 1737549962.989, "sum(rate(node_network_receive_errs_total[1m]) + rate(node_network_transmit_errs_total[1m])) by (instance)": 0, "network_errors": 0, "kubernetes_prometheus_rules": "kubernetes_prometheus_rules", "add_security_context": "add_security_context", "delay_treatment": "delay_treatment"}, {"instance": "kube-prometheus-prometheus-node-exporter.oxn-external-monitoring.svc:9100", "timestamp": 1737549963.989, "sum(rate(node_network_receive_errs_total[1m]) + rate(node_network_transmit_errs_total[1m])) by (instance)": 0, "network_errors": 0, "kubernetes_prometheus_rules": "kubernetes_prometheus_rules", "add_security_context": "add_security_context", "delay_treatment": "delay_treatment"}, {"instance": "kube-prometheus-prometheus-node-exporter.oxn-external-monitoring.svc:9100", "timestamp": 1737549964.989, "sum(rate(node_network_receive_errs_total[1m]) + rate(node_network_transmit_errs_total[1m])) by (instance)": 0, "network_errors": 0, "kubernetes_prometheus_rules": "kubernetes_prometheus_rules", "add_security_context": "add_security_context", "delay_treatment": "delay_treatment"}, {"instance": "kube-prometheus-prometheus-node-exporter.oxn-external-monitoring.svc:9100", "timestamp": 1737549965.989, "sum(rate(node_network_receive_errs_total[1m]) + rate(node_network_transmit_errs_total[1m])) by (instance)": 0, "network_errors": 0, "kubernetes_prometheus_rules": "kubernetes_prometheus_rules", "add_security_context": "add_security_context", "delay_treatment": "delay_treatment"}, {"instance": "kube-prometheus-prometheus-node-exporter.oxn-external-monitoring.svc:9100", "timestamp": 1737549966.989, "sum(rate(node_network_receive_errs_total[1m]) + rate(node_network_transmit_errs_total[1m])) by (instance)": 0, "network_errors": 0, "kubernetes_prometheus_rules": "kubernetes_prometheus_rules", "add_security_context": "add_security_context", "delay_treatment": "delay_treatment"}, {"instance": "kube-prometheus-prometheus-node-exporter.oxn-external-monitoring.svc:9100", "timestamp": 1737549967.989, "sum(rate(node_network_receive_errs_total[1m]) + rate(node_network_transmit_errs_total[1m])) by (instance)": 0, "network_errors": 0, "kubernetes_prometheus_rules": "kubernetes_prometheus_rules", "add_security_context": "add_security_context", "delay_treatment": "delay_treatment"}, {"instance": "kube-prometheus-prometheus-node-exporter.oxn-external-monitoring.svc:9100", "timestamp": 1737549968.989, "sum(rate(node_network_receive_errs_total[1m]) + rate(node_network_transmit_errs_total[1m])) by (instance)": 0, "network_errors": 0, "kubernetes_prometheus_rules": "kubernetes_prometheus_rules", "add_security_context": "add_security_context", "delay_treatment": "delay_treatment"}, {"instance": "kube-prometheus-prometheus-node-exporter.oxn-external-monitoring.svc:9100", "timestamp": 1737549969.989, "sum(rate(node_network_receive_errs_total[1m]) + rate(node_network_transmit_errs_total[1m])) by (instance)": 0, "network_errors": 0, "kubernetes_prometheus_rules": "kubernetes_prometheus_rules", "add_security_context": "add_security_context", "delay_treatment": "delay_treatment"}, {"instance": "kube-prometheus-prometheus-node-exporter.oxn-external-monitoring.svc:9100", "timestamp": 1737549970.989, "sum(rate(node_network_receive_errs_total[1m]) + rate(node_network_transmit_errs_total[1m])) by (instance)": 0, "network_errors": 0, "kubernetes_prometheus_rules": "kubernetes_prometheus_rules", "add_security_context": "add_security_context", "delay_treatment": "delay_treatment"}, {"instance": "kube-prometheus-prometheus-node-exporter.oxn-external-monitoring.svc:9100", "timestamp": 1737549971.989, "sum(rate(node_network_receive_errs_total[1m]) + rate(node_network_transmit_errs_total[1m])) by (instance)": 0, "network_errors": 0, "kubernetes_prometheus_rules": "kubernetes_prometheus_rules", "add_security_context": "add_security_context", "delay_treatment": "delay_treatment"}, {"instance": "kube-prometheus-prometheus-node-exporter.oxn-external-monitoring.svc:9100", "timestamp": 1737549972.989, "sum(rate(node_network_receive_errs_total[1m]) + rate(node_network_transmit_errs_total[1m])) by (instance)": 0, "network_errors": 0, "kubernetes_prometheus_rules": "kubernetes_prometheus_rules", "add_security_context": "add_security_context", "delay_treatment": "delay_treatment"}, {"instance": "kube-prometheus-prometheus-node-exporter.oxn-external-monitoring.svc:9100", "timestamp": 1737549973.989, "sum(rate(node_network_receive_errs_total[1m]) + rate(node_network_transmit_errs_total[1m])) by (instance)": 0, "network_errors": 0, "kubernetes_prometheus_rules": "kubernetes_prometheus_rules", "add_security_context": "add_security_context", "delay_treatment": "delay_treatment"}, {"instance": "kube-prometheus-prometheus-node-exporter.oxn-external-monitoring.svc:9100", "timestamp": 1737549974.989, "sum(rate(node_network_receive_errs_total[1m]) + rate(node_network_transmit_errs_total[1m])) by (instance)": 0, "network_errors": 0, "kubernetes_prometheus_rules": "kubernetes_prometheus_rules", "add_security_context": "add_security_context", "delay_treatment": "delay_treatment"}, {"instance": "kube-prometheus-prometheus-node-exporter.oxn-external-monitoring.svc:9100", "timestamp": 1737549975.989, "sum(rate(node_network_receive_errs_total[1m]) + rate(node_network_transmit_errs_total[1m])) by (instance)": 0, "network_errors": 0, "kubernetes_prometheus_rules": "kubernetes_prometheus_rules", "add_security_context": "add_security_context", "delay_treatment": "delay_treatment"}, {"instance": "kube-prometheus-prometheus-node-exporter.oxn-external-monitoring.svc:9100", "timestamp": 1737549976.989, "sum(rate(node_network_receive_errs_total[1m]) + rate(node_network_transmit_errs_total[1m])) by (instance)": 0, "network_errors": 0, "kubernetes_prometheus_rules": "kubernetes_prometheus_rules", "add_security_context": "add_security_context", "delay_treatment": "delay_treatment"}, {"instance": "kube-prometheus-prometheus-node-exporter.oxn-external-monitoring.svc:9100", "timestamp": 1737549977.989, "sum(rate(node_network_receive_errs_total[1m]) + rate(node_network_transmit_errs_total[1m])) by (instance)": 0, "network_errors": 0, "kubernetes_prometheus_rules": "kubernetes_prometheus_rules", "add_security_context": "add_security_context", "delay_treatment": "delay_treatment"}, {"instance": "kube-prometheus-prometheus-node-exporter.oxn-external-monitoring.svc:9100", "timestamp": 1737549978.989, "sum(rate(node_network_receive_errs_total[1m]) + rate(node_network_transmit_errs_total[1m])) by (instance)": 0, "network_errors": 0, "kubernetes_prometheus_rules": "kubernetes_prometheus_rules", "add_security_context": "add_security_context", "delay_treatment": "delay_treatment"}, {"instance": "kube-prometheus-prometheus-node-exporter.oxn-external-monitoring.svc:9100", "timestamp": 1737549979.989, "sum(rate(node_network_receive_errs_total[1m]) + rate(node_network_transmit_errs_total[1m])) by (instance)": 0, "network_errors": 0, "kubernetes_prometheus_rules": "kubernetes_prometheus_rules", "add_security_context": "add_security_context", "delay_treatment": "delay_treatment"}, {"instance": "kube-prometheus-prometheus-node-exporter.oxn-external-monitoring.svc:9100", "timestamp": 1737549980.989, "sum(rate(node_network_receive_errs_total[1m]) + rate(node_network_transmit_errs_total[1m])) by (instance)": 0, "network_errors": 0, "kubernetes_prometheus_rules": "kubernetes_prometheus_rules", "add_security_context": "add_security_context", "delay_treatment": "delay_treatment"}, {"instance": "kube-prometheus-prometheus-node-exporter.oxn-external-monitoring.svc:9100", "timestamp": 1737549981.989, "sum(rate(node_network_receive_errs_total[1m]) + rate(node_network_transmit_errs_total[1m])) by (instance)": 0, "network_errors": 0, "kubernetes_prometheus_rules": "kubernetes_prometheus_rules", "add_security_context": "add_security_context", "delay_treatment": "delay_treatment"}, {"instance": "kube-prometheus-prometheus-node-exporter.oxn-external-monitoring.svc:9100", "timestamp": 1737549982.989, "sum(rate(node_network_receive_errs_total[1m]) + rate(node_network_transmit_errs_total[1m])) by (instance)": 0, "network_errors": 0, "kubernetes_prometheus_rules": "kubernetes_prometheus_rules", "add_security_context": "add_security_context", "delay_treatment": "delay_treatment"}, {"instance": "kube-prometheus-prometheus-node-exporter.oxn-external-monitoring.svc:9100", "timestamp": 1737549983.989, "sum(rate(node_network_receive_errs_total[1m]) + rate(node_network_transmit_errs_total[1m])) by (instance)": 0, "network_errors": 0, "kubernetes_prometheus_rules": "kubernetes_prometheus_rules", "add_security_context": "add_security_context", "delay_treatment": "delay_treatment"}, {"instance": "kube-prometheus-prometheus-node-exporter.oxn-external-monitoring.svc:9100", "timestamp": 1737549984.989, "sum(rate(node_network_receive_errs_total[1m]) + rate(node_network_transmit_errs_total[1m])) by (instance)": 0, "network_errors": 0, "kubernetes_prometheus_rules": "kubernetes_prometheus_rules", "add_security_context": "add_security_context", "delay_treatment": "delay_treatment"}, {"instance": "kube-prometheus-prometheus-node-exporter.oxn-external-monitoring.svc:9100", "timestamp": 1737549985.989, "sum(rate(node_network_receive_errs_total[1m]) + rate(node_network_transmit_errs_total[1m])) by (instance)": 0, "network_errors": 0, "kubernetes_prometheus_rules": "kubernetes_prometheus_rules", "add_security_context": "add_security_context", "delay_treatment": "delay_treatment"}, {"instance": "kube-prometheus-prometheus-node-exporter.oxn-external-monitoring.svc:9100", "timestamp": 1737549986.989, "sum(rate(node_network_receive_errs_total[1m]) + rate(node_network_transmit_errs_total[1m])) by (instance)": 0, "network_errors": 0, "kubernetes_prometheus_rules": "kubernetes_prometheus_rules", "add_security_context": "add_security_context", "delay_treatment": "delay_treatment"}, {"instance": "kube-prometheus-prometheus-node-exporter.oxn-external-monitoring.svc:9100", "timestamp": 1737549987.989, "sum(rate(node_network_receive_errs_total[1m]) + rate(node_network_transmit_errs_total[1m])) by (instance)": 0, "network_errors": 0, "kubernetes_prometheus_rules": "NoTreatment", "add_security_context": "NoTreatment", "delay_treatment": "NoTreatment"}, {"instance": "kube-prometheus-prometheus-node-exporter.oxn-external-monitoring.svc:9100", "timestamp": 1737549988.989, "sum(rate(node_network_receive_errs_total[1m]) + rate(node_network_transmit_errs_total[1m])) by (instance)": 0, "network_errors": 0, "kubernetes_prometheus_rules": "NoTreatment", "add_security_context": "NoTreatment", "delay_treatment": "NoTreatment"}, {"instance": "kube-prometheus-prometheus-node-exporter.oxn-external-monitoring.svc:9100", "timestamp": 1737549989.989, "sum(rate(node_network_receive_errs_total[1m]) + rate(node_network_transmit_errs_total[1m])) by (instance)": 0, "network_errors": 0, "kubernetes_prometheus_rules": "NoTreatment", "add_security_context": "NoTreatment", "delay_treatment": "NoTreatment"}, {"instance": "kube-prometheus-prometheus-node-exporter.oxn-external-monitoring.svc:9100", "timestamp": 1737549990.989, "sum(rate(node_network_receive_errs_total[1m]) + rate(node_network_transmit_errs_total[1m])) by (instance)": 0, "network_errors": 0, "kubernetes_prometheus_rules": "NoTreatment", "add_security_context": "NoTreatment", "delay_treatment": "NoTreatment"}, {"instance": "kube-prometheus-prometheus-node-exporter.oxn-external-monitoring.svc:9100", "timestamp": 1737549991.989, "sum(rate(node_network_receive_errs_total[1m]) + rate(node_network_transmit_errs_total[1m])) by (instance)": 0, "network_errors": 0, "kubernetes_prometheus_rules": "NoTreatment", "add_security_context": "NoTreatment", "delay_treatment": "NoTreatment"}, {"instance": "kube-prometheus-prometheus-node-exporter.oxn-external-monitoring.svc:9100", "timestamp": 1737549992.989, "sum(rate(node_network_receive_errs_total[1m]) + rate(node_network_transmit_errs_total[1m])) by (instance)": 0, "network_errors": 0, "kubernetes_prometheus_rules": "NoTreatment", "add_security_context": "NoTreatment", "delay_treatment": "NoTreatment"}, {"instance": "kube-prometheus-prometheus-node-exporter.oxn-external-monitoring.svc:9100", "timestamp": 1737549993.989, "sum(rate(node_network_receive_errs_total[1m]) + rate(node_network_transmit_errs_total[1m])) by (instance)": 0, "network_errors": 0, "kubernetes_prometheus_rules": "NoTreatment", "add_security_context": "NoTreatment", "delay_treatment": "NoTreatment"}, {"instance": "kube-prometheus-prometheus-node-exporter.oxn-external-monitoring.svc:9100", "timestamp": 1737549994.989, "sum(rate(node_network_receive_errs_total[1m]) + rate(node_network_transmit_errs_total[1m])) by (instance)": 0, "network_errors": 0, "kubernetes_prometheus_rules": "NoTreatment", "add_security_context": "NoTreatment", "delay_treatment": "NoTreatment"}, {"instance": "kube-prometheus-prometheus-node-exporter.oxn-external-monitoring.svc:9100", "timestamp": 1737549995.989, "sum(rate(node_network_receive_errs_total[1m]) + rate(node_network_transmit_errs_total[1m])) by (instance)": 0, "network_errors": 0, "kubernetes_prometheus_rules": "NoTreatment", "add_security_context": "NoTreatment", "delay_treatment": "NoTreatment"}, {"instance": "kube-prometheus-prometheus-node-exporter.oxn-external-monitoring.svc:9100", "timestamp": 1737549996.989, "sum(rate(node_network_receive_errs_total[1m]) + rate(node_network_transmit_errs_total[1m])) by (instance)": 0, "network_errors": 0, "kubernetes_prometheus_rules": "NoTreatment", "add_security_context": "NoTreatment", "delay_treatment": "NoTreatment"}]