{"id": "6", "name": "big_6", "status": "COMPLETED", "created_at": "2025-01-22T12:04:53.151687", "started_at": null, "completed_at": null, "error_message": null, "spec": {"experiment": {"name": "latest", "version": "0.0.1", "orchestrator": "kubernetes", "services": {"jaeger": {"name": "astronomy-shop-jaeger-query", "namespace": "system-under-evaluation"}, "prometheus": [{"name": "astronomy-shop-prometheus-server", "namespace": "system-under-evaluation", "target": "sue"}, {"name": "kube-prometheus-kube-prome-prometheus", "namespace": "oxn-external-monitoring", "target": "oxn"}]}, "responses": [{"name": "accountingservice_traces", "type": "trace", "service_name": "accountingservice", "left_window": "10s", "right_window": "10s", "limit": 1499}, {"name": "flagd_traces", "type": "trace", "service_name": "flagd", "left_window": "10s", "right_window": "10s", "limit": 1499}, {"name": "adservice_traces", "type": "trace", "service_name": "adservice", "left_window": "10s", "right_window": "10s", "limit": 1499}, {"name": "cartservice_traces", "type": "trace", "service_name": "cartservice", "left_window": "10s", "right_window": "10s", "limit": 1499}, {"name": "checkoutservice_traces", "type": "trace", "service_name": "checkoutservice", "left_window": "10s", "right_window": "10s", "limit": 1499}, {"name": "currencyservice_traces", "type": "trace", "service_name": "currencyservice", "left_window": "10s", "right_window": "10s", "limit": 1499}, {"name": "emailservice_traces", "type": "trace", "service_name": "emailservice", "left_window": "10s", "right_window": "10s", "limit": 1499}, {"name": "featureflagservice_traces", "type": "trace", "service_name": "featureflagservice", "left_window": "10s", "right_window": "10s", "limit": 1499}, {"name": "ffspostgres_traces", "type": "trace", "service_name": "ffspostgres", "left_window": "10s", "right_window": "10s", "limit": 1499}, {"name": "frontendproxy_traces", "type": "trace", "service_name": "frontendproxy", "left_window": "10s", "right_window": "10s", "limit": 1499}, {"name": "frauddetectionservice_traces", "type": "trace", "service_name": "frauddetectionservice", "left_window": "10s", "right_window": "10s", "limit": 1499}, {"name": "frontend_traces", "type": "trace", "service_name": "frontend", "left_window": "10s", "right_window": "10s", "limit": 1499}, {"name": "grafana_traces", "type": "trace", "service_name": "grafana", "left_window": "10s", "right_window": "10s", "limit": 1499}, {"name": "kafka_traces", "type": "trace", "service_name": "kafka", "left_window": "10s", "right_window": "10s", "limit": 1499}, {"name": "otelcollector_traces", "type": "trace", "service_name": "otelcollector", "left_window": "10s", "right_window": "10s", "limit": 1499}, {"name": "paymentservice_traces", "type": "trace", "service_name": "paymentservice", "left_window": "10s", "right_window": "10s", "limit": 1499}, {"name": "producatalogservice_traces", "type": "trace", "service_name": "producatalogservice", "left_window": "10s", "right_window": "10s", "limit": 1499}, {"name": "quoteservice_traces", "type": "trace", "service_name": "quoteservice", "left_window": "10s", "right_window": "10s", "limit": 1499}, {"name": "recommendationservice_traces", "type": "trace", "service_name": "recommendationservice", "left_window": "10s", "right_window": "10s", "limit": 1499}, {"name": "shippingservice_traces", "type": "trace", "service_name": "shippingservice", "left_window": "10s", "right_window": "10s", "limit": 1499}, {"name": "system_CPU", "type": "metric", "metric_name": "sum(rate(container_cpu_usage_seconds_total{namespace=\"system-under-evaluation\"}[1m]))", "left_window": "10s", "right_window": "10s", "step": 1, "target": "oxn"}, {"name": "recommendation_deployment_CPU", "type": "metric", "metric_name": "sum(rate(container_cpu_usage_seconds_total{namespace=\"system-under-evaluation\", pod=~\"astronomy-shop-recommendationservice.*\"}[90s])) by (pod)", "left_window": "10s", "right_window": "10s", "step": 1, "target": "oxn"}, {"name": "frontend_http_latency", "type": "metric", "metric_name": "histogram_quantile(0.95, sum(rate(http_server_duration_milliseconds_bucket{job=\"opentelemetry-demo/frontend\"}[90s])) by (http_method, http_status_code, le))", "left_window": "10s", "right_window": "10s", "step": 1, "target": "sue"}, {"name": "cart_service_latency", "type": "metric", "metric_name": "histogram_quantile(0.95, sum(rate(http_server_request_duration_seconds_bucket{job=\"opentelemetry-demo/cartservice\"}[90s])) by (http_route, le)) * 1000", "left_window": "10s", "right_window": "10s", "step": 1, "target": "sue"}, {"name": "product_catalog_latency", "type": "metric", "metric_name": "histogram_quantile(0.95, sum(rate(rpc_server_duration_milliseconds_bucket{job=\"opentelemetry-demo/productcatalogservice\"}[90s])) by (rpc_method, le))", "left_window": "10s", "right_window": "10s", "step": 1, "target": "sue"}, {"name": "pod_status", "type": "metric", "metric_name": "sum by (phase) (kube_pod_status_phase{namespace=\"system-under-evaluation\"})", "left_window": "10s", "right_window": "10s", "step": 1, "target": "sue"}, {"name": "pod_restarts", "type": "metric", "metric_name": "sum(kube_pod_container_status_restarts_total{namespace=\"system-under-evaluation\"})", "left_window": "10s", "right_window": "10s", "step": 1, "target": "sue"}, {"name": "terminated_pods", "type": "metric", "metric_name": "sum(kube_pod_container_status_terminated{namespace=\"system-under-evaluation\"})", "left_window": "10s", "right_window": "10s", "step": 1, "target": "sue"}, {"name": "failed_spans", "type": "metric", "metric_name": "sum(rate(otelcol_exporter_send_failed_spans[1m]))", "left_window": "10s", "right_window": "10s", "step": 1, "target": "sue"}, {"name": "network_bytes", "type": "metric", "metric_name": "sum(rate(node_network_receive_bytes_total[1m]) + rate(node_network_transmit_bytes_total[1m])) by (instance)", "left_window": "10s", "right_window": "10s", "step": 1, "target": "sue"}, {"name": "network_drops", "type": "metric", "metric_name": "sum(rate(node_network_receive_drop_total[1m]) + rate(node_network_transmit_drop_total[1m])) by (instance)", "left_window": "10s", "right_window": "10s", "step": 1, "target": "sue"}, {"name": "network_errors", "type": "metric", "metric_name": "sum(rate(node_network_receive_errs_total[1m]) + rate(node_network_transmit_errs_total[1m])) by (instance)", "left_window": "10s", "right_window": "10s", "step": 1, "target": "sue"}, {"name": "tcp_retransmissions", "type": "metric", "metric_name": "sum(rate(node_netstat_Tcp_RetransSegs[1m])) by (instance)", "left_window": "10s", "right_window": "10s", "step": 1, "target": "sue"}, {"name": "tcp_udp_errors", "type": "metric", "metric_name": "sum(rate(node_netstat_Tcp_InErrs[1m]) + rate(node_netstat_Udp_InErrors[1m])) by (instance)", "left_window": "10s", "right_window": "10s", "step": 1, "target": "sue"}, {"name": "node_load", "type": "metric", "metric_name": "node_load1", "left_window": "10s", "right_window": "10s", "step": 1, "target": "sue"}, {"name": "memory_available", "type": "metric", "metric_name": "node_memory_MemAvailable_bytes", "left_window": "10s", "right_window": "10s", "step": 1, "target": "sue"}, {"name": "cpu_usage", "type": "metric", "metric_name": "sum(rate(node_cpu_seconds_total{mode!=\"idle\"}[1m])) by (instance)", "left_window": "10s", "right_window": "10s", "step": 1, "target": "sue"}, {"name": "tcp_connections", "type": "metric", "metric_name": "node_netstat_Tcp_CurrEstab", "left_window": "10s", "right_window": "10s", "step": 1, "target": "sue"}], "treatments": [{"kubernetes_prometheus_rules": {"action": "kubernetes_prometheus_rules", "params": {"latency_threshold": 200.0, "evaluation_window": "60s"}}}, {"add_security_context": {"action": "security_context_kubernetes", "params": {"namespace": "system-under-evaluation", "label_selector": "app.kubernetes.io/component", "label": "recommendationservice", "capabilities": {"add": ["NET_ADMIN"]}}}}, {"delay_treatment": {"action": "delay", "params": {"namespace": "system-under-evaluation", "label_selector": "app.kubernetes.io/name", "label": "astronomy-shop-recommendationservice", "delay_time": "120ms", "delay_jitter": "120ms", "duration": "3m", "interface": "eth0"}}}], "sue": {"compose": "opentelemetry-demo/docker-compose.yml", "exclude": ["loadgenerator"], "required": [{"namespace": "system-under-evaluation", "name": "astronomy-shop-prometheus-server"}]}, "loadgen": {"run_time": "5m", "max_users": 650, "spawn_rate": 50, "locust_files": ["/backend/locust/locust_basic_interaction.py", "/backend/locust/locust_otel_demo.py"], "target": {"name": "astronomy-shop-frontendproxy", "namespace": "system-under-evaluation", "port": 8080}}}}}