[{"instance": "kube-prometheus-prometheus-node-exporter.oxn-external-monitoring.svc:9100", "timestamp": 1737550550.447, "sum(rate(node_cpu_seconds_total{mode!=\"idle\"}[1m])) by (instance)": 93.84170695816691, "cpu_usage": 93.84170695816691, "kubernetes_prometheus_rules": "kubernetes_prometheus_rules", "add_security_context": "NoTreatment", "delay_treatment": "NoTreatment"}, {"instance": "kube-prometheus-prometheus-node-exporter.oxn-external-monitoring.svc:9100", "timestamp": 1737550551.447, "sum(rate(node_cpu_seconds_total{mode!=\"idle\"}[1m])) by (instance)": 102.8358037017126, "cpu_usage": 102.8358037017126, "kubernetes_prometheus_rules": "kubernetes_prometheus_rules", "add_security_context": "NoTreatment", "delay_treatment": "NoTreatment"}, {"instance": "kube-prometheus-prometheus-node-exporter.oxn-external-monitoring.svc:9100", "timestamp": 1737550552.447, "sum(rate(node_cpu_seconds_total{mode!=\"idle\"}[1m])) by (instance)": 102.8358037017126, "cpu_usage": 102.8358037017126, "kubernetes_prometheus_rules": "kubernetes_prometheus_rules", "add_security_context": "NoTreatment", "delay_treatment": "NoTreatment"}, {"instance": "kube-prometheus-prometheus-node-exporter.oxn-external-monitoring.svc:9100", "timestamp": 1737550553.447, "sum(rate(node_cpu_seconds_total{mode!=\"idle\"}[1m])) by (instance)": 93.84450984514051, "cpu_usage": 93.84450984514051, "kubernetes_prometheus_rules": "kubernetes_prometheus_rules", "add_security_context": "NoTreatment", "delay_treatment": "NoTreatment"}, {"instance": "kube-prometheus-prometheus-node-exporter.oxn-external-monitoring.svc:9100", "timestamp": 1737550554.447, "sum(rate(node_cpu_seconds_total{mode!=\"idle\"}[1m])) by (instance)": 93.84450984514051, "cpu_usage": 93.84450984514051, "kubernetes_prometheus_rules": "kubernetes_prometheus_rules", "add_security_context": "NoTreatment", "delay_treatment": "NoTreatment"}, {"instance": "kube-prometheus-prometheus-node-exporter.oxn-external-monitoring.svc:9100", "timestamp": 1737550555.447, "sum(rate(node_cpu_seconds_total{mode!=\"idle\"}[1m])) by (instance)": 93.84450984514051, "cpu_usage": 93.84450984514051, "kubernetes_prometheus_rules": "kubernetes_prometheus_rules", "add_security_context": "NoTreatment", "delay_treatment": "NoTreatment"}, {"instance": "kube-prometheus-prometheus-node-exporter.oxn-external-monitoring.svc:9100", "timestamp": 1737550556.447, "sum(rate(node_cpu_seconds_total{mode!=\"idle\"}[1m])) by (instance)": 102.84252361569771, "cpu_usage": 102.84252361569771, "kubernetes_prometheus_rules": "kubernetes_prometheus_rules", "add_security_context": "NoTreatment", "delay_treatment": "NoTreatment"}, {"instance": "kube-prometheus-prometheus-node-exporter.oxn-external-monitoring.svc:9100", "timestamp": 1737550557.447, "sum(rate(node_cpu_seconds_total{mode!=\"idle\"}[1m])) by (instance)": 102.84252361569771, "cpu_usage": 102.84252361569771, "kubernetes_prometheus_rules": "kubernetes_prometheus_rules", "add_security_context": "NoTreatment", "delay_treatment": "NoTreatment"}, {"instance": "kube-prometheus-prometheus-node-exporter.oxn-external-monitoring.svc:9100", "timestamp": 1737550558.447, "sum(rate(node_cpu_seconds_total{mode!=\"idle\"}[1m])) by (instance)": 93.84906453647257, "cpu_usage": 93.84906453647257, "kubernetes_prometheus_rules": "kubernetes_prometheus_rules", "add_security_context": "NoTreatment", "delay_treatment": "NoTreatment"}, {"instance": "kube-prometheus-prometheus-node-exporter.oxn-external-monitoring.svc:9100", "timestamp": 1737550559.447, "sum(rate(node_cpu_seconds_total{mode!=\"idle\"}[1m])) by (instance)": 93.84906453647257, "cpu_usage": 93.84906453647257, "kubernetes_prometheus_rules": "kubernetes_prometheus_rules", "add_security_context": "NoTreatment", "delay_treatment": "NoTreatment"}, {"instance": "kube-prometheus-prometheus-node-exporter.oxn-external-monitoring.svc:9100", "timestamp": 1737550560.447, "sum(rate(node_cpu_seconds_total{mode!=\"idle\"}[1m])) by (instance)": 93.84906453647257, "cpu_usage": 93.84906453647257, "kubernetes_prometheus_rules": "kubernetes_prometheus_rules", "add_security_context": "add_security_context", "delay_treatment": "NoTreatment"}, {"instance": "kube-prometheus-prometheus-node-exporter.oxn-external-monitoring.svc:9100", "timestamp": 1737550561.447, "sum(rate(node_cpu_seconds_total{mode!=\"idle\"}[1m])) by (instance)": 102.84655556408877, "cpu_usage": 102.84655556408877, "kubernetes_prometheus_rules": "kubernetes_prometheus_rules", "add_security_context": "add_security_context", "delay_treatment": "delay_treatment"}, {"instance": "kube-prometheus-prometheus-node-exporter.oxn-external-monitoring.svc:9100", "timestamp": 1737550562.447, "sum(rate(node_cpu_seconds_total{mode!=\"idle\"}[1m])) by (instance)": 102.84655556408877, "cpu_usage": 102.84655556408877, "kubernetes_prometheus_rules": "kubernetes_prometheus_rules", "add_security_context": "add_security_context", "delay_treatment": "delay_treatment"}, {"instance": "kube-prometheus-prometheus-node-exporter.oxn-external-monitoring.svc:9100", "timestamp": 1737550563.447, "sum(rate(node_cpu_seconds_total{mode!=\"idle\"}[1m])) by (instance)": 93.93157452175743, "cpu_usage": 93.93157452175743, "kubernetes_prometheus_rules": "kubernetes_prometheus_rules", "add_security_context": "add_security_context", "delay_treatment": "delay_treatment"}, {"instance": "kube-prometheus-prometheus-node-exporter.oxn-external-monitoring.svc:9100", "timestamp": 1737550564.447, "sum(rate(node_cpu_seconds_total{mode!=\"idle\"}[1m])) by (instance)": 93.93157452175743, "cpu_usage": 93.93157452175743, "kubernetes_prometheus_rules": "kubernetes_prometheus_rules", "add_security_context": "add_security_context", "delay_treatment": "delay_treatment"}, {"instance": "kube-prometheus-prometheus-node-exporter.oxn-external-monitoring.svc:9100", "timestamp": 1737550565.447, "sum(rate(node_cpu_seconds_total{mode!=\"idle\"}[1m])) by (instance)": 93.93157452175743, "cpu_usage": 93.93157452175743, "kubernetes_prometheus_rules": "kubernetes_prometheus_rules", "add_security_context": "add_security_context", "delay_treatment": "delay_treatment"}, {"instance": "kube-prometheus-prometheus-node-exporter.oxn-external-monitoring.svc:9100", "timestamp": 1737550566.447, "sum(rate(node_cpu_seconds_total{mode!=\"idle\"}[1m])) by (instance)": 102.93660241148913, "cpu_usage": 102.93660241148913, "kubernetes_prometheus_rules": "kubernetes_prometheus_rules", "add_security_context": "add_security_context", "delay_treatment": "delay_treatment"}, {"instance": "kube-prometheus-prometheus-node-exporter.oxn-external-monitoring.svc:9100", "timestamp": 1737550567.447, "sum(rate(node_cpu_seconds_total{mode!=\"idle\"}[1m])) by (instance)": 102.93660241148913, "cpu_usage": 102.93660241148913, "kubernetes_prometheus_rules": "kubernetes_prometheus_rules", "add_security_context": "add_security_context", "delay_treatment": "delay_treatment"}, {"instance": "kube-prometheus-prometheus-node-exporter.oxn-external-monitoring.svc:9100", "timestamp": 1737550568.447, "sum(rate(node_cpu_seconds_total{mode!=\"idle\"}[1m])) by (instance)": 94.08065307266484, "cpu_usage": 94.08065307266484, "kubernetes_prometheus_rules": "kubernetes_prometheus_rules", "add_security_context": "add_security_context", "delay_treatment": "delay_treatment"}, {"instance": "kube-prometheus-prometheus-node-exporter.oxn-external-monitoring.svc:9100", "timestamp": 1737550569.447, "sum(rate(node_cpu_seconds_total{mode!=\"idle\"}[1m])) by (instance)": 94.08065307266484, "cpu_usage": 94.08065307266484, "kubernetes_prometheus_rules": "kubernetes_prometheus_rules", "add_security_context": "add_security_context", "delay_treatment": "delay_treatment"}, {"instance": "kube-prometheus-prometheus-node-exporter.oxn-external-monitoring.svc:9100", "timestamp": 1737550570.447, "sum(rate(node_cpu_seconds_total{mode!=\"idle\"}[1m])) by (instance)": 94.08065307266484, "cpu_usage": 94.08065307266484, "kubernetes_prometheus_rules": "kubernetes_prometheus_rules", "add_security_context": "add_security_context", "delay_treatment": "delay_treatment"}, {"instance": "kube-prometheus-prometheus-node-exporter.oxn-external-monitoring.svc:9100", "timestamp": 1737550571.447, "sum(rate(node_cpu_seconds_total{mode!=\"idle\"}[1m])) by (instance)": 0.3928263208333305, "cpu_usage": 0.3928263208333305, "kubernetes_prometheus_rules": "kubernetes_prometheus_rules", "add_security_context": "add_security_context", "delay_treatment": "delay_treatment"}, {"instance": "kube-prometheus-prometheus-node-exporter.oxn-external-monitoring.svc:9100", "timestamp": 1737550572.447, "sum(rate(node_cpu_seconds_total{mode!=\"idle\"}[1m])) by (instance)": 0.4013721541666637, "cpu_usage": 0.4013721541666637, "kubernetes_prometheus_rules": "kubernetes_prometheus_rules", "add_security_context": "add_security_context", "delay_treatment": "delay_treatment"}, {"instance": "kube-prometheus-prometheus-node-exporter.oxn-external-monitoring.svc:9100", "timestamp": 1737550573.447, "sum(rate(node_cpu_seconds_total{mode!=\"idle\"}[1m])) by (instance)": 0.5319007333333318, "cpu_usage": 0.5319007333333318, "kubernetes_prometheus_rules": "kubernetes_prometheus_rules", "add_security_context": "add_security_context", "delay_treatment": "delay_treatment"}, {"instance": "kube-prometheus-prometheus-node-exporter.oxn-external-monitoring.svc:9100", "timestamp": 1737550574.447, "sum(rate(node_cpu_seconds_total{mode!=\"idle\"}[1m])) by (instance)": 0.5429896222222207, "cpu_usage": 0.5429896222222207, "kubernetes_prometheus_rules": "kubernetes_prometheus_rules", "add_security_context": "add_security_context", "delay_treatment": "delay_treatment"}, {"instance": "kube-prometheus-prometheus-node-exporter.oxn-external-monitoring.svc:9100", "timestamp": 1737550575.447, "sum(rate(node_cpu_seconds_total{mode!=\"idle\"}[1m])) by (instance)": 0.5540785111111094, "cpu_usage": 0.5540785111111094, "kubernetes_prometheus_rules": "kubernetes_prometheus_rules", "add_security_context": "add_security_context", "delay_treatment": "delay_treatment"}, {"instance": "kube-prometheus-prometheus-node-exporter.oxn-external-monitoring.svc:9100", "timestamp": 1737550576.447, "sum(rate(node_cpu_seconds_total{mode!=\"idle\"}[1m])) by (instance)": 0.5651673999999983, "cpu_usage": 0.5651673999999983, "kubernetes_prometheus_rules": "kubernetes_prometheus_rules", "add_security_context": "add_security_context", "delay_treatment": "delay_treatment"}, {"instance": "kube-prometheus-prometheus-node-exporter.oxn-external-monitoring.svc:9100", "timestamp": 1737550577.447, "sum(rate(node_cpu_seconds_total{mode!=\"idle\"}[1m])) by (instance)": 0.5762562888888872, "cpu_usage": 0.5762562888888872, "kubernetes_prometheus_rules": "kubernetes_prometheus_rules", "add_security_context": "add_security_context", "delay_treatment": "delay_treatment"}, {"instance": "kube-prometheus-prometheus-node-exporter.oxn-external-monitoring.svc:9100", "timestamp": 1737550578.447, "sum(rate(node_cpu_seconds_total{mode!=\"idle\"}[1m])) by (instance)": 0.6929849166666635, "cpu_usage": 0.6929849166666635, "kubernetes_prometheus_rules": "kubernetes_prometheus_rules", "add_security_context": "add_security_context", "delay_treatment": "delay_treatment"}, {"instance": "kube-prometheus-prometheus-node-exporter.oxn-external-monitoring.svc:9100", "timestamp": 1737550579.447, "sum(rate(node_cpu_seconds_total{mode!=\"idle\"}[1m])) by (instance)": 0.7060682499999967, "cpu_usage": 0.7060682499999967, "kubernetes_prometheus_rules": "kubernetes_prometheus_rules", "add_security_context": "add_security_context", "delay_treatment": "delay_treatment"}, {"instance": "kube-prometheus-prometheus-node-exporter.oxn-external-monitoring.svc:9100", "timestamp": 1737550580.447, "sum(rate(node_cpu_seconds_total{mode!=\"idle\"}[1m])) by (instance)": 0.7191515833333301, "cpu_usage": 0.7191515833333301, "kubernetes_prometheus_rules": "kubernetes_prometheus_rules", "add_security_context": "add_security_context", "delay_treatment": "delay_treatment"}, {"instance": "kube-prometheus-prometheus-node-exporter.oxn-external-monitoring.svc:9100", "timestamp": 1737550581.447, "sum(rate(node_cpu_seconds_total{mode!=\"idle\"}[1m])) by (instance)": 0.7322349166666634, "cpu_usage": 0.7322349166666634, "kubernetes_prometheus_rules": "kubernetes_prometheus_rules", "add_security_context": "add_security_context", "delay_treatment": "delay_treatment"}, {"instance": "kube-prometheus-prometheus-node-exporter.oxn-external-monitoring.svc:9100", "timestamp": 1737550582.447, "sum(rate(node_cpu_seconds_total{mode!=\"idle\"}[1m])) by (instance)": 0.7453182499999965, "cpu_usage": 0.7453182499999965, "kubernetes_prometheus_rules": "kubernetes_prometheus_rules", "add_security_context": "add_security_context", "delay_treatment": "delay_treatment"}, {"instance": "kube-prometheus-prometheus-node-exporter.oxn-external-monitoring.svc:9100", "timestamp": 1737550583.447, "sum(rate(node_cpu_seconds_total{mode!=\"idle\"}[1m])) by (instance)": 0.889090909090901, "cpu_usage": 0.889090909090901, "kubernetes_prometheus_rules": "kubernetes_prometheus_rules", "add_security_context": "add_security_context", "delay_treatment": "delay_treatment"}, {"instance": "kube-prometheus-prometheus-node-exporter.oxn-external-monitoring.svc:9100", "timestamp": 1737550584.447, "sum(rate(node_cpu_seconds_total{mode!=\"idle\"}[1m])) by (instance)": 0.889090909090901, "cpu_usage": 0.889090909090901, "kubernetes_prometheus_rules": "kubernetes_prometheus_rules", "add_security_context": "add_security_context", "delay_treatment": "delay_treatment"}, {"instance": "kube-prometheus-prometheus-node-exporter.oxn-external-monitoring.svc:9100", "timestamp": 1737550585.447, "sum(rate(node_cpu_seconds_total{mode!=\"idle\"}[1m])) by (instance)": 0.889090909090901, "cpu_usage": 0.889090909090901, "kubernetes_prometheus_rules": "kubernetes_prometheus_rules", "add_security_context": "add_security_context", "delay_treatment": "delay_treatment"}, {"instance": "kube-prometheus-prometheus-node-exporter.oxn-external-monitoring.svc:9100", "timestamp": 1737550586.447, "sum(rate(node_cpu_seconds_total{mode!=\"idle\"}[1m])) by (instance)": 0.889090909090901, "cpu_usage": 0.889090909090901, "kubernetes_prometheus_rules": "kubernetes_prometheus_rules", "add_security_context": "add_security_context", "delay_treatment": "delay_treatment"}, {"instance": "kube-prometheus-prometheus-node-exporter.oxn-external-monitoring.svc:9100", "timestamp": 1737550587.447, "sum(rate(node_cpu_seconds_total{mode!=\"idle\"}[1m])) by (instance)": 0.889090909090901, "cpu_usage": 0.889090909090901, "kubernetes_prometheus_rules": "kubernetes_prometheus_rules", "add_security_context": "add_security_context", "delay_treatment": "delay_treatment"}, {"instance": "kube-prometheus-prometheus-node-exporter.oxn-external-monitoring.svc:9100", "timestamp": 1737550588.447, "sum(rate(node_cpu_seconds_total{mode!=\"idle\"}[1m])) by (instance)": 1.0378181818181917, "cpu_usage": 1.0378181818181917, "kubernetes_prometheus_rules": "kubernetes_prometheus_rules", "add_security_context": "add_security_context", "delay_treatment": "delay_treatment"}, {"instance": "kube-prometheus-prometheus-node-exporter.oxn-external-monitoring.svc:9100", "timestamp": 1737550589.447, "sum(rate(node_cpu_seconds_total{mode!=\"idle\"}[1m])) by (instance)": 1.0378181818181917, "cpu_usage": 1.0378181818181917, "kubernetes_prometheus_rules": "kubernetes_prometheus_rules", "add_security_context": "add_security_context", "delay_treatment": "delay_treatment"}, {"instance": "kube-prometheus-prometheus-node-exporter.oxn-external-monitoring.svc:9100", "timestamp": 1737550590.447, "sum(rate(node_cpu_seconds_total{mode!=\"idle\"}[1m])) by (instance)": 1.0378181818181917, "cpu_usage": 1.0378181818181917, "kubernetes_prometheus_rules": "kubernetes_prometheus_rules", "add_security_context": "add_security_context", "delay_treatment": "delay_treatment"}, {"instance": "kube-prometheus-prometheus-node-exporter.oxn-external-monitoring.svc:9100", "timestamp": 1737550591.447, "sum(rate(node_cpu_seconds_total{mode!=\"idle\"}[1m])) by (instance)": 1.0378181818181917, "cpu_usage": 1.0378181818181917, "kubernetes_prometheus_rules": "kubernetes_prometheus_rules", "add_security_context": "add_security_context", "delay_treatment": "delay_treatment"}, {"instance": "kube-prometheus-prometheus-node-exporter.oxn-external-monitoring.svc:9100", "timestamp": 1737550592.447, "sum(rate(node_cpu_seconds_total{mode!=\"idle\"}[1m])) by (instance)": 1.0378181818181917, "cpu_usage": 1.0378181818181917, "kubernetes_prometheus_rules": "kubernetes_prometheus_rules", "add_security_context": "add_security_context", "delay_treatment": "delay_treatment"}, {"instance": "kube-prometheus-prometheus-node-exporter.oxn-external-monitoring.svc:9100", "timestamp": 1737550593.447, "sum(rate(node_cpu_seconds_total{mode!=\"idle\"}[1m])) by (instance)": 1.1923636363636338, "cpu_usage": 1.1923636363636338, "kubernetes_prometheus_rules": "kubernetes_prometheus_rules", "add_security_context": "add_security_context", "delay_treatment": "delay_treatment"}, {"instance": "kube-prometheus-prometheus-node-exporter.oxn-external-monitoring.svc:9100", "timestamp": 1737550594.447, "sum(rate(node_cpu_seconds_total{mode!=\"idle\"}[1m])) by (instance)": 1.1923636363636338, "cpu_usage": 1.1923636363636338, "kubernetes_prometheus_rules": "kubernetes_prometheus_rules", "add_security_context": "add_security_context", "delay_treatment": "delay_treatment"}, {"instance": "kube-prometheus-prometheus-node-exporter.oxn-external-monitoring.svc:9100", "timestamp": 1737550595.447, "sum(rate(node_cpu_seconds_total{mode!=\"idle\"}[1m])) by (instance)": 1.1923636363636338, "cpu_usage": 1.1923636363636338, "kubernetes_prometheus_rules": "kubernetes_prometheus_rules", "add_security_context": "add_security_context", "delay_treatment": "delay_treatment"}, {"instance": "kube-prometheus-prometheus-node-exporter.oxn-external-monitoring.svc:9100", "timestamp": 1737550596.447, "sum(rate(node_cpu_seconds_total{mode!=\"idle\"}[1m])) by (instance)": 1.1923636363636338, "cpu_usage": 1.1923636363636338, "kubernetes_prometheus_rules": "kubernetes_prometheus_rules", "add_security_context": "add_security_context", "delay_treatment": "delay_treatment"}, {"instance": "kube-prometheus-prometheus-node-exporter.oxn-external-monitoring.svc:9100", "timestamp": 1737550597.447, "sum(rate(node_cpu_seconds_total{mode!=\"idle\"}[1m])) by (instance)": 1.1923636363636338, "cpu_usage": 1.1923636363636338, "kubernetes_prometheus_rules": "kubernetes_prometheus_rules", "add_security_context": "add_security_context", "delay_treatment": "delay_treatment"}, {"instance": "kube-prometheus-prometheus-node-exporter.oxn-external-monitoring.svc:9100", "timestamp": 1737550598.447, "sum(rate(node_cpu_seconds_total{mode!=\"idle\"}[1m])) by (instance)": 1.3537975028624405, "cpu_usage": 1.3537975028624405, "kubernetes_prometheus_rules": "kubernetes_prometheus_rules", "add_security_context": "add_security_context", "delay_treatment": "delay_treatment"}, {"instance": "kube-prometheus-prometheus-node-exporter.oxn-external-monitoring.svc:9100", "timestamp": 1737550599.447, "sum(rate(node_cpu_seconds_total{mode!=\"idle\"}[1m])) by (instance)": 1.3537975028624405, "cpu_usage": 1.3537975028624405, "kubernetes_prometheus_rules": "kubernetes_prometheus_rules", "add_security_context": "add_security_context", "delay_treatment": "delay_treatment"}, {"instance": "kube-prometheus-prometheus-node-exporter.oxn-external-monitoring.svc:9100", "timestamp": 1737550600.447, "sum(rate(node_cpu_seconds_total{mode!=\"idle\"}[1m])) by (instance)": 1.3537975028624405, "cpu_usage": 1.3537975028624405, "kubernetes_prometheus_rules": "kubernetes_prometheus_rules", "add_security_context": "add_security_context", "delay_treatment": "delay_treatment"}, {"instance": "kube-prometheus-prometheus-node-exporter.oxn-external-monitoring.svc:9100", "timestamp": 1737550601.447, "sum(rate(node_cpu_seconds_total{mode!=\"idle\"}[1m])) by (instance)": 1.3537975028624405, "cpu_usage": 1.3537975028624405, "kubernetes_prometheus_rules": "kubernetes_prometheus_rules", "add_security_context": "add_security_context", "delay_treatment": "delay_treatment"}, {"instance": "kube-prometheus-prometheus-node-exporter.oxn-external-monitoring.svc:9100", "timestamp": 1737550602.447, "sum(rate(node_cpu_seconds_total{mode!=\"idle\"}[1m])) by (instance)": 1.3537975028624405, "cpu_usage": 1.3537975028624405, "kubernetes_prometheus_rules": "kubernetes_prometheus_rules", "add_security_context": "add_security_context", "delay_treatment": "delay_treatment"}, {"instance": "kube-prometheus-prometheus-node-exporter.oxn-external-monitoring.svc:9100", "timestamp": 1737550603.447, "sum(rate(node_cpu_seconds_total{mode!=\"idle\"}[1m])) by (instance)": 1.505636363636362, "cpu_usage": 1.505636363636362, "kubernetes_prometheus_rules": "kubernetes_prometheus_rules", "add_security_context": "add_security_context", "delay_treatment": "delay_treatment"}, {"instance": "kube-prometheus-prometheus-node-exporter.oxn-external-monitoring.svc:9100", "timestamp": 1737550604.447, "sum(rate(node_cpu_seconds_total{mode!=\"idle\"}[1m])) by (instance)": 1.505636363636362, "cpu_usage": 1.505636363636362, "kubernetes_prometheus_rules": "kubernetes_prometheus_rules", "add_security_context": "add_security_context", "delay_treatment": "delay_treatment"}, {"instance": "kube-prometheus-prometheus-node-exporter.oxn-external-monitoring.svc:9100", "timestamp": 1737550605.447, "sum(rate(node_cpu_seconds_total{mode!=\"idle\"}[1m])) by (instance)": 1.505636363636362, "cpu_usage": 1.505636363636362, "kubernetes_prometheus_rules": "kubernetes_prometheus_rules", "add_security_context": "add_security_context", "delay_treatment": "delay_treatment"}, {"instance": "kube-prometheus-prometheus-node-exporter.oxn-external-monitoring.svc:9100", "timestamp": 1737550606.447, "sum(rate(node_cpu_seconds_total{mode!=\"idle\"}[1m])) by (instance)": 1.505636363636362, "cpu_usage": 1.505636363636362, "kubernetes_prometheus_rules": "kubernetes_prometheus_rules", "add_security_context": "add_security_context", "delay_treatment": "delay_treatment"}, {"instance": "kube-prometheus-prometheus-node-exporter.oxn-external-monitoring.svc:9100", "timestamp": 1737550607.447, "sum(rate(node_cpu_seconds_total{mode!=\"idle\"}[1m])) by (instance)": 1.505636363636362, "cpu_usage": 1.505636363636362, "kubernetes_prometheus_rules": "kubernetes_prometheus_rules", "add_security_context": "add_security_context", "delay_treatment": "delay_treatment"}, {"instance": "kube-prometheus-prometheus-node-exporter.oxn-external-monitoring.svc:9100", "timestamp": 1737550608.447, "sum(rate(node_cpu_seconds_total{mode!=\"idle\"}[1m])) by (instance)": 1.6650909090909116, "cpu_usage": 1.6650909090909116, "kubernetes_prometheus_rules": "kubernetes_prometheus_rules", "add_security_context": "add_security_context", "delay_treatment": "delay_treatment"}, {"instance": "kube-prometheus-prometheus-node-exporter.oxn-external-monitoring.svc:9100", "timestamp": 1737550609.447, "sum(rate(node_cpu_seconds_total{mode!=\"idle\"}[1m])) by (instance)": 1.6650909090909116, "cpu_usage": 1.6650909090909116, "kubernetes_prometheus_rules": "kubernetes_prometheus_rules", "add_security_context": "add_security_context", "delay_treatment": "delay_treatment"}, {"instance": "kube-prometheus-prometheus-node-exporter.oxn-external-monitoring.svc:9100", "timestamp": 1737550610.447, "sum(rate(node_cpu_seconds_total{mode!=\"idle\"}[1m])) by (instance)": 1.6650909090909116, "cpu_usage": 1.6650909090909116, "kubernetes_prometheus_rules": "kubernetes_prometheus_rules", "add_security_context": "add_security_context", "delay_treatment": "delay_treatment"}, {"instance": "kube-prometheus-prometheus-node-exporter.oxn-external-monitoring.svc:9100", "timestamp": 1737550611.447, "sum(rate(node_cpu_seconds_total{mode!=\"idle\"}[1m])) by (instance)": 1.6650909090909116, "cpu_usage": 1.6650909090909116, "kubernetes_prometheus_rules": "kubernetes_prometheus_rules", "add_security_context": "add_security_context", "delay_treatment": "delay_treatment"}, {"instance": "kube-prometheus-prometheus-node-exporter.oxn-external-monitoring.svc:9100", "timestamp": 1737550612.447, "sum(rate(node_cpu_seconds_total{mode!=\"idle\"}[1m])) by (instance)": 1.6650909090909116, "cpu_usage": 1.6650909090909116, "kubernetes_prometheus_rules": "kubernetes_prometheus_rules", "add_security_context": "add_security_context", "delay_treatment": "delay_treatment"}, {"instance": "kube-prometheus-prometheus-node-exporter.oxn-external-monitoring.svc:9100", "timestamp": 1737550613.447, "sum(rate(node_cpu_seconds_total{mode!=\"idle\"}[1m])) by (instance)": 1.8245454545454562, "cpu_usage": 1.8245454545454562, "kubernetes_prometheus_rules": "kubernetes_prometheus_rules", "add_security_context": "add_security_context", "delay_treatment": "delay_treatment"}, {"instance": "kube-prometheus-prometheus-node-exporter.oxn-external-monitoring.svc:9100", "timestamp": 1737550614.447, "sum(rate(node_cpu_seconds_total{mode!=\"idle\"}[1m])) by (instance)": 1.8245454545454562, "cpu_usage": 1.8245454545454562, "kubernetes_prometheus_rules": "kubernetes_prometheus_rules", "add_security_context": "add_security_context", "delay_treatment": "delay_treatment"}, {"instance": "kube-prometheus-prometheus-node-exporter.oxn-external-monitoring.svc:9100", "timestamp": 1737550615.447, "sum(rate(node_cpu_seconds_total{mode!=\"idle\"}[1m])) by (instance)": 1.8245454545454562, "cpu_usage": 1.8245454545454562, "kubernetes_prometheus_rules": "kubernetes_prometheus_rules", "add_security_context": "add_security_context", "delay_treatment": "delay_treatment"}, {"instance": "kube-prometheus-prometheus-node-exporter.oxn-external-monitoring.svc:9100", "timestamp": 1737550616.447, "sum(rate(node_cpu_seconds_total{mode!=\"idle\"}[1m])) by (instance)": 1.8245454545454562, "cpu_usage": 1.8245454545454562, "kubernetes_prometheus_rules": "kubernetes_prometheus_rules", "add_security_context": "add_security_context", "delay_treatment": "delay_treatment"}, {"instance": "kube-prometheus-prometheus-node-exporter.oxn-external-monitoring.svc:9100", "timestamp": 1737550617.447, "sum(rate(node_cpu_seconds_total{mode!=\"idle\"}[1m])) by (instance)": 1.8245454545454562, "cpu_usage": 1.8245454545454562, "kubernetes_prometheus_rules": "kubernetes_prometheus_rules", "add_security_context": "add_security_context", "delay_treatment": "delay_treatment"}, {"instance": "kube-prometheus-prometheus-node-exporter.oxn-external-monitoring.svc:9100", "timestamp": 1737550618.447, "sum(rate(node_cpu_seconds_total{mode!=\"idle\"}[1m])) by (instance)": 1.901454545454546, "cpu_usage": 1.901454545454546, "kubernetes_prometheus_rules": "kubernetes_prometheus_rules", "add_security_context": "add_security_context", "delay_treatment": "delay_treatment"}, {"instance": "kube-prometheus-prometheus-node-exporter.oxn-external-monitoring.svc:9100", "timestamp": 1737550619.447, "sum(rate(node_cpu_seconds_total{mode!=\"idle\"}[1m])) by (instance)": 1.901454545454546, "cpu_usage": 1.901454545454546, "kubernetes_prometheus_rules": "kubernetes_prometheus_rules", "add_security_context": "add_security_context", "delay_treatment": "delay_treatment"}, {"instance": "kube-prometheus-prometheus-node-exporter.oxn-external-monitoring.svc:9100", "timestamp": 1737550620.447, "sum(rate(node_cpu_seconds_total{mode!=\"idle\"}[1m])) by (instance)": 1.901454545454546, "cpu_usage": 1.901454545454546, "kubernetes_prometheus_rules": "kubernetes_prometheus_rules", "add_security_context": "add_security_context", "delay_treatment": "delay_treatment"}, {"instance": "kube-prometheus-prometheus-node-exporter.oxn-external-monitoring.svc:9100", "timestamp": 1737550621.447, "sum(rate(node_cpu_seconds_total{mode!=\"idle\"}[1m])) by (instance)": 1.901454545454546, "cpu_usage": 1.901454545454546, "kubernetes_prometheus_rules": "kubernetes_prometheus_rules", "add_security_context": "add_security_context", "delay_treatment": "delay_treatment"}, {"instance": "kube-prometheus-prometheus-node-exporter.oxn-external-monitoring.svc:9100", "timestamp": 1737550622.447, "sum(rate(node_cpu_seconds_total{mode!=\"idle\"}[1m])) by (instance)": 1.901454545454546, "cpu_usage": 1.901454545454546, "kubernetes_prometheus_rules": "kubernetes_prometheus_rules", "add_security_context": "add_security_context", "delay_treatment": "delay_treatment"}, {"instance": "kube-prometheus-prometheus-node-exporter.oxn-external-monitoring.svc:9100", "timestamp": 1737550623.447, "sum(rate(node_cpu_seconds_total{mode!=\"idle\"}[1m])) by (instance)": 1.913090909090913, "cpu_usage": 1.913090909090913, "kubernetes_prometheus_rules": "kubernetes_prometheus_rules", "add_security_context": "add_security_context", "delay_treatment": "delay_treatment"}, {"instance": "kube-prometheus-prometheus-node-exporter.oxn-external-monitoring.svc:9100", "timestamp": 1737550624.447, "sum(rate(node_cpu_seconds_total{mode!=\"idle\"}[1m])) by (instance)": 1.913090909090913, "cpu_usage": 1.913090909090913, "kubernetes_prometheus_rules": "kubernetes_prometheus_rules", "add_security_context": "add_security_context", "delay_treatment": "delay_treatment"}, {"instance": "kube-prometheus-prometheus-node-exporter.oxn-external-monitoring.svc:9100", "timestamp": 1737550625.447, "sum(rate(node_cpu_seconds_total{mode!=\"idle\"}[1m])) by (instance)": 1.913090909090913, "cpu_usage": 1.913090909090913, "kubernetes_prometheus_rules": "kubernetes_prometheus_rules", "add_security_context": "add_security_context", "delay_treatment": "delay_treatment"}, {"instance": "kube-prometheus-prometheus-node-exporter.oxn-external-monitoring.svc:9100", "timestamp": 1737550626.447, "sum(rate(node_cpu_seconds_total{mode!=\"idle\"}[1m])) by (instance)": 1.913090909090913, "cpu_usage": 1.913090909090913, "kubernetes_prometheus_rules": "kubernetes_prometheus_rules", "add_security_context": "add_security_context", "delay_treatment": "delay_treatment"}, {"instance": "kube-prometheus-prometheus-node-exporter.oxn-external-monitoring.svc:9100", "timestamp": 1737550627.447, "sum(rate(node_cpu_seconds_total{mode!=\"idle\"}[1m])) by (instance)": 1.913090909090913, "cpu_usage": 1.913090909090913, "kubernetes_prometheus_rules": "kubernetes_prometheus_rules", "add_security_context": "add_security_context", "delay_treatment": "delay_treatment"}, {"instance": "kube-prometheus-prometheus-node-exporter.oxn-external-monitoring.svc:9100", "timestamp": 1737550628.447, "sum(rate(node_cpu_seconds_total{mode!=\"idle\"}[1m])) by (instance)": 1.9145454545454508, "cpu_usage": 1.9145454545454508, "kubernetes_prometheus_rules": "kubernetes_prometheus_rules", "add_security_context": "add_security_context", "delay_treatment": "delay_treatment"}, {"instance": "kube-prometheus-prometheus-node-exporter.oxn-external-monitoring.svc:9100", "timestamp": 1737550629.447, "sum(rate(node_cpu_seconds_total{mode!=\"idle\"}[1m])) by (instance)": 1.9145454545454508, "cpu_usage": 1.9145454545454508, "kubernetes_prometheus_rules": "kubernetes_prometheus_rules", "add_security_context": "add_security_context", "delay_treatment": "delay_treatment"}, {"instance": "kube-prometheus-prometheus-node-exporter.oxn-external-monitoring.svc:9100", "timestamp": 1737550630.447, "sum(rate(node_cpu_seconds_total{mode!=\"idle\"}[1m])) by (instance)": 1.9145454545454508, "cpu_usage": 1.9145454545454508, "kubernetes_prometheus_rules": "kubernetes_prometheus_rules", "add_security_context": "add_security_context", "delay_treatment": "delay_treatment"}, {"instance": "kube-prometheus-prometheus-node-exporter.oxn-external-monitoring.svc:9100", "timestamp": 1737550631.447, "sum(rate(node_cpu_seconds_total{mode!=\"idle\"}[1m])) by (instance)": 1.9145454545454508, "cpu_usage": 1.9145454545454508, "kubernetes_prometheus_rules": "kubernetes_prometheus_rules", "add_security_context": "add_security_context", "delay_treatment": "delay_treatment"}, {"instance": "kube-prometheus-prometheus-node-exporter.oxn-external-monitoring.svc:9100", "timestamp": 1737550632.447, "sum(rate(node_cpu_seconds_total{mode!=\"idle\"}[1m])) by (instance)": 1.9145454545454508, "cpu_usage": 1.9145454545454508, "kubernetes_prometheus_rules": "kubernetes_prometheus_rules", "add_security_context": "add_security_context", "delay_treatment": "delay_treatment"}, {"instance": "kube-prometheus-prometheus-node-exporter.oxn-external-monitoring.svc:9100", "timestamp": 1737550633.447, "sum(rate(node_cpu_seconds_total{mode!=\"idle\"}[1m])) by (instance)": 1.9178181818181803, "cpu_usage": 1.9178181818181803, "kubernetes_prometheus_rules": "kubernetes_prometheus_rules", "add_security_context": "add_security_context", "delay_treatment": "delay_treatment"}, {"instance": "kube-prometheus-prometheus-node-exporter.oxn-external-monitoring.svc:9100", "timestamp": 1737550634.447, "sum(rate(node_cpu_seconds_total{mode!=\"idle\"}[1m])) by (instance)": 1.9178181818181803, "cpu_usage": 1.9178181818181803, "kubernetes_prometheus_rules": "kubernetes_prometheus_rules", "add_security_context": "add_security_context", "delay_treatment": "delay_treatment"}, {"instance": "kube-prometheus-prometheus-node-exporter.oxn-external-monitoring.svc:9100", "timestamp": 1737550635.447, "sum(rate(node_cpu_seconds_total{mode!=\"idle\"}[1m])) by (instance)": 1.9178181818181803, "cpu_usage": 1.9178181818181803, "kubernetes_prometheus_rules": "kubernetes_prometheus_rules", "add_security_context": "add_security_context", "delay_treatment": "delay_treatment"}, {"instance": "kube-prometheus-prometheus-node-exporter.oxn-external-monitoring.svc:9100", "timestamp": 1737550636.447, "sum(rate(node_cpu_seconds_total{mode!=\"idle\"}[1m])) by (instance)": 1.9178181818181803, "cpu_usage": 1.9178181818181803, "kubernetes_prometheus_rules": "kubernetes_prometheus_rules", "add_security_context": "add_security_context", "delay_treatment": "delay_treatment"}, {"instance": "kube-prometheus-prometheus-node-exporter.oxn-external-monitoring.svc:9100", "timestamp": 1737550637.447, "sum(rate(node_cpu_seconds_total{mode!=\"idle\"}[1m])) by (instance)": 1.9178181818181803, "cpu_usage": 1.9178181818181803, "kubernetes_prometheus_rules": "kubernetes_prometheus_rules", "add_security_context": "add_security_context", "delay_treatment": "delay_treatment"}, {"instance": "kube-prometheus-prometheus-node-exporter.oxn-external-monitoring.svc:9100", "timestamp": 1737550638.447, "sum(rate(node_cpu_seconds_total{mode!=\"idle\"}[1m])) by (instance)": 1.9176363636363687, "cpu_usage": 1.9176363636363687, "kubernetes_prometheus_rules": "kubernetes_prometheus_rules", "add_security_context": "add_security_context", "delay_treatment": "delay_treatment"}, {"instance": "kube-prometheus-prometheus-node-exporter.oxn-external-monitoring.svc:9100", "timestamp": 1737550639.447, "sum(rate(node_cpu_seconds_total{mode!=\"idle\"}[1m])) by (instance)": 1.9176363636363687, "cpu_usage": 1.9176363636363687, "kubernetes_prometheus_rules": "kubernetes_prometheus_rules", "add_security_context": "add_security_context", "delay_treatment": "delay_treatment"}, {"instance": "kube-prometheus-prometheus-node-exporter.oxn-external-monitoring.svc:9100", "timestamp": 1737550640.447, "sum(rate(node_cpu_seconds_total{mode!=\"idle\"}[1m])) by (instance)": 1.9176363636363687, "cpu_usage": 1.9176363636363687, "kubernetes_prometheus_rules": "kubernetes_prometheus_rules", "add_security_context": "add_security_context", "delay_treatment": "delay_treatment"}, {"instance": "kube-prometheus-prometheus-node-exporter.oxn-external-monitoring.svc:9100", "timestamp": 1737550641.447, "sum(rate(node_cpu_seconds_total{mode!=\"idle\"}[1m])) by (instance)": 1.9176363636363687, "cpu_usage": 1.9176363636363687, "kubernetes_prometheus_rules": "kubernetes_prometheus_rules", "add_security_context": "add_security_context", "delay_treatment": "delay_treatment"}, {"instance": "kube-prometheus-prometheus-node-exporter.oxn-external-monitoring.svc:9100", "timestamp": 1737550642.447, "sum(rate(node_cpu_seconds_total{mode!=\"idle\"}[1m])) by (instance)": 1.9176363636363687, "cpu_usage": 1.9176363636363687, "kubernetes_prometheus_rules": "kubernetes_prometheus_rules", "add_security_context": "add_security_context", "delay_treatment": "delay_treatment"}, {"instance": "kube-prometheus-prometheus-node-exporter.oxn-external-monitoring.svc:9100", "timestamp": 1737550643.447, "sum(rate(node_cpu_seconds_total{mode!=\"idle\"}[1m])) by (instance)": 1.921818181818174, "cpu_usage": 1.921818181818174, "kubernetes_prometheus_rules": "kubernetes_prometheus_rules", "add_security_context": "add_security_context", "delay_treatment": "delay_treatment"}, {"instance": "kube-prometheus-prometheus-node-exporter.oxn-external-monitoring.svc:9100", "timestamp": 1737550644.447, "sum(rate(node_cpu_seconds_total{mode!=\"idle\"}[1m])) by (instance)": 1.921818181818174, "cpu_usage": 1.921818181818174, "kubernetes_prometheus_rules": "kubernetes_prometheus_rules", "add_security_context": "add_security_context", "delay_treatment": "delay_treatment"}, {"instance": "kube-prometheus-prometheus-node-exporter.oxn-external-monitoring.svc:9100", "timestamp": 1737550645.447, "sum(rate(node_cpu_seconds_total{mode!=\"idle\"}[1m])) by (instance)": 1.921818181818174, "cpu_usage": 1.921818181818174, "kubernetes_prometheus_rules": "kubernetes_prometheus_rules", "add_security_context": "add_security_context", "delay_treatment": "delay_treatment"}, {"instance": "kube-prometheus-prometheus-node-exporter.oxn-external-monitoring.svc:9100", "timestamp": 1737550646.447, "sum(rate(node_cpu_seconds_total{mode!=\"idle\"}[1m])) by (instance)": 1.921818181818174, "cpu_usage": 1.921818181818174, "kubernetes_prometheus_rules": "kubernetes_prometheus_rules", "add_security_context": "add_security_context", "delay_treatment": "delay_treatment"}, {"instance": "kube-prometheus-prometheus-node-exporter.oxn-external-monitoring.svc:9100", "timestamp": 1737550647.447, "sum(rate(node_cpu_seconds_total{mode!=\"idle\"}[1m])) by (instance)": 1.921818181818174, "cpu_usage": 1.921818181818174, "kubernetes_prometheus_rules": "kubernetes_prometheus_rules", "add_security_context": "add_security_context", "delay_treatment": "delay_treatment"}, {"instance": "kube-prometheus-prometheus-node-exporter.oxn-external-monitoring.svc:9100", "timestamp": 1737550648.447, "sum(rate(node_cpu_seconds_total{mode!=\"idle\"}[1m])) by (instance)": 1.924181818181821, "cpu_usage": 1.924181818181821, "kubernetes_prometheus_rules": "kubernetes_prometheus_rules", "add_security_context": "add_security_context", "delay_treatment": "delay_treatment"}, {"instance": "kube-prometheus-prometheus-node-exporter.oxn-external-monitoring.svc:9100", "timestamp": 1737550649.447, "sum(rate(node_cpu_seconds_total{mode!=\"idle\"}[1m])) by (instance)": 1.924181818181821, "cpu_usage": 1.924181818181821, "kubernetes_prometheus_rules": "kubernetes_prometheus_rules", "add_security_context": "add_security_context", "delay_treatment": "delay_treatment"}, {"instance": "kube-prometheus-prometheus-node-exporter.oxn-external-monitoring.svc:9100", "timestamp": 1737550650.447, "sum(rate(node_cpu_seconds_total{mode!=\"idle\"}[1m])) by (instance)": 1.924181818181821, "cpu_usage": 1.924181818181821, "kubernetes_prometheus_rules": "kubernetes_prometheus_rules", "add_security_context": "add_security_context", "delay_treatment": "delay_treatment"}, {"instance": "kube-prometheus-prometheus-node-exporter.oxn-external-monitoring.svc:9100", "timestamp": 1737550651.447, "sum(rate(node_cpu_seconds_total{mode!=\"idle\"}[1m])) by (instance)": 1.924181818181821, "cpu_usage": 1.924181818181821, "kubernetes_prometheus_rules": "kubernetes_prometheus_rules", "add_security_context": "add_security_context", "delay_treatment": "delay_treatment"}, {"instance": "kube-prometheus-prometheus-node-exporter.oxn-external-monitoring.svc:9100", "timestamp": 1737550652.447, "sum(rate(node_cpu_seconds_total{mode!=\"idle\"}[1m])) by (instance)": 1.924181818181821, "cpu_usage": 1.924181818181821, "kubernetes_prometheus_rules": "kubernetes_prometheus_rules", "add_security_context": "add_security_context", "delay_treatment": "delay_treatment"}, {"instance": "kube-prometheus-prometheus-node-exporter.oxn-external-monitoring.svc:9100", "timestamp": 1737550653.447, "sum(rate(node_cpu_seconds_total{mode!=\"idle\"}[1m])) by (instance)": 1.9238954471870127, "cpu_usage": 1.9238954471870127, "kubernetes_prometheus_rules": "kubernetes_prometheus_rules", "add_security_context": "add_security_context", "delay_treatment": "delay_treatment"}, {"instance": "kube-prometheus-prometheus-node-exporter.oxn-external-monitoring.svc:9100", "timestamp": 1737550654.447, "sum(rate(node_cpu_seconds_total{mode!=\"idle\"}[1m])) by (instance)": 1.9238954471870127, "cpu_usage": 1.9238954471870127, "kubernetes_prometheus_rules": "kubernetes_prometheus_rules", "add_security_context": "add_security_context", "delay_treatment": "delay_treatment"}, {"instance": "kube-prometheus-prometheus-node-exporter.oxn-external-monitoring.svc:9100", "timestamp": 1737550655.447, "sum(rate(node_cpu_seconds_total{mode!=\"idle\"}[1m])) by (instance)": 1.9238954471870127, "cpu_usage": 1.9238954471870127, "kubernetes_prometheus_rules": "kubernetes_prometheus_rules", "add_security_context": "add_security_context", "delay_treatment": "delay_treatment"}, {"instance": "kube-prometheus-prometheus-node-exporter.oxn-external-monitoring.svc:9100", "timestamp": 1737550656.447, "sum(rate(node_cpu_seconds_total{mode!=\"idle\"}[1m])) by (instance)": 1.9238954471870127, "cpu_usage": 1.9238954471870127, "kubernetes_prometheus_rules": "kubernetes_prometheus_rules", "add_security_context": "add_security_context", "delay_treatment": "delay_treatment"}, {"instance": "kube-prometheus-prometheus-node-exporter.oxn-external-monitoring.svc:9100", "timestamp": 1737550657.447, "sum(rate(node_cpu_seconds_total{mode!=\"idle\"}[1m])) by (instance)": 1.9238954471870127, "cpu_usage": 1.9238954471870127, "kubernetes_prometheus_rules": "kubernetes_prometheus_rules", "add_security_context": "add_security_context", "delay_treatment": "delay_treatment"}, {"instance": "kube-prometheus-prometheus-node-exporter.oxn-external-monitoring.svc:9100", "timestamp": 1737550658.447, "sum(rate(node_cpu_seconds_total{mode!=\"idle\"}[1m])) by (instance)": 1.930727272727281, "cpu_usage": 1.930727272727281, "kubernetes_prometheus_rules": "kubernetes_prometheus_rules", "add_security_context": "add_security_context", "delay_treatment": "delay_treatment"}, {"instance": "kube-prometheus-prometheus-node-exporter.oxn-external-monitoring.svc:9100", "timestamp": 1737550659.447, "sum(rate(node_cpu_seconds_total{mode!=\"idle\"}[1m])) by (instance)": 1.930727272727281, "cpu_usage": 1.930727272727281, "kubernetes_prometheus_rules": "kubernetes_prometheus_rules", "add_security_context": "add_security_context", "delay_treatment": "delay_treatment"}, {"instance": "kube-prometheus-prometheus-node-exporter.oxn-external-monitoring.svc:9100", "timestamp": 1737550660.447, "sum(rate(node_cpu_seconds_total{mode!=\"idle\"}[1m])) by (instance)": 1.930727272727281, "cpu_usage": 1.930727272727281, "kubernetes_prometheus_rules": "kubernetes_prometheus_rules", "add_security_context": "add_security_context", "delay_treatment": "delay_treatment"}, {"instance": "kube-prometheus-prometheus-node-exporter.oxn-external-monitoring.svc:9100", "timestamp": 1737550661.447, "sum(rate(node_cpu_seconds_total{mode!=\"idle\"}[1m])) by (instance)": 1.930727272727281, "cpu_usage": 1.930727272727281, "kubernetes_prometheus_rules": "kubernetes_prometheus_rules", "add_security_context": "add_security_context", "delay_treatment": "delay_treatment"}, {"instance": "kube-prometheus-prometheus-node-exporter.oxn-external-monitoring.svc:9100", "timestamp": 1737550662.447, "sum(rate(node_cpu_seconds_total{mode!=\"idle\"}[1m])) by (instance)": 1.930727272727281, "cpu_usage": 1.930727272727281, "kubernetes_prometheus_rules": "kubernetes_prometheus_rules", "add_security_context": "add_security_context", "delay_treatment": "delay_treatment"}, {"instance": "kube-prometheus-prometheus-node-exporter.oxn-external-monitoring.svc:9100", "timestamp": 1737550663.447, "sum(rate(node_cpu_seconds_total{mode!=\"idle\"}[1m])) by (instance)": 1.9267272727272768, "cpu_usage": 1.9267272727272768, "kubernetes_prometheus_rules": "kubernetes_prometheus_rules", "add_security_context": "add_security_context", "delay_treatment": "delay_treatment"}, {"instance": "kube-prometheus-prometheus-node-exporter.oxn-external-monitoring.svc:9100", "timestamp": 1737550664.447, "sum(rate(node_cpu_seconds_total{mode!=\"idle\"}[1m])) by (instance)": 1.9267272727272768, "cpu_usage": 1.9267272727272768, "kubernetes_prometheus_rules": "kubernetes_prometheus_rules", "add_security_context": "add_security_context", "delay_treatment": "delay_treatment"}, {"instance": "kube-prometheus-prometheus-node-exporter.oxn-external-monitoring.svc:9100", "timestamp": 1737550665.447, "sum(rate(node_cpu_seconds_total{mode!=\"idle\"}[1m])) by (instance)": 1.9267272727272768, "cpu_usage": 1.9267272727272768, "kubernetes_prometheus_rules": "kubernetes_prometheus_rules", "add_security_context": "add_security_context", "delay_treatment": "delay_treatment"}, {"instance": "kube-prometheus-prometheus-node-exporter.oxn-external-monitoring.svc:9100", "timestamp": 1737550666.447, "sum(rate(node_cpu_seconds_total{mode!=\"idle\"}[1m])) by (instance)": 1.9267272727272768, "cpu_usage": 1.9267272727272768, "kubernetes_prometheus_rules": "kubernetes_prometheus_rules", "add_security_context": "add_security_context", "delay_treatment": "delay_treatment"}, {"instance": "kube-prometheus-prometheus-node-exporter.oxn-external-monitoring.svc:9100", "timestamp": 1737550667.447, "sum(rate(node_cpu_seconds_total{mode!=\"idle\"}[1m])) by (instance)": 1.9267272727272768, "cpu_usage": 1.9267272727272768, "kubernetes_prometheus_rules": "kubernetes_prometheus_rules", "add_security_context": "add_security_context", "delay_treatment": "delay_treatment"}, {"instance": "kube-prometheus-prometheus-node-exporter.oxn-external-monitoring.svc:9100", "timestamp": 1737550668.447, "sum(rate(node_cpu_seconds_total{mode!=\"idle\"}[1m])) by (instance)": 1.9299999999999975, "cpu_usage": 1.9299999999999975, "kubernetes_prometheus_rules": "kubernetes_prometheus_rules", "add_security_context": "add_security_context", "delay_treatment": "delay_treatment"}, {"instance": "kube-prometheus-prometheus-node-exporter.oxn-external-monitoring.svc:9100", "timestamp": 1737550669.447, "sum(rate(node_cpu_seconds_total{mode!=\"idle\"}[1m])) by (instance)": 1.9299999999999975, "cpu_usage": 1.9299999999999975, "kubernetes_prometheus_rules": "kubernetes_prometheus_rules", "add_security_context": "add_security_context", "delay_treatment": "delay_treatment"}, {"instance": "kube-prometheus-prometheus-node-exporter.oxn-external-monitoring.svc:9100", "timestamp": 1737550670.447, "sum(rate(node_cpu_seconds_total{mode!=\"idle\"}[1m])) by (instance)": 1.9299999999999975, "cpu_usage": 1.9299999999999975, "kubernetes_prometheus_rules": "kubernetes_prometheus_rules", "add_security_context": "add_security_context", "delay_treatment": "delay_treatment"}, {"instance": "kube-prometheus-prometheus-node-exporter.oxn-external-monitoring.svc:9100", "timestamp": 1737550671.447, "sum(rate(node_cpu_seconds_total{mode!=\"idle\"}[1m])) by (instance)": 1.9299999999999975, "cpu_usage": 1.9299999999999975, "kubernetes_prometheus_rules": "kubernetes_prometheus_rules", "add_security_context": "add_security_context", "delay_treatment": "delay_treatment"}, {"instance": "kube-prometheus-prometheus-node-exporter.oxn-external-monitoring.svc:9100", "timestamp": 1737550672.447, "sum(rate(node_cpu_seconds_total{mode!=\"idle\"}[1m])) by (instance)": 1.9299999999999975, "cpu_usage": 1.9299999999999975, "kubernetes_prometheus_rules": "kubernetes_prometheus_rules", "add_security_context": "add_security_context", "delay_treatment": "delay_treatment"}, {"instance": "kube-prometheus-prometheus-node-exporter.oxn-external-monitoring.svc:9100", "timestamp": 1737550673.447, "sum(rate(node_cpu_seconds_total{mode!=\"idle\"}[1m])) by (instance)": 1.9370909090909105, "cpu_usage": 1.9370909090909105, "kubernetes_prometheus_rules": "kubernetes_prometheus_rules", "add_security_context": "add_security_context", "delay_treatment": "delay_treatment"}, {"instance": "kube-prometheus-prometheus-node-exporter.oxn-external-monitoring.svc:9100", "timestamp": 1737550674.447, "sum(rate(node_cpu_seconds_total{mode!=\"idle\"}[1m])) by (instance)": 1.9370909090909105, "cpu_usage": 1.9370909090909105, "kubernetes_prometheus_rules": "kubernetes_prometheus_rules", "add_security_context": "add_security_context", "delay_treatment": "delay_treatment"}, {"instance": "kube-prometheus-prometheus-node-exporter.oxn-external-monitoring.svc:9100", "timestamp": 1737550675.447, "sum(rate(node_cpu_seconds_total{mode!=\"idle\"}[1m])) by (instance)": 1.9370909090909105, "cpu_usage": 1.9370909090909105, "kubernetes_prometheus_rules": "kubernetes_prometheus_rules", "add_security_context": "add_security_context", "delay_treatment": "delay_treatment"}, {"instance": "kube-prometheus-prometheus-node-exporter.oxn-external-monitoring.svc:9100", "timestamp": 1737550676.447, "sum(rate(node_cpu_seconds_total{mode!=\"idle\"}[1m])) by (instance)": 1.9370909090909105, "cpu_usage": 1.9370909090909105, "kubernetes_prometheus_rules": "kubernetes_prometheus_rules", "add_security_context": "add_security_context", "delay_treatment": "delay_treatment"}, {"instance": "kube-prometheus-prometheus-node-exporter.oxn-external-monitoring.svc:9100", "timestamp": 1737550677.447, "sum(rate(node_cpu_seconds_total{mode!=\"idle\"}[1m])) by (instance)": 1.9370909090909105, "cpu_usage": 1.9370909090909105, "kubernetes_prometheus_rules": "kubernetes_prometheus_rules", "add_security_context": "add_security_context", "delay_treatment": "delay_treatment"}, {"instance": "kube-prometheus-prometheus-node-exporter.oxn-external-monitoring.svc:9100", "timestamp": 1737550678.447, "sum(rate(node_cpu_seconds_total{mode!=\"idle\"}[1m])) by (instance)": 1.929818181818182, "cpu_usage": 1.929818181818182, "kubernetes_prometheus_rules": "kubernetes_prometheus_rules", "add_security_context": "add_security_context", "delay_treatment": "delay_treatment"}, {"instance": "kube-prometheus-prometheus-node-exporter.oxn-external-monitoring.svc:9100", "timestamp": 1737550679.447, "sum(rate(node_cpu_seconds_total{mode!=\"idle\"}[1m])) by (instance)": 1.929818181818182, "cpu_usage": 1.929818181818182, "kubernetes_prometheus_rules": "kubernetes_prometheus_rules", "add_security_context": "add_security_context", "delay_treatment": "delay_treatment"}, {"instance": "kube-prometheus-prometheus-node-exporter.oxn-external-monitoring.svc:9100", "timestamp": 1737550680.447, "sum(rate(node_cpu_seconds_total{mode!=\"idle\"}[1m])) by (instance)": 1.929818181818182, "cpu_usage": 1.929818181818182, "kubernetes_prometheus_rules": "kubernetes_prometheus_rules", "add_security_context": "add_security_context", "delay_treatment": "delay_treatment"}, {"instance": "kube-prometheus-prometheus-node-exporter.oxn-external-monitoring.svc:9100", "timestamp": 1737550681.447, "sum(rate(node_cpu_seconds_total{mode!=\"idle\"}[1m])) by (instance)": 1.929818181818182, "cpu_usage": 1.929818181818182, "kubernetes_prometheus_rules": "kubernetes_prometheus_rules", "add_security_context": "add_security_context", "delay_treatment": "delay_treatment"}, {"instance": "kube-prometheus-prometheus-node-exporter.oxn-external-monitoring.svc:9100", "timestamp": 1737550682.447, "sum(rate(node_cpu_seconds_total{mode!=\"idle\"}[1m])) by (instance)": 1.929818181818182, "cpu_usage": 1.929818181818182, "kubernetes_prometheus_rules": "kubernetes_prometheus_rules", "add_security_context": "add_security_context", "delay_treatment": "delay_treatment"}, {"instance": "kube-prometheus-prometheus-node-exporter.oxn-external-monitoring.svc:9100", "timestamp": 1737550683.447, "sum(rate(node_cpu_seconds_total{mode!=\"idle\"}[1m])) by (instance)": 1.934545454545458, "cpu_usage": 1.934545454545458, "kubernetes_prometheus_rules": "kubernetes_prometheus_rules", "add_security_context": "add_security_context", "delay_treatment": "delay_treatment"}, {"instance": "kube-prometheus-prometheus-node-exporter.oxn-external-monitoring.svc:9100", "timestamp": 1737550684.447, "sum(rate(node_cpu_seconds_total{mode!=\"idle\"}[1m])) by (instance)": 1.934545454545458, "cpu_usage": 1.934545454545458, "kubernetes_prometheus_rules": "kubernetes_prometheus_rules", "add_security_context": "add_security_context", "delay_treatment": "delay_treatment"}, {"instance": "kube-prometheus-prometheus-node-exporter.oxn-external-monitoring.svc:9100", "timestamp": 1737550685.447, "sum(rate(node_cpu_seconds_total{mode!=\"idle\"}[1m])) by (instance)": 1.934545454545458, "cpu_usage": 1.934545454545458, "kubernetes_prometheus_rules": "kubernetes_prometheus_rules", "add_security_context": "add_security_context", "delay_treatment": "delay_treatment"}, {"instance": "kube-prometheus-prometheus-node-exporter.oxn-external-monitoring.svc:9100", "timestamp": 1737550686.447, "sum(rate(node_cpu_seconds_total{mode!=\"idle\"}[1m])) by (instance)": 1.934545454545458, "cpu_usage": 1.934545454545458, "kubernetes_prometheus_rules": "kubernetes_prometheus_rules", "add_security_context": "add_security_context", "delay_treatment": "delay_treatment"}, {"instance": "kube-prometheus-prometheus-node-exporter.oxn-external-monitoring.svc:9100", "timestamp": 1737550687.447, "sum(rate(node_cpu_seconds_total{mode!=\"idle\"}[1m])) by (instance)": 1.934545454545458, "cpu_usage": 1.934545454545458, "kubernetes_prometheus_rules": "kubernetes_prometheus_rules", "add_security_context": "add_security_context", "delay_treatment": "delay_treatment"}, {"instance": "kube-prometheus-prometheus-node-exporter.oxn-external-monitoring.svc:9100", "timestamp": 1737550688.447, "sum(rate(node_cpu_seconds_total{mode!=\"idle\"}[1m])) by (instance)": 1.9370909090909136, "cpu_usage": 1.9370909090909136, "kubernetes_prometheus_rules": "kubernetes_prometheus_rules", "add_security_context": "add_security_context", "delay_treatment": "delay_treatment"}, {"instance": "kube-prometheus-prometheus-node-exporter.oxn-external-monitoring.svc:9100", "timestamp": 1737550689.447, "sum(rate(node_cpu_seconds_total{mode!=\"idle\"}[1m])) by (instance)": 1.9370909090909136, "cpu_usage": 1.9370909090909136, "kubernetes_prometheus_rules": "kubernetes_prometheus_rules", "add_security_context": "add_security_context", "delay_treatment": "delay_treatment"}, {"instance": "kube-prometheus-prometheus-node-exporter.oxn-external-monitoring.svc:9100", "timestamp": 1737550690.447, "sum(rate(node_cpu_seconds_total{mode!=\"idle\"}[1m])) by (instance)": 1.9370909090909136, "cpu_usage": 1.9370909090909136, "kubernetes_prometheus_rules": "kubernetes_prometheus_rules", "add_security_context": "add_security_context", "delay_treatment": "delay_treatment"}, {"instance": "kube-prometheus-prometheus-node-exporter.oxn-external-monitoring.svc:9100", "timestamp": 1737550691.447, "sum(rate(node_cpu_seconds_total{mode!=\"idle\"}[1m])) by (instance)": 1.9370909090909136, "cpu_usage": 1.9370909090909136, "kubernetes_prometheus_rules": "kubernetes_prometheus_rules", "add_security_context": "add_security_context", "delay_treatment": "delay_treatment"}, {"instance": "kube-prometheus-prometheus-node-exporter.oxn-external-monitoring.svc:9100", "timestamp": 1737550692.447, "sum(rate(node_cpu_seconds_total{mode!=\"idle\"}[1m])) by (instance)": 1.9370909090909136, "cpu_usage": 1.9370909090909136, "kubernetes_prometheus_rules": "kubernetes_prometheus_rules", "add_security_context": "add_security_context", "delay_treatment": "delay_treatment"}, {"instance": "kube-prometheus-prometheus-node-exporter.oxn-external-monitoring.svc:9100", "timestamp": 1737550693.447, "sum(rate(node_cpu_seconds_total{mode!=\"idle\"}[1m])) by (instance)": 1.938727272727275, "cpu_usage": 1.938727272727275, "kubernetes_prometheus_rules": "kubernetes_prometheus_rules", "add_security_context": "add_security_context", "delay_treatment": "delay_treatment"}, {"instance": "kube-prometheus-prometheus-node-exporter.oxn-external-monitoring.svc:9100", "timestamp": 1737550694.447, "sum(rate(node_cpu_seconds_total{mode!=\"idle\"}[1m])) by (instance)": 1.938727272727275, "cpu_usage": 1.938727272727275, "kubernetes_prometheus_rules": "kubernetes_prometheus_rules", "add_security_context": "add_security_context", "delay_treatment": "delay_treatment"}, {"instance": "kube-prometheus-prometheus-node-exporter.oxn-external-monitoring.svc:9100", "timestamp": 1737550695.447, "sum(rate(node_cpu_seconds_total{mode!=\"idle\"}[1m])) by (instance)": 1.938727272727275, "cpu_usage": 1.938727272727275, "kubernetes_prometheus_rules": "kubernetes_prometheus_rules", "add_security_context": "add_security_context", "delay_treatment": "delay_treatment"}, {"instance": "kube-prometheus-prometheus-node-exporter.oxn-external-monitoring.svc:9100", "timestamp": 1737550696.447, "sum(rate(node_cpu_seconds_total{mode!=\"idle\"}[1m])) by (instance)": 1.938727272727275, "cpu_usage": 1.938727272727275, "kubernetes_prometheus_rules": "kubernetes_prometheus_rules", "add_security_context": "add_security_context", "delay_treatment": "delay_treatment"}, {"instance": "kube-prometheus-prometheus-node-exporter.oxn-external-monitoring.svc:9100", "timestamp": 1737550697.447, "sum(rate(node_cpu_seconds_total{mode!=\"idle\"}[1m])) by (instance)": 1.938727272727275, "cpu_usage": 1.938727272727275, "kubernetes_prometheus_rules": "kubernetes_prometheus_rules", "add_security_context": "add_security_context", "delay_treatment": "delay_treatment"}, {"instance": "kube-prometheus-prometheus-node-exporter.oxn-external-monitoring.svc:9100", "timestamp": 1737550698.447, "sum(rate(node_cpu_seconds_total{mode!=\"idle\"}[1m])) by (instance)": 1.9356363636363636, "cpu_usage": 1.9356363636363636, "kubernetes_prometheus_rules": "kubernetes_prometheus_rules", "add_security_context": "add_security_context", "delay_treatment": "delay_treatment"}, {"instance": "kube-prometheus-prometheus-node-exporter.oxn-external-monitoring.svc:9100", "timestamp": 1737550699.447, "sum(rate(node_cpu_seconds_total{mode!=\"idle\"}[1m])) by (instance)": 1.9356363636363636, "cpu_usage": 1.9356363636363636, "kubernetes_prometheus_rules": "kubernetes_prometheus_rules", "add_security_context": "add_security_context", "delay_treatment": "delay_treatment"}, {"instance": "kube-prometheus-prometheus-node-exporter.oxn-external-monitoring.svc:9100", "timestamp": 1737550700.447, "sum(rate(node_cpu_seconds_total{mode!=\"idle\"}[1m])) by (instance)": 1.9356363636363636, "cpu_usage": 1.9356363636363636, "kubernetes_prometheus_rules": "kubernetes_prometheus_rules", "add_security_context": "add_security_context", "delay_treatment": "delay_treatment"}, {"instance": "kube-prometheus-prometheus-node-exporter.oxn-external-monitoring.svc:9100", "timestamp": 1737550701.447, "sum(rate(node_cpu_seconds_total{mode!=\"idle\"}[1m])) by (instance)": 1.9356363636363636, "cpu_usage": 1.9356363636363636, "kubernetes_prometheus_rules": "kubernetes_prometheus_rules", "add_security_context": "add_security_context", "delay_treatment": "delay_treatment"}, {"instance": "kube-prometheus-prometheus-node-exporter.oxn-external-monitoring.svc:9100", "timestamp": 1737550702.447, "sum(rate(node_cpu_seconds_total{mode!=\"idle\"}[1m])) by (instance)": 1.9356363636363636, "cpu_usage": 1.9356363636363636, "kubernetes_prometheus_rules": "kubernetes_prometheus_rules", "add_security_context": "add_security_context", "delay_treatment": "delay_treatment"}, {"instance": "kube-prometheus-prometheus-node-exporter.oxn-external-monitoring.svc:9100", "timestamp": 1737550703.447, "sum(rate(node_cpu_seconds_total{mode!=\"idle\"}[1m])) by (instance)": 1.9370909090909059, "cpu_usage": 1.9370909090909059, "kubernetes_prometheus_rules": "kubernetes_prometheus_rules", "add_security_context": "add_security_context", "delay_treatment": "delay_treatment"}, {"instance": "kube-prometheus-prometheus-node-exporter.oxn-external-monitoring.svc:9100", "timestamp": 1737550704.447, "sum(rate(node_cpu_seconds_total{mode!=\"idle\"}[1m])) by (instance)": 1.9370909090909059, "cpu_usage": 1.9370909090909059, "kubernetes_prometheus_rules": "kubernetes_prometheus_rules", "add_security_context": "add_security_context", "delay_treatment": "delay_treatment"}, {"instance": "kube-prometheus-prometheus-node-exporter.oxn-external-monitoring.svc:9100", "timestamp": 1737550705.447, "sum(rate(node_cpu_seconds_total{mode!=\"idle\"}[1m])) by (instance)": 1.9370909090909059, "cpu_usage": 1.9370909090909059, "kubernetes_prometheus_rules": "kubernetes_prometheus_rules", "add_security_context": "add_security_context", "delay_treatment": "delay_treatment"}, {"instance": "kube-prometheus-prometheus-node-exporter.oxn-external-monitoring.svc:9100", "timestamp": 1737550706.447, "sum(rate(node_cpu_seconds_total{mode!=\"idle\"}[1m])) by (instance)": 1.9370909090909059, "cpu_usage": 1.9370909090909059, "kubernetes_prometheus_rules": "kubernetes_prometheus_rules", "add_security_context": "add_security_context", "delay_treatment": "delay_treatment"}, {"instance": "kube-prometheus-prometheus-node-exporter.oxn-external-monitoring.svc:9100", "timestamp": 1737550707.447, "sum(rate(node_cpu_seconds_total{mode!=\"idle\"}[1m])) by (instance)": 1.9370909090909059, "cpu_usage": 1.9370909090909059, "kubernetes_prometheus_rules": "kubernetes_prometheus_rules", "add_security_context": "add_security_context", "delay_treatment": "delay_treatment"}, {"instance": "kube-prometheus-prometheus-node-exporter.oxn-external-monitoring.svc:9100", "timestamp": 1737550708.447, "sum(rate(node_cpu_seconds_total{mode!=\"idle\"}[1m])) by (instance)": 1.9385454545454432, "cpu_usage": 1.9385454545454432, "kubernetes_prometheus_rules": "kubernetes_prometheus_rules", "add_security_context": "add_security_context", "delay_treatment": "delay_treatment"}, {"instance": "kube-prometheus-prometheus-node-exporter.oxn-external-monitoring.svc:9100", "timestamp": 1737550709.447, "sum(rate(node_cpu_seconds_total{mode!=\"idle\"}[1m])) by (instance)": 1.9385454545454432, "cpu_usage": 1.9385454545454432, "kubernetes_prometheus_rules": "kubernetes_prometheus_rules", "add_security_context": "add_security_context", "delay_treatment": "delay_treatment"}, {"instance": "kube-prometheus-prometheus-node-exporter.oxn-external-monitoring.svc:9100", "timestamp": 1737550710.447, "sum(rate(node_cpu_seconds_total{mode!=\"idle\"}[1m])) by (instance)": 1.9385454545454432, "cpu_usage": 1.9385454545454432, "kubernetes_prometheus_rules": "kubernetes_prometheus_rules", "add_security_context": "add_security_context", "delay_treatment": "delay_treatment"}, {"instance": "kube-prometheus-prometheus-node-exporter.oxn-external-monitoring.svc:9100", "timestamp": 1737550711.447, "sum(rate(node_cpu_seconds_total{mode!=\"idle\"}[1m])) by (instance)": 1.9385454545454432, "cpu_usage": 1.9385454545454432, "kubernetes_prometheus_rules": "kubernetes_prometheus_rules", "add_security_context": "add_security_context", "delay_treatment": "delay_treatment"}, {"instance": "kube-prometheus-prometheus-node-exporter.oxn-external-monitoring.svc:9100", "timestamp": 1737550712.447, "sum(rate(node_cpu_seconds_total{mode!=\"idle\"}[1m])) by (instance)": 1.9385454545454432, "cpu_usage": 1.9385454545454432, "kubernetes_prometheus_rules": "kubernetes_prometheus_rules", "add_security_context": "add_security_context", "delay_treatment": "delay_treatment"}, {"instance": "kube-prometheus-prometheus-node-exporter.oxn-external-monitoring.svc:9100", "timestamp": 1737550713.447, "sum(rate(node_cpu_seconds_total{mode!=\"idle\"}[1m])) by (instance)": 1.9349090909090876, "cpu_usage": 1.9349090909090876, "kubernetes_prometheus_rules": "kubernetes_prometheus_rules", "add_security_context": "add_security_context", "delay_treatment": "delay_treatment"}, {"instance": "kube-prometheus-prometheus-node-exporter.oxn-external-monitoring.svc:9100", "timestamp": 1737550714.447, "sum(rate(node_cpu_seconds_total{mode!=\"idle\"}[1m])) by (instance)": 1.9349090909090876, "cpu_usage": 1.9349090909090876, "kubernetes_prometheus_rules": "kubernetes_prometheus_rules", "add_security_context": "add_security_context", "delay_treatment": "delay_treatment"}, {"instance": "kube-prometheus-prometheus-node-exporter.oxn-external-monitoring.svc:9100", "timestamp": 1737550715.447, "sum(rate(node_cpu_seconds_total{mode!=\"idle\"}[1m])) by (instance)": 1.9349090909090876, "cpu_usage": 1.9349090909090876, "kubernetes_prometheus_rules": "kubernetes_prometheus_rules", "add_security_context": "add_security_context", "delay_treatment": "delay_treatment"}, {"instance": "kube-prometheus-prometheus-node-exporter.oxn-external-monitoring.svc:9100", "timestamp": 1737550716.447, "sum(rate(node_cpu_seconds_total{mode!=\"idle\"}[1m])) by (instance)": 1.9349090909090876, "cpu_usage": 1.9349090909090876, "kubernetes_prometheus_rules": "kubernetes_prometheus_rules", "add_security_context": "add_security_context", "delay_treatment": "delay_treatment"}, {"instance": "kube-prometheus-prometheus-node-exporter.oxn-external-monitoring.svc:9100", "timestamp": 1737550717.447, "sum(rate(node_cpu_seconds_total{mode!=\"idle\"}[1m])) by (instance)": 1.9349090909090876, "cpu_usage": 1.9349090909090876, "kubernetes_prometheus_rules": "kubernetes_prometheus_rules", "add_security_context": "add_security_context", "delay_treatment": "delay_treatment"}, {"instance": "kube-prometheus-prometheus-node-exporter.oxn-external-monitoring.svc:9100", "timestamp": 1737550718.447, "sum(rate(node_cpu_seconds_total{mode!=\"idle\"}[1m])) by (instance)": 1.9372727272727273, "cpu_usage": 1.9372727272727273, "kubernetes_prometheus_rules": "kubernetes_prometheus_rules", "add_security_context": "add_security_context", "delay_treatment": "delay_treatment"}, {"instance": "kube-prometheus-prometheus-node-exporter.oxn-external-monitoring.svc:9100", "timestamp": 1737550719.447, "sum(rate(node_cpu_seconds_total{mode!=\"idle\"}[1m])) by (instance)": 1.9372727272727273, "cpu_usage": 1.9372727272727273, "kubernetes_prometheus_rules": "kubernetes_prometheus_rules", "add_security_context": "add_security_context", "delay_treatment": "delay_treatment"}, {"instance": "kube-prometheus-prometheus-node-exporter.oxn-external-monitoring.svc:9100", "timestamp": 1737550720.447, "sum(rate(node_cpu_seconds_total{mode!=\"idle\"}[1m])) by (instance)": 1.9372727272727273, "cpu_usage": 1.9372727272727273, "kubernetes_prometheus_rules": "kubernetes_prometheus_rules", "add_security_context": "add_security_context", "delay_treatment": "delay_treatment"}, {"instance": "kube-prometheus-prometheus-node-exporter.oxn-external-monitoring.svc:9100", "timestamp": 1737550721.447, "sum(rate(node_cpu_seconds_total{mode!=\"idle\"}[1m])) by (instance)": 1.9372727272727273, "cpu_usage": 1.9372727272727273, "kubernetes_prometheus_rules": "kubernetes_prometheus_rules", "add_security_context": "add_security_context", "delay_treatment": "delay_treatment"}, {"instance": "kube-prometheus-prometheus-node-exporter.oxn-external-monitoring.svc:9100", "timestamp": 1737550722.447, "sum(rate(node_cpu_seconds_total{mode!=\"idle\"}[1m])) by (instance)": 1.9372727272727273, "cpu_usage": 1.9372727272727273, "kubernetes_prometheus_rules": "kubernetes_prometheus_rules", "add_security_context": "add_security_context", "delay_treatment": "delay_treatment"}, {"instance": "kube-prometheus-prometheus-node-exporter.oxn-external-monitoring.svc:9100", "timestamp": 1737550723.447, "sum(rate(node_cpu_seconds_total{mode!=\"idle\"}[1m])) by (instance)": 1.9370909090909127, "cpu_usage": 1.9370909090909127, "kubernetes_prometheus_rules": "kubernetes_prometheus_rules", "add_security_context": "add_security_context", "delay_treatment": "delay_treatment"}, {"instance": "kube-prometheus-prometheus-node-exporter.oxn-external-monitoring.svc:9100", "timestamp": 1737550724.447, "sum(rate(node_cpu_seconds_total{mode!=\"idle\"}[1m])) by (instance)": 1.9370909090909127, "cpu_usage": 1.9370909090909127, "kubernetes_prometheus_rules": "kubernetes_prometheus_rules", "add_security_context": "add_security_context", "delay_treatment": "delay_treatment"}, {"instance": "kube-prometheus-prometheus-node-exporter.oxn-external-monitoring.svc:9100", "timestamp": 1737550725.447, "sum(rate(node_cpu_seconds_total{mode!=\"idle\"}[1m])) by (instance)": 1.9370909090909127, "cpu_usage": 1.9370909090909127, "kubernetes_prometheus_rules": "kubernetes_prometheus_rules", "add_security_context": "add_security_context", "delay_treatment": "delay_treatment"}, {"instance": "kube-prometheus-prometheus-node-exporter.oxn-external-monitoring.svc:9100", "timestamp": 1737550726.447, "sum(rate(node_cpu_seconds_total{mode!=\"idle\"}[1m])) by (instance)": 1.9370909090909127, "cpu_usage": 1.9370909090909127, "kubernetes_prometheus_rules": "kubernetes_prometheus_rules", "add_security_context": "add_security_context", "delay_treatment": "delay_treatment"}, {"instance": "kube-prometheus-prometheus-node-exporter.oxn-external-monitoring.svc:9100", "timestamp": 1737550727.447, "sum(rate(node_cpu_seconds_total{mode!=\"idle\"}[1m])) by (instance)": 1.9370909090909127, "cpu_usage": 1.9370909090909127, "kubernetes_prometheus_rules": "kubernetes_prometheus_rules", "add_security_context": "add_security_context", "delay_treatment": "delay_treatment"}, {"instance": "kube-prometheus-prometheus-node-exporter.oxn-external-monitoring.svc:9100", "timestamp": 1737550728.447, "sum(rate(node_cpu_seconds_total{mode!=\"idle\"}[1m])) by (instance)": 1.9296363636363607, "cpu_usage": 1.9296363636363607, "kubernetes_prometheus_rules": "kubernetes_prometheus_rules", "add_security_context": "add_security_context", "delay_treatment": "delay_treatment"}, {"instance": "kube-prometheus-prometheus-node-exporter.oxn-external-monitoring.svc:9100", "timestamp": 1737550729.447, "sum(rate(node_cpu_seconds_total{mode!=\"idle\"}[1m])) by (instance)": 1.9296363636363607, "cpu_usage": 1.9296363636363607, "kubernetes_prometheus_rules": "kubernetes_prometheus_rules", "add_security_context": "add_security_context", "delay_treatment": "delay_treatment"}, {"instance": "kube-prometheus-prometheus-node-exporter.oxn-external-monitoring.svc:9100", "timestamp": 1737550730.447, "sum(rate(node_cpu_seconds_total{mode!=\"idle\"}[1m])) by (instance)": 1.9296363636363607, "cpu_usage": 1.9296363636363607, "kubernetes_prometheus_rules": "kubernetes_prometheus_rules", "add_security_context": "add_security_context", "delay_treatment": "delay_treatment"}, {"instance": "kube-prometheus-prometheus-node-exporter.oxn-external-monitoring.svc:9100", "timestamp": 1737550731.447, "sum(rate(node_cpu_seconds_total{mode!=\"idle\"}[1m])) by (instance)": 1.9296363636363607, "cpu_usage": 1.9296363636363607, "kubernetes_prometheus_rules": "kubernetes_prometheus_rules", "add_security_context": "add_security_context", "delay_treatment": "delay_treatment"}, {"instance": "kube-prometheus-prometheus-node-exporter.oxn-external-monitoring.svc:9100", "timestamp": 1737550732.447, "sum(rate(node_cpu_seconds_total{mode!=\"idle\"}[1m])) by (instance)": 1.9296363636363607, "cpu_usage": 1.9296363636363607, "kubernetes_prometheus_rules": "kubernetes_prometheus_rules", "add_security_context": "add_security_context", "delay_treatment": "delay_treatment"}, {"instance": "kube-prometheus-prometheus-node-exporter.oxn-external-monitoring.svc:9100", "timestamp": 1737550733.447, "sum(rate(node_cpu_seconds_total{mode!=\"idle\"}[1m])) by (instance)": 1.9374545454545393, "cpu_usage": 1.9374545454545393, "kubernetes_prometheus_rules": "kubernetes_prometheus_rules", "add_security_context": "add_security_context", "delay_treatment": "delay_treatment"}, {"instance": "kube-prometheus-prometheus-node-exporter.oxn-external-monitoring.svc:9100", "timestamp": 1737550734.447, "sum(rate(node_cpu_seconds_total{mode!=\"idle\"}[1m])) by (instance)": 1.9374545454545393, "cpu_usage": 1.9374545454545393, "kubernetes_prometheus_rules": "kubernetes_prometheus_rules", "add_security_context": "add_security_context", "delay_treatment": "delay_treatment"}, {"instance": "kube-prometheus-prometheus-node-exporter.oxn-external-monitoring.svc:9100", "timestamp": 1737550735.447, "sum(rate(node_cpu_seconds_total{mode!=\"idle\"}[1m])) by (instance)": 1.9374545454545393, "cpu_usage": 1.9374545454545393, "kubernetes_prometheus_rules": "kubernetes_prometheus_rules", "add_security_context": "add_security_context", "delay_treatment": "delay_treatment"}, {"instance": "kube-prometheus-prometheus-node-exporter.oxn-external-monitoring.svc:9100", "timestamp": 1737550736.447, "sum(rate(node_cpu_seconds_total{mode!=\"idle\"}[1m])) by (instance)": 1.9374545454545393, "cpu_usage": 1.9374545454545393, "kubernetes_prometheus_rules": "kubernetes_prometheus_rules", "add_security_context": "add_security_context", "delay_treatment": "delay_treatment"}, {"instance": "kube-prometheus-prometheus-node-exporter.oxn-external-monitoring.svc:9100", "timestamp": 1737550737.447, "sum(rate(node_cpu_seconds_total{mode!=\"idle\"}[1m])) by (instance)": 1.9374545454545393, "cpu_usage": 1.9374545454545393, "kubernetes_prometheus_rules": "kubernetes_prometheus_rules", "add_security_context": "add_security_context", "delay_treatment": "delay_treatment"}, {"instance": "kube-prometheus-prometheus-node-exporter.oxn-external-monitoring.svc:9100", "timestamp": 1737550738.447, "sum(rate(node_cpu_seconds_total{mode!=\"idle\"}[1m])) by (instance)": 1.9307272727272735, "cpu_usage": 1.9307272727272735, "kubernetes_prometheus_rules": "kubernetes_prometheus_rules", "add_security_context": "add_security_context", "delay_treatment": "delay_treatment"}, {"instance": "kube-prometheus-prometheus-node-exporter.oxn-external-monitoring.svc:9100", "timestamp": 1737550739.447, "sum(rate(node_cpu_seconds_total{mode!=\"idle\"}[1m])) by (instance)": 1.9307272727272735, "cpu_usage": 1.9307272727272735, "kubernetes_prometheus_rules": "kubernetes_prometheus_rules", "add_security_context": "add_security_context", "delay_treatment": "delay_treatment"}, {"instance": "kube-prometheus-prometheus-node-exporter.oxn-external-monitoring.svc:9100", "timestamp": 1737550740.447, "sum(rate(node_cpu_seconds_total{mode!=\"idle\"}[1m])) by (instance)": 1.9307272727272735, "cpu_usage": 1.9307272727272735, "kubernetes_prometheus_rules": "kubernetes_prometheus_rules", "add_security_context": "add_security_context", "delay_treatment": "delay_treatment"}, {"instance": "kube-prometheus-prometheus-node-exporter.oxn-external-monitoring.svc:9100", "timestamp": 1737550741.447, "sum(rate(node_cpu_seconds_total{mode!=\"idle\"}[1m])) by (instance)": 1.9307272727272735, "cpu_usage": 1.9307272727272735, "kubernetes_prometheus_rules": "NoTreatment", "add_security_context": "NoTreatment", "delay_treatment": "NoTreatment"}, {"instance": "kube-prometheus-prometheus-node-exporter.oxn-external-monitoring.svc:9100", "timestamp": 1737550742.447, "sum(rate(node_cpu_seconds_total{mode!=\"idle\"}[1m])) by (instance)": 1.9307272727272735, "cpu_usage": 1.9307272727272735, "kubernetes_prometheus_rules": "NoTreatment", "add_security_context": "NoTreatment", "delay_treatment": "NoTreatment"}, {"instance": "kube-prometheus-prometheus-node-exporter.oxn-external-monitoring.svc:9100", "timestamp": 1737550743.447, "sum(rate(node_cpu_seconds_total{mode!=\"idle\"}[1m])) by (instance)": 1.9356363636363667, "cpu_usage": 1.9356363636363667, "kubernetes_prometheus_rules": "NoTreatment", "add_security_context": "NoTreatment", "delay_treatment": "NoTreatment"}, {"instance": "kube-prometheus-prometheus-node-exporter.oxn-external-monitoring.svc:9100", "timestamp": 1737550744.447, "sum(rate(node_cpu_seconds_total{mode!=\"idle\"}[1m])) by (instance)": 1.9356363636363667, "cpu_usage": 1.9356363636363667, "kubernetes_prometheus_rules": "NoTreatment", "add_security_context": "NoTreatment", "delay_treatment": "NoTreatment"}, {"instance": "kube-prometheus-prometheus-node-exporter.oxn-external-monitoring.svc:9100", "timestamp": 1737550745.447, "sum(rate(node_cpu_seconds_total{mode!=\"idle\"}[1m])) by (instance)": 1.9356363636363667, "cpu_usage": 1.9356363636363667, "kubernetes_prometheus_rules": "NoTreatment", "add_security_context": "NoTreatment", "delay_treatment": "NoTreatment"}, {"instance": "kube-prometheus-prometheus-node-exporter.oxn-external-monitoring.svc:9100", "timestamp": 1737550746.447, "sum(rate(node_cpu_seconds_total{mode!=\"idle\"}[1m])) by (instance)": 1.9356363636363667, "cpu_usage": 1.9356363636363667, "kubernetes_prometheus_rules": "NoTreatment", "add_security_context": "NoTreatment", "delay_treatment": "NoTreatment"}, {"instance": "kube-prometheus-prometheus-node-exporter.oxn-external-monitoring.svc:9100", "timestamp": 1737550747.447, "sum(rate(node_cpu_seconds_total{mode!=\"idle\"}[1m])) by (instance)": 1.9356363636363667, "cpu_usage": 1.9356363636363667, "kubernetes_prometheus_rules": "NoTreatment", "add_security_context": "NoTreatment", "delay_treatment": "NoTreatment"}, {"instance": "kube-prometheus-prometheus-node-exporter.oxn-external-monitoring.svc:9100", "timestamp": 1737550748.447, "sum(rate(node_cpu_seconds_total{mode!=\"idle\"}[1m])) by (instance)": 1.9338181818181799, "cpu_usage": 1.9338181818181799, "kubernetes_prometheus_rules": "NoTreatment", "add_security_context": "NoTreatment", "delay_treatment": "NoTreatment"}, {"instance": "kube-prometheus-prometheus-node-exporter.oxn-external-monitoring.svc:9100", "timestamp": 1737550749.447, "sum(rate(node_cpu_seconds_total{mode!=\"idle\"}[1m])) by (instance)": 1.9338181818181799, "cpu_usage": 1.9338181818181799, "kubernetes_prometheus_rules": "NoTreatment", "add_security_context": "NoTreatment", "delay_treatment": "NoTreatment"}, {"instance": "kube-prometheus-prometheus-node-exporter.oxn-external-monitoring.svc:9100", "timestamp": 1737550750.447, "sum(rate(node_cpu_seconds_total{mode!=\"idle\"}[1m])) by (instance)": 1.9338181818181799, "cpu_usage": 1.9338181818181799, "kubernetes_prometheus_rules": "NoTreatment", "add_security_context": "NoTreatment", "delay_treatment": "NoTreatment"}]