[{"instance": "kube-prometheus-prometheus-node-exporter.oxn-external-monitoring.svc:9100", "timestamp": 1737550550.447, "sum(rate(node_network_receive_drop_total[1m]) + rate(node_network_transmit_drop_total[1m])) by (instance)": 0, "network_drops": 0, "kubernetes_prometheus_rules": "kubernetes_prometheus_rules", "add_security_context": "NoTreatment", "delay_treatment": "NoTreatment"}, {"instance": "kube-prometheus-prometheus-node-exporter.oxn-external-monitoring.svc:9100", "timestamp": 1737550551.447, "sum(rate(node_network_receive_drop_total[1m]) + rate(node_network_transmit_drop_total[1m])) by (instance)": 0, "network_drops": 0, "kubernetes_prometheus_rules": "kubernetes_prometheus_rules", "add_security_context": "NoTreatment", "delay_treatment": "NoTreatment"}, {"instance": "kube-prometheus-prometheus-node-exporter.oxn-external-monitoring.svc:9100", "timestamp": 1737550552.447, "sum(rate(node_network_receive_drop_total[1m]) + rate(node_network_transmit_drop_total[1m])) by (instance)": 0, "network_drops": 0, "kubernetes_prometheus_rules": "kubernetes_prometheus_rules", "add_security_context": "NoTreatment", "delay_treatment": "NoTreatment"}, {"instance": "kube-prometheus-prometheus-node-exporter.oxn-external-monitoring.svc:9100", "timestamp": 1737550553.447, "sum(rate(node_network_receive_drop_total[1m]) + rate(node_network_transmit_drop_total[1m])) by (instance)": 0, "network_drops": 0, "kubernetes_prometheus_rules": "kubernetes_prometheus_rules", "add_security_context": "NoTreatment", "delay_treatment": "NoTreatment"}, {"instance": "kube-prometheus-prometheus-node-exporter.oxn-external-monitoring.svc:9100", "timestamp": 1737550554.447, "sum(rate(node_network_receive_drop_total[1m]) + rate(node_network_transmit_drop_total[1m])) by (instance)": 0, "network_drops": 0, "kubernetes_prometheus_rules": "kubernetes_prometheus_rules", "add_security_context": "NoTreatment", "delay_treatment": "NoTreatment"}, {"instance": "kube-prometheus-prometheus-node-exporter.oxn-external-monitoring.svc:9100", "timestamp": 1737550555.447, "sum(rate(node_network_receive_drop_total[1m]) + rate(node_network_transmit_drop_total[1m])) by (instance)": 0, "network_drops": 0, "kubernetes_prometheus_rules": "kubernetes_prometheus_rules", "add_security_context": "NoTreatment", "delay_treatment": "NoTreatment"}, {"instance": "kube-prometheus-prometheus-node-exporter.oxn-external-monitoring.svc:9100", "timestamp": 1737550556.447, "sum(rate(node_network_receive_drop_total[1m]) + rate(node_network_transmit_drop_total[1m])) by (instance)": 0, "network_drops": 0, "kubernetes_prometheus_rules": "kubernetes_prometheus_rules", "add_security_context": "NoTreatment", "delay_treatment": "NoTreatment"}, {"instance": "kube-prometheus-prometheus-node-exporter.oxn-external-monitoring.svc:9100", "timestamp": 1737550557.447, "sum(rate(node_network_receive_drop_total[1m]) + rate(node_network_transmit_drop_total[1m])) by (instance)": 0, "network_drops": 0, "kubernetes_prometheus_rules": "kubernetes_prometheus_rules", "add_security_context": "NoTreatment", "delay_treatment": "NoTreatment"}, {"instance": "kube-prometheus-prometheus-node-exporter.oxn-external-monitoring.svc:9100", "timestamp": 1737550558.447, "sum(rate(node_network_receive_drop_total[1m]) + rate(node_network_transmit_drop_total[1m])) by (instance)": 0, "network_drops": 0, "kubernetes_prometheus_rules": "kubernetes_prometheus_rules", "add_security_context": "NoTreatment", "delay_treatment": "NoTreatment"}, {"instance": "kube-prometheus-prometheus-node-exporter.oxn-external-monitoring.svc:9100", "timestamp": 1737550559.447, "sum(rate(node_network_receive_drop_total[1m]) + rate(node_network_transmit_drop_total[1m])) by (instance)": 0, "network_drops": 0, "kubernetes_prometheus_rules": "kubernetes_prometheus_rules", "add_security_context": "NoTreatment", "delay_treatment": "NoTreatment"}, {"instance": "kube-prometheus-prometheus-node-exporter.oxn-external-monitoring.svc:9100", "timestamp": 1737550560.447, "sum(rate(node_network_receive_drop_total[1m]) + rate(node_network_transmit_drop_total[1m])) by (instance)": 0, "network_drops": 0, "kubernetes_prometheus_rules": "kubernetes_prometheus_rules", "add_security_context": "add_security_context", "delay_treatment": "NoTreatment"}, {"instance": "kube-prometheus-prometheus-node-exporter.oxn-external-monitoring.svc:9100", "timestamp": 1737550561.447, "sum(rate(node_network_receive_drop_total[1m]) + rate(node_network_transmit_drop_total[1m])) by (instance)": 0, "network_drops": 0, "kubernetes_prometheus_rules": "kubernetes_prometheus_rules", "add_security_context": "add_security_context", "delay_treatment": "delay_treatment"}, {"instance": "kube-prometheus-prometheus-node-exporter.oxn-external-monitoring.svc:9100", "timestamp": 1737550562.447, "sum(rate(node_network_receive_drop_total[1m]) + rate(node_network_transmit_drop_total[1m])) by (instance)": 0, "network_drops": 0, "kubernetes_prometheus_rules": "kubernetes_prometheus_rules", "add_security_context": "add_security_context", "delay_treatment": "delay_treatment"}, {"instance": "kube-prometheus-prometheus-node-exporter.oxn-external-monitoring.svc:9100", "timestamp": 1737550563.447, "sum(rate(node_network_receive_drop_total[1m]) + rate(node_network_transmit_drop_total[1m])) by (instance)": 0, "network_drops": 0, "kubernetes_prometheus_rules": "kubernetes_prometheus_rules", "add_security_context": "add_security_context", "delay_treatment": "delay_treatment"}, {"instance": "kube-prometheus-prometheus-node-exporter.oxn-external-monitoring.svc:9100", "timestamp": 1737550564.447, "sum(rate(node_network_receive_drop_total[1m]) + rate(node_network_transmit_drop_total[1m])) by (instance)": 0, "network_drops": 0, "kubernetes_prometheus_rules": "kubernetes_prometheus_rules", "add_security_context": "add_security_context", "delay_treatment": "delay_treatment"}, {"instance": "kube-prometheus-prometheus-node-exporter.oxn-external-monitoring.svc:9100", "timestamp": 1737550565.447, "sum(rate(node_network_receive_drop_total[1m]) + rate(node_network_transmit_drop_total[1m])) by (instance)": 0, "network_drops": 0, "kubernetes_prometheus_rules": "kubernetes_prometheus_rules", "add_security_context": "add_security_context", "delay_treatment": "delay_treatment"}, {"instance": "kube-prometheus-prometheus-node-exporter.oxn-external-monitoring.svc:9100", "timestamp": 1737550566.447, "sum(rate(node_network_receive_drop_total[1m]) + rate(node_network_transmit_drop_total[1m])) by (instance)": 0, "network_drops": 0, "kubernetes_prometheus_rules": "kubernetes_prometheus_rules", "add_security_context": "add_security_context", "delay_treatment": "delay_treatment"}, {"instance": "kube-prometheus-prometheus-node-exporter.oxn-external-monitoring.svc:9100", "timestamp": 1737550567.447, "sum(rate(node_network_receive_drop_total[1m]) + rate(node_network_transmit_drop_total[1m])) by (instance)": 0, "network_drops": 0, "kubernetes_prometheus_rules": "kubernetes_prometheus_rules", "add_security_context": "add_security_context", "delay_treatment": "delay_treatment"}, {"instance": "kube-prometheus-prometheus-node-exporter.oxn-external-monitoring.svc:9100", "timestamp": 1737550568.447, "sum(rate(node_network_receive_drop_total[1m]) + rate(node_network_transmit_drop_total[1m])) by (instance)": 0, "network_drops": 0, "kubernetes_prometheus_rules": "kubernetes_prometheus_rules", "add_security_context": "add_security_context", "delay_treatment": "delay_treatment"}, {"instance": "kube-prometheus-prometheus-node-exporter.oxn-external-monitoring.svc:9100", "timestamp": 1737550569.447, "sum(rate(node_network_receive_drop_total[1m]) + rate(node_network_transmit_drop_total[1m])) by (instance)": 0, "network_drops": 0, "kubernetes_prometheus_rules": "kubernetes_prometheus_rules", "add_security_context": "add_security_context", "delay_treatment": "delay_treatment"}, {"instance": "kube-prometheus-prometheus-node-exporter.oxn-external-monitoring.svc:9100", "timestamp": 1737550570.447, "sum(rate(node_network_receive_drop_total[1m]) + rate(node_network_transmit_drop_total[1m])) by (instance)": 0, "network_drops": 0, "kubernetes_prometheus_rules": "kubernetes_prometheus_rules", "add_security_context": "add_security_context", "delay_treatment": "delay_treatment"}, {"instance": "kube-prometheus-prometheus-node-exporter.oxn-external-monitoring.svc:9100", "timestamp": 1737550571.447, "sum(rate(node_network_receive_drop_total[1m]) + rate(node_network_transmit_drop_total[1m])) by (instance)": 0, "network_drops": 0, "kubernetes_prometheus_rules": "kubernetes_prometheus_rules", "add_security_context": "add_security_context", "delay_treatment": "delay_treatment"}, {"instance": "kube-prometheus-prometheus-node-exporter.oxn-external-monitoring.svc:9100", "timestamp": 1737550572.447, "sum(rate(node_network_receive_drop_total[1m]) + rate(node_network_transmit_drop_total[1m])) by (instance)": 0, "network_drops": 0, "kubernetes_prometheus_rules": "kubernetes_prometheus_rules", "add_security_context": "add_security_context", "delay_treatment": "delay_treatment"}, {"instance": "kube-prometheus-prometheus-node-exporter.oxn-external-monitoring.svc:9100", "timestamp": 1737550573.447, "sum(rate(node_network_receive_drop_total[1m]) + rate(node_network_transmit_drop_total[1m])) by (instance)": 0, "network_drops": 0, "kubernetes_prometheus_rules": "kubernetes_prometheus_rules", "add_security_context": "add_security_context", "delay_treatment": "delay_treatment"}, {"instance": "kube-prometheus-prometheus-node-exporter.oxn-external-monitoring.svc:9100", "timestamp": 1737550574.447, "sum(rate(node_network_receive_drop_total[1m]) + rate(node_network_transmit_drop_total[1m])) by (instance)": 0, "network_drops": 0, "kubernetes_prometheus_rules": "kubernetes_prometheus_rules", "add_security_context": "add_security_context", "delay_treatment": "delay_treatment"}, {"instance": "kube-prometheus-prometheus-node-exporter.oxn-external-monitoring.svc:9100", "timestamp": 1737550575.447, "sum(rate(node_network_receive_drop_total[1m]) + rate(node_network_transmit_drop_total[1m])) by (instance)": 0, "network_drops": 0, "kubernetes_prometheus_rules": "kubernetes_prometheus_rules", "add_security_context": "add_security_context", "delay_treatment": "delay_treatment"}, {"instance": "kube-prometheus-prometheus-node-exporter.oxn-external-monitoring.svc:9100", "timestamp": 1737550576.447, "sum(rate(node_network_receive_drop_total[1m]) + rate(node_network_transmit_drop_total[1m])) by (instance)": 0, "network_drops": 0, "kubernetes_prometheus_rules": "kubernetes_prometheus_rules", "add_security_context": "add_security_context", "delay_treatment": "delay_treatment"}, {"instance": "kube-prometheus-prometheus-node-exporter.oxn-external-monitoring.svc:9100", "timestamp": 1737550577.447, "sum(rate(node_network_receive_drop_total[1m]) + rate(node_network_transmit_drop_total[1m])) by (instance)": 0, "network_drops": 0, "kubernetes_prometheus_rules": "kubernetes_prometheus_rules", "add_security_context": "add_security_context", "delay_treatment": "delay_treatment"}, {"instance": "kube-prometheus-prometheus-node-exporter.oxn-external-monitoring.svc:9100", "timestamp": 1737550578.447, "sum(rate(node_network_receive_drop_total[1m]) + rate(node_network_transmit_drop_total[1m])) by (instance)": 0, "network_drops": 0, "kubernetes_prometheus_rules": "kubernetes_prometheus_rules", "add_security_context": "add_security_context", "delay_treatment": "delay_treatment"}, {"instance": "kube-prometheus-prometheus-node-exporter.oxn-external-monitoring.svc:9100", "timestamp": 1737550579.447, "sum(rate(node_network_receive_drop_total[1m]) + rate(node_network_transmit_drop_total[1m])) by (instance)": 0, "network_drops": 0, "kubernetes_prometheus_rules": "kubernetes_prometheus_rules", "add_security_context": "add_security_context", "delay_treatment": "delay_treatment"}, {"instance": "kube-prometheus-prometheus-node-exporter.oxn-external-monitoring.svc:9100", "timestamp": 1737550580.447, "sum(rate(node_network_receive_drop_total[1m]) + rate(node_network_transmit_drop_total[1m])) by (instance)": 0, "network_drops": 0, "kubernetes_prometheus_rules": "kubernetes_prometheus_rules", "add_security_context": "add_security_context", "delay_treatment": "delay_treatment"}, {"instance": "kube-prometheus-prometheus-node-exporter.oxn-external-monitoring.svc:9100", "timestamp": 1737550581.447, "sum(rate(node_network_receive_drop_total[1m]) + rate(node_network_transmit_drop_total[1m])) by (instance)": 0, "network_drops": 0, "kubernetes_prometheus_rules": "kubernetes_prometheus_rules", "add_security_context": "add_security_context", "delay_treatment": "delay_treatment"}, {"instance": "kube-prometheus-prometheus-node-exporter.oxn-external-monitoring.svc:9100", "timestamp": 1737550582.447, "sum(rate(node_network_receive_drop_total[1m]) + rate(node_network_transmit_drop_total[1m])) by (instance)": 0, "network_drops": 0, "kubernetes_prometheus_rules": "kubernetes_prometheus_rules", "add_security_context": "add_security_context", "delay_treatment": "delay_treatment"}, {"instance": "kube-prometheus-prometheus-node-exporter.oxn-external-monitoring.svc:9100", "timestamp": 1737550583.447, "sum(rate(node_network_receive_drop_total[1m]) + rate(node_network_transmit_drop_total[1m])) by (instance)": 0, "network_drops": 0, "kubernetes_prometheus_rules": "kubernetes_prometheus_rules", "add_security_context": "add_security_context", "delay_treatment": "delay_treatment"}, {"instance": "kube-prometheus-prometheus-node-exporter.oxn-external-monitoring.svc:9100", "timestamp": 1737550584.447, "sum(rate(node_network_receive_drop_total[1m]) + rate(node_network_transmit_drop_total[1m])) by (instance)": 0, "network_drops": 0, "kubernetes_prometheus_rules": "kubernetes_prometheus_rules", "add_security_context": "add_security_context", "delay_treatment": "delay_treatment"}, {"instance": "kube-prometheus-prometheus-node-exporter.oxn-external-monitoring.svc:9100", "timestamp": 1737550585.447, "sum(rate(node_network_receive_drop_total[1m]) + rate(node_network_transmit_drop_total[1m])) by (instance)": 0, "network_drops": 0, "kubernetes_prometheus_rules": "kubernetes_prometheus_rules", "add_security_context": "add_security_context", "delay_treatment": "delay_treatment"}, {"instance": "kube-prometheus-prometheus-node-exporter.oxn-external-monitoring.svc:9100", "timestamp": 1737550586.447, "sum(rate(node_network_receive_drop_total[1m]) + rate(node_network_transmit_drop_total[1m])) by (instance)": 0, "network_drops": 0, "kubernetes_prometheus_rules": "kubernetes_prometheus_rules", "add_security_context": "add_security_context", "delay_treatment": "delay_treatment"}, {"instance": "kube-prometheus-prometheus-node-exporter.oxn-external-monitoring.svc:9100", "timestamp": 1737550587.447, "sum(rate(node_network_receive_drop_total[1m]) + rate(node_network_transmit_drop_total[1m])) by (instance)": 0, "network_drops": 0, "kubernetes_prometheus_rules": "kubernetes_prometheus_rules", "add_security_context": "add_security_context", "delay_treatment": "delay_treatment"}, {"instance": "kube-prometheus-prometheus-node-exporter.oxn-external-monitoring.svc:9100", "timestamp": 1737550588.447, "sum(rate(node_network_receive_drop_total[1m]) + rate(node_network_transmit_drop_total[1m])) by (instance)": 0, "network_drops": 0, "kubernetes_prometheus_rules": "kubernetes_prometheus_rules", "add_security_context": "add_security_context", "delay_treatment": "delay_treatment"}, {"instance": "kube-prometheus-prometheus-node-exporter.oxn-external-monitoring.svc:9100", "timestamp": 1737550589.447, "sum(rate(node_network_receive_drop_total[1m]) + rate(node_network_transmit_drop_total[1m])) by (instance)": 0, "network_drops": 0, "kubernetes_prometheus_rules": "kubernetes_prometheus_rules", "add_security_context": "add_security_context", "delay_treatment": "delay_treatment"}, {"instance": "kube-prometheus-prometheus-node-exporter.oxn-external-monitoring.svc:9100", "timestamp": 1737550590.447, "sum(rate(node_network_receive_drop_total[1m]) + rate(node_network_transmit_drop_total[1m])) by (instance)": 0, "network_drops": 0, "kubernetes_prometheus_rules": "kubernetes_prometheus_rules", "add_security_context": "add_security_context", "delay_treatment": "delay_treatment"}, {"instance": "kube-prometheus-prometheus-node-exporter.oxn-external-monitoring.svc:9100", "timestamp": 1737550591.447, "sum(rate(node_network_receive_drop_total[1m]) + rate(node_network_transmit_drop_total[1m])) by (instance)": 0, "network_drops": 0, "kubernetes_prometheus_rules": "kubernetes_prometheus_rules", "add_security_context": "add_security_context", "delay_treatment": "delay_treatment"}, {"instance": "kube-prometheus-prometheus-node-exporter.oxn-external-monitoring.svc:9100", "timestamp": 1737550592.447, "sum(rate(node_network_receive_drop_total[1m]) + rate(node_network_transmit_drop_total[1m])) by (instance)": 0, "network_drops": 0, "kubernetes_prometheus_rules": "kubernetes_prometheus_rules", "add_security_context": "add_security_context", "delay_treatment": "delay_treatment"}, {"instance": "kube-prometheus-prometheus-node-exporter.oxn-external-monitoring.svc:9100", "timestamp": 1737550593.447, "sum(rate(node_network_receive_drop_total[1m]) + rate(node_network_transmit_drop_total[1m])) by (instance)": 0, "network_drops": 0, "kubernetes_prometheus_rules": "kubernetes_prometheus_rules", "add_security_context": "add_security_context", "delay_treatment": "delay_treatment"}, {"instance": "kube-prometheus-prometheus-node-exporter.oxn-external-monitoring.svc:9100", "timestamp": 1737550594.447, "sum(rate(node_network_receive_drop_total[1m]) + rate(node_network_transmit_drop_total[1m])) by (instance)": 0, "network_drops": 0, "kubernetes_prometheus_rules": "kubernetes_prometheus_rules", "add_security_context": "add_security_context", "delay_treatment": "delay_treatment"}, {"instance": "kube-prometheus-prometheus-node-exporter.oxn-external-monitoring.svc:9100", "timestamp": 1737550595.447, "sum(rate(node_network_receive_drop_total[1m]) + rate(node_network_transmit_drop_total[1m])) by (instance)": 0, "network_drops": 0, "kubernetes_prometheus_rules": "kubernetes_prometheus_rules", "add_security_context": "add_security_context", "delay_treatment": "delay_treatment"}, {"instance": "kube-prometheus-prometheus-node-exporter.oxn-external-monitoring.svc:9100", "timestamp": 1737550596.447, "sum(rate(node_network_receive_drop_total[1m]) + rate(node_network_transmit_drop_total[1m])) by (instance)": 0, "network_drops": 0, "kubernetes_prometheus_rules": "kubernetes_prometheus_rules", "add_security_context": "add_security_context", "delay_treatment": "delay_treatment"}, {"instance": "kube-prometheus-prometheus-node-exporter.oxn-external-monitoring.svc:9100", "timestamp": 1737550597.447, "sum(rate(node_network_receive_drop_total[1m]) + rate(node_network_transmit_drop_total[1m])) by (instance)": 0, "network_drops": 0, "kubernetes_prometheus_rules": "kubernetes_prometheus_rules", "add_security_context": "add_security_context", "delay_treatment": "delay_treatment"}, {"instance": "kube-prometheus-prometheus-node-exporter.oxn-external-monitoring.svc:9100", "timestamp": 1737550598.447, "sum(rate(node_network_receive_drop_total[1m]) + rate(node_network_transmit_drop_total[1m])) by (instance)": 0, "network_drops": 0, "kubernetes_prometheus_rules": "kubernetes_prometheus_rules", "add_security_context": "add_security_context", "delay_treatment": "delay_treatment"}, {"instance": "kube-prometheus-prometheus-node-exporter.oxn-external-monitoring.svc:9100", "timestamp": 1737550599.447, "sum(rate(node_network_receive_drop_total[1m]) + rate(node_network_transmit_drop_total[1m])) by (instance)": 0, "network_drops": 0, "kubernetes_prometheus_rules": "kubernetes_prometheus_rules", "add_security_context": "add_security_context", "delay_treatment": "delay_treatment"}, {"instance": "kube-prometheus-prometheus-node-exporter.oxn-external-monitoring.svc:9100", "timestamp": 1737550600.447, "sum(rate(node_network_receive_drop_total[1m]) + rate(node_network_transmit_drop_total[1m])) by (instance)": 0, "network_drops": 0, "kubernetes_prometheus_rules": "kubernetes_prometheus_rules", "add_security_context": "add_security_context", "delay_treatment": "delay_treatment"}, {"instance": "kube-prometheus-prometheus-node-exporter.oxn-external-monitoring.svc:9100", "timestamp": 1737550601.447, "sum(rate(node_network_receive_drop_total[1m]) + rate(node_network_transmit_drop_total[1m])) by (instance)": 0, "network_drops": 0, "kubernetes_prometheus_rules": "kubernetes_prometheus_rules", "add_security_context": "add_security_context", "delay_treatment": "delay_treatment"}, {"instance": "kube-prometheus-prometheus-node-exporter.oxn-external-monitoring.svc:9100", "timestamp": 1737550602.447, "sum(rate(node_network_receive_drop_total[1m]) + rate(node_network_transmit_drop_total[1m])) by (instance)": 0, "network_drops": 0, "kubernetes_prometheus_rules": "kubernetes_prometheus_rules", "add_security_context": "add_security_context", "delay_treatment": "delay_treatment"}, {"instance": "kube-prometheus-prometheus-node-exporter.oxn-external-monitoring.svc:9100", "timestamp": 1737550603.447, "sum(rate(node_network_receive_drop_total[1m]) + rate(node_network_transmit_drop_total[1m])) by (instance)": 0, "network_drops": 0, "kubernetes_prometheus_rules": "kubernetes_prometheus_rules", "add_security_context": "add_security_context", "delay_treatment": "delay_treatment"}, {"instance": "kube-prometheus-prometheus-node-exporter.oxn-external-monitoring.svc:9100", "timestamp": 1737550604.447, "sum(rate(node_network_receive_drop_total[1m]) + rate(node_network_transmit_drop_total[1m])) by (instance)": 0, "network_drops": 0, "kubernetes_prometheus_rules": "kubernetes_prometheus_rules", "add_security_context": "add_security_context", "delay_treatment": "delay_treatment"}, {"instance": "kube-prometheus-prometheus-node-exporter.oxn-external-monitoring.svc:9100", "timestamp": 1737550605.447, "sum(rate(node_network_receive_drop_total[1m]) + rate(node_network_transmit_drop_total[1m])) by (instance)": 0, "network_drops": 0, "kubernetes_prometheus_rules": "kubernetes_prometheus_rules", "add_security_context": "add_security_context", "delay_treatment": "delay_treatment"}, {"instance": "kube-prometheus-prometheus-node-exporter.oxn-external-monitoring.svc:9100", "timestamp": 1737550606.447, "sum(rate(node_network_receive_drop_total[1m]) + rate(node_network_transmit_drop_total[1m])) by (instance)": 0, "network_drops": 0, "kubernetes_prometheus_rules": "kubernetes_prometheus_rules", "add_security_context": "add_security_context", "delay_treatment": "delay_treatment"}, {"instance": "kube-prometheus-prometheus-node-exporter.oxn-external-monitoring.svc:9100", "timestamp": 1737550607.447, "sum(rate(node_network_receive_drop_total[1m]) + rate(node_network_transmit_drop_total[1m])) by (instance)": 0, "network_drops": 0, "kubernetes_prometheus_rules": "kubernetes_prometheus_rules", "add_security_context": "add_security_context", "delay_treatment": "delay_treatment"}, {"instance": "kube-prometheus-prometheus-node-exporter.oxn-external-monitoring.svc:9100", "timestamp": 1737550608.447, "sum(rate(node_network_receive_drop_total[1m]) + rate(node_network_transmit_drop_total[1m])) by (instance)": 0, "network_drops": 0, "kubernetes_prometheus_rules": "kubernetes_prometheus_rules", "add_security_context": "add_security_context", "delay_treatment": "delay_treatment"}, {"instance": "kube-prometheus-prometheus-node-exporter.oxn-external-monitoring.svc:9100", "timestamp": 1737550609.447, "sum(rate(node_network_receive_drop_total[1m]) + rate(node_network_transmit_drop_total[1m])) by (instance)": 0, "network_drops": 0, "kubernetes_prometheus_rules": "kubernetes_prometheus_rules", "add_security_context": "add_security_context", "delay_treatment": "delay_treatment"}, {"instance": "kube-prometheus-prometheus-node-exporter.oxn-external-monitoring.svc:9100", "timestamp": 1737550610.447, "sum(rate(node_network_receive_drop_total[1m]) + rate(node_network_transmit_drop_total[1m])) by (instance)": 0, "network_drops": 0, "kubernetes_prometheus_rules": "kubernetes_prometheus_rules", "add_security_context": "add_security_context", "delay_treatment": "delay_treatment"}, {"instance": "kube-prometheus-prometheus-node-exporter.oxn-external-monitoring.svc:9100", "timestamp": 1737550611.447, "sum(rate(node_network_receive_drop_total[1m]) + rate(node_network_transmit_drop_total[1m])) by (instance)": 0, "network_drops": 0, "kubernetes_prometheus_rules": "kubernetes_prometheus_rules", "add_security_context": "add_security_context", "delay_treatment": "delay_treatment"}, {"instance": "kube-prometheus-prometheus-node-exporter.oxn-external-monitoring.svc:9100", "timestamp": 1737550612.447, "sum(rate(node_network_receive_drop_total[1m]) + rate(node_network_transmit_drop_total[1m])) by (instance)": 0, "network_drops": 0, "kubernetes_prometheus_rules": "kubernetes_prometheus_rules", "add_security_context": "add_security_context", "delay_treatment": "delay_treatment"}, {"instance": "kube-prometheus-prometheus-node-exporter.oxn-external-monitoring.svc:9100", "timestamp": 1737550613.447, "sum(rate(node_network_receive_drop_total[1m]) + rate(node_network_transmit_drop_total[1m])) by (instance)": 0, "network_drops": 0, "kubernetes_prometheus_rules": "kubernetes_prometheus_rules", "add_security_context": "add_security_context", "delay_treatment": "delay_treatment"}, {"instance": "kube-prometheus-prometheus-node-exporter.oxn-external-monitoring.svc:9100", "timestamp": 1737550614.447, "sum(rate(node_network_receive_drop_total[1m]) + rate(node_network_transmit_drop_total[1m])) by (instance)": 0, "network_drops": 0, "kubernetes_prometheus_rules": "kubernetes_prometheus_rules", "add_security_context": "add_security_context", "delay_treatment": "delay_treatment"}, {"instance": "kube-prometheus-prometheus-node-exporter.oxn-external-monitoring.svc:9100", "timestamp": 1737550615.447, "sum(rate(node_network_receive_drop_total[1m]) + rate(node_network_transmit_drop_total[1m])) by (instance)": 0, "network_drops": 0, "kubernetes_prometheus_rules": "kubernetes_prometheus_rules", "add_security_context": "add_security_context", "delay_treatment": "delay_treatment"}, {"instance": "kube-prometheus-prometheus-node-exporter.oxn-external-monitoring.svc:9100", "timestamp": 1737550616.447, "sum(rate(node_network_receive_drop_total[1m]) + rate(node_network_transmit_drop_total[1m])) by (instance)": 0, "network_drops": 0, "kubernetes_prometheus_rules": "kubernetes_prometheus_rules", "add_security_context": "add_security_context", "delay_treatment": "delay_treatment"}, {"instance": "kube-prometheus-prometheus-node-exporter.oxn-external-monitoring.svc:9100", "timestamp": 1737550617.447, "sum(rate(node_network_receive_drop_total[1m]) + rate(node_network_transmit_drop_total[1m])) by (instance)": 0, "network_drops": 0, "kubernetes_prometheus_rules": "kubernetes_prometheus_rules", "add_security_context": "add_security_context", "delay_treatment": "delay_treatment"}, {"instance": "kube-prometheus-prometheus-node-exporter.oxn-external-monitoring.svc:9100", "timestamp": 1737550618.447, "sum(rate(node_network_receive_drop_total[1m]) + rate(node_network_transmit_drop_total[1m])) by (instance)": 0, "network_drops": 0, "kubernetes_prometheus_rules": "kubernetes_prometheus_rules", "add_security_context": "add_security_context", "delay_treatment": "delay_treatment"}, {"instance": "kube-prometheus-prometheus-node-exporter.oxn-external-monitoring.svc:9100", "timestamp": 1737550619.447, "sum(rate(node_network_receive_drop_total[1m]) + rate(node_network_transmit_drop_total[1m])) by (instance)": 0, "network_drops": 0, "kubernetes_prometheus_rules": "kubernetes_prometheus_rules", "add_security_context": "add_security_context", "delay_treatment": "delay_treatment"}, {"instance": "kube-prometheus-prometheus-node-exporter.oxn-external-monitoring.svc:9100", "timestamp": 1737550620.447, "sum(rate(node_network_receive_drop_total[1m]) + rate(node_network_transmit_drop_total[1m])) by (instance)": 0, "network_drops": 0, "kubernetes_prometheus_rules": "kubernetes_prometheus_rules", "add_security_context": "add_security_context", "delay_treatment": "delay_treatment"}, {"instance": "kube-prometheus-prometheus-node-exporter.oxn-external-monitoring.svc:9100", "timestamp": 1737550621.447, "sum(rate(node_network_receive_drop_total[1m]) + rate(node_network_transmit_drop_total[1m])) by (instance)": 0, "network_drops": 0, "kubernetes_prometheus_rules": "kubernetes_prometheus_rules", "add_security_context": "add_security_context", "delay_treatment": "delay_treatment"}, {"instance": "kube-prometheus-prometheus-node-exporter.oxn-external-monitoring.svc:9100", "timestamp": 1737550622.447, "sum(rate(node_network_receive_drop_total[1m]) + rate(node_network_transmit_drop_total[1m])) by (instance)": 0, "network_drops": 0, "kubernetes_prometheus_rules": "kubernetes_prometheus_rules", "add_security_context": "add_security_context", "delay_treatment": "delay_treatment"}, {"instance": "kube-prometheus-prometheus-node-exporter.oxn-external-monitoring.svc:9100", "timestamp": 1737550623.447, "sum(rate(node_network_receive_drop_total[1m]) + rate(node_network_transmit_drop_total[1m])) by (instance)": 0, "network_drops": 0, "kubernetes_prometheus_rules": "kubernetes_prometheus_rules", "add_security_context": "add_security_context", "delay_treatment": "delay_treatment"}, {"instance": "kube-prometheus-prometheus-node-exporter.oxn-external-monitoring.svc:9100", "timestamp": 1737550624.447, "sum(rate(node_network_receive_drop_total[1m]) + rate(node_network_transmit_drop_total[1m])) by (instance)": 0, "network_drops": 0, "kubernetes_prometheus_rules": "kubernetes_prometheus_rules", "add_security_context": "add_security_context", "delay_treatment": "delay_treatment"}, {"instance": "kube-prometheus-prometheus-node-exporter.oxn-external-monitoring.svc:9100", "timestamp": 1737550625.447, "sum(rate(node_network_receive_drop_total[1m]) + rate(node_network_transmit_drop_total[1m])) by (instance)": 0, "network_drops": 0, "kubernetes_prometheus_rules": "kubernetes_prometheus_rules", "add_security_context": "add_security_context", "delay_treatment": "delay_treatment"}, {"instance": "kube-prometheus-prometheus-node-exporter.oxn-external-monitoring.svc:9100", "timestamp": 1737550626.447, "sum(rate(node_network_receive_drop_total[1m]) + rate(node_network_transmit_drop_total[1m])) by (instance)": 0, "network_drops": 0, "kubernetes_prometheus_rules": "kubernetes_prometheus_rules", "add_security_context": "add_security_context", "delay_treatment": "delay_treatment"}, {"instance": "kube-prometheus-prometheus-node-exporter.oxn-external-monitoring.svc:9100", "timestamp": 1737550627.447, "sum(rate(node_network_receive_drop_total[1m]) + rate(node_network_transmit_drop_total[1m])) by (instance)": 0, "network_drops": 0, "kubernetes_prometheus_rules": "kubernetes_prometheus_rules", "add_security_context": "add_security_context", "delay_treatment": "delay_treatment"}, {"instance": "kube-prometheus-prometheus-node-exporter.oxn-external-monitoring.svc:9100", "timestamp": 1737550628.447, "sum(rate(node_network_receive_drop_total[1m]) + rate(node_network_transmit_drop_total[1m])) by (instance)": 0, "network_drops": 0, "kubernetes_prometheus_rules": "kubernetes_prometheus_rules", "add_security_context": "add_security_context", "delay_treatment": "delay_treatment"}, {"instance": "kube-prometheus-prometheus-node-exporter.oxn-external-monitoring.svc:9100", "timestamp": 1737550629.447, "sum(rate(node_network_receive_drop_total[1m]) + rate(node_network_transmit_drop_total[1m])) by (instance)": 0, "network_drops": 0, "kubernetes_prometheus_rules": "kubernetes_prometheus_rules", "add_security_context": "add_security_context", "delay_treatment": "delay_treatment"}, {"instance": "kube-prometheus-prometheus-node-exporter.oxn-external-monitoring.svc:9100", "timestamp": 1737550630.447, "sum(rate(node_network_receive_drop_total[1m]) + rate(node_network_transmit_drop_total[1m])) by (instance)": 0, "network_drops": 0, "kubernetes_prometheus_rules": "kubernetes_prometheus_rules", "add_security_context": "add_security_context", "delay_treatment": "delay_treatment"}, {"instance": "kube-prometheus-prometheus-node-exporter.oxn-external-monitoring.svc:9100", "timestamp": 1737550631.447, "sum(rate(node_network_receive_drop_total[1m]) + rate(node_network_transmit_drop_total[1m])) by (instance)": 0, "network_drops": 0, "kubernetes_prometheus_rules": "kubernetes_prometheus_rules", "add_security_context": "add_security_context", "delay_treatment": "delay_treatment"}, {"instance": "kube-prometheus-prometheus-node-exporter.oxn-external-monitoring.svc:9100", "timestamp": 1737550632.447, "sum(rate(node_network_receive_drop_total[1m]) + rate(node_network_transmit_drop_total[1m])) by (instance)": 0, "network_drops": 0, "kubernetes_prometheus_rules": "kubernetes_prometheus_rules", "add_security_context": "add_security_context", "delay_treatment": "delay_treatment"}, {"instance": "kube-prometheus-prometheus-node-exporter.oxn-external-monitoring.svc:9100", "timestamp": 1737550633.447, "sum(rate(node_network_receive_drop_total[1m]) + rate(node_network_transmit_drop_total[1m])) by (instance)": 0, "network_drops": 0, "kubernetes_prometheus_rules": "kubernetes_prometheus_rules", "add_security_context": "add_security_context", "delay_treatment": "delay_treatment"}, {"instance": "kube-prometheus-prometheus-node-exporter.oxn-external-monitoring.svc:9100", "timestamp": 1737550634.447, "sum(rate(node_network_receive_drop_total[1m]) + rate(node_network_transmit_drop_total[1m])) by (instance)": 0, "network_drops": 0, "kubernetes_prometheus_rules": "kubernetes_prometheus_rules", "add_security_context": "add_security_context", "delay_treatment": "delay_treatment"}, {"instance": "kube-prometheus-prometheus-node-exporter.oxn-external-monitoring.svc:9100", "timestamp": 1737550635.447, "sum(rate(node_network_receive_drop_total[1m]) + rate(node_network_transmit_drop_total[1m])) by (instance)": 0, "network_drops": 0, "kubernetes_prometheus_rules": "kubernetes_prometheus_rules", "add_security_context": "add_security_context", "delay_treatment": "delay_treatment"}, {"instance": "kube-prometheus-prometheus-node-exporter.oxn-external-monitoring.svc:9100", "timestamp": 1737550636.447, "sum(rate(node_network_receive_drop_total[1m]) + rate(node_network_transmit_drop_total[1m])) by (instance)": 0, "network_drops": 0, "kubernetes_prometheus_rules": "kubernetes_prometheus_rules", "add_security_context": "add_security_context", "delay_treatment": "delay_treatment"}, {"instance": "kube-prometheus-prometheus-node-exporter.oxn-external-monitoring.svc:9100", "timestamp": 1737550637.447, "sum(rate(node_network_receive_drop_total[1m]) + rate(node_network_transmit_drop_total[1m])) by (instance)": 0, "network_drops": 0, "kubernetes_prometheus_rules": "kubernetes_prometheus_rules", "add_security_context": "add_security_context", "delay_treatment": "delay_treatment"}, {"instance": "kube-prometheus-prometheus-node-exporter.oxn-external-monitoring.svc:9100", "timestamp": 1737550638.447, "sum(rate(node_network_receive_drop_total[1m]) + rate(node_network_transmit_drop_total[1m])) by (instance)": 0, "network_drops": 0, "kubernetes_prometheus_rules": "kubernetes_prometheus_rules", "add_security_context": "add_security_context", "delay_treatment": "delay_treatment"}, {"instance": "kube-prometheus-prometheus-node-exporter.oxn-external-monitoring.svc:9100", "timestamp": 1737550639.447, "sum(rate(node_network_receive_drop_total[1m]) + rate(node_network_transmit_drop_total[1m])) by (instance)": 0, "network_drops": 0, "kubernetes_prometheus_rules": "kubernetes_prometheus_rules", "add_security_context": "add_security_context", "delay_treatment": "delay_treatment"}, {"instance": "kube-prometheus-prometheus-node-exporter.oxn-external-monitoring.svc:9100", "timestamp": 1737550640.447, "sum(rate(node_network_receive_drop_total[1m]) + rate(node_network_transmit_drop_total[1m])) by (instance)": 0, "network_drops": 0, "kubernetes_prometheus_rules": "kubernetes_prometheus_rules", "add_security_context": "add_security_context", "delay_treatment": "delay_treatment"}, {"instance": "kube-prometheus-prometheus-node-exporter.oxn-external-monitoring.svc:9100", "timestamp": 1737550641.447, "sum(rate(node_network_receive_drop_total[1m]) + rate(node_network_transmit_drop_total[1m])) by (instance)": 0, "network_drops": 0, "kubernetes_prometheus_rules": "kubernetes_prometheus_rules", "add_security_context": "add_security_context", "delay_treatment": "delay_treatment"}, {"instance": "kube-prometheus-prometheus-node-exporter.oxn-external-monitoring.svc:9100", "timestamp": 1737550642.447, "sum(rate(node_network_receive_drop_total[1m]) + rate(node_network_transmit_drop_total[1m])) by (instance)": 0, "network_drops": 0, "kubernetes_prometheus_rules": "kubernetes_prometheus_rules", "add_security_context": "add_security_context", "delay_treatment": "delay_treatment"}, {"instance": "kube-prometheus-prometheus-node-exporter.oxn-external-monitoring.svc:9100", "timestamp": 1737550643.447, "sum(rate(node_network_receive_drop_total[1m]) + rate(node_network_transmit_drop_total[1m])) by (instance)": 0, "network_drops": 0, "kubernetes_prometheus_rules": "kubernetes_prometheus_rules", "add_security_context": "add_security_context", "delay_treatment": "delay_treatment"}, {"instance": "kube-prometheus-prometheus-node-exporter.oxn-external-monitoring.svc:9100", "timestamp": 1737550644.447, "sum(rate(node_network_receive_drop_total[1m]) + rate(node_network_transmit_drop_total[1m])) by (instance)": 0, "network_drops": 0, "kubernetes_prometheus_rules": "kubernetes_prometheus_rules", "add_security_context": "add_security_context", "delay_treatment": "delay_treatment"}, {"instance": "kube-prometheus-prometheus-node-exporter.oxn-external-monitoring.svc:9100", "timestamp": 1737550645.447, "sum(rate(node_network_receive_drop_total[1m]) + rate(node_network_transmit_drop_total[1m])) by (instance)": 0, "network_drops": 0, "kubernetes_prometheus_rules": "kubernetes_prometheus_rules", "add_security_context": "add_security_context", "delay_treatment": "delay_treatment"}, {"instance": "kube-prometheus-prometheus-node-exporter.oxn-external-monitoring.svc:9100", "timestamp": 1737550646.447, "sum(rate(node_network_receive_drop_total[1m]) + rate(node_network_transmit_drop_total[1m])) by (instance)": 0, "network_drops": 0, "kubernetes_prometheus_rules": "kubernetes_prometheus_rules", "add_security_context": "add_security_context", "delay_treatment": "delay_treatment"}, {"instance": "kube-prometheus-prometheus-node-exporter.oxn-external-monitoring.svc:9100", "timestamp": 1737550647.447, "sum(rate(node_network_receive_drop_total[1m]) + rate(node_network_transmit_drop_total[1m])) by (instance)": 0, "network_drops": 0, "kubernetes_prometheus_rules": "kubernetes_prometheus_rules", "add_security_context": "add_security_context", "delay_treatment": "delay_treatment"}, {"instance": "kube-prometheus-prometheus-node-exporter.oxn-external-monitoring.svc:9100", "timestamp": 1737550648.447, "sum(rate(node_network_receive_drop_total[1m]) + rate(node_network_transmit_drop_total[1m])) by (instance)": 0, "network_drops": 0, "kubernetes_prometheus_rules": "kubernetes_prometheus_rules", "add_security_context": "add_security_context", "delay_treatment": "delay_treatment"}, {"instance": "kube-prometheus-prometheus-node-exporter.oxn-external-monitoring.svc:9100", "timestamp": 1737550649.447, "sum(rate(node_network_receive_drop_total[1m]) + rate(node_network_transmit_drop_total[1m])) by (instance)": 0, "network_drops": 0, "kubernetes_prometheus_rules": "kubernetes_prometheus_rules", "add_security_context": "add_security_context", "delay_treatment": "delay_treatment"}, {"instance": "kube-prometheus-prometheus-node-exporter.oxn-external-monitoring.svc:9100", "timestamp": 1737550650.447, "sum(rate(node_network_receive_drop_total[1m]) + rate(node_network_transmit_drop_total[1m])) by (instance)": 0, "network_drops": 0, "kubernetes_prometheus_rules": "kubernetes_prometheus_rules", "add_security_context": "add_security_context", "delay_treatment": "delay_treatment"}, {"instance": "kube-prometheus-prometheus-node-exporter.oxn-external-monitoring.svc:9100", "timestamp": 1737550651.447, "sum(rate(node_network_receive_drop_total[1m]) + rate(node_network_transmit_drop_total[1m])) by (instance)": 0, "network_drops": 0, "kubernetes_prometheus_rules": "kubernetes_prometheus_rules", "add_security_context": "add_security_context", "delay_treatment": "delay_treatment"}, {"instance": "kube-prometheus-prometheus-node-exporter.oxn-external-monitoring.svc:9100", "timestamp": 1737550652.447, "sum(rate(node_network_receive_drop_total[1m]) + rate(node_network_transmit_drop_total[1m])) by (instance)": 0, "network_drops": 0, "kubernetes_prometheus_rules": "kubernetes_prometheus_rules", "add_security_context": "add_security_context", "delay_treatment": "delay_treatment"}, {"instance": "kube-prometheus-prometheus-node-exporter.oxn-external-monitoring.svc:9100", "timestamp": 1737550653.447, "sum(rate(node_network_receive_drop_total[1m]) + rate(node_network_transmit_drop_total[1m])) by (instance)": 0, "network_drops": 0, "kubernetes_prometheus_rules": "kubernetes_prometheus_rules", "add_security_context": "add_security_context", "delay_treatment": "delay_treatment"}, {"instance": "kube-prometheus-prometheus-node-exporter.oxn-external-monitoring.svc:9100", "timestamp": 1737550654.447, "sum(rate(node_network_receive_drop_total[1m]) + rate(node_network_transmit_drop_total[1m])) by (instance)": 0, "network_drops": 0, "kubernetes_prometheus_rules": "kubernetes_prometheus_rules", "add_security_context": "add_security_context", "delay_treatment": "delay_treatment"}, {"instance": "kube-prometheus-prometheus-node-exporter.oxn-external-monitoring.svc:9100", "timestamp": 1737550655.447, "sum(rate(node_network_receive_drop_total[1m]) + rate(node_network_transmit_drop_total[1m])) by (instance)": 0, "network_drops": 0, "kubernetes_prometheus_rules": "kubernetes_prometheus_rules", "add_security_context": "add_security_context", "delay_treatment": "delay_treatment"}, {"instance": "kube-prometheus-prometheus-node-exporter.oxn-external-monitoring.svc:9100", "timestamp": 1737550656.447, "sum(rate(node_network_receive_drop_total[1m]) + rate(node_network_transmit_drop_total[1m])) by (instance)": 0, "network_drops": 0, "kubernetes_prometheus_rules": "kubernetes_prometheus_rules", "add_security_context": "add_security_context", "delay_treatment": "delay_treatment"}, {"instance": "kube-prometheus-prometheus-node-exporter.oxn-external-monitoring.svc:9100", "timestamp": 1737550657.447, "sum(rate(node_network_receive_drop_total[1m]) + rate(node_network_transmit_drop_total[1m])) by (instance)": 0, "network_drops": 0, "kubernetes_prometheus_rules": "kubernetes_prometheus_rules", "add_security_context": "add_security_context", "delay_treatment": "delay_treatment"}, {"instance": "kube-prometheus-prometheus-node-exporter.oxn-external-monitoring.svc:9100", "timestamp": 1737550658.447, "sum(rate(node_network_receive_drop_total[1m]) + rate(node_network_transmit_drop_total[1m])) by (instance)": 0, "network_drops": 0, "kubernetes_prometheus_rules": "kubernetes_prometheus_rules", "add_security_context": "add_security_context", "delay_treatment": "delay_treatment"}, {"instance": "kube-prometheus-prometheus-node-exporter.oxn-external-monitoring.svc:9100", "timestamp": 1737550659.447, "sum(rate(node_network_receive_drop_total[1m]) + rate(node_network_transmit_drop_total[1m])) by (instance)": 0, "network_drops": 0, "kubernetes_prometheus_rules": "kubernetes_prometheus_rules", "add_security_context": "add_security_context", "delay_treatment": "delay_treatment"}, {"instance": "kube-prometheus-prometheus-node-exporter.oxn-external-monitoring.svc:9100", "timestamp": 1737550660.447, "sum(rate(node_network_receive_drop_total[1m]) + rate(node_network_transmit_drop_total[1m])) by (instance)": 0, "network_drops": 0, "kubernetes_prometheus_rules": "kubernetes_prometheus_rules", "add_security_context": "add_security_context", "delay_treatment": "delay_treatment"}, {"instance": "kube-prometheus-prometheus-node-exporter.oxn-external-monitoring.svc:9100", "timestamp": 1737550661.447, "sum(rate(node_network_receive_drop_total[1m]) + rate(node_network_transmit_drop_total[1m])) by (instance)": 0, "network_drops": 0, "kubernetes_prometheus_rules": "kubernetes_prometheus_rules", "add_security_context": "add_security_context", "delay_treatment": "delay_treatment"}, {"instance": "kube-prometheus-prometheus-node-exporter.oxn-external-monitoring.svc:9100", "timestamp": 1737550662.447, "sum(rate(node_network_receive_drop_total[1m]) + rate(node_network_transmit_drop_total[1m])) by (instance)": 0, "network_drops": 0, "kubernetes_prometheus_rules": "kubernetes_prometheus_rules", "add_security_context": "add_security_context", "delay_treatment": "delay_treatment"}, {"instance": "kube-prometheus-prometheus-node-exporter.oxn-external-monitoring.svc:9100", "timestamp": 1737550663.447, "sum(rate(node_network_receive_drop_total[1m]) + rate(node_network_transmit_drop_total[1m])) by (instance)": 0, "network_drops": 0, "kubernetes_prometheus_rules": "kubernetes_prometheus_rules", "add_security_context": "add_security_context", "delay_treatment": "delay_treatment"}, {"instance": "kube-prometheus-prometheus-node-exporter.oxn-external-monitoring.svc:9100", "timestamp": 1737550664.447, "sum(rate(node_network_receive_drop_total[1m]) + rate(node_network_transmit_drop_total[1m])) by (instance)": 0, "network_drops": 0, "kubernetes_prometheus_rules": "kubernetes_prometheus_rules", "add_security_context": "add_security_context", "delay_treatment": "delay_treatment"}, {"instance": "kube-prometheus-prometheus-node-exporter.oxn-external-monitoring.svc:9100", "timestamp": 1737550665.447, "sum(rate(node_network_receive_drop_total[1m]) + rate(node_network_transmit_drop_total[1m])) by (instance)": 0, "network_drops": 0, "kubernetes_prometheus_rules": "kubernetes_prometheus_rules", "add_security_context": "add_security_context", "delay_treatment": "delay_treatment"}, {"instance": "kube-prometheus-prometheus-node-exporter.oxn-external-monitoring.svc:9100", "timestamp": 1737550666.447, "sum(rate(node_network_receive_drop_total[1m]) + rate(node_network_transmit_drop_total[1m])) by (instance)": 0, "network_drops": 0, "kubernetes_prometheus_rules": "kubernetes_prometheus_rules", "add_security_context": "add_security_context", "delay_treatment": "delay_treatment"}, {"instance": "kube-prometheus-prometheus-node-exporter.oxn-external-monitoring.svc:9100", "timestamp": 1737550667.447, "sum(rate(node_network_receive_drop_total[1m]) + rate(node_network_transmit_drop_total[1m])) by (instance)": 0, "network_drops": 0, "kubernetes_prometheus_rules": "kubernetes_prometheus_rules", "add_security_context": "add_security_context", "delay_treatment": "delay_treatment"}, {"instance": "kube-prometheus-prometheus-node-exporter.oxn-external-monitoring.svc:9100", "timestamp": 1737550668.447, "sum(rate(node_network_receive_drop_total[1m]) + rate(node_network_transmit_drop_total[1m])) by (instance)": 0, "network_drops": 0, "kubernetes_prometheus_rules": "kubernetes_prometheus_rules", "add_security_context": "add_security_context", "delay_treatment": "delay_treatment"}, {"instance": "kube-prometheus-prometheus-node-exporter.oxn-external-monitoring.svc:9100", "timestamp": 1737550669.447, "sum(rate(node_network_receive_drop_total[1m]) + rate(node_network_transmit_drop_total[1m])) by (instance)": 0, "network_drops": 0, "kubernetes_prometheus_rules": "kubernetes_prometheus_rules", "add_security_context": "add_security_context", "delay_treatment": "delay_treatment"}, {"instance": "kube-prometheus-prometheus-node-exporter.oxn-external-monitoring.svc:9100", "timestamp": 1737550670.447, "sum(rate(node_network_receive_drop_total[1m]) + rate(node_network_transmit_drop_total[1m])) by (instance)": 0, "network_drops": 0, "kubernetes_prometheus_rules": "kubernetes_prometheus_rules", "add_security_context": "add_security_context", "delay_treatment": "delay_treatment"}, {"instance": "kube-prometheus-prometheus-node-exporter.oxn-external-monitoring.svc:9100", "timestamp": 1737550671.447, "sum(rate(node_network_receive_drop_total[1m]) + rate(node_network_transmit_drop_total[1m])) by (instance)": 0, "network_drops": 0, "kubernetes_prometheus_rules": "kubernetes_prometheus_rules", "add_security_context": "add_security_context", "delay_treatment": "delay_treatment"}, {"instance": "kube-prometheus-prometheus-node-exporter.oxn-external-monitoring.svc:9100", "timestamp": 1737550672.447, "sum(rate(node_network_receive_drop_total[1m]) + rate(node_network_transmit_drop_total[1m])) by (instance)": 0, "network_drops": 0, "kubernetes_prometheus_rules": "kubernetes_prometheus_rules", "add_security_context": "add_security_context", "delay_treatment": "delay_treatment"}, {"instance": "kube-prometheus-prometheus-node-exporter.oxn-external-monitoring.svc:9100", "timestamp": 1737550673.447, "sum(rate(node_network_receive_drop_total[1m]) + rate(node_network_transmit_drop_total[1m])) by (instance)": 0, "network_drops": 0, "kubernetes_prometheus_rules": "kubernetes_prometheus_rules", "add_security_context": "add_security_context", "delay_treatment": "delay_treatment"}, {"instance": "kube-prometheus-prometheus-node-exporter.oxn-external-monitoring.svc:9100", "timestamp": 1737550674.447, "sum(rate(node_network_receive_drop_total[1m]) + rate(node_network_transmit_drop_total[1m])) by (instance)": 0, "network_drops": 0, "kubernetes_prometheus_rules": "kubernetes_prometheus_rules", "add_security_context": "add_security_context", "delay_treatment": "delay_treatment"}, {"instance": "kube-prometheus-prometheus-node-exporter.oxn-external-monitoring.svc:9100", "timestamp": 1737550675.447, "sum(rate(node_network_receive_drop_total[1m]) + rate(node_network_transmit_drop_total[1m])) by (instance)": 0, "network_drops": 0, "kubernetes_prometheus_rules": "kubernetes_prometheus_rules", "add_security_context": "add_security_context", "delay_treatment": "delay_treatment"}, {"instance": "kube-prometheus-prometheus-node-exporter.oxn-external-monitoring.svc:9100", "timestamp": 1737550676.447, "sum(rate(node_network_receive_drop_total[1m]) + rate(node_network_transmit_drop_total[1m])) by (instance)": 0, "network_drops": 0, "kubernetes_prometheus_rules": "kubernetes_prometheus_rules", "add_security_context": "add_security_context", "delay_treatment": "delay_treatment"}, {"instance": "kube-prometheus-prometheus-node-exporter.oxn-external-monitoring.svc:9100", "timestamp": 1737550677.447, "sum(rate(node_network_receive_drop_total[1m]) + rate(node_network_transmit_drop_total[1m])) by (instance)": 0, "network_drops": 0, "kubernetes_prometheus_rules": "kubernetes_prometheus_rules", "add_security_context": "add_security_context", "delay_treatment": "delay_treatment"}, {"instance": "kube-prometheus-prometheus-node-exporter.oxn-external-monitoring.svc:9100", "timestamp": 1737550678.447, "sum(rate(node_network_receive_drop_total[1m]) + rate(node_network_transmit_drop_total[1m])) by (instance)": 0, "network_drops": 0, "kubernetes_prometheus_rules": "kubernetes_prometheus_rules", "add_security_context": "add_security_context", "delay_treatment": "delay_treatment"}, {"instance": "kube-prometheus-prometheus-node-exporter.oxn-external-monitoring.svc:9100", "timestamp": 1737550679.447, "sum(rate(node_network_receive_drop_total[1m]) + rate(node_network_transmit_drop_total[1m])) by (instance)": 0, "network_drops": 0, "kubernetes_prometheus_rules": "kubernetes_prometheus_rules", "add_security_context": "add_security_context", "delay_treatment": "delay_treatment"}, {"instance": "kube-prometheus-prometheus-node-exporter.oxn-external-monitoring.svc:9100", "timestamp": 1737550680.447, "sum(rate(node_network_receive_drop_total[1m]) + rate(node_network_transmit_drop_total[1m])) by (instance)": 0, "network_drops": 0, "kubernetes_prometheus_rules": "kubernetes_prometheus_rules", "add_security_context": "add_security_context", "delay_treatment": "delay_treatment"}, {"instance": "kube-prometheus-prometheus-node-exporter.oxn-external-monitoring.svc:9100", "timestamp": 1737550681.447, "sum(rate(node_network_receive_drop_total[1m]) + rate(node_network_transmit_drop_total[1m])) by (instance)": 0, "network_drops": 0, "kubernetes_prometheus_rules": "kubernetes_prometheus_rules", "add_security_context": "add_security_context", "delay_treatment": "delay_treatment"}, {"instance": "kube-prometheus-prometheus-node-exporter.oxn-external-monitoring.svc:9100", "timestamp": 1737550682.447, "sum(rate(node_network_receive_drop_total[1m]) + rate(node_network_transmit_drop_total[1m])) by (instance)": 0, "network_drops": 0, "kubernetes_prometheus_rules": "kubernetes_prometheus_rules", "add_security_context": "add_security_context", "delay_treatment": "delay_treatment"}, {"instance": "kube-prometheus-prometheus-node-exporter.oxn-external-monitoring.svc:9100", "timestamp": 1737550683.447, "sum(rate(node_network_receive_drop_total[1m]) + rate(node_network_transmit_drop_total[1m])) by (instance)": 0, "network_drops": 0, "kubernetes_prometheus_rules": "kubernetes_prometheus_rules", "add_security_context": "add_security_context", "delay_treatment": "delay_treatment"}, {"instance": "kube-prometheus-prometheus-node-exporter.oxn-external-monitoring.svc:9100", "timestamp": 1737550684.447, "sum(rate(node_network_receive_drop_total[1m]) + rate(node_network_transmit_drop_total[1m])) by (instance)": 0, "network_drops": 0, "kubernetes_prometheus_rules": "kubernetes_prometheus_rules", "add_security_context": "add_security_context", "delay_treatment": "delay_treatment"}, {"instance": "kube-prometheus-prometheus-node-exporter.oxn-external-monitoring.svc:9100", "timestamp": 1737550685.447, "sum(rate(node_network_receive_drop_total[1m]) + rate(node_network_transmit_drop_total[1m])) by (instance)": 0, "network_drops": 0, "kubernetes_prometheus_rules": "kubernetes_prometheus_rules", "add_security_context": "add_security_context", "delay_treatment": "delay_treatment"}, {"instance": "kube-prometheus-prometheus-node-exporter.oxn-external-monitoring.svc:9100", "timestamp": 1737550686.447, "sum(rate(node_network_receive_drop_total[1m]) + rate(node_network_transmit_drop_total[1m])) by (instance)": 0, "network_drops": 0, "kubernetes_prometheus_rules": "kubernetes_prometheus_rules", "add_security_context": "add_security_context", "delay_treatment": "delay_treatment"}, {"instance": "kube-prometheus-prometheus-node-exporter.oxn-external-monitoring.svc:9100", "timestamp": 1737550687.447, "sum(rate(node_network_receive_drop_total[1m]) + rate(node_network_transmit_drop_total[1m])) by (instance)": 0, "network_drops": 0, "kubernetes_prometheus_rules": "kubernetes_prometheus_rules", "add_security_context": "add_security_context", "delay_treatment": "delay_treatment"}, {"instance": "kube-prometheus-prometheus-node-exporter.oxn-external-monitoring.svc:9100", "timestamp": 1737550688.447, "sum(rate(node_network_receive_drop_total[1m]) + rate(node_network_transmit_drop_total[1m])) by (instance)": 0, "network_drops": 0, "kubernetes_prometheus_rules": "kubernetes_prometheus_rules", "add_security_context": "add_security_context", "delay_treatment": "delay_treatment"}, {"instance": "kube-prometheus-prometheus-node-exporter.oxn-external-monitoring.svc:9100", "timestamp": 1737550689.447, "sum(rate(node_network_receive_drop_total[1m]) + rate(node_network_transmit_drop_total[1m])) by (instance)": 0, "network_drops": 0, "kubernetes_prometheus_rules": "kubernetes_prometheus_rules", "add_security_context": "add_security_context", "delay_treatment": "delay_treatment"}, {"instance": "kube-prometheus-prometheus-node-exporter.oxn-external-monitoring.svc:9100", "timestamp": 1737550690.447, "sum(rate(node_network_receive_drop_total[1m]) + rate(node_network_transmit_drop_total[1m])) by (instance)": 0, "network_drops": 0, "kubernetes_prometheus_rules": "kubernetes_prometheus_rules", "add_security_context": "add_security_context", "delay_treatment": "delay_treatment"}, {"instance": "kube-prometheus-prometheus-node-exporter.oxn-external-monitoring.svc:9100", "timestamp": 1737550691.447, "sum(rate(node_network_receive_drop_total[1m]) + rate(node_network_transmit_drop_total[1m])) by (instance)": 0, "network_drops": 0, "kubernetes_prometheus_rules": "kubernetes_prometheus_rules", "add_security_context": "add_security_context", "delay_treatment": "delay_treatment"}, {"instance": "kube-prometheus-prometheus-node-exporter.oxn-external-monitoring.svc:9100", "timestamp": 1737550692.447, "sum(rate(node_network_receive_drop_total[1m]) + rate(node_network_transmit_drop_total[1m])) by (instance)": 0, "network_drops": 0, "kubernetes_prometheus_rules": "kubernetes_prometheus_rules", "add_security_context": "add_security_context", "delay_treatment": "delay_treatment"}, {"instance": "kube-prometheus-prometheus-node-exporter.oxn-external-monitoring.svc:9100", "timestamp": 1737550693.447, "sum(rate(node_network_receive_drop_total[1m]) + rate(node_network_transmit_drop_total[1m])) by (instance)": 0, "network_drops": 0, "kubernetes_prometheus_rules": "kubernetes_prometheus_rules", "add_security_context": "add_security_context", "delay_treatment": "delay_treatment"}, {"instance": "kube-prometheus-prometheus-node-exporter.oxn-external-monitoring.svc:9100", "timestamp": 1737550694.447, "sum(rate(node_network_receive_drop_total[1m]) + rate(node_network_transmit_drop_total[1m])) by (instance)": 0, "network_drops": 0, "kubernetes_prometheus_rules": "kubernetes_prometheus_rules", "add_security_context": "add_security_context", "delay_treatment": "delay_treatment"}, {"instance": "kube-prometheus-prometheus-node-exporter.oxn-external-monitoring.svc:9100", "timestamp": 1737550695.447, "sum(rate(node_network_receive_drop_total[1m]) + rate(node_network_transmit_drop_total[1m])) by (instance)": 0, "network_drops": 0, "kubernetes_prometheus_rules": "kubernetes_prometheus_rules", "add_security_context": "add_security_context", "delay_treatment": "delay_treatment"}, {"instance": "kube-prometheus-prometheus-node-exporter.oxn-external-monitoring.svc:9100", "timestamp": 1737550696.447, "sum(rate(node_network_receive_drop_total[1m]) + rate(node_network_transmit_drop_total[1m])) by (instance)": 0, "network_drops": 0, "kubernetes_prometheus_rules": "kubernetes_prometheus_rules", "add_security_context": "add_security_context", "delay_treatment": "delay_treatment"}, {"instance": "kube-prometheus-prometheus-node-exporter.oxn-external-monitoring.svc:9100", "timestamp": 1737550697.447, "sum(rate(node_network_receive_drop_total[1m]) + rate(node_network_transmit_drop_total[1m])) by (instance)": 0, "network_drops": 0, "kubernetes_prometheus_rules": "kubernetes_prometheus_rules", "add_security_context": "add_security_context", "delay_treatment": "delay_treatment"}, {"instance": "kube-prometheus-prometheus-node-exporter.oxn-external-monitoring.svc:9100", "timestamp": 1737550698.447, "sum(rate(node_network_receive_drop_total[1m]) + rate(node_network_transmit_drop_total[1m])) by (instance)": 0, "network_drops": 0, "kubernetes_prometheus_rules": "kubernetes_prometheus_rules", "add_security_context": "add_security_context", "delay_treatment": "delay_treatment"}, {"instance": "kube-prometheus-prometheus-node-exporter.oxn-external-monitoring.svc:9100", "timestamp": 1737550699.447, "sum(rate(node_network_receive_drop_total[1m]) + rate(node_network_transmit_drop_total[1m])) by (instance)": 0, "network_drops": 0, "kubernetes_prometheus_rules": "kubernetes_prometheus_rules", "add_security_context": "add_security_context", "delay_treatment": "delay_treatment"}, {"instance": "kube-prometheus-prometheus-node-exporter.oxn-external-monitoring.svc:9100", "timestamp": 1737550700.447, "sum(rate(node_network_receive_drop_total[1m]) + rate(node_network_transmit_drop_total[1m])) by (instance)": 0, "network_drops": 0, "kubernetes_prometheus_rules": "kubernetes_prometheus_rules", "add_security_context": "add_security_context", "delay_treatment": "delay_treatment"}, {"instance": "kube-prometheus-prometheus-node-exporter.oxn-external-monitoring.svc:9100", "timestamp": 1737550701.447, "sum(rate(node_network_receive_drop_total[1m]) + rate(node_network_transmit_drop_total[1m])) by (instance)": 0, "network_drops": 0, "kubernetes_prometheus_rules": "kubernetes_prometheus_rules", "add_security_context": "add_security_context", "delay_treatment": "delay_treatment"}, {"instance": "kube-prometheus-prometheus-node-exporter.oxn-external-monitoring.svc:9100", "timestamp": 1737550702.447, "sum(rate(node_network_receive_drop_total[1m]) + rate(node_network_transmit_drop_total[1m])) by (instance)": 0, "network_drops": 0, "kubernetes_prometheus_rules": "kubernetes_prometheus_rules", "add_security_context": "add_security_context", "delay_treatment": "delay_treatment"}, {"instance": "kube-prometheus-prometheus-node-exporter.oxn-external-monitoring.svc:9100", "timestamp": 1737550703.447, "sum(rate(node_network_receive_drop_total[1m]) + rate(node_network_transmit_drop_total[1m])) by (instance)": 0, "network_drops": 0, "kubernetes_prometheus_rules": "kubernetes_prometheus_rules", "add_security_context": "add_security_context", "delay_treatment": "delay_treatment"}, {"instance": "kube-prometheus-prometheus-node-exporter.oxn-external-monitoring.svc:9100", "timestamp": 1737550704.447, "sum(rate(node_network_receive_drop_total[1m]) + rate(node_network_transmit_drop_total[1m])) by (instance)": 0, "network_drops": 0, "kubernetes_prometheus_rules": "kubernetes_prometheus_rules", "add_security_context": "add_security_context", "delay_treatment": "delay_treatment"}, {"instance": "kube-prometheus-prometheus-node-exporter.oxn-external-monitoring.svc:9100", "timestamp": 1737550705.447, "sum(rate(node_network_receive_drop_total[1m]) + rate(node_network_transmit_drop_total[1m])) by (instance)": 0, "network_drops": 0, "kubernetes_prometheus_rules": "kubernetes_prometheus_rules", "add_security_context": "add_security_context", "delay_treatment": "delay_treatment"}, {"instance": "kube-prometheus-prometheus-node-exporter.oxn-external-monitoring.svc:9100", "timestamp": 1737550706.447, "sum(rate(node_network_receive_drop_total[1m]) + rate(node_network_transmit_drop_total[1m])) by (instance)": 0, "network_drops": 0, "kubernetes_prometheus_rules": "kubernetes_prometheus_rules", "add_security_context": "add_security_context", "delay_treatment": "delay_treatment"}, {"instance": "kube-prometheus-prometheus-node-exporter.oxn-external-monitoring.svc:9100", "timestamp": 1737550707.447, "sum(rate(node_network_receive_drop_total[1m]) + rate(node_network_transmit_drop_total[1m])) by (instance)": 0, "network_drops": 0, "kubernetes_prometheus_rules": "kubernetes_prometheus_rules", "add_security_context": "add_security_context", "delay_treatment": "delay_treatment"}, {"instance": "kube-prometheus-prometheus-node-exporter.oxn-external-monitoring.svc:9100", "timestamp": 1737550708.447, "sum(rate(node_network_receive_drop_total[1m]) + rate(node_network_transmit_drop_total[1m])) by (instance)": 0, "network_drops": 0, "kubernetes_prometheus_rules": "kubernetes_prometheus_rules", "add_security_context": "add_security_context", "delay_treatment": "delay_treatment"}, {"instance": "kube-prometheus-prometheus-node-exporter.oxn-external-monitoring.svc:9100", "timestamp": 1737550709.447, "sum(rate(node_network_receive_drop_total[1m]) + rate(node_network_transmit_drop_total[1m])) by (instance)": 0, "network_drops": 0, "kubernetes_prometheus_rules": "kubernetes_prometheus_rules", "add_security_context": "add_security_context", "delay_treatment": "delay_treatment"}, {"instance": "kube-prometheus-prometheus-node-exporter.oxn-external-monitoring.svc:9100", "timestamp": 1737550710.447, "sum(rate(node_network_receive_drop_total[1m]) + rate(node_network_transmit_drop_total[1m])) by (instance)": 0, "network_drops": 0, "kubernetes_prometheus_rules": "kubernetes_prometheus_rules", "add_security_context": "add_security_context", "delay_treatment": "delay_treatment"}, {"instance": "kube-prometheus-prometheus-node-exporter.oxn-external-monitoring.svc:9100", "timestamp": 1737550711.447, "sum(rate(node_network_receive_drop_total[1m]) + rate(node_network_transmit_drop_total[1m])) by (instance)": 0, "network_drops": 0, "kubernetes_prometheus_rules": "kubernetes_prometheus_rules", "add_security_context": "add_security_context", "delay_treatment": "delay_treatment"}, {"instance": "kube-prometheus-prometheus-node-exporter.oxn-external-monitoring.svc:9100", "timestamp": 1737550712.447, "sum(rate(node_network_receive_drop_total[1m]) + rate(node_network_transmit_drop_total[1m])) by (instance)": 0, "network_drops": 0, "kubernetes_prometheus_rules": "kubernetes_prometheus_rules", "add_security_context": "add_security_context", "delay_treatment": "delay_treatment"}, {"instance": "kube-prometheus-prometheus-node-exporter.oxn-external-monitoring.svc:9100", "timestamp": 1737550713.447, "sum(rate(node_network_receive_drop_total[1m]) + rate(node_network_transmit_drop_total[1m])) by (instance)": 0, "network_drops": 0, "kubernetes_prometheus_rules": "kubernetes_prometheus_rules", "add_security_context": "add_security_context", "delay_treatment": "delay_treatment"}, {"instance": "kube-prometheus-prometheus-node-exporter.oxn-external-monitoring.svc:9100", "timestamp": 1737550714.447, "sum(rate(node_network_receive_drop_total[1m]) + rate(node_network_transmit_drop_total[1m])) by (instance)": 0, "network_drops": 0, "kubernetes_prometheus_rules": "kubernetes_prometheus_rules", "add_security_context": "add_security_context", "delay_treatment": "delay_treatment"}, {"instance": "kube-prometheus-prometheus-node-exporter.oxn-external-monitoring.svc:9100", "timestamp": 1737550715.447, "sum(rate(node_network_receive_drop_total[1m]) + rate(node_network_transmit_drop_total[1m])) by (instance)": 0, "network_drops": 0, "kubernetes_prometheus_rules": "kubernetes_prometheus_rules", "add_security_context": "add_security_context", "delay_treatment": "delay_treatment"}, {"instance": "kube-prometheus-prometheus-node-exporter.oxn-external-monitoring.svc:9100", "timestamp": 1737550716.447, "sum(rate(node_network_receive_drop_total[1m]) + rate(node_network_transmit_drop_total[1m])) by (instance)": 0, "network_drops": 0, "kubernetes_prometheus_rules": "kubernetes_prometheus_rules", "add_security_context": "add_security_context", "delay_treatment": "delay_treatment"}, {"instance": "kube-prometheus-prometheus-node-exporter.oxn-external-monitoring.svc:9100", "timestamp": 1737550717.447, "sum(rate(node_network_receive_drop_total[1m]) + rate(node_network_transmit_drop_total[1m])) by (instance)": 0, "network_drops": 0, "kubernetes_prometheus_rules": "kubernetes_prometheus_rules", "add_security_context": "add_security_context", "delay_treatment": "delay_treatment"}, {"instance": "kube-prometheus-prometheus-node-exporter.oxn-external-monitoring.svc:9100", "timestamp": 1737550718.447, "sum(rate(node_network_receive_drop_total[1m]) + rate(node_network_transmit_drop_total[1m])) by (instance)": 0, "network_drops": 0, "kubernetes_prometheus_rules": "kubernetes_prometheus_rules", "add_security_context": "add_security_context", "delay_treatment": "delay_treatment"}, {"instance": "kube-prometheus-prometheus-node-exporter.oxn-external-monitoring.svc:9100", "timestamp": 1737550719.447, "sum(rate(node_network_receive_drop_total[1m]) + rate(node_network_transmit_drop_total[1m])) by (instance)": 0, "network_drops": 0, "kubernetes_prometheus_rules": "kubernetes_prometheus_rules", "add_security_context": "add_security_context", "delay_treatment": "delay_treatment"}, {"instance": "kube-prometheus-prometheus-node-exporter.oxn-external-monitoring.svc:9100", "timestamp": 1737550720.447, "sum(rate(node_network_receive_drop_total[1m]) + rate(node_network_transmit_drop_total[1m])) by (instance)": 0, "network_drops": 0, "kubernetes_prometheus_rules": "kubernetes_prometheus_rules", "add_security_context": "add_security_context", "delay_treatment": "delay_treatment"}, {"instance": "kube-prometheus-prometheus-node-exporter.oxn-external-monitoring.svc:9100", "timestamp": 1737550721.447, "sum(rate(node_network_receive_drop_total[1m]) + rate(node_network_transmit_drop_total[1m])) by (instance)": 0, "network_drops": 0, "kubernetes_prometheus_rules": "kubernetes_prometheus_rules", "add_security_context": "add_security_context", "delay_treatment": "delay_treatment"}, {"instance": "kube-prometheus-prometheus-node-exporter.oxn-external-monitoring.svc:9100", "timestamp": 1737550722.447, "sum(rate(node_network_receive_drop_total[1m]) + rate(node_network_transmit_drop_total[1m])) by (instance)": 0, "network_drops": 0, "kubernetes_prometheus_rules": "kubernetes_prometheus_rules", "add_security_context": "add_security_context", "delay_treatment": "delay_treatment"}, {"instance": "kube-prometheus-prometheus-node-exporter.oxn-external-monitoring.svc:9100", "timestamp": 1737550723.447, "sum(rate(node_network_receive_drop_total[1m]) + rate(node_network_transmit_drop_total[1m])) by (instance)": 0, "network_drops": 0, "kubernetes_prometheus_rules": "kubernetes_prometheus_rules", "add_security_context": "add_security_context", "delay_treatment": "delay_treatment"}, {"instance": "kube-prometheus-prometheus-node-exporter.oxn-external-monitoring.svc:9100", "timestamp": 1737550724.447, "sum(rate(node_network_receive_drop_total[1m]) + rate(node_network_transmit_drop_total[1m])) by (instance)": 0, "network_drops": 0, "kubernetes_prometheus_rules": "kubernetes_prometheus_rules", "add_security_context": "add_security_context", "delay_treatment": "delay_treatment"}, {"instance": "kube-prometheus-prometheus-node-exporter.oxn-external-monitoring.svc:9100", "timestamp": 1737550725.447, "sum(rate(node_network_receive_drop_total[1m]) + rate(node_network_transmit_drop_total[1m])) by (instance)": 0, "network_drops": 0, "kubernetes_prometheus_rules": "kubernetes_prometheus_rules", "add_security_context": "add_security_context", "delay_treatment": "delay_treatment"}, {"instance": "kube-prometheus-prometheus-node-exporter.oxn-external-monitoring.svc:9100", "timestamp": 1737550726.447, "sum(rate(node_network_receive_drop_total[1m]) + rate(node_network_transmit_drop_total[1m])) by (instance)": 0, "network_drops": 0, "kubernetes_prometheus_rules": "kubernetes_prometheus_rules", "add_security_context": "add_security_context", "delay_treatment": "delay_treatment"}, {"instance": "kube-prometheus-prometheus-node-exporter.oxn-external-monitoring.svc:9100", "timestamp": 1737550727.447, "sum(rate(node_network_receive_drop_total[1m]) + rate(node_network_transmit_drop_total[1m])) by (instance)": 0, "network_drops": 0, "kubernetes_prometheus_rules": "kubernetes_prometheus_rules", "add_security_context": "add_security_context", "delay_treatment": "delay_treatment"}, {"instance": "kube-prometheus-prometheus-node-exporter.oxn-external-monitoring.svc:9100", "timestamp": 1737550728.447, "sum(rate(node_network_receive_drop_total[1m]) + rate(node_network_transmit_drop_total[1m])) by (instance)": 0, "network_drops": 0, "kubernetes_prometheus_rules": "kubernetes_prometheus_rules", "add_security_context": "add_security_context", "delay_treatment": "delay_treatment"}, {"instance": "kube-prometheus-prometheus-node-exporter.oxn-external-monitoring.svc:9100", "timestamp": 1737550729.447, "sum(rate(node_network_receive_drop_total[1m]) + rate(node_network_transmit_drop_total[1m])) by (instance)": 0, "network_drops": 0, "kubernetes_prometheus_rules": "kubernetes_prometheus_rules", "add_security_context": "add_security_context", "delay_treatment": "delay_treatment"}, {"instance": "kube-prometheus-prometheus-node-exporter.oxn-external-monitoring.svc:9100", "timestamp": 1737550730.447, "sum(rate(node_network_receive_drop_total[1m]) + rate(node_network_transmit_drop_total[1m])) by (instance)": 0, "network_drops": 0, "kubernetes_prometheus_rules": "kubernetes_prometheus_rules", "add_security_context": "add_security_context", "delay_treatment": "delay_treatment"}, {"instance": "kube-prometheus-prometheus-node-exporter.oxn-external-monitoring.svc:9100", "timestamp": 1737550731.447, "sum(rate(node_network_receive_drop_total[1m]) + rate(node_network_transmit_drop_total[1m])) by (instance)": 0, "network_drops": 0, "kubernetes_prometheus_rules": "kubernetes_prometheus_rules", "add_security_context": "add_security_context", "delay_treatment": "delay_treatment"}, {"instance": "kube-prometheus-prometheus-node-exporter.oxn-external-monitoring.svc:9100", "timestamp": 1737550732.447, "sum(rate(node_network_receive_drop_total[1m]) + rate(node_network_transmit_drop_total[1m])) by (instance)": 0, "network_drops": 0, "kubernetes_prometheus_rules": "kubernetes_prometheus_rules", "add_security_context": "add_security_context", "delay_treatment": "delay_treatment"}, {"instance": "kube-prometheus-prometheus-node-exporter.oxn-external-monitoring.svc:9100", "timestamp": 1737550733.447, "sum(rate(node_network_receive_drop_total[1m]) + rate(node_network_transmit_drop_total[1m])) by (instance)": 0, "network_drops": 0, "kubernetes_prometheus_rules": "kubernetes_prometheus_rules", "add_security_context": "add_security_context", "delay_treatment": "delay_treatment"}, {"instance": "kube-prometheus-prometheus-node-exporter.oxn-external-monitoring.svc:9100", "timestamp": 1737550734.447, "sum(rate(node_network_receive_drop_total[1m]) + rate(node_network_transmit_drop_total[1m])) by (instance)": 0, "network_drops": 0, "kubernetes_prometheus_rules": "kubernetes_prometheus_rules", "add_security_context": "add_security_context", "delay_treatment": "delay_treatment"}, {"instance": "kube-prometheus-prometheus-node-exporter.oxn-external-monitoring.svc:9100", "timestamp": 1737550735.447, "sum(rate(node_network_receive_drop_total[1m]) + rate(node_network_transmit_drop_total[1m])) by (instance)": 0, "network_drops": 0, "kubernetes_prometheus_rules": "kubernetes_prometheus_rules", "add_security_context": "add_security_context", "delay_treatment": "delay_treatment"}, {"instance": "kube-prometheus-prometheus-node-exporter.oxn-external-monitoring.svc:9100", "timestamp": 1737550736.447, "sum(rate(node_network_receive_drop_total[1m]) + rate(node_network_transmit_drop_total[1m])) by (instance)": 0, "network_drops": 0, "kubernetes_prometheus_rules": "kubernetes_prometheus_rules", "add_security_context": "add_security_context", "delay_treatment": "delay_treatment"}, {"instance": "kube-prometheus-prometheus-node-exporter.oxn-external-monitoring.svc:9100", "timestamp": 1737550737.447, "sum(rate(node_network_receive_drop_total[1m]) + rate(node_network_transmit_drop_total[1m])) by (instance)": 0, "network_drops": 0, "kubernetes_prometheus_rules": "kubernetes_prometheus_rules", "add_security_context": "add_security_context", "delay_treatment": "delay_treatment"}, {"instance": "kube-prometheus-prometheus-node-exporter.oxn-external-monitoring.svc:9100", "timestamp": 1737550738.447, "sum(rate(node_network_receive_drop_total[1m]) + rate(node_network_transmit_drop_total[1m])) by (instance)": 0, "network_drops": 0, "kubernetes_prometheus_rules": "kubernetes_prometheus_rules", "add_security_context": "add_security_context", "delay_treatment": "delay_treatment"}, {"instance": "kube-prometheus-prometheus-node-exporter.oxn-external-monitoring.svc:9100", "timestamp": 1737550739.447, "sum(rate(node_network_receive_drop_total[1m]) + rate(node_network_transmit_drop_total[1m])) by (instance)": 0, "network_drops": 0, "kubernetes_prometheus_rules": "kubernetes_prometheus_rules", "add_security_context": "add_security_context", "delay_treatment": "delay_treatment"}, {"instance": "kube-prometheus-prometheus-node-exporter.oxn-external-monitoring.svc:9100", "timestamp": 1737550740.447, "sum(rate(node_network_receive_drop_total[1m]) + rate(node_network_transmit_drop_total[1m])) by (instance)": 0, "network_drops": 0, "kubernetes_prometheus_rules": "kubernetes_prometheus_rules", "add_security_context": "add_security_context", "delay_treatment": "delay_treatment"}, {"instance": "kube-prometheus-prometheus-node-exporter.oxn-external-monitoring.svc:9100", "timestamp": 1737550741.447, "sum(rate(node_network_receive_drop_total[1m]) + rate(node_network_transmit_drop_total[1m])) by (instance)": 0, "network_drops": 0, "kubernetes_prometheus_rules": "NoTreatment", "add_security_context": "NoTreatment", "delay_treatment": "NoTreatment"}, {"instance": "kube-prometheus-prometheus-node-exporter.oxn-external-monitoring.svc:9100", "timestamp": 1737550742.447, "sum(rate(node_network_receive_drop_total[1m]) + rate(node_network_transmit_drop_total[1m])) by (instance)": 0, "network_drops": 0, "kubernetes_prometheus_rules": "NoTreatment", "add_security_context": "NoTreatment", "delay_treatment": "NoTreatment"}, {"instance": "kube-prometheus-prometheus-node-exporter.oxn-external-monitoring.svc:9100", "timestamp": 1737550743.447, "sum(rate(node_network_receive_drop_total[1m]) + rate(node_network_transmit_drop_total[1m])) by (instance)": 0, "network_drops": 0, "kubernetes_prometheus_rules": "NoTreatment", "add_security_context": "NoTreatment", "delay_treatment": "NoTreatment"}, {"instance": "kube-prometheus-prometheus-node-exporter.oxn-external-monitoring.svc:9100", "timestamp": 1737550744.447, "sum(rate(node_network_receive_drop_total[1m]) + rate(node_network_transmit_drop_total[1m])) by (instance)": 0, "network_drops": 0, "kubernetes_prometheus_rules": "NoTreatment", "add_security_context": "NoTreatment", "delay_treatment": "NoTreatment"}, {"instance": "kube-prometheus-prometheus-node-exporter.oxn-external-monitoring.svc:9100", "timestamp": 1737550745.447, "sum(rate(node_network_receive_drop_total[1m]) + rate(node_network_transmit_drop_total[1m])) by (instance)": 0, "network_drops": 0, "kubernetes_prometheus_rules": "NoTreatment", "add_security_context": "NoTreatment", "delay_treatment": "NoTreatment"}, {"instance": "kube-prometheus-prometheus-node-exporter.oxn-external-monitoring.svc:9100", "timestamp": 1737550746.447, "sum(rate(node_network_receive_drop_total[1m]) + rate(node_network_transmit_drop_total[1m])) by (instance)": 0, "network_drops": 0, "kubernetes_prometheus_rules": "NoTreatment", "add_security_context": "NoTreatment", "delay_treatment": "NoTreatment"}, {"instance": "kube-prometheus-prometheus-node-exporter.oxn-external-monitoring.svc:9100", "timestamp": 1737550747.447, "sum(rate(node_network_receive_drop_total[1m]) + rate(node_network_transmit_drop_total[1m])) by (instance)": 0, "network_drops": 0, "kubernetes_prometheus_rules": "NoTreatment", "add_security_context": "NoTreatment", "delay_treatment": "NoTreatment"}, {"instance": "kube-prometheus-prometheus-node-exporter.oxn-external-monitoring.svc:9100", "timestamp": 1737550748.447, "sum(rate(node_network_receive_drop_total[1m]) + rate(node_network_transmit_drop_total[1m])) by (instance)": 0, "network_drops": 0, "kubernetes_prometheus_rules": "NoTreatment", "add_security_context": "NoTreatment", "delay_treatment": "NoTreatment"}, {"instance": "kube-prometheus-prometheus-node-exporter.oxn-external-monitoring.svc:9100", "timestamp": 1737550749.447, "sum(rate(node_network_receive_drop_total[1m]) + rate(node_network_transmit_drop_total[1m])) by (instance)": 0, "network_drops": 0, "kubernetes_prometheus_rules": "NoTreatment", "add_security_context": "NoTreatment", "delay_treatment": "NoTreatment"}, {"instance": "kube-prometheus-prometheus-node-exporter.oxn-external-monitoring.svc:9100", "timestamp": 1737550750.447, "sum(rate(node_network_receive_drop_total[1m]) + rate(node_network_transmit_drop_total[1m])) by (instance)": 0, "network_drops": 0, "kubernetes_prometheus_rules": "NoTreatment", "add_security_context": "NoTreatment", "delay_treatment": "NoTreatment"}]