[{"instance": "kube-prometheus-prometheus-node-exporter.oxn-external-monitoring.svc:9100", "timestamp": 1737549397.919, "sum(rate(node_network_receive_errs_total[1m]) + rate(node_network_transmit_errs_total[1m])) by (instance)": 0, "network_errors": 0, "kubernetes_prometheus_rules": "kubernetes_prometheus_rules", "add_security_context": "NoTreatment", "delay_treatment": "NoTreatment"}, {"instance": "kube-prometheus-prometheus-node-exporter.oxn-external-monitoring.svc:9100", "timestamp": 1737549398.919, "sum(rate(node_network_receive_errs_total[1m]) + rate(node_network_transmit_errs_total[1m])) by (instance)": 0, "network_errors": 0, "kubernetes_prometheus_rules": "kubernetes_prometheus_rules", "add_security_context": "NoTreatment", "delay_treatment": "NoTreatment"}, {"instance": "kube-prometheus-prometheus-node-exporter.oxn-external-monitoring.svc:9100", "timestamp": 1737549399.919, "sum(rate(node_network_receive_errs_total[1m]) + rate(node_network_transmit_errs_total[1m])) by (instance)": 0, "network_errors": 0, "kubernetes_prometheus_rules": "kubernetes_prometheus_rules", "add_security_context": "NoTreatment", "delay_treatment": "NoTreatment"}, {"instance": "kube-prometheus-prometheus-node-exporter.oxn-external-monitoring.svc:9100", "timestamp": 1737549400.919, "sum(rate(node_network_receive_errs_total[1m]) + rate(node_network_transmit_errs_total[1m])) by (instance)": 0, "network_errors": 0, "kubernetes_prometheus_rules": "kubernetes_prometheus_rules", "add_security_context": "NoTreatment", "delay_treatment": "NoTreatment"}, {"instance": "kube-prometheus-prometheus-node-exporter.oxn-external-monitoring.svc:9100", "timestamp": 1737549401.919, "sum(rate(node_network_receive_errs_total[1m]) + rate(node_network_transmit_errs_total[1m])) by (instance)": 0, "network_errors": 0, "kubernetes_prometheus_rules": "kubernetes_prometheus_rules", "add_security_context": "NoTreatment", "delay_treatment": "NoTreatment"}, {"instance": "kube-prometheus-prometheus-node-exporter.oxn-external-monitoring.svc:9100", "timestamp": 1737549402.919, "sum(rate(node_network_receive_errs_total[1m]) + rate(node_network_transmit_errs_total[1m])) by (instance)": 0, "network_errors": 0, "kubernetes_prometheus_rules": "kubernetes_prometheus_rules", "add_security_context": "NoTreatment", "delay_treatment": "NoTreatment"}, {"instance": "kube-prometheus-prometheus-node-exporter.oxn-external-monitoring.svc:9100", "timestamp": 1737549403.919, "sum(rate(node_network_receive_errs_total[1m]) + rate(node_network_transmit_errs_total[1m])) by (instance)": 0, "network_errors": 0, "kubernetes_prometheus_rules": "kubernetes_prometheus_rules", "add_security_context": "NoTreatment", "delay_treatment": "NoTreatment"}, {"instance": "kube-prometheus-prometheus-node-exporter.oxn-external-monitoring.svc:9100", "timestamp": 1737549404.919, "sum(rate(node_network_receive_errs_total[1m]) + rate(node_network_transmit_errs_total[1m])) by (instance)": 0, "network_errors": 0, "kubernetes_prometheus_rules": "kubernetes_prometheus_rules", "add_security_context": "NoTreatment", "delay_treatment": "NoTreatment"}, {"instance": "kube-prometheus-prometheus-node-exporter.oxn-external-monitoring.svc:9100", "timestamp": 1737549405.919, "sum(rate(node_network_receive_errs_total[1m]) + rate(node_network_transmit_errs_total[1m])) by (instance)": 0, "network_errors": 0, "kubernetes_prometheus_rules": "kubernetes_prometheus_rules", "add_security_context": "NoTreatment", "delay_treatment": "NoTreatment"}, {"instance": "kube-prometheus-prometheus-node-exporter.oxn-external-monitoring.svc:9100", "timestamp": 1737549406.919, "sum(rate(node_network_receive_errs_total[1m]) + rate(node_network_transmit_errs_total[1m])) by (instance)": 0, "network_errors": 0, "kubernetes_prometheus_rules": "kubernetes_prometheus_rules", "add_security_context": "NoTreatment", "delay_treatment": "NoTreatment"}, {"instance": "kube-prometheus-prometheus-node-exporter.oxn-external-monitoring.svc:9100", "timestamp": 1737549407.919, "sum(rate(node_network_receive_errs_total[1m]) + rate(node_network_transmit_errs_total[1m])) by (instance)": 0, "network_errors": 0, "kubernetes_prometheus_rules": "kubernetes_prometheus_rules", "add_security_context": "add_security_context", "delay_treatment": "NoTreatment"}, {"instance": "kube-prometheus-prometheus-node-exporter.oxn-external-monitoring.svc:9100", "timestamp": 1737549408.919, "sum(rate(node_network_receive_errs_total[1m]) + rate(node_network_transmit_errs_total[1m])) by (instance)": 0, "network_errors": 0, "kubernetes_prometheus_rules": "kubernetes_prometheus_rules", "add_security_context": "add_security_context", "delay_treatment": "delay_treatment"}, {"instance": "kube-prometheus-prometheus-node-exporter.oxn-external-monitoring.svc:9100", "timestamp": 1737549409.919, "sum(rate(node_network_receive_errs_total[1m]) + rate(node_network_transmit_errs_total[1m])) by (instance)": 0, "network_errors": 0, "kubernetes_prometheus_rules": "kubernetes_prometheus_rules", "add_security_context": "add_security_context", "delay_treatment": "delay_treatment"}, {"instance": "kube-prometheus-prometheus-node-exporter.oxn-external-monitoring.svc:9100", "timestamp": 1737549410.919, "sum(rate(node_network_receive_errs_total[1m]) + rate(node_network_transmit_errs_total[1m])) by (instance)": 0, "network_errors": 0, "kubernetes_prometheus_rules": "kubernetes_prometheus_rules", "add_security_context": "add_security_context", "delay_treatment": "delay_treatment"}, {"instance": "kube-prometheus-prometheus-node-exporter.oxn-external-monitoring.svc:9100", "timestamp": 1737549411.919, "sum(rate(node_network_receive_errs_total[1m]) + rate(node_network_transmit_errs_total[1m])) by (instance)": 0, "network_errors": 0, "kubernetes_prometheus_rules": "kubernetes_prometheus_rules", "add_security_context": "add_security_context", "delay_treatment": "delay_treatment"}, {"instance": "kube-prometheus-prometheus-node-exporter.oxn-external-monitoring.svc:9100", "timestamp": 1737549412.919, "sum(rate(node_network_receive_errs_total[1m]) + rate(node_network_transmit_errs_total[1m])) by (instance)": 0, "network_errors": 0, "kubernetes_prometheus_rules": "kubernetes_prometheus_rules", "add_security_context": "add_security_context", "delay_treatment": "delay_treatment"}, {"instance": "kube-prometheus-prometheus-node-exporter.oxn-external-monitoring.svc:9100", "timestamp": 1737549413.919, "sum(rate(node_network_receive_errs_total[1m]) + rate(node_network_transmit_errs_total[1m])) by (instance)": 0, "network_errors": 0, "kubernetes_prometheus_rules": "kubernetes_prometheus_rules", "add_security_context": "add_security_context", "delay_treatment": "delay_treatment"}, {"instance": "kube-prometheus-prometheus-node-exporter.oxn-external-monitoring.svc:9100", "timestamp": 1737549414.919, "sum(rate(node_network_receive_errs_total[1m]) + rate(node_network_transmit_errs_total[1m])) by (instance)": 0, "network_errors": 0, "kubernetes_prometheus_rules": "kubernetes_prometheus_rules", "add_security_context": "add_security_context", "delay_treatment": "delay_treatment"}, {"instance": "kube-prometheus-prometheus-node-exporter.oxn-external-monitoring.svc:9100", "timestamp": 1737549415.919, "sum(rate(node_network_receive_errs_total[1m]) + rate(node_network_transmit_errs_total[1m])) by (instance)": 0, "network_errors": 0, "kubernetes_prometheus_rules": "kubernetes_prometheus_rules", "add_security_context": "add_security_context", "delay_treatment": "delay_treatment"}, {"instance": "kube-prometheus-prometheus-node-exporter.oxn-external-monitoring.svc:9100", "timestamp": 1737549416.919, "sum(rate(node_network_receive_errs_total[1m]) + rate(node_network_transmit_errs_total[1m])) by (instance)": 0, "network_errors": 0, "kubernetes_prometheus_rules": "kubernetes_prometheus_rules", "add_security_context": "add_security_context", "delay_treatment": "delay_treatment"}, {"instance": "kube-prometheus-prometheus-node-exporter.oxn-external-monitoring.svc:9100", "timestamp": 1737549417.919, "sum(rate(node_network_receive_errs_total[1m]) + rate(node_network_transmit_errs_total[1m])) by (instance)": 0, "network_errors": 0, "kubernetes_prometheus_rules": "kubernetes_prometheus_rules", "add_security_context": "add_security_context", "delay_treatment": "delay_treatment"}, {"instance": "kube-prometheus-prometheus-node-exporter.oxn-external-monitoring.svc:9100", "timestamp": 1737549418.919, "sum(rate(node_network_receive_errs_total[1m]) + rate(node_network_transmit_errs_total[1m])) by (instance)": 0, "network_errors": 0, "kubernetes_prometheus_rules": "kubernetes_prometheus_rules", "add_security_context": "add_security_context", "delay_treatment": "delay_treatment"}, {"instance": "kube-prometheus-prometheus-node-exporter.oxn-external-monitoring.svc:9100", "timestamp": 1737549419.919, "sum(rate(node_network_receive_errs_total[1m]) + rate(node_network_transmit_errs_total[1m])) by (instance)": 0, "network_errors": 0, "kubernetes_prometheus_rules": "kubernetes_prometheus_rules", "add_security_context": "add_security_context", "delay_treatment": "delay_treatment"}, {"instance": "kube-prometheus-prometheus-node-exporter.oxn-external-monitoring.svc:9100", "timestamp": 1737549420.919, "sum(rate(node_network_receive_errs_total[1m]) + rate(node_network_transmit_errs_total[1m])) by (instance)": 0, "network_errors": 0, "kubernetes_prometheus_rules": "kubernetes_prometheus_rules", "add_security_context": "add_security_context", "delay_treatment": "delay_treatment"}, {"instance": "kube-prometheus-prometheus-node-exporter.oxn-external-monitoring.svc:9100", "timestamp": 1737549421.919, "sum(rate(node_network_receive_errs_total[1m]) + rate(node_network_transmit_errs_total[1m])) by (instance)": 0, "network_errors": 0, "kubernetes_prometheus_rules": "kubernetes_prometheus_rules", "add_security_context": "add_security_context", "delay_treatment": "delay_treatment"}, {"instance": "kube-prometheus-prometheus-node-exporter.oxn-external-monitoring.svc:9100", "timestamp": 1737549422.919, "sum(rate(node_network_receive_errs_total[1m]) + rate(node_network_transmit_errs_total[1m])) by (instance)": 0, "network_errors": 0, "kubernetes_prometheus_rules": "kubernetes_prometheus_rules", "add_security_context": "add_security_context", "delay_treatment": "delay_treatment"}, {"instance": "kube-prometheus-prometheus-node-exporter.oxn-external-monitoring.svc:9100", "timestamp": 1737549423.919, "sum(rate(node_network_receive_errs_total[1m]) + rate(node_network_transmit_errs_total[1m])) by (instance)": 0, "network_errors": 0, "kubernetes_prometheus_rules": "kubernetes_prometheus_rules", "add_security_context": "add_security_context", "delay_treatment": "delay_treatment"}, {"instance": "kube-prometheus-prometheus-node-exporter.oxn-external-monitoring.svc:9100", "timestamp": 1737549424.919, "sum(rate(node_network_receive_errs_total[1m]) + rate(node_network_transmit_errs_total[1m])) by (instance)": 0, "network_errors": 0, "kubernetes_prometheus_rules": "kubernetes_prometheus_rules", "add_security_context": "add_security_context", "delay_treatment": "delay_treatment"}, {"instance": "kube-prometheus-prometheus-node-exporter.oxn-external-monitoring.svc:9100", "timestamp": 1737549425.919, "sum(rate(node_network_receive_errs_total[1m]) + rate(node_network_transmit_errs_total[1m])) by (instance)": 0, "network_errors": 0, "kubernetes_prometheus_rules": "kubernetes_prometheus_rules", "add_security_context": "add_security_context", "delay_treatment": "delay_treatment"}, {"instance": "kube-prometheus-prometheus-node-exporter.oxn-external-monitoring.svc:9100", "timestamp": 1737549426.919, "sum(rate(node_network_receive_errs_total[1m]) + rate(node_network_transmit_errs_total[1m])) by (instance)": 0, "network_errors": 0, "kubernetes_prometheus_rules": "kubernetes_prometheus_rules", "add_security_context": "add_security_context", "delay_treatment": "delay_treatment"}, {"instance": "kube-prometheus-prometheus-node-exporter.oxn-external-monitoring.svc:9100", "timestamp": 1737549427.919, "sum(rate(node_network_receive_errs_total[1m]) + rate(node_network_transmit_errs_total[1m])) by (instance)": 0, "network_errors": 0, "kubernetes_prometheus_rules": "kubernetes_prometheus_rules", "add_security_context": "add_security_context", "delay_treatment": "delay_treatment"}, {"instance": "kube-prometheus-prometheus-node-exporter.oxn-external-monitoring.svc:9100", "timestamp": 1737549428.919, "sum(rate(node_network_receive_errs_total[1m]) + rate(node_network_transmit_errs_total[1m])) by (instance)": 0, "network_errors": 0, "kubernetes_prometheus_rules": "kubernetes_prometheus_rules", "add_security_context": "add_security_context", "delay_treatment": "delay_treatment"}, {"instance": "kube-prometheus-prometheus-node-exporter.oxn-external-monitoring.svc:9100", "timestamp": 1737549429.919, "sum(rate(node_network_receive_errs_total[1m]) + rate(node_network_transmit_errs_total[1m])) by (instance)": 0, "network_errors": 0, "kubernetes_prometheus_rules": "kubernetes_prometheus_rules", "add_security_context": "add_security_context", "delay_treatment": "delay_treatment"}, {"instance": "kube-prometheus-prometheus-node-exporter.oxn-external-monitoring.svc:9100", "timestamp": 1737549430.919, "sum(rate(node_network_receive_errs_total[1m]) + rate(node_network_transmit_errs_total[1m])) by (instance)": 0, "network_errors": 0, "kubernetes_prometheus_rules": "kubernetes_prometheus_rules", "add_security_context": "add_security_context", "delay_treatment": "delay_treatment"}, {"instance": "kube-prometheus-prometheus-node-exporter.oxn-external-monitoring.svc:9100", "timestamp": 1737549431.919, "sum(rate(node_network_receive_errs_total[1m]) + rate(node_network_transmit_errs_total[1m])) by (instance)": 0, "network_errors": 0, "kubernetes_prometheus_rules": "kubernetes_prometheus_rules", "add_security_context": "add_security_context", "delay_treatment": "delay_treatment"}, {"instance": "kube-prometheus-prometheus-node-exporter.oxn-external-monitoring.svc:9100", "timestamp": 1737549432.919, "sum(rate(node_network_receive_errs_total[1m]) + rate(node_network_transmit_errs_total[1m])) by (instance)": 0, "network_errors": 0, "kubernetes_prometheus_rules": "kubernetes_prometheus_rules", "add_security_context": "add_security_context", "delay_treatment": "delay_treatment"}, {"instance": "kube-prometheus-prometheus-node-exporter.oxn-external-monitoring.svc:9100", "timestamp": 1737549433.919, "sum(rate(node_network_receive_errs_total[1m]) + rate(node_network_transmit_errs_total[1m])) by (instance)": 0, "network_errors": 0, "kubernetes_prometheus_rules": "kubernetes_prometheus_rules", "add_security_context": "add_security_context", "delay_treatment": "delay_treatment"}, {"instance": "kube-prometheus-prometheus-node-exporter.oxn-external-monitoring.svc:9100", "timestamp": 1737549434.919, "sum(rate(node_network_receive_errs_total[1m]) + rate(node_network_transmit_errs_total[1m])) by (instance)": 0, "network_errors": 0, "kubernetes_prometheus_rules": "kubernetes_prometheus_rules", "add_security_context": "add_security_context", "delay_treatment": "delay_treatment"}, {"instance": "kube-prometheus-prometheus-node-exporter.oxn-external-monitoring.svc:9100", "timestamp": 1737549435.919, "sum(rate(node_network_receive_errs_total[1m]) + rate(node_network_transmit_errs_total[1m])) by (instance)": 0, "network_errors": 0, "kubernetes_prometheus_rules": "kubernetes_prometheus_rules", "add_security_context": "add_security_context", "delay_treatment": "delay_treatment"}, {"instance": "kube-prometheus-prometheus-node-exporter.oxn-external-monitoring.svc:9100", "timestamp": 1737549436.919, "sum(rate(node_network_receive_errs_total[1m]) + rate(node_network_transmit_errs_total[1m])) by (instance)": 0, "network_errors": 0, "kubernetes_prometheus_rules": "kubernetes_prometheus_rules", "add_security_context": "add_security_context", "delay_treatment": "delay_treatment"}, {"instance": "kube-prometheus-prometheus-node-exporter.oxn-external-monitoring.svc:9100", "timestamp": 1737549437.919, "sum(rate(node_network_receive_errs_total[1m]) + rate(node_network_transmit_errs_total[1m])) by (instance)": 0, "network_errors": 0, "kubernetes_prometheus_rules": "kubernetes_prometheus_rules", "add_security_context": "add_security_context", "delay_treatment": "delay_treatment"}, {"instance": "kube-prometheus-prometheus-node-exporter.oxn-external-monitoring.svc:9100", "timestamp": 1737549438.919, "sum(rate(node_network_receive_errs_total[1m]) + rate(node_network_transmit_errs_total[1m])) by (instance)": 0, "network_errors": 0, "kubernetes_prometheus_rules": "kubernetes_prometheus_rules", "add_security_context": "add_security_context", "delay_treatment": "delay_treatment"}, {"instance": "kube-prometheus-prometheus-node-exporter.oxn-external-monitoring.svc:9100", "timestamp": 1737549439.919, "sum(rate(node_network_receive_errs_total[1m]) + rate(node_network_transmit_errs_total[1m])) by (instance)": 0, "network_errors": 0, "kubernetes_prometheus_rules": "kubernetes_prometheus_rules", "add_security_context": "add_security_context", "delay_treatment": "delay_treatment"}, {"instance": "kube-prometheus-prometheus-node-exporter.oxn-external-monitoring.svc:9100", "timestamp": 1737549440.919, "sum(rate(node_network_receive_errs_total[1m]) + rate(node_network_transmit_errs_total[1m])) by (instance)": 0, "network_errors": 0, "kubernetes_prometheus_rules": "kubernetes_prometheus_rules", "add_security_context": "add_security_context", "delay_treatment": "delay_treatment"}, {"instance": "kube-prometheus-prometheus-node-exporter.oxn-external-monitoring.svc:9100", "timestamp": 1737549441.919, "sum(rate(node_network_receive_errs_total[1m]) + rate(node_network_transmit_errs_total[1m])) by (instance)": 0, "network_errors": 0, "kubernetes_prometheus_rules": "kubernetes_prometheus_rules", "add_security_context": "add_security_context", "delay_treatment": "delay_treatment"}, {"instance": "kube-prometheus-prometheus-node-exporter.oxn-external-monitoring.svc:9100", "timestamp": 1737549442.919, "sum(rate(node_network_receive_errs_total[1m]) + rate(node_network_transmit_errs_total[1m])) by (instance)": 0, "network_errors": 0, "kubernetes_prometheus_rules": "kubernetes_prometheus_rules", "add_security_context": "add_security_context", "delay_treatment": "delay_treatment"}, {"instance": "kube-prometheus-prometheus-node-exporter.oxn-external-monitoring.svc:9100", "timestamp": 1737549443.919, "sum(rate(node_network_receive_errs_total[1m]) + rate(node_network_transmit_errs_total[1m])) by (instance)": 0, "network_errors": 0, "kubernetes_prometheus_rules": "kubernetes_prometheus_rules", "add_security_context": "add_security_context", "delay_treatment": "delay_treatment"}, {"instance": "kube-prometheus-prometheus-node-exporter.oxn-external-monitoring.svc:9100", "timestamp": 1737549444.919, "sum(rate(node_network_receive_errs_total[1m]) + rate(node_network_transmit_errs_total[1m])) by (instance)": 0, "network_errors": 0, "kubernetes_prometheus_rules": "kubernetes_prometheus_rules", "add_security_context": "add_security_context", "delay_treatment": "delay_treatment"}, {"instance": "kube-prometheus-prometheus-node-exporter.oxn-external-monitoring.svc:9100", "timestamp": 1737549445.919, "sum(rate(node_network_receive_errs_total[1m]) + rate(node_network_transmit_errs_total[1m])) by (instance)": 0, "network_errors": 0, "kubernetes_prometheus_rules": "kubernetes_prometheus_rules", "add_security_context": "add_security_context", "delay_treatment": "delay_treatment"}, {"instance": "kube-prometheus-prometheus-node-exporter.oxn-external-monitoring.svc:9100", "timestamp": 1737549446.919, "sum(rate(node_network_receive_errs_total[1m]) + rate(node_network_transmit_errs_total[1m])) by (instance)": 0, "network_errors": 0, "kubernetes_prometheus_rules": "kubernetes_prometheus_rules", "add_security_context": "add_security_context", "delay_treatment": "delay_treatment"}, {"instance": "kube-prometheus-prometheus-node-exporter.oxn-external-monitoring.svc:9100", "timestamp": 1737549447.919, "sum(rate(node_network_receive_errs_total[1m]) + rate(node_network_transmit_errs_total[1m])) by (instance)": 0, "network_errors": 0, "kubernetes_prometheus_rules": "kubernetes_prometheus_rules", "add_security_context": "add_security_context", "delay_treatment": "delay_treatment"}, {"instance": "kube-prometheus-prometheus-node-exporter.oxn-external-monitoring.svc:9100", "timestamp": 1737549448.919, "sum(rate(node_network_receive_errs_total[1m]) + rate(node_network_transmit_errs_total[1m])) by (instance)": 0, "network_errors": 0, "kubernetes_prometheus_rules": "kubernetes_prometheus_rules", "add_security_context": "add_security_context", "delay_treatment": "delay_treatment"}, {"instance": "kube-prometheus-prometheus-node-exporter.oxn-external-monitoring.svc:9100", "timestamp": 1737549449.919, "sum(rate(node_network_receive_errs_total[1m]) + rate(node_network_transmit_errs_total[1m])) by (instance)": 0, "network_errors": 0, "kubernetes_prometheus_rules": "kubernetes_prometheus_rules", "add_security_context": "add_security_context", "delay_treatment": "delay_treatment"}, {"instance": "kube-prometheus-prometheus-node-exporter.oxn-external-monitoring.svc:9100", "timestamp": 1737549450.919, "sum(rate(node_network_receive_errs_total[1m]) + rate(node_network_transmit_errs_total[1m])) by (instance)": 0, "network_errors": 0, "kubernetes_prometheus_rules": "kubernetes_prometheus_rules", "add_security_context": "add_security_context", "delay_treatment": "delay_treatment"}, {"instance": "kube-prometheus-prometheus-node-exporter.oxn-external-monitoring.svc:9100", "timestamp": 1737549451.919, "sum(rate(node_network_receive_errs_total[1m]) + rate(node_network_transmit_errs_total[1m])) by (instance)": 0, "network_errors": 0, "kubernetes_prometheus_rules": "kubernetes_prometheus_rules", "add_security_context": "add_security_context", "delay_treatment": "delay_treatment"}, {"instance": "kube-prometheus-prometheus-node-exporter.oxn-external-monitoring.svc:9100", "timestamp": 1737549452.919, "sum(rate(node_network_receive_errs_total[1m]) + rate(node_network_transmit_errs_total[1m])) by (instance)": 0, "network_errors": 0, "kubernetes_prometheus_rules": "kubernetes_prometheus_rules", "add_security_context": "add_security_context", "delay_treatment": "delay_treatment"}, {"instance": "kube-prometheus-prometheus-node-exporter.oxn-external-monitoring.svc:9100", "timestamp": 1737549453.919, "sum(rate(node_network_receive_errs_total[1m]) + rate(node_network_transmit_errs_total[1m])) by (instance)": 0, "network_errors": 0, "kubernetes_prometheus_rules": "kubernetes_prometheus_rules", "add_security_context": "add_security_context", "delay_treatment": "delay_treatment"}, {"instance": "kube-prometheus-prometheus-node-exporter.oxn-external-monitoring.svc:9100", "timestamp": 1737549454.919, "sum(rate(node_network_receive_errs_total[1m]) + rate(node_network_transmit_errs_total[1m])) by (instance)": 0, "network_errors": 0, "kubernetes_prometheus_rules": "kubernetes_prometheus_rules", "add_security_context": "add_security_context", "delay_treatment": "delay_treatment"}, {"instance": "kube-prometheus-prometheus-node-exporter.oxn-external-monitoring.svc:9100", "timestamp": 1737549455.919, "sum(rate(node_network_receive_errs_total[1m]) + rate(node_network_transmit_errs_total[1m])) by (instance)": 0, "network_errors": 0, "kubernetes_prometheus_rules": "kubernetes_prometheus_rules", "add_security_context": "add_security_context", "delay_treatment": "delay_treatment"}, {"instance": "kube-prometheus-prometheus-node-exporter.oxn-external-monitoring.svc:9100", "timestamp": 1737549456.919, "sum(rate(node_network_receive_errs_total[1m]) + rate(node_network_transmit_errs_total[1m])) by (instance)": 0, "network_errors": 0, "kubernetes_prometheus_rules": "kubernetes_prometheus_rules", "add_security_context": "add_security_context", "delay_treatment": "delay_treatment"}, {"instance": "kube-prometheus-prometheus-node-exporter.oxn-external-monitoring.svc:9100", "timestamp": 1737549457.919, "sum(rate(node_network_receive_errs_total[1m]) + rate(node_network_transmit_errs_total[1m])) by (instance)": 0, "network_errors": 0, "kubernetes_prometheus_rules": "kubernetes_prometheus_rules", "add_security_context": "add_security_context", "delay_treatment": "delay_treatment"}, {"instance": "kube-prometheus-prometheus-node-exporter.oxn-external-monitoring.svc:9100", "timestamp": 1737549458.919, "sum(rate(node_network_receive_errs_total[1m]) + rate(node_network_transmit_errs_total[1m])) by (instance)": 0, "network_errors": 0, "kubernetes_prometheus_rules": "kubernetes_prometheus_rules", "add_security_context": "add_security_context", "delay_treatment": "delay_treatment"}, {"instance": "kube-prometheus-prometheus-node-exporter.oxn-external-monitoring.svc:9100", "timestamp": 1737549459.919, "sum(rate(node_network_receive_errs_total[1m]) + rate(node_network_transmit_errs_total[1m])) by (instance)": 0, "network_errors": 0, "kubernetes_prometheus_rules": "kubernetes_prometheus_rules", "add_security_context": "add_security_context", "delay_treatment": "delay_treatment"}, {"instance": "kube-prometheus-prometheus-node-exporter.oxn-external-monitoring.svc:9100", "timestamp": 1737549460.919, "sum(rate(node_network_receive_errs_total[1m]) + rate(node_network_transmit_errs_total[1m])) by (instance)": 0, "network_errors": 0, "kubernetes_prometheus_rules": "kubernetes_prometheus_rules", "add_security_context": "add_security_context", "delay_treatment": "delay_treatment"}, {"instance": "kube-prometheus-prometheus-node-exporter.oxn-external-monitoring.svc:9100", "timestamp": 1737549461.919, "sum(rate(node_network_receive_errs_total[1m]) + rate(node_network_transmit_errs_total[1m])) by (instance)": 0, "network_errors": 0, "kubernetes_prometheus_rules": "kubernetes_prometheus_rules", "add_security_context": "add_security_context", "delay_treatment": "delay_treatment"}, {"instance": "kube-prometheus-prometheus-node-exporter.oxn-external-monitoring.svc:9100", "timestamp": 1737549462.919, "sum(rate(node_network_receive_errs_total[1m]) + rate(node_network_transmit_errs_total[1m])) by (instance)": 0, "network_errors": 0, "kubernetes_prometheus_rules": "kubernetes_prometheus_rules", "add_security_context": "add_security_context", "delay_treatment": "delay_treatment"}, {"instance": "kube-prometheus-prometheus-node-exporter.oxn-external-monitoring.svc:9100", "timestamp": 1737549463.919, "sum(rate(node_network_receive_errs_total[1m]) + rate(node_network_transmit_errs_total[1m])) by (instance)": 0, "network_errors": 0, "kubernetes_prometheus_rules": "kubernetes_prometheus_rules", "add_security_context": "add_security_context", "delay_treatment": "delay_treatment"}, {"instance": "kube-prometheus-prometheus-node-exporter.oxn-external-monitoring.svc:9100", "timestamp": 1737549464.919, "sum(rate(node_network_receive_errs_total[1m]) + rate(node_network_transmit_errs_total[1m])) by (instance)": 0, "network_errors": 0, "kubernetes_prometheus_rules": "kubernetes_prometheus_rules", "add_security_context": "add_security_context", "delay_treatment": "delay_treatment"}, {"instance": "kube-prometheus-prometheus-node-exporter.oxn-external-monitoring.svc:9100", "timestamp": 1737549465.919, "sum(rate(node_network_receive_errs_total[1m]) + rate(node_network_transmit_errs_total[1m])) by (instance)": 0, "network_errors": 0, "kubernetes_prometheus_rules": "kubernetes_prometheus_rules", "add_security_context": "add_security_context", "delay_treatment": "delay_treatment"}, {"instance": "kube-prometheus-prometheus-node-exporter.oxn-external-monitoring.svc:9100", "timestamp": 1737549466.919, "sum(rate(node_network_receive_errs_total[1m]) + rate(node_network_transmit_errs_total[1m])) by (instance)": 0, "network_errors": 0, "kubernetes_prometheus_rules": "kubernetes_prometheus_rules", "add_security_context": "add_security_context", "delay_treatment": "delay_treatment"}, {"instance": "kube-prometheus-prometheus-node-exporter.oxn-external-monitoring.svc:9100", "timestamp": 1737549467.919, "sum(rate(node_network_receive_errs_total[1m]) + rate(node_network_transmit_errs_total[1m])) by (instance)": 0, "network_errors": 0, "kubernetes_prometheus_rules": "kubernetes_prometheus_rules", "add_security_context": "add_security_context", "delay_treatment": "delay_treatment"}, {"instance": "kube-prometheus-prometheus-node-exporter.oxn-external-monitoring.svc:9100", "timestamp": 1737549468.919, "sum(rate(node_network_receive_errs_total[1m]) + rate(node_network_transmit_errs_total[1m])) by (instance)": 0, "network_errors": 0, "kubernetes_prometheus_rules": "kubernetes_prometheus_rules", "add_security_context": "add_security_context", "delay_treatment": "delay_treatment"}, {"instance": "kube-prometheus-prometheus-node-exporter.oxn-external-monitoring.svc:9100", "timestamp": 1737549469.919, "sum(rate(node_network_receive_errs_total[1m]) + rate(node_network_transmit_errs_total[1m])) by (instance)": 0, "network_errors": 0, "kubernetes_prometheus_rules": "kubernetes_prometheus_rules", "add_security_context": "add_security_context", "delay_treatment": "delay_treatment"}, {"instance": "kube-prometheus-prometheus-node-exporter.oxn-external-monitoring.svc:9100", "timestamp": 1737549470.919, "sum(rate(node_network_receive_errs_total[1m]) + rate(node_network_transmit_errs_total[1m])) by (instance)": 0, "network_errors": 0, "kubernetes_prometheus_rules": "kubernetes_prometheus_rules", "add_security_context": "add_security_context", "delay_treatment": "delay_treatment"}, {"instance": "kube-prometheus-prometheus-node-exporter.oxn-external-monitoring.svc:9100", "timestamp": 1737549471.919, "sum(rate(node_network_receive_errs_total[1m]) + rate(node_network_transmit_errs_total[1m])) by (instance)": 0, "network_errors": 0, "kubernetes_prometheus_rules": "kubernetes_prometheus_rules", "add_security_context": "add_security_context", "delay_treatment": "delay_treatment"}, {"instance": "kube-prometheus-prometheus-node-exporter.oxn-external-monitoring.svc:9100", "timestamp": 1737549472.919, "sum(rate(node_network_receive_errs_total[1m]) + rate(node_network_transmit_errs_total[1m])) by (instance)": 0, "network_errors": 0, "kubernetes_prometheus_rules": "kubernetes_prometheus_rules", "add_security_context": "add_security_context", "delay_treatment": "delay_treatment"}, {"instance": "kube-prometheus-prometheus-node-exporter.oxn-external-monitoring.svc:9100", "timestamp": 1737549473.919, "sum(rate(node_network_receive_errs_total[1m]) + rate(node_network_transmit_errs_total[1m])) by (instance)": 0, "network_errors": 0, "kubernetes_prometheus_rules": "kubernetes_prometheus_rules", "add_security_context": "add_security_context", "delay_treatment": "delay_treatment"}, {"instance": "kube-prometheus-prometheus-node-exporter.oxn-external-monitoring.svc:9100", "timestamp": 1737549474.919, "sum(rate(node_network_receive_errs_total[1m]) + rate(node_network_transmit_errs_total[1m])) by (instance)": 0, "network_errors": 0, "kubernetes_prometheus_rules": "kubernetes_prometheus_rules", "add_security_context": "add_security_context", "delay_treatment": "delay_treatment"}, {"instance": "kube-prometheus-prometheus-node-exporter.oxn-external-monitoring.svc:9100", "timestamp": 1737549475.919, "sum(rate(node_network_receive_errs_total[1m]) + rate(node_network_transmit_errs_total[1m])) by (instance)": 0, "network_errors": 0, "kubernetes_prometheus_rules": "kubernetes_prometheus_rules", "add_security_context": "add_security_context", "delay_treatment": "delay_treatment"}, {"instance": "kube-prometheus-prometheus-node-exporter.oxn-external-monitoring.svc:9100", "timestamp": 1737549476.919, "sum(rate(node_network_receive_errs_total[1m]) + rate(node_network_transmit_errs_total[1m])) by (instance)": 0, "network_errors": 0, "kubernetes_prometheus_rules": "kubernetes_prometheus_rules", "add_security_context": "add_security_context", "delay_treatment": "delay_treatment"}, {"instance": "kube-prometheus-prometheus-node-exporter.oxn-external-monitoring.svc:9100", "timestamp": 1737549477.919, "sum(rate(node_network_receive_errs_total[1m]) + rate(node_network_transmit_errs_total[1m])) by (instance)": 0, "network_errors": 0, "kubernetes_prometheus_rules": "kubernetes_prometheus_rules", "add_security_context": "add_security_context", "delay_treatment": "delay_treatment"}, {"instance": "kube-prometheus-prometheus-node-exporter.oxn-external-monitoring.svc:9100", "timestamp": 1737549478.919, "sum(rate(node_network_receive_errs_total[1m]) + rate(node_network_transmit_errs_total[1m])) by (instance)": 0, "network_errors": 0, "kubernetes_prometheus_rules": "kubernetes_prometheus_rules", "add_security_context": "add_security_context", "delay_treatment": "delay_treatment"}, {"instance": "kube-prometheus-prometheus-node-exporter.oxn-external-monitoring.svc:9100", "timestamp": 1737549479.919, "sum(rate(node_network_receive_errs_total[1m]) + rate(node_network_transmit_errs_total[1m])) by (instance)": 0, "network_errors": 0, "kubernetes_prometheus_rules": "kubernetes_prometheus_rules", "add_security_context": "add_security_context", "delay_treatment": "delay_treatment"}, {"instance": "kube-prometheus-prometheus-node-exporter.oxn-external-monitoring.svc:9100", "timestamp": 1737549480.919, "sum(rate(node_network_receive_errs_total[1m]) + rate(node_network_transmit_errs_total[1m])) by (instance)": 0, "network_errors": 0, "kubernetes_prometheus_rules": "kubernetes_prometheus_rules", "add_security_context": "add_security_context", "delay_treatment": "delay_treatment"}, {"instance": "kube-prometheus-prometheus-node-exporter.oxn-external-monitoring.svc:9100", "timestamp": 1737549481.919, "sum(rate(node_network_receive_errs_total[1m]) + rate(node_network_transmit_errs_total[1m])) by (instance)": 0, "network_errors": 0, "kubernetes_prometheus_rules": "kubernetes_prometheus_rules", "add_security_context": "add_security_context", "delay_treatment": "delay_treatment"}, {"instance": "kube-prometheus-prometheus-node-exporter.oxn-external-monitoring.svc:9100", "timestamp": 1737549482.919, "sum(rate(node_network_receive_errs_total[1m]) + rate(node_network_transmit_errs_total[1m])) by (instance)": 0, "network_errors": 0, "kubernetes_prometheus_rules": "kubernetes_prometheus_rules", "add_security_context": "add_security_context", "delay_treatment": "delay_treatment"}, {"instance": "kube-prometheus-prometheus-node-exporter.oxn-external-monitoring.svc:9100", "timestamp": 1737549483.919, "sum(rate(node_network_receive_errs_total[1m]) + rate(node_network_transmit_errs_total[1m])) by (instance)": 0, "network_errors": 0, "kubernetes_prometheus_rules": "kubernetes_prometheus_rules", "add_security_context": "add_security_context", "delay_treatment": "delay_treatment"}, {"instance": "kube-prometheus-prometheus-node-exporter.oxn-external-monitoring.svc:9100", "timestamp": 1737549484.919, "sum(rate(node_network_receive_errs_total[1m]) + rate(node_network_transmit_errs_total[1m])) by (instance)": 0, "network_errors": 0, "kubernetes_prometheus_rules": "kubernetes_prometheus_rules", "add_security_context": "add_security_context", "delay_treatment": "delay_treatment"}, {"instance": "kube-prometheus-prometheus-node-exporter.oxn-external-monitoring.svc:9100", "timestamp": 1737549485.919, "sum(rate(node_network_receive_errs_total[1m]) + rate(node_network_transmit_errs_total[1m])) by (instance)": 0, "network_errors": 0, "kubernetes_prometheus_rules": "kubernetes_prometheus_rules", "add_security_context": "add_security_context", "delay_treatment": "delay_treatment"}, {"instance": "kube-prometheus-prometheus-node-exporter.oxn-external-monitoring.svc:9100", "timestamp": 1737549486.919, "sum(rate(node_network_receive_errs_total[1m]) + rate(node_network_transmit_errs_total[1m])) by (instance)": 0, "network_errors": 0, "kubernetes_prometheus_rules": "kubernetes_prometheus_rules", "add_security_context": "add_security_context", "delay_treatment": "delay_treatment"}, {"instance": "kube-prometheus-prometheus-node-exporter.oxn-external-monitoring.svc:9100", "timestamp": 1737549487.919, "sum(rate(node_network_receive_errs_total[1m]) + rate(node_network_transmit_errs_total[1m])) by (instance)": 0, "network_errors": 0, "kubernetes_prometheus_rules": "kubernetes_prometheus_rules", "add_security_context": "add_security_context", "delay_treatment": "delay_treatment"}, {"instance": "kube-prometheus-prometheus-node-exporter.oxn-external-monitoring.svc:9100", "timestamp": 1737549488.919, "sum(rate(node_network_receive_errs_total[1m]) + rate(node_network_transmit_errs_total[1m])) by (instance)": 0, "network_errors": 0, "kubernetes_prometheus_rules": "kubernetes_prometheus_rules", "add_security_context": "add_security_context", "delay_treatment": "delay_treatment"}, {"instance": "kube-prometheus-prometheus-node-exporter.oxn-external-monitoring.svc:9100", "timestamp": 1737549489.919, "sum(rate(node_network_receive_errs_total[1m]) + rate(node_network_transmit_errs_total[1m])) by (instance)": 0, "network_errors": 0, "kubernetes_prometheus_rules": "kubernetes_prometheus_rules", "add_security_context": "add_security_context", "delay_treatment": "delay_treatment"}, {"instance": "kube-prometheus-prometheus-node-exporter.oxn-external-monitoring.svc:9100", "timestamp": 1737549490.919, "sum(rate(node_network_receive_errs_total[1m]) + rate(node_network_transmit_errs_total[1m])) by (instance)": 0, "network_errors": 0, "kubernetes_prometheus_rules": "kubernetes_prometheus_rules", "add_security_context": "add_security_context", "delay_treatment": "delay_treatment"}, {"instance": "kube-prometheus-prometheus-node-exporter.oxn-external-monitoring.svc:9100", "timestamp": 1737549491.919, "sum(rate(node_network_receive_errs_total[1m]) + rate(node_network_transmit_errs_total[1m])) by (instance)": 0, "network_errors": 0, "kubernetes_prometheus_rules": "kubernetes_prometheus_rules", "add_security_context": "add_security_context", "delay_treatment": "delay_treatment"}, {"instance": "kube-prometheus-prometheus-node-exporter.oxn-external-monitoring.svc:9100", "timestamp": 1737549492.919, "sum(rate(node_network_receive_errs_total[1m]) + rate(node_network_transmit_errs_total[1m])) by (instance)": 0, "network_errors": 0, "kubernetes_prometheus_rules": "kubernetes_prometheus_rules", "add_security_context": "add_security_context", "delay_treatment": "delay_treatment"}, {"instance": "kube-prometheus-prometheus-node-exporter.oxn-external-monitoring.svc:9100", "timestamp": 1737549493.919, "sum(rate(node_network_receive_errs_total[1m]) + rate(node_network_transmit_errs_total[1m])) by (instance)": 0, "network_errors": 0, "kubernetes_prometheus_rules": "kubernetes_prometheus_rules", "add_security_context": "add_security_context", "delay_treatment": "delay_treatment"}, {"instance": "kube-prometheus-prometheus-node-exporter.oxn-external-monitoring.svc:9100", "timestamp": 1737549494.919, "sum(rate(node_network_receive_errs_total[1m]) + rate(node_network_transmit_errs_total[1m])) by (instance)": 0, "network_errors": 0, "kubernetes_prometheus_rules": "kubernetes_prometheus_rules", "add_security_context": "add_security_context", "delay_treatment": "delay_treatment"}, {"instance": "kube-prometheus-prometheus-node-exporter.oxn-external-monitoring.svc:9100", "timestamp": 1737549495.919, "sum(rate(node_network_receive_errs_total[1m]) + rate(node_network_transmit_errs_total[1m])) by (instance)": 0, "network_errors": 0, "kubernetes_prometheus_rules": "kubernetes_prometheus_rules", "add_security_context": "add_security_context", "delay_treatment": "delay_treatment"}, {"instance": "kube-prometheus-prometheus-node-exporter.oxn-external-monitoring.svc:9100", "timestamp": 1737549496.919, "sum(rate(node_network_receive_errs_total[1m]) + rate(node_network_transmit_errs_total[1m])) by (instance)": 0, "network_errors": 0, "kubernetes_prometheus_rules": "kubernetes_prometheus_rules", "add_security_context": "add_security_context", "delay_treatment": "delay_treatment"}, {"instance": "kube-prometheus-prometheus-node-exporter.oxn-external-monitoring.svc:9100", "timestamp": 1737549497.919, "sum(rate(node_network_receive_errs_total[1m]) + rate(node_network_transmit_errs_total[1m])) by (instance)": 0, "network_errors": 0, "kubernetes_prometheus_rules": "kubernetes_prometheus_rules", "add_security_context": "add_security_context", "delay_treatment": "delay_treatment"}, {"instance": "kube-prometheus-prometheus-node-exporter.oxn-external-monitoring.svc:9100", "timestamp": 1737549498.919, "sum(rate(node_network_receive_errs_total[1m]) + rate(node_network_transmit_errs_total[1m])) by (instance)": 0, "network_errors": 0, "kubernetes_prometheus_rules": "kubernetes_prometheus_rules", "add_security_context": "add_security_context", "delay_treatment": "delay_treatment"}, {"instance": "kube-prometheus-prometheus-node-exporter.oxn-external-monitoring.svc:9100", "timestamp": 1737549499.919, "sum(rate(node_network_receive_errs_total[1m]) + rate(node_network_transmit_errs_total[1m])) by (instance)": 0, "network_errors": 0, "kubernetes_prometheus_rules": "kubernetes_prometheus_rules", "add_security_context": "add_security_context", "delay_treatment": "delay_treatment"}, {"instance": "kube-prometheus-prometheus-node-exporter.oxn-external-monitoring.svc:9100", "timestamp": 1737549500.919, "sum(rate(node_network_receive_errs_total[1m]) + rate(node_network_transmit_errs_total[1m])) by (instance)": 0, "network_errors": 0, "kubernetes_prometheus_rules": "kubernetes_prometheus_rules", "add_security_context": "add_security_context", "delay_treatment": "delay_treatment"}, {"instance": "kube-prometheus-prometheus-node-exporter.oxn-external-monitoring.svc:9100", "timestamp": 1737549501.919, "sum(rate(node_network_receive_errs_total[1m]) + rate(node_network_transmit_errs_total[1m])) by (instance)": 0, "network_errors": 0, "kubernetes_prometheus_rules": "kubernetes_prometheus_rules", "add_security_context": "add_security_context", "delay_treatment": "delay_treatment"}, {"instance": "kube-prometheus-prometheus-node-exporter.oxn-external-monitoring.svc:9100", "timestamp": 1737549502.919, "sum(rate(node_network_receive_errs_total[1m]) + rate(node_network_transmit_errs_total[1m])) by (instance)": 0, "network_errors": 0, "kubernetes_prometheus_rules": "kubernetes_prometheus_rules", "add_security_context": "add_security_context", "delay_treatment": "delay_treatment"}, {"instance": "kube-prometheus-prometheus-node-exporter.oxn-external-monitoring.svc:9100", "timestamp": 1737549503.919, "sum(rate(node_network_receive_errs_total[1m]) + rate(node_network_transmit_errs_total[1m])) by (instance)": 0, "network_errors": 0, "kubernetes_prometheus_rules": "kubernetes_prometheus_rules", "add_security_context": "add_security_context", "delay_treatment": "delay_treatment"}, {"instance": "kube-prometheus-prometheus-node-exporter.oxn-external-monitoring.svc:9100", "timestamp": 1737549504.919, "sum(rate(node_network_receive_errs_total[1m]) + rate(node_network_transmit_errs_total[1m])) by (instance)": 0, "network_errors": 0, "kubernetes_prometheus_rules": "kubernetes_prometheus_rules", "add_security_context": "add_security_context", "delay_treatment": "delay_treatment"}, {"instance": "kube-prometheus-prometheus-node-exporter.oxn-external-monitoring.svc:9100", "timestamp": 1737549505.919, "sum(rate(node_network_receive_errs_total[1m]) + rate(node_network_transmit_errs_total[1m])) by (instance)": 0, "network_errors": 0, "kubernetes_prometheus_rules": "kubernetes_prometheus_rules", "add_security_context": "add_security_context", "delay_treatment": "delay_treatment"}, {"instance": "kube-prometheus-prometheus-node-exporter.oxn-external-monitoring.svc:9100", "timestamp": 1737549506.919, "sum(rate(node_network_receive_errs_total[1m]) + rate(node_network_transmit_errs_total[1m])) by (instance)": 0, "network_errors": 0, "kubernetes_prometheus_rules": "kubernetes_prometheus_rules", "add_security_context": "add_security_context", "delay_treatment": "delay_treatment"}, {"instance": "kube-prometheus-prometheus-node-exporter.oxn-external-monitoring.svc:9100", "timestamp": 1737549507.919, "sum(rate(node_network_receive_errs_total[1m]) + rate(node_network_transmit_errs_total[1m])) by (instance)": 0, "network_errors": 0, "kubernetes_prometheus_rules": "kubernetes_prometheus_rules", "add_security_context": "add_security_context", "delay_treatment": "delay_treatment"}, {"instance": "kube-prometheus-prometheus-node-exporter.oxn-external-monitoring.svc:9100", "timestamp": 1737549508.919, "sum(rate(node_network_receive_errs_total[1m]) + rate(node_network_transmit_errs_total[1m])) by (instance)": 0, "network_errors": 0, "kubernetes_prometheus_rules": "kubernetes_prometheus_rules", "add_security_context": "add_security_context", "delay_treatment": "delay_treatment"}, {"instance": "kube-prometheus-prometheus-node-exporter.oxn-external-monitoring.svc:9100", "timestamp": 1737549509.919, "sum(rate(node_network_receive_errs_total[1m]) + rate(node_network_transmit_errs_total[1m])) by (instance)": 0, "network_errors": 0, "kubernetes_prometheus_rules": "kubernetes_prometheus_rules", "add_security_context": "add_security_context", "delay_treatment": "delay_treatment"}, {"instance": "kube-prometheus-prometheus-node-exporter.oxn-external-monitoring.svc:9100", "timestamp": 1737549510.919, "sum(rate(node_network_receive_errs_total[1m]) + rate(node_network_transmit_errs_total[1m])) by (instance)": 0, "network_errors": 0, "kubernetes_prometheus_rules": "kubernetes_prometheus_rules", "add_security_context": "add_security_context", "delay_treatment": "delay_treatment"}, {"instance": "kube-prometheus-prometheus-node-exporter.oxn-external-monitoring.svc:9100", "timestamp": 1737549511.919, "sum(rate(node_network_receive_errs_total[1m]) + rate(node_network_transmit_errs_total[1m])) by (instance)": 0, "network_errors": 0, "kubernetes_prometheus_rules": "kubernetes_prometheus_rules", "add_security_context": "add_security_context", "delay_treatment": "delay_treatment"}, {"instance": "kube-prometheus-prometheus-node-exporter.oxn-external-monitoring.svc:9100", "timestamp": 1737549512.919, "sum(rate(node_network_receive_errs_total[1m]) + rate(node_network_transmit_errs_total[1m])) by (instance)": 0, "network_errors": 0, "kubernetes_prometheus_rules": "kubernetes_prometheus_rules", "add_security_context": "add_security_context", "delay_treatment": "delay_treatment"}, {"instance": "kube-prometheus-prometheus-node-exporter.oxn-external-monitoring.svc:9100", "timestamp": 1737549513.919, "sum(rate(node_network_receive_errs_total[1m]) + rate(node_network_transmit_errs_total[1m])) by (instance)": 0, "network_errors": 0, "kubernetes_prometheus_rules": "kubernetes_prometheus_rules", "add_security_context": "add_security_context", "delay_treatment": "delay_treatment"}, {"instance": "kube-prometheus-prometheus-node-exporter.oxn-external-monitoring.svc:9100", "timestamp": 1737549514.919, "sum(rate(node_network_receive_errs_total[1m]) + rate(node_network_transmit_errs_total[1m])) by (instance)": 0, "network_errors": 0, "kubernetes_prometheus_rules": "kubernetes_prometheus_rules", "add_security_context": "add_security_context", "delay_treatment": "delay_treatment"}, {"instance": "kube-prometheus-prometheus-node-exporter.oxn-external-monitoring.svc:9100", "timestamp": 1737549515.919, "sum(rate(node_network_receive_errs_total[1m]) + rate(node_network_transmit_errs_total[1m])) by (instance)": 0, "network_errors": 0, "kubernetes_prometheus_rules": "kubernetes_prometheus_rules", "add_security_context": "add_security_context", "delay_treatment": "delay_treatment"}, {"instance": "kube-prometheus-prometheus-node-exporter.oxn-external-monitoring.svc:9100", "timestamp": 1737549516.919, "sum(rate(node_network_receive_errs_total[1m]) + rate(node_network_transmit_errs_total[1m])) by (instance)": 0, "network_errors": 0, "kubernetes_prometheus_rules": "kubernetes_prometheus_rules", "add_security_context": "add_security_context", "delay_treatment": "delay_treatment"}, {"instance": "kube-prometheus-prometheus-node-exporter.oxn-external-monitoring.svc:9100", "timestamp": 1737549517.919, "sum(rate(node_network_receive_errs_total[1m]) + rate(node_network_transmit_errs_total[1m])) by (instance)": 0, "network_errors": 0, "kubernetes_prometheus_rules": "kubernetes_prometheus_rules", "add_security_context": "add_security_context", "delay_treatment": "delay_treatment"}, {"instance": "kube-prometheus-prometheus-node-exporter.oxn-external-monitoring.svc:9100", "timestamp": 1737549518.919, "sum(rate(node_network_receive_errs_total[1m]) + rate(node_network_transmit_errs_total[1m])) by (instance)": 0, "network_errors": 0, "kubernetes_prometheus_rules": "kubernetes_prometheus_rules", "add_security_context": "add_security_context", "delay_treatment": "delay_treatment"}, {"instance": "kube-prometheus-prometheus-node-exporter.oxn-external-monitoring.svc:9100", "timestamp": 1737549519.919, "sum(rate(node_network_receive_errs_total[1m]) + rate(node_network_transmit_errs_total[1m])) by (instance)": 0, "network_errors": 0, "kubernetes_prometheus_rules": "kubernetes_prometheus_rules", "add_security_context": "add_security_context", "delay_treatment": "delay_treatment"}, {"instance": "kube-prometheus-prometheus-node-exporter.oxn-external-monitoring.svc:9100", "timestamp": 1737549520.919, "sum(rate(node_network_receive_errs_total[1m]) + rate(node_network_transmit_errs_total[1m])) by (instance)": 0, "network_errors": 0, "kubernetes_prometheus_rules": "kubernetes_prometheus_rules", "add_security_context": "add_security_context", "delay_treatment": "delay_treatment"}, {"instance": "kube-prometheus-prometheus-node-exporter.oxn-external-monitoring.svc:9100", "timestamp": 1737549521.919, "sum(rate(node_network_receive_errs_total[1m]) + rate(node_network_transmit_errs_total[1m])) by (instance)": 0, "network_errors": 0, "kubernetes_prometheus_rules": "kubernetes_prometheus_rules", "add_security_context": "add_security_context", "delay_treatment": "delay_treatment"}, {"instance": "kube-prometheus-prometheus-node-exporter.oxn-external-monitoring.svc:9100", "timestamp": 1737549522.919, "sum(rate(node_network_receive_errs_total[1m]) + rate(node_network_transmit_errs_total[1m])) by (instance)": 0, "network_errors": 0, "kubernetes_prometheus_rules": "kubernetes_prometheus_rules", "add_security_context": "add_security_context", "delay_treatment": "delay_treatment"}, {"instance": "kube-prometheus-prometheus-node-exporter.oxn-external-monitoring.svc:9100", "timestamp": 1737549523.919, "sum(rate(node_network_receive_errs_total[1m]) + rate(node_network_transmit_errs_total[1m])) by (instance)": 0, "network_errors": 0, "kubernetes_prometheus_rules": "kubernetes_prometheus_rules", "add_security_context": "add_security_context", "delay_treatment": "delay_treatment"}, {"instance": "kube-prometheus-prometheus-node-exporter.oxn-external-monitoring.svc:9100", "timestamp": 1737549524.919, "sum(rate(node_network_receive_errs_total[1m]) + rate(node_network_transmit_errs_total[1m])) by (instance)": 0, "network_errors": 0, "kubernetes_prometheus_rules": "kubernetes_prometheus_rules", "add_security_context": "add_security_context", "delay_treatment": "delay_treatment"}, {"instance": "kube-prometheus-prometheus-node-exporter.oxn-external-monitoring.svc:9100", "timestamp": 1737549525.919, "sum(rate(node_network_receive_errs_total[1m]) + rate(node_network_transmit_errs_total[1m])) by (instance)": 0, "network_errors": 0, "kubernetes_prometheus_rules": "kubernetes_prometheus_rules", "add_security_context": "add_security_context", "delay_treatment": "delay_treatment"}, {"instance": "kube-prometheus-prometheus-node-exporter.oxn-external-monitoring.svc:9100", "timestamp": 1737549526.919, "sum(rate(node_network_receive_errs_total[1m]) + rate(node_network_transmit_errs_total[1m])) by (instance)": 0, "network_errors": 0, "kubernetes_prometheus_rules": "kubernetes_prometheus_rules", "add_security_context": "add_security_context", "delay_treatment": "delay_treatment"}, {"instance": "kube-prometheus-prometheus-node-exporter.oxn-external-monitoring.svc:9100", "timestamp": 1737549527.919, "sum(rate(node_network_receive_errs_total[1m]) + rate(node_network_transmit_errs_total[1m])) by (instance)": 0, "network_errors": 0, "kubernetes_prometheus_rules": "kubernetes_prometheus_rules", "add_security_context": "add_security_context", "delay_treatment": "delay_treatment"}, {"instance": "kube-prometheus-prometheus-node-exporter.oxn-external-monitoring.svc:9100", "timestamp": 1737549528.919, "sum(rate(node_network_receive_errs_total[1m]) + rate(node_network_transmit_errs_total[1m])) by (instance)": 0, "network_errors": 0, "kubernetes_prometheus_rules": "kubernetes_prometheus_rules", "add_security_context": "add_security_context", "delay_treatment": "delay_treatment"}, {"instance": "kube-prometheus-prometheus-node-exporter.oxn-external-monitoring.svc:9100", "timestamp": 1737549529.919, "sum(rate(node_network_receive_errs_total[1m]) + rate(node_network_transmit_errs_total[1m])) by (instance)": 0, "network_errors": 0, "kubernetes_prometheus_rules": "kubernetes_prometheus_rules", "add_security_context": "add_security_context", "delay_treatment": "delay_treatment"}, {"instance": "kube-prometheus-prometheus-node-exporter.oxn-external-monitoring.svc:9100", "timestamp": 1737549530.919, "sum(rate(node_network_receive_errs_total[1m]) + rate(node_network_transmit_errs_total[1m])) by (instance)": 0, "network_errors": 0, "kubernetes_prometheus_rules": "kubernetes_prometheus_rules", "add_security_context": "add_security_context", "delay_treatment": "delay_treatment"}, {"instance": "kube-prometheus-prometheus-node-exporter.oxn-external-monitoring.svc:9100", "timestamp": 1737549531.919, "sum(rate(node_network_receive_errs_total[1m]) + rate(node_network_transmit_errs_total[1m])) by (instance)": 0, "network_errors": 0, "kubernetes_prometheus_rules": "kubernetes_prometheus_rules", "add_security_context": "add_security_context", "delay_treatment": "delay_treatment"}, {"instance": "kube-prometheus-prometheus-node-exporter.oxn-external-monitoring.svc:9100", "timestamp": 1737549532.919, "sum(rate(node_network_receive_errs_total[1m]) + rate(node_network_transmit_errs_total[1m])) by (instance)": 0, "network_errors": 0, "kubernetes_prometheus_rules": "kubernetes_prometheus_rules", "add_security_context": "add_security_context", "delay_treatment": "delay_treatment"}, {"instance": "kube-prometheus-prometheus-node-exporter.oxn-external-monitoring.svc:9100", "timestamp": 1737549533.919, "sum(rate(node_network_receive_errs_total[1m]) + rate(node_network_transmit_errs_total[1m])) by (instance)": 0, "network_errors": 0, "kubernetes_prometheus_rules": "kubernetes_prometheus_rules", "add_security_context": "add_security_context", "delay_treatment": "delay_treatment"}, {"instance": "kube-prometheus-prometheus-node-exporter.oxn-external-monitoring.svc:9100", "timestamp": 1737549534.919, "sum(rate(node_network_receive_errs_total[1m]) + rate(node_network_transmit_errs_total[1m])) by (instance)": 0, "network_errors": 0, "kubernetes_prometheus_rules": "kubernetes_prometheus_rules", "add_security_context": "add_security_context", "delay_treatment": "delay_treatment"}, {"instance": "kube-prometheus-prometheus-node-exporter.oxn-external-monitoring.svc:9100", "timestamp": 1737549535.919, "sum(rate(node_network_receive_errs_total[1m]) + rate(node_network_transmit_errs_total[1m])) by (instance)": 0, "network_errors": 0, "kubernetes_prometheus_rules": "kubernetes_prometheus_rules", "add_security_context": "add_security_context", "delay_treatment": "delay_treatment"}, {"instance": "kube-prometheus-prometheus-node-exporter.oxn-external-monitoring.svc:9100", "timestamp": 1737549536.919, "sum(rate(node_network_receive_errs_total[1m]) + rate(node_network_transmit_errs_total[1m])) by (instance)": 0, "network_errors": 0, "kubernetes_prometheus_rules": "kubernetes_prometheus_rules", "add_security_context": "add_security_context", "delay_treatment": "delay_treatment"}, {"instance": "kube-prometheus-prometheus-node-exporter.oxn-external-monitoring.svc:9100", "timestamp": 1737549537.919, "sum(rate(node_network_receive_errs_total[1m]) + rate(node_network_transmit_errs_total[1m])) by (instance)": 0, "network_errors": 0, "kubernetes_prometheus_rules": "kubernetes_prometheus_rules", "add_security_context": "add_security_context", "delay_treatment": "delay_treatment"}, {"instance": "kube-prometheus-prometheus-node-exporter.oxn-external-monitoring.svc:9100", "timestamp": 1737549538.919, "sum(rate(node_network_receive_errs_total[1m]) + rate(node_network_transmit_errs_total[1m])) by (instance)": 0, "network_errors": 0, "kubernetes_prometheus_rules": "kubernetes_prometheus_rules", "add_security_context": "add_security_context", "delay_treatment": "delay_treatment"}, {"instance": "kube-prometheus-prometheus-node-exporter.oxn-external-monitoring.svc:9100", "timestamp": 1737549539.919, "sum(rate(node_network_receive_errs_total[1m]) + rate(node_network_transmit_errs_total[1m])) by (instance)": 0, "network_errors": 0, "kubernetes_prometheus_rules": "kubernetes_prometheus_rules", "add_security_context": "add_security_context", "delay_treatment": "delay_treatment"}, {"instance": "kube-prometheus-prometheus-node-exporter.oxn-external-monitoring.svc:9100", "timestamp": 1737549540.919, "sum(rate(node_network_receive_errs_total[1m]) + rate(node_network_transmit_errs_total[1m])) by (instance)": 0, "network_errors": 0, "kubernetes_prometheus_rules": "kubernetes_prometheus_rules", "add_security_context": "add_security_context", "delay_treatment": "delay_treatment"}, {"instance": "kube-prometheus-prometheus-node-exporter.oxn-external-monitoring.svc:9100", "timestamp": 1737549541.919, "sum(rate(node_network_receive_errs_total[1m]) + rate(node_network_transmit_errs_total[1m])) by (instance)": 0, "network_errors": 0, "kubernetes_prometheus_rules": "kubernetes_prometheus_rules", "add_security_context": "add_security_context", "delay_treatment": "delay_treatment"}, {"instance": "kube-prometheus-prometheus-node-exporter.oxn-external-monitoring.svc:9100", "timestamp": 1737549542.919, "sum(rate(node_network_receive_errs_total[1m]) + rate(node_network_transmit_errs_total[1m])) by (instance)": 0, "network_errors": 0, "kubernetes_prometheus_rules": "kubernetes_prometheus_rules", "add_security_context": "add_security_context", "delay_treatment": "delay_treatment"}, {"instance": "kube-prometheus-prometheus-node-exporter.oxn-external-monitoring.svc:9100", "timestamp": 1737549543.919, "sum(rate(node_network_receive_errs_total[1m]) + rate(node_network_transmit_errs_total[1m])) by (instance)": 0, "network_errors": 0, "kubernetes_prometheus_rules": "kubernetes_prometheus_rules", "add_security_context": "add_security_context", "delay_treatment": "delay_treatment"}, {"instance": "kube-prometheus-prometheus-node-exporter.oxn-external-monitoring.svc:9100", "timestamp": 1737549544.919, "sum(rate(node_network_receive_errs_total[1m]) + rate(node_network_transmit_errs_total[1m])) by (instance)": 0, "network_errors": 0, "kubernetes_prometheus_rules": "kubernetes_prometheus_rules", "add_security_context": "add_security_context", "delay_treatment": "delay_treatment"}, {"instance": "kube-prometheus-prometheus-node-exporter.oxn-external-monitoring.svc:9100", "timestamp": 1737549545.919, "sum(rate(node_network_receive_errs_total[1m]) + rate(node_network_transmit_errs_total[1m])) by (instance)": 0, "network_errors": 0, "kubernetes_prometheus_rules": "kubernetes_prometheus_rules", "add_security_context": "add_security_context", "delay_treatment": "delay_treatment"}, {"instance": "kube-prometheus-prometheus-node-exporter.oxn-external-monitoring.svc:9100", "timestamp": 1737549546.919, "sum(rate(node_network_receive_errs_total[1m]) + rate(node_network_transmit_errs_total[1m])) by (instance)": 0, "network_errors": 0, "kubernetes_prometheus_rules": "kubernetes_prometheus_rules", "add_security_context": "add_security_context", "delay_treatment": "delay_treatment"}, {"instance": "kube-prometheus-prometheus-node-exporter.oxn-external-monitoring.svc:9100", "timestamp": 1737549547.919, "sum(rate(node_network_receive_errs_total[1m]) + rate(node_network_transmit_errs_total[1m])) by (instance)": 0, "network_errors": 0, "kubernetes_prometheus_rules": "kubernetes_prometheus_rules", "add_security_context": "add_security_context", "delay_treatment": "delay_treatment"}, {"instance": "kube-prometheus-prometheus-node-exporter.oxn-external-monitoring.svc:9100", "timestamp": 1737549548.919, "sum(rate(node_network_receive_errs_total[1m]) + rate(node_network_transmit_errs_total[1m])) by (instance)": 0, "network_errors": 0, "kubernetes_prometheus_rules": "kubernetes_prometheus_rules", "add_security_context": "add_security_context", "delay_treatment": "delay_treatment"}, {"instance": "kube-prometheus-prometheus-node-exporter.oxn-external-monitoring.svc:9100", "timestamp": 1737549549.919, "sum(rate(node_network_receive_errs_total[1m]) + rate(node_network_transmit_errs_total[1m])) by (instance)": 0, "network_errors": 0, "kubernetes_prometheus_rules": "kubernetes_prometheus_rules", "add_security_context": "add_security_context", "delay_treatment": "delay_treatment"}, {"instance": "kube-prometheus-prometheus-node-exporter.oxn-external-monitoring.svc:9100", "timestamp": 1737549550.919, "sum(rate(node_network_receive_errs_total[1m]) + rate(node_network_transmit_errs_total[1m])) by (instance)": 0, "network_errors": 0, "kubernetes_prometheus_rules": "kubernetes_prometheus_rules", "add_security_context": "add_security_context", "delay_treatment": "delay_treatment"}, {"instance": "kube-prometheus-prometheus-node-exporter.oxn-external-monitoring.svc:9100", "timestamp": 1737549551.919, "sum(rate(node_network_receive_errs_total[1m]) + rate(node_network_transmit_errs_total[1m])) by (instance)": 0, "network_errors": 0, "kubernetes_prometheus_rules": "kubernetes_prometheus_rules", "add_security_context": "add_security_context", "delay_treatment": "delay_treatment"}, {"instance": "kube-prometheus-prometheus-node-exporter.oxn-external-monitoring.svc:9100", "timestamp": 1737549552.919, "sum(rate(node_network_receive_errs_total[1m]) + rate(node_network_transmit_errs_total[1m])) by (instance)": 0, "network_errors": 0, "kubernetes_prometheus_rules": "kubernetes_prometheus_rules", "add_security_context": "add_security_context", "delay_treatment": "delay_treatment"}, {"instance": "kube-prometheus-prometheus-node-exporter.oxn-external-monitoring.svc:9100", "timestamp": 1737549553.919, "sum(rate(node_network_receive_errs_total[1m]) + rate(node_network_transmit_errs_total[1m])) by (instance)": 0, "network_errors": 0, "kubernetes_prometheus_rules": "kubernetes_prometheus_rules", "add_security_context": "add_security_context", "delay_treatment": "delay_treatment"}, {"instance": "kube-prometheus-prometheus-node-exporter.oxn-external-monitoring.svc:9100", "timestamp": 1737549554.919, "sum(rate(node_network_receive_errs_total[1m]) + rate(node_network_transmit_errs_total[1m])) by (instance)": 0, "network_errors": 0, "kubernetes_prometheus_rules": "kubernetes_prometheus_rules", "add_security_context": "add_security_context", "delay_treatment": "delay_treatment"}, {"instance": "kube-prometheus-prometheus-node-exporter.oxn-external-monitoring.svc:9100", "timestamp": 1737549555.919, "sum(rate(node_network_receive_errs_total[1m]) + rate(node_network_transmit_errs_total[1m])) by (instance)": 0, "network_errors": 0, "kubernetes_prometheus_rules": "kubernetes_prometheus_rules", "add_security_context": "add_security_context", "delay_treatment": "delay_treatment"}, {"instance": "kube-prometheus-prometheus-node-exporter.oxn-external-monitoring.svc:9100", "timestamp": 1737549556.919, "sum(rate(node_network_receive_errs_total[1m]) + rate(node_network_transmit_errs_total[1m])) by (instance)": 0, "network_errors": 0, "kubernetes_prometheus_rules": "kubernetes_prometheus_rules", "add_security_context": "add_security_context", "delay_treatment": "delay_treatment"}, {"instance": "kube-prometheus-prometheus-node-exporter.oxn-external-monitoring.svc:9100", "timestamp": 1737549557.919, "sum(rate(node_network_receive_errs_total[1m]) + rate(node_network_transmit_errs_total[1m])) by (instance)": 0, "network_errors": 0, "kubernetes_prometheus_rules": "kubernetes_prometheus_rules", "add_security_context": "add_security_context", "delay_treatment": "delay_treatment"}, {"instance": "kube-prometheus-prometheus-node-exporter.oxn-external-monitoring.svc:9100", "timestamp": 1737549558.919, "sum(rate(node_network_receive_errs_total[1m]) + rate(node_network_transmit_errs_total[1m])) by (instance)": 0, "network_errors": 0, "kubernetes_prometheus_rules": "kubernetes_prometheus_rules", "add_security_context": "add_security_context", "delay_treatment": "delay_treatment"}, {"instance": "kube-prometheus-prometheus-node-exporter.oxn-external-monitoring.svc:9100", "timestamp": 1737549559.919, "sum(rate(node_network_receive_errs_total[1m]) + rate(node_network_transmit_errs_total[1m])) by (instance)": 0, "network_errors": 0, "kubernetes_prometheus_rules": "kubernetes_prometheus_rules", "add_security_context": "add_security_context", "delay_treatment": "delay_treatment"}, {"instance": "kube-prometheus-prometheus-node-exporter.oxn-external-monitoring.svc:9100", "timestamp": 1737549560.919, "sum(rate(node_network_receive_errs_total[1m]) + rate(node_network_transmit_errs_total[1m])) by (instance)": 0, "network_errors": 0, "kubernetes_prometheus_rules": "kubernetes_prometheus_rules", "add_security_context": "add_security_context", "delay_treatment": "delay_treatment"}, {"instance": "kube-prometheus-prometheus-node-exporter.oxn-external-monitoring.svc:9100", "timestamp": 1737549561.919, "sum(rate(node_network_receive_errs_total[1m]) + rate(node_network_transmit_errs_total[1m])) by (instance)": 0, "network_errors": 0, "kubernetes_prometheus_rules": "kubernetes_prometheus_rules", "add_security_context": "add_security_context", "delay_treatment": "delay_treatment"}, {"instance": "kube-prometheus-prometheus-node-exporter.oxn-external-monitoring.svc:9100", "timestamp": 1737549562.919, "sum(rate(node_network_receive_errs_total[1m]) + rate(node_network_transmit_errs_total[1m])) by (instance)": 0, "network_errors": 0, "kubernetes_prometheus_rules": "kubernetes_prometheus_rules", "add_security_context": "add_security_context", "delay_treatment": "delay_treatment"}, {"instance": "kube-prometheus-prometheus-node-exporter.oxn-external-monitoring.svc:9100", "timestamp": 1737549563.919, "sum(rate(node_network_receive_errs_total[1m]) + rate(node_network_transmit_errs_total[1m])) by (instance)": 0, "network_errors": 0, "kubernetes_prometheus_rules": "kubernetes_prometheus_rules", "add_security_context": "add_security_context", "delay_treatment": "delay_treatment"}, {"instance": "kube-prometheus-prometheus-node-exporter.oxn-external-monitoring.svc:9100", "timestamp": 1737549564.919, "sum(rate(node_network_receive_errs_total[1m]) + rate(node_network_transmit_errs_total[1m])) by (instance)": 0, "network_errors": 0, "kubernetes_prometheus_rules": "kubernetes_prometheus_rules", "add_security_context": "add_security_context", "delay_treatment": "delay_treatment"}, {"instance": "kube-prometheus-prometheus-node-exporter.oxn-external-monitoring.svc:9100", "timestamp": 1737549565.919, "sum(rate(node_network_receive_errs_total[1m]) + rate(node_network_transmit_errs_total[1m])) by (instance)": 0, "network_errors": 0, "kubernetes_prometheus_rules": "kubernetes_prometheus_rules", "add_security_context": "add_security_context", "delay_treatment": "delay_treatment"}, {"instance": "kube-prometheus-prometheus-node-exporter.oxn-external-monitoring.svc:9100", "timestamp": 1737549566.919, "sum(rate(node_network_receive_errs_total[1m]) + rate(node_network_transmit_errs_total[1m])) by (instance)": 0, "network_errors": 0, "kubernetes_prometheus_rules": "kubernetes_prometheus_rules", "add_security_context": "add_security_context", "delay_treatment": "delay_treatment"}, {"instance": "kube-prometheus-prometheus-node-exporter.oxn-external-monitoring.svc:9100", "timestamp": 1737549567.919, "sum(rate(node_network_receive_errs_total[1m]) + rate(node_network_transmit_errs_total[1m])) by (instance)": 0, "network_errors": 0, "kubernetes_prometheus_rules": "kubernetes_prometheus_rules", "add_security_context": "add_security_context", "delay_treatment": "delay_treatment"}, {"instance": "kube-prometheus-prometheus-node-exporter.oxn-external-monitoring.svc:9100", "timestamp": 1737549568.919, "sum(rate(node_network_receive_errs_total[1m]) + rate(node_network_transmit_errs_total[1m])) by (instance)": 0, "network_errors": 0, "kubernetes_prometheus_rules": "kubernetes_prometheus_rules", "add_security_context": "add_security_context", "delay_treatment": "delay_treatment"}, {"instance": "kube-prometheus-prometheus-node-exporter.oxn-external-monitoring.svc:9100", "timestamp": 1737549569.919, "sum(rate(node_network_receive_errs_total[1m]) + rate(node_network_transmit_errs_total[1m])) by (instance)": 0, "network_errors": 0, "kubernetes_prometheus_rules": "kubernetes_prometheus_rules", "add_security_context": "add_security_context", "delay_treatment": "delay_treatment"}, {"instance": "kube-prometheus-prometheus-node-exporter.oxn-external-monitoring.svc:9100", "timestamp": 1737549570.919, "sum(rate(node_network_receive_errs_total[1m]) + rate(node_network_transmit_errs_total[1m])) by (instance)": 0, "network_errors": 0, "kubernetes_prometheus_rules": "kubernetes_prometheus_rules", "add_security_context": "add_security_context", "delay_treatment": "delay_treatment"}, {"instance": "kube-prometheus-prometheus-node-exporter.oxn-external-monitoring.svc:9100", "timestamp": 1737549571.919, "sum(rate(node_network_receive_errs_total[1m]) + rate(node_network_transmit_errs_total[1m])) by (instance)": 0, "network_errors": 0, "kubernetes_prometheus_rules": "kubernetes_prometheus_rules", "add_security_context": "add_security_context", "delay_treatment": "delay_treatment"}, {"instance": "kube-prometheus-prometheus-node-exporter.oxn-external-monitoring.svc:9100", "timestamp": 1737549572.919, "sum(rate(node_network_receive_errs_total[1m]) + rate(node_network_transmit_errs_total[1m])) by (instance)": 0, "network_errors": 0, "kubernetes_prometheus_rules": "kubernetes_prometheus_rules", "add_security_context": "add_security_context", "delay_treatment": "delay_treatment"}, {"instance": "kube-prometheus-prometheus-node-exporter.oxn-external-monitoring.svc:9100", "timestamp": 1737549573.919, "sum(rate(node_network_receive_errs_total[1m]) + rate(node_network_transmit_errs_total[1m])) by (instance)": 0, "network_errors": 0, "kubernetes_prometheus_rules": "kubernetes_prometheus_rules", "add_security_context": "add_security_context", "delay_treatment": "delay_treatment"}, {"instance": "kube-prometheus-prometheus-node-exporter.oxn-external-monitoring.svc:9100", "timestamp": 1737549574.919, "sum(rate(node_network_receive_errs_total[1m]) + rate(node_network_transmit_errs_total[1m])) by (instance)": 0, "network_errors": 0, "kubernetes_prometheus_rules": "kubernetes_prometheus_rules", "add_security_context": "add_security_context", "delay_treatment": "delay_treatment"}, {"instance": "kube-prometheus-prometheus-node-exporter.oxn-external-monitoring.svc:9100", "timestamp": 1737549575.919, "sum(rate(node_network_receive_errs_total[1m]) + rate(node_network_transmit_errs_total[1m])) by (instance)": 0, "network_errors": 0, "kubernetes_prometheus_rules": "kubernetes_prometheus_rules", "add_security_context": "add_security_context", "delay_treatment": "delay_treatment"}, {"instance": "kube-prometheus-prometheus-node-exporter.oxn-external-monitoring.svc:9100", "timestamp": 1737549576.919, "sum(rate(node_network_receive_errs_total[1m]) + rate(node_network_transmit_errs_total[1m])) by (instance)": 0, "network_errors": 0, "kubernetes_prometheus_rules": "kubernetes_prometheus_rules", "add_security_context": "add_security_context", "delay_treatment": "delay_treatment"}, {"instance": "kube-prometheus-prometheus-node-exporter.oxn-external-monitoring.svc:9100", "timestamp": 1737549577.919, "sum(rate(node_network_receive_errs_total[1m]) + rate(node_network_transmit_errs_total[1m])) by (instance)": 0, "network_errors": 0, "kubernetes_prometheus_rules": "kubernetes_prometheus_rules", "add_security_context": "add_security_context", "delay_treatment": "delay_treatment"}, {"instance": "kube-prometheus-prometheus-node-exporter.oxn-external-monitoring.svc:9100", "timestamp": 1737549578.919, "sum(rate(node_network_receive_errs_total[1m]) + rate(node_network_transmit_errs_total[1m])) by (instance)": 0, "network_errors": 0, "kubernetes_prometheus_rules": "kubernetes_prometheus_rules", "add_security_context": "add_security_context", "delay_treatment": "delay_treatment"}, {"instance": "kube-prometheus-prometheus-node-exporter.oxn-external-monitoring.svc:9100", "timestamp": 1737549579.919, "sum(rate(node_network_receive_errs_total[1m]) + rate(node_network_transmit_errs_total[1m])) by (instance)": 0, "network_errors": 0, "kubernetes_prometheus_rules": "kubernetes_prometheus_rules", "add_security_context": "add_security_context", "delay_treatment": "delay_treatment"}, {"instance": "kube-prometheus-prometheus-node-exporter.oxn-external-monitoring.svc:9100", "timestamp": 1737549580.919, "sum(rate(node_network_receive_errs_total[1m]) + rate(node_network_transmit_errs_total[1m])) by (instance)": 0, "network_errors": 0, "kubernetes_prometheus_rules": "kubernetes_prometheus_rules", "add_security_context": "add_security_context", "delay_treatment": "delay_treatment"}, {"instance": "kube-prometheus-prometheus-node-exporter.oxn-external-monitoring.svc:9100", "timestamp": 1737549581.919, "sum(rate(node_network_receive_errs_total[1m]) + rate(node_network_transmit_errs_total[1m])) by (instance)": 0, "network_errors": 0, "kubernetes_prometheus_rules": "kubernetes_prometheus_rules", "add_security_context": "add_security_context", "delay_treatment": "delay_treatment"}, {"instance": "kube-prometheus-prometheus-node-exporter.oxn-external-monitoring.svc:9100", "timestamp": 1737549582.919, "sum(rate(node_network_receive_errs_total[1m]) + rate(node_network_transmit_errs_total[1m])) by (instance)": 0, "network_errors": 0, "kubernetes_prometheus_rules": "kubernetes_prometheus_rules", "add_security_context": "add_security_context", "delay_treatment": "delay_treatment"}, {"instance": "kube-prometheus-prometheus-node-exporter.oxn-external-monitoring.svc:9100", "timestamp": 1737549583.919, "sum(rate(node_network_receive_errs_total[1m]) + rate(node_network_transmit_errs_total[1m])) by (instance)": 0, "network_errors": 0, "kubernetes_prometheus_rules": "kubernetes_prometheus_rules", "add_security_context": "add_security_context", "delay_treatment": "delay_treatment"}, {"instance": "kube-prometheus-prometheus-node-exporter.oxn-external-monitoring.svc:9100", "timestamp": 1737549584.919, "sum(rate(node_network_receive_errs_total[1m]) + rate(node_network_transmit_errs_total[1m])) by (instance)": 0, "network_errors": 0, "kubernetes_prometheus_rules": "kubernetes_prometheus_rules", "add_security_context": "add_security_context", "delay_treatment": "delay_treatment"}, {"instance": "kube-prometheus-prometheus-node-exporter.oxn-external-monitoring.svc:9100", "timestamp": 1737549585.919, "sum(rate(node_network_receive_errs_total[1m]) + rate(node_network_transmit_errs_total[1m])) by (instance)": 0, "network_errors": 0, "kubernetes_prometheus_rules": "kubernetes_prometheus_rules", "add_security_context": "add_security_context", "delay_treatment": "delay_treatment"}, {"instance": "kube-prometheus-prometheus-node-exporter.oxn-external-monitoring.svc:9100", "timestamp": 1737549586.919, "sum(rate(node_network_receive_errs_total[1m]) + rate(node_network_transmit_errs_total[1m])) by (instance)": 0, "network_errors": 0, "kubernetes_prometheus_rules": "kubernetes_prometheus_rules", "add_security_context": "add_security_context", "delay_treatment": "delay_treatment"}, {"instance": "kube-prometheus-prometheus-node-exporter.oxn-external-monitoring.svc:9100", "timestamp": 1737549587.919, "sum(rate(node_network_receive_errs_total[1m]) + rate(node_network_transmit_errs_total[1m])) by (instance)": 0, "network_errors": 0, "kubernetes_prometheus_rules": "kubernetes_prometheus_rules", "add_security_context": "add_security_context", "delay_treatment": "delay_treatment"}, {"instance": "kube-prometheus-prometheus-node-exporter.oxn-external-monitoring.svc:9100", "timestamp": 1737549588.919, "sum(rate(node_network_receive_errs_total[1m]) + rate(node_network_transmit_errs_total[1m])) by (instance)": 0, "network_errors": 0, "kubernetes_prometheus_rules": "kubernetes_prometheus_rules", "add_security_context": "add_security_context", "delay_treatment": "delay_treatment"}, {"instance": "kube-prometheus-prometheus-node-exporter.oxn-external-monitoring.svc:9100", "timestamp": 1737549589.919, "sum(rate(node_network_receive_errs_total[1m]) + rate(node_network_transmit_errs_total[1m])) by (instance)": 0, "network_errors": 0, "kubernetes_prometheus_rules": "NoTreatment", "add_security_context": "NoTreatment", "delay_treatment": "NoTreatment"}, {"instance": "kube-prometheus-prometheus-node-exporter.oxn-external-monitoring.svc:9100", "timestamp": 1737549590.919, "sum(rate(node_network_receive_errs_total[1m]) + rate(node_network_transmit_errs_total[1m])) by (instance)": 0, "network_errors": 0, "kubernetes_prometheus_rules": "NoTreatment", "add_security_context": "NoTreatment", "delay_treatment": "NoTreatment"}, {"instance": "kube-prometheus-prometheus-node-exporter.oxn-external-monitoring.svc:9100", "timestamp": 1737549591.919, "sum(rate(node_network_receive_errs_total[1m]) + rate(node_network_transmit_errs_total[1m])) by (instance)": 0, "network_errors": 0, "kubernetes_prometheus_rules": "NoTreatment", "add_security_context": "NoTreatment", "delay_treatment": "NoTreatment"}, {"instance": "kube-prometheus-prometheus-node-exporter.oxn-external-monitoring.svc:9100", "timestamp": 1737549592.919, "sum(rate(node_network_receive_errs_total[1m]) + rate(node_network_transmit_errs_total[1m])) by (instance)": 0, "network_errors": 0, "kubernetes_prometheus_rules": "NoTreatment", "add_security_context": "NoTreatment", "delay_treatment": "NoTreatment"}, {"instance": "kube-prometheus-prometheus-node-exporter.oxn-external-monitoring.svc:9100", "timestamp": 1737549593.919, "sum(rate(node_network_receive_errs_total[1m]) + rate(node_network_transmit_errs_total[1m])) by (instance)": 0, "network_errors": 0, "kubernetes_prometheus_rules": "NoTreatment", "add_security_context": "NoTreatment", "delay_treatment": "NoTreatment"}, {"instance": "kube-prometheus-prometheus-node-exporter.oxn-external-monitoring.svc:9100", "timestamp": 1737549594.919, "sum(rate(node_network_receive_errs_total[1m]) + rate(node_network_transmit_errs_total[1m])) by (instance)": 0, "network_errors": 0, "kubernetes_prometheus_rules": "NoTreatment", "add_security_context": "NoTreatment", "delay_treatment": "NoTreatment"}, {"instance": "kube-prometheus-prometheus-node-exporter.oxn-external-monitoring.svc:9100", "timestamp": 1737549595.919, "sum(rate(node_network_receive_errs_total[1m]) + rate(node_network_transmit_errs_total[1m])) by (instance)": 0, "network_errors": 0, "kubernetes_prometheus_rules": "NoTreatment", "add_security_context": "NoTreatment", "delay_treatment": "NoTreatment"}, {"instance": "kube-prometheus-prometheus-node-exporter.oxn-external-monitoring.svc:9100", "timestamp": 1737549596.919, "sum(rate(node_network_receive_errs_total[1m]) + rate(node_network_transmit_errs_total[1m])) by (instance)": 0, "network_errors": 0, "kubernetes_prometheus_rules": "NoTreatment", "add_security_context": "NoTreatment", "delay_treatment": "NoTreatment"}, {"instance": "kube-prometheus-prometheus-node-exporter.oxn-external-monitoring.svc:9100", "timestamp": 1737549597.919, "sum(rate(node_network_receive_errs_total[1m]) + rate(node_network_transmit_errs_total[1m])) by (instance)": 0, "network_errors": 0, "kubernetes_prometheus_rules": "NoTreatment", "add_security_context": "NoTreatment", "delay_treatment": "NoTreatment"}, {"instance": "kube-prometheus-prometheus-node-exporter.oxn-external-monitoring.svc:9100", "timestamp": 1737549598.919, "sum(rate(node_network_receive_errs_total[1m]) + rate(node_network_transmit_errs_total[1m])) by (instance)": 0, "network_errors": 0, "kubernetes_prometheus_rules": "NoTreatment", "add_security_context": "NoTreatment", "delay_treatment": "NoTreatment"}]