[{"index": 0, "trace_id": "2bb000a310d0f4c63f907b711e2449b6", "span_id": "9e39bebcaece4aa2", "operation": "orders receive", "start_time": 1737548704763535, "end_time": 1737548704847629, "duration": 84094, "service_name": "accountingservice", "span_kind": "consumer", "req_status_code": "N/A", "ref_type": "FOLLOWS_FROM", "ref_type_span_ID": "28f2c1f2ff9ee57b", "ref_type_trace_ID": "357cdd1943e49856ad898f936b05abef", "kubernetes_prometheus_rules": "kubernetes_prometheus_rules", "add_security_context": "add_security_context", "delay_treatment": "delay_treatment"}, {"index": 0, "trace_id": "a82d08ec7ca003da9660b8fec31d7058", "span_id": "430eb664d97c8bee", "operation": "orders receive", "start_time": 1737548692318997, "end_time": 1737548692334340, "duration": 15343, "service_name": "accountingservice", "span_kind": "consumer", "req_status_code": "N/A", "ref_type": "FOLLOWS_FROM", "ref_type_span_ID": "cdd7f07b68b04fd7", "ref_type_trace_ID": "45623abc53df0fa9e7e8dbf07d38970c", "kubernetes_prometheus_rules": "kubernetes_prometheus_rules", "add_security_context": "add_security_context", "delay_treatment": "delay_treatment"}, {"index": 0, "trace_id": "a5930a45fa0ec533a539c430fcbefea8", "span_id": "b1a1bea148bc1396", "operation": "orders receive", "start_time": 1737548756437503, "end_time": 1737548756520658, "duration": 83155, "service_name": "accountingservice", "span_kind": "consumer", "req_status_code": "N/A", "ref_type": "FOLLOWS_FROM", "ref_type_span_ID": "5c99d6f21e7a74a7", "ref_type_trace_ID": "cb6a290d6359eebbd6250e51457157f5", "kubernetes_prometheus_rules": "kubernetes_prometheus_rules", "add_security_context": "add_security_context", "delay_treatment": "delay_treatment"}, {"index": 0, "trace_id": "8a88a6f19c6469ee3c2c21a581676eed", "span_id": "5c412508159b3e0e", "operation": "orders receive", "start_time": 1737548826296848, "end_time": 1737548826381200, "duration": 84352, "service_name": "accountingservice", "span_kind": "consumer", "req_status_code": "N/A", "ref_type": "FOLLOWS_FROM", "ref_type_span_ID": "4bea85c7c27be5a7", "ref_type_trace_ID": "e2329f437cceefd034744069bb6c01f5", "kubernetes_prometheus_rules": "NoTreatment", "add_security_context": "NoTreatment", "delay_treatment": "NoTreatment"}, {"index": 0, "trace_id": "b0a0c5e9fb36eecc37a803fc74ffa067", "span_id": "461c8baec6e64be0", "operation": "orders receive", "start_time": 1737548760960450, "end_time": 1737548761038786, "duration": 78336, "service_name": "accountingservice", "span_kind": "consumer", "req_status_code": "N/A", "ref_type": "FOLLOWS_FROM", "ref_type_span_ID": "6c97a025cf8c73f5", "ref_type_trace_ID": "c0ecfcf882b48deb901848232b7cf253", "kubernetes_prometheus_rules": "kubernetes_prometheus_rules", "add_security_context": "add_security_context", "delay_treatment": "delay_treatment"}, {"index": 0, "trace_id": "b33f19a8b40420fc965bdd86bfbfd649", "span_id": "c8673acdb6fbeb35", "operation": "orders receive", "start_time": 1737548779884118, "end_time": 1737548779886427, "duration": 2309, "service_name": "accountingservice", "span_kind": "consumer", "req_status_code": "N/A", "ref_type": "FOLLOWS_FROM", "ref_type_span_ID": "e43408499b7a121a", "ref_type_trace_ID": "3f748363875f0311185cd912bc034a35", "kubernetes_prometheus_rules": "kubernetes_prometheus_rules", "add_security_context": "add_security_context", "delay_treatment": "delay_treatment"}, {"index": 0, "trace_id": "14f86080826b89abd426fb2a66f84271", "span_id": "21e01fa9ea26ca38", "operation": "orders receive", "start_time": 1737548833290379, "end_time": 1737548833292857, "duration": 2478, "service_name": "accountingservice", "span_kind": "consumer", "req_status_code": "N/A", "ref_type": "FOLLOWS_FROM", "ref_type_span_ID": "8bc5325900d7e334", "ref_type_trace_ID": "9a54e21972ba4f0dc090ba00a05860fd", "kubernetes_prometheus_rules": "NoTreatment", "add_security_context": "NoTreatment", "delay_treatment": "NoTreatment"}, {"index": 0, "trace_id": "9a1fd985fb2150e396fcf3d5b17ce81e", "span_id": "850b4b5279b5a80a", "operation": "orders receive", "start_time": 1737548771759372, "end_time": 1737548771839037, "duration": 79665, "service_name": "accountingservice", "span_kind": "consumer", "req_status_code": "N/A", "ref_type": "FOLLOWS_FROM", "ref_type_span_ID": "e62aae7d5f651f75", "ref_type_trace_ID": "b89afa80fd959cce96b316801ac4fcbb", "kubernetes_prometheus_rules": "kubernetes_prometheus_rules", "add_security_context": "add_security_context", "delay_treatment": "delay_treatment"}, {"index": 0, "trace_id": "b1d3e44ad4301396a2dfc32cba8895d0", "span_id": "21cd6bfe90979217", "operation": "orders receive", "start_time": 1737548719405298, "end_time": 1737548719438169, "duration": 32871, "service_name": "accountingservice", "span_kind": "consumer", "req_status_code": "N/A", "ref_type": "FOLLOWS_FROM", "ref_type_span_ID": "0399e2d142157c8b", "ref_type_trace_ID": "c3b4b4043a5ab5f7a8e3d1c05991a8e2", "kubernetes_prometheus_rules": "kubernetes_prometheus_rules", "add_security_context": "add_security_context", "delay_treatment": "delay_treatment"}, {"index": 0, "trace_id": "e7624fca41eb770bde0ce6693c26383a", "span_id": "3784ec68e50338a5", "operation": "orders receive", "start_time": 1737548721101113, "end_time": 1737548721105681, "duration": 4568, "service_name": "accountingservice", "span_kind": "consumer", "req_status_code": "N/A", "ref_type": "FOLLOWS_FROM", "ref_type_span_ID": "6a14a134747569bd", "ref_type_trace_ID": "4b87e1528a17216f67ac63769375b7a2", "kubernetes_prometheus_rules": "kubernetes_prometheus_rules", "add_security_context": "add_security_context", "delay_treatment": "delay_treatment"}, {"index": 0, "trace_id": "3639e879b645e8151ec97fd2f28afad8", "span_id": "a5477f72acd41d69", "operation": "orders receive", "start_time": 1737548780165260, "end_time": 1737548780174217, "duration": 8957, "service_name": "accountingservice", "span_kind": "consumer", "req_status_code": "N/A", "ref_type": "FOLLOWS_FROM", "ref_type_span_ID": "358ffdf33a681d45", "ref_type_trace_ID": "cde455637e863c26e27c4a32b071b5d4", "kubernetes_prometheus_rules": "kubernetes_prometheus_rules", "add_security_context": "add_security_context", "delay_treatment": "delay_treatment"}, {"index": 0, "trace_id": "f8ecaceb2f25e2438f14cba531bbae00", "span_id": "e1a92619770e039d", "operation": "orders receive", "start_time": 1737548784253270, "end_time": 1737548784271135, "duration": 17865, "service_name": "accountingservice", "span_kind": "consumer", "req_status_code": "N/A", "ref_type": "FOLLOWS_FROM", "ref_type_span_ID": "1bc176c16b8dd24f", "ref_type_trace_ID": "fb397309285874c062592df72366faf2", "kubernetes_prometheus_rules": "kubernetes_prometheus_rules", "add_security_context": "add_security_context", "delay_treatment": "delay_treatment"}, {"index": 0, "trace_id": "f389ab353c400b094dc338be20a5be12", "span_id": "a34209e2fb6850e3", "operation": "orders receive", "start_time": 1737548660891450, "end_time": 1737548660892118, "duration": 668, "service_name": "accountingservice", "span_kind": "consumer", "req_status_code": "N/A", "ref_type": "FOLLOWS_FROM", "ref_type_span_ID": "664a4ed5a72eedfe", "ref_type_trace_ID": "7e9345e34d539c3d3997f12094f14c67", "kubernetes_prometheus_rules": "kubernetes_prometheus_rules", "add_security_context": "add_security_context", "delay_treatment": "delay_treatment"}, {"index": 0, "trace_id": "5c085613febcf458f2a5023b7d86e99d", "span_id": "3f71be2a4ac2d144", "operation": "orders receive", "start_time": 1737548741410874, "end_time": 1737548741492629, "duration": 81755, "service_name": "accountingservice", "span_kind": "consumer", "req_status_code": "N/A", "ref_type": "FOLLOWS_FROM", "ref_type_span_ID": "db21734edf933031", "ref_type_trace_ID": "91b24ce5f2803de821bc43313807f185", "kubernetes_prometheus_rules": "kubernetes_prometheus_rules", "add_security_context": "add_security_context", "delay_treatment": "delay_treatment"}, {"index": 0, "trace_id": "df05a5923fc98876f12118d4bcad3cec", "span_id": "23d818397756954f", "operation": "orders receive", "start_time": 1737548706850974, "end_time": 1737548706885897, "duration": 34923, "service_name": "accountingservice", "span_kind": "consumer", "req_status_code": "N/A", "ref_type": "FOLLOWS_FROM", "ref_type_span_ID": "8db0518011157997", "ref_type_trace_ID": "4d244217780f72f43e53dd155976641a", "kubernetes_prometheus_rules": "kubernetes_prometheus_rules", "add_security_context": "add_security_context", "delay_treatment": "delay_treatment"}, {"index": 0, "trace_id": "43ca199f1869696e7a06cd34145c03d7", "span_id": "ff551d043ac41901", "operation": "orders receive", "start_time": 1737548790263425, "end_time": 1737548790265257, "duration": 1832, "service_name": "accountingservice", "span_kind": "consumer", "req_status_code": "N/A", "ref_type": "FOLLOWS_FROM", "ref_type_span_ID": "d66d873bbf34a4f1", "ref_type_trace_ID": "29a8e474ff0578e7636945917c15311f", "kubernetes_prometheus_rules": "kubernetes_prometheus_rules", "add_security_context": "add_security_context", "delay_treatment": "delay_treatment"}, {"index": 0, "trace_id": "ca169818d5616289a6e88a3b404fd0ba", "span_id": "6bafe557e126e49c", "operation": "orders receive", "start_time": 1737548726937317, "end_time": 1737548727006053, "duration": 68736, "service_name": "accountingservice", "span_kind": "consumer", "req_status_code": "N/A", "ref_type": "FOLLOWS_FROM", "ref_type_span_ID": "368e010adc6baf62", "ref_type_trace_ID": "9828366a559b9a0e1e735c5a3f21ea98", "kubernetes_prometheus_rules": "kubernetes_prometheus_rules", "add_security_context": "add_security_context", "delay_treatment": "delay_treatment"}, {"index": 0, "trace_id": "98857b2145c173df6f6c276a6d347428", "span_id": "ef9df5b359ff0765", "operation": "orders receive", "start_time": 1737548725351396, "end_time": 1737548725359418, "duration": 8022, "service_name": "accountingservice", "span_kind": "consumer", "req_status_code": "N/A", "ref_type": "FOLLOWS_FROM", "ref_type_span_ID": "3a902cd542625fb7", "ref_type_trace_ID": "8a486215f80fdcd7dcfa521bba9889eb", "kubernetes_prometheus_rules": "kubernetes_prometheus_rules", "add_security_context": "add_security_context", "delay_treatment": "delay_treatment"}, {"index": 0, "trace_id": "c462723b7f2c6ee80a5abac4c51c9129", "span_id": "5e2771dcd9c9ab0d", "operation": "orders receive", "start_time": 1737548727947879, "end_time": 1737548728009572, "duration": 61693, "service_name": "accountingservice", "span_kind": "consumer", "req_status_code": "N/A", "ref_type": "FOLLOWS_FROM", "ref_type_span_ID": "1249fef3a2d5710a", "ref_type_trace_ID": "c533da8e43a32ae5da85a652020bc859", "kubernetes_prometheus_rules": "kubernetes_prometheus_rules", "add_security_context": "add_security_context", "delay_treatment": "delay_treatment"}, {"index": 0, "trace_id": "3b8f6eacafb5084eef519810e631e6b7", "span_id": "7cfeff1bcc605912", "operation": "orders receive", "start_time": 1737548721110298, "end_time": 1737548721209022, "duration": 98724, "service_name": "accountingservice", "span_kind": "consumer", "req_status_code": "N/A", "ref_type": "FOLLOWS_FROM", "ref_type_span_ID": "26b320d0277f07d3", "ref_type_trace_ID": "ce766eb65c7c04e8353361f5fa9b4416", "kubernetes_prometheus_rules": "kubernetes_prometheus_rules", "add_security_context": "add_security_context", "delay_treatment": "delay_treatment"}, {"index": 0, "trace_id": "e60377c6fd6535473c5e3667cdea23e7", "span_id": "b01337b1b7484aa3", "operation": "orders receive", "start_time": 1737548786017881, "end_time": 1737548786024807, "duration": 6926, "service_name": "accountingservice", "span_kind": "consumer", "req_status_code": "N/A", "ref_type": "FOLLOWS_FROM", "ref_type_span_ID": "fc8afcf99a1b45e0", "ref_type_trace_ID": "964c4fcf193c2d2b8fb5af1261573a35", "kubernetes_prometheus_rules": "kubernetes_prometheus_rules", "add_security_context": "add_security_context", "delay_treatment": "delay_treatment"}, {"index": 0, "trace_id": "596ffacf0dce5d0eec734988d5ec57b3", "span_id": "128510fe9bc6b9fc", "operation": "orders receive", "start_time": 1737548786433694, "end_time": 1737548786475064, "duration": 41370, "service_name": "accountingservice", "span_kind": "consumer", "req_status_code": "N/A", "ref_type": "FOLLOWS_FROM", "ref_type_span_ID": "27ccb4101dc54d2e", "ref_type_trace_ID": "d11b432ba1433a74e2cc637168f5466e", "kubernetes_prometheus_rules": "kubernetes_prometheus_rules", "add_security_context": "add_security_context", "delay_treatment": "delay_treatment"}, {"index": 0, "trace_id": "9e4bca83ae10b3e2246d6095e4e91768", "span_id": "b780d669dc860edc", "operation": "orders receive", "start_time": 1737548778584394, "end_time": 1737548778605931, "duration": 21537, "service_name": "accountingservice", "span_kind": "consumer", "req_status_code": "N/A", "ref_type": "FOLLOWS_FROM", "ref_type_span_ID": "352655991ca380ed", "ref_type_trace_ID": "af77f8844c3762469e1aa50d5e9fa83a", "kubernetes_prometheus_rules": "kubernetes_prometheus_rules", "add_security_context": "add_security_context", "delay_treatment": "delay_treatment"}, {"index": 0, "trace_id": "c6966bae8ef487d9cc0777caa474474b", "span_id": "c43fa495e685db70", "operation": "orders receive", "start_time": 1737548834407935, "end_time": 1737548834460080, "duration": 52145, "service_name": "accountingservice", "span_kind": "consumer", "req_status_code": "N/A", "ref_type": "FOLLOWS_FROM", "ref_type_span_ID": "c510ed07337229f9", "ref_type_trace_ID": "4ac170f6cc78af2e2bf21f479dfb48a3", "kubernetes_prometheus_rules": "NoTreatment", "add_security_context": "NoTreatment", "delay_treatment": "NoTreatment"}, {"index": 0, "trace_id": "c721e9be43859ee4b41c36acb833f926", "span_id": "8b0e64fcce447899", "operation": "orders receive", "start_time": 1737548713902379, "end_time": 1737548713909412, "duration": 7033, "service_name": "accountingservice", "span_kind": "consumer", "req_status_code": "N/A", "ref_type": "FOLLOWS_FROM", "ref_type_span_ID": "863ee6079e0d252d", "ref_type_trace_ID": "aa941d1aa002902cfa5a7431d59e7a47", "kubernetes_prometheus_rules": "kubernetes_prometheus_rules", "add_security_context": "add_security_context", "delay_treatment": "delay_treatment"}, {"index": 0, "trace_id": "2535179d80a60656ea765749b9b367d9", "span_id": "ea00aad94f069cb8", "operation": "orders receive", "start_time": 1737548833299559, "end_time": 1737548833322315, "duration": 22756, "service_name": "accountingservice", "span_kind": "consumer", "req_status_code": "N/A", "ref_type": "FOLLOWS_FROM", "ref_type_span_ID": "aa91bf7be6eadf63", "ref_type_trace_ID": "73227c7edd35ff67355c83ea9aeafdcc", "kubernetes_prometheus_rules": "NoTreatment", "add_security_context": "NoTreatment", "delay_treatment": "NoTreatment"}, {"index": 0, "trace_id": "947d9ce5c877aeed4d2370c1292376be", "span_id": "262cbe7d6afc1afc", "operation": "orders receive", "start_time": 1737548725660040, "end_time": 1737548725709566, "duration": 49526, "service_name": "accountingservice", "span_kind": "consumer", "req_status_code": "N/A", "ref_type": "FOLLOWS_FROM", "ref_type_span_ID": "e7f945a2ea182aa0", "ref_type_trace_ID": "809b54c18ab4b744429d409f74db7228", "kubernetes_prometheus_rules": "kubernetes_prometheus_rules", "add_security_context": "add_security_context", "delay_treatment": "delay_treatment"}, {"index": 0, "trace_id": "b2effe18b8f86e5028faf7546e1fc640", "span_id": "d0c56ce3ef0e43b9", "operation": "orders receive", "start_time": 1737548743302839, "end_time": 1737548743343021, "duration": 40182, "service_name": "accountingservice", "span_kind": "consumer", "req_status_code": "N/A", "ref_type": "FOLLOWS_FROM", "ref_type_span_ID": "6bd741d548ef9f0a", "ref_type_trace_ID": "a9c416de2cc503daabfe1befe4d74e5d", "kubernetes_prometheus_rules": "kubernetes_prometheus_rules", "add_security_context": "add_security_context", "delay_treatment": "delay_treatment"}, {"index": 0, "trace_id": "8f92b7961c2a497e9fc3a467a77f4c2f", "span_id": "53017533915b8a65", "operation": "orders receive", "start_time": 1737548770205771, "end_time": 1737548770207905, "duration": 2134, "service_name": "accountingservice", "span_kind": "consumer", "req_status_code": "N/A", "ref_type": "FOLLOWS_FROM", "ref_type_span_ID": "eb3aa04fa289445e", "ref_type_trace_ID": "83504f0f08f910d9f817d3383462b55b", "kubernetes_prometheus_rules": "kubernetes_prometheus_rules", "add_security_context": "add_security_context", "delay_treatment": "delay_treatment"}, {"index": 0, "trace_id": "506762ddcee7890abe60721f0afcb249", "span_id": "062a35d3dc73d1ae", "operation": "orders receive", "start_time": 1737548754174147, "end_time": 1737548754218320, "duration": 44173, "service_name": "accountingservice", "span_kind": "consumer", "req_status_code": "N/A", "ref_type": "FOLLOWS_FROM", "ref_type_span_ID": "5dd6537062f6eb87", "ref_type_trace_ID": "07d3110b0b97f87d3d0b9f37b28b11a8", "kubernetes_prometheus_rules": "kubernetes_prometheus_rules", "add_security_context": "add_security_context", "delay_treatment": "delay_treatment"}, {"index": 0, "trace_id": "43831aaef9b47460287fea40a4e64b05", "span_id": "6763c154f03be049", "operation": "orders receive", "start_time": 1737548732793526, "end_time": 1737548732802125, "duration": 8599, "service_name": "accountingservice", "span_kind": "consumer", "req_status_code": "N/A", "ref_type": "FOLLOWS_FROM", "ref_type_span_ID": "ba4d4c04a04d72b4", "ref_type_trace_ID": "d254388371c24f4a63ffe51cac850b00", "kubernetes_prometheus_rules": "kubernetes_prometheus_rules", "add_security_context": "add_security_context", "delay_treatment": "delay_treatment"}, {"index": 0, "trace_id": "0dcea408ddba8119b5e4054df453cdee", "span_id": "8f809e8070190c3f", "operation": "orders receive", "start_time": 1737548798642129, "end_time": 1737548798671414, "duration": 29285, "service_name": "accountingservice", "span_kind": "consumer", "req_status_code": "N/A", "ref_type": "FOLLOWS_FROM", "ref_type_span_ID": "59eaa3cc72cc331a", "ref_type_trace_ID": "3864574ec7e3615afc99a8fecb0924cc", "kubernetes_prometheus_rules": "kubernetes_prometheus_rules", "add_security_context": "add_security_context", "delay_treatment": "delay_treatment"}, {"index": 0, "trace_id": "a170f092623b1060c99602c87a38fe24", "span_id": "8166ee9e51a9887b", "operation": "orders receive", "start_time": 1737548775181234, "end_time": 1737548775220713, "duration": 39479, "service_name": "accountingservice", "span_kind": "consumer", "req_status_code": "N/A", "ref_type": "FOLLOWS_FROM", "ref_type_span_ID": "f659752f943d8097", "ref_type_trace_ID": "f2e90283accef12bb7b0fdf2b6f13b86", "kubernetes_prometheus_rules": "kubernetes_prometheus_rules", "add_security_context": "add_security_context", "delay_treatment": "delay_treatment"}, {"index": 0, "trace_id": "df4c735a103331ebf75dc2de51d45f02", "span_id": "7ec69bde319280f2", "operation": "orders receive", "start_time": 1737548804131530, "end_time": 1737548804165107, "duration": 33577, "service_name": "accountingservice", "span_kind": "consumer", "req_status_code": "N/A", "ref_type": "FOLLOWS_FROM", "ref_type_span_ID": "e467a2c7b60046d5", "ref_type_trace_ID": "f22d90c51e1ff7ee04ec38a176b72148", "kubernetes_prometheus_rules": "kubernetes_prometheus_rules", "add_security_context": "add_security_context", "delay_treatment": "delay_treatment"}, {"index": 0, "trace_id": "4bc67cfcf4c7d19c057e28a53cc32c79", "span_id": "bb27512e53462434", "operation": "orders receive", "start_time": 1737548810494345, "end_time": 1737548810541814, "duration": 47469, "service_name": "accountingservice", "span_kind": "consumer", "req_status_code": "N/A", "ref_type": "FOLLOWS_FROM", "ref_type_span_ID": "7c8fd9e50c65cc74", "ref_type_trace_ID": "67a932e48fa8bfa47d982680d0010408", "kubernetes_prometheus_rules": "kubernetes_prometheus_rules", "add_security_context": "add_security_context", "delay_treatment": "delay_treatment"}, {"index": 0, "trace_id": "5246f2d73632552dd602f41483de0578", "span_id": "a45b9e39812b665d", "operation": "orders receive", "start_time": 1737548802899407, "end_time": 1737548802901382, "duration": 1975, "service_name": "accountingservice", "span_kind": "consumer", "req_status_code": "N/A", "ref_type": "FOLLOWS_FROM", "ref_type_span_ID": "f6aef1cde3b48458", "ref_type_trace_ID": "4c6b4c2cdf689a0a92608f60c96066ab", "kubernetes_prometheus_rules": "kubernetes_prometheus_rules", "add_security_context": "add_security_context", "delay_treatment": "delay_treatment"}, {"index": 0, "trace_id": "6ec6bc493a2b72a6d4ea76ffaa74b284", "span_id": "5bb40bacb628b336", "operation": "orders receive", "start_time": 1737548744638980, "end_time": 1737548744648749, "duration": 9769, "service_name": "accountingservice", "span_kind": "consumer", "req_status_code": "N/A", "ref_type": "FOLLOWS_FROM", "ref_type_span_ID": "e63a575d716b5195", "ref_type_trace_ID": "db8f1010c519de450d01cee18c8d4328", "kubernetes_prometheus_rules": "kubernetes_prometheus_rules", "add_security_context": "add_security_context", "delay_treatment": "delay_treatment"}, {"index": 0, "trace_id": "9ae50d0134eeb2ce94f6803c08abb56a", "span_id": "0255f6ad82fd46d0", "operation": "orders receive", "start_time": 1737548785233810, "end_time": 1737548785259864, "duration": 26054, "service_name": "accountingservice", "span_kind": "consumer", "req_status_code": "N/A", "ref_type": "FOLLOWS_FROM", "ref_type_span_ID": "18c2aafef9b433bd", "ref_type_trace_ID": "8bba73c402216473a223225e8141e337", "kubernetes_prometheus_rules": "kubernetes_prometheus_rules", "add_security_context": "add_security_context", "delay_treatment": "delay_treatment"}, {"index": 0, "trace_id": "7c83182f8b5221c71d671aa69d2dc753", "span_id": "d3e3827e8fb6569b", "operation": "orders receive", "start_time": 1737548782361407, "end_time": 1737548782399835, "duration": 38428, "service_name": "accountingservice", "span_kind": "consumer", "req_status_code": "N/A", "ref_type": "FOLLOWS_FROM", "ref_type_span_ID": "c016e875d753486b", "ref_type_trace_ID": "b8c4e69adc0c134957401e8ac80e1a05", "kubernetes_prometheus_rules": "kubernetes_prometheus_rules", "add_security_context": "add_security_context", "delay_treatment": "delay_treatment"}, {"index": 0, "trace_id": "f862684cc23985b0bdc193f6d085fdf1", "span_id": "38bed5f1ca3edf69", "operation": "orders receive", "start_time": 1737548756989529, "end_time": 1737548757037969, "duration": 48440, "service_name": "accountingservice", "span_kind": "consumer", "req_status_code": "N/A", "ref_type": "FOLLOWS_FROM", "ref_type_span_ID": "50f929b553a10983", "ref_type_trace_ID": "e506cc1a08d76d8bfe70fc17d619211f", "kubernetes_prometheus_rules": "kubernetes_prometheus_rules", "add_security_context": "add_security_context", "delay_treatment": "delay_treatment"}, {"index": 0, "trace_id": "eaf34da8d303e451ebaca5f55b272057", "span_id": "313c454ebdafcc14", "operation": "orders receive", "start_time": 1737548835619939, "end_time": 1737548835636414, "duration": 16475, "service_name": "accountingservice", "span_kind": "consumer", "req_status_code": "N/A", "ref_type": "FOLLOWS_FROM", "ref_type_span_ID": "d554a739bf1247c6", "ref_type_trace_ID": "2adfa16d619ac95c75ece49603c709c5", "kubernetes_prometheus_rules": "NoTreatment", "add_security_context": "NoTreatment", "delay_treatment": "NoTreatment"}, {"index": 0, "trace_id": "abc40441312dc674b5f4692ff6c512e4", "span_id": "ac4d355581943691", "operation": "orders receive", "start_time": 1737548727328748, "end_time": 1737548727355699, "duration": 26951, "service_name": "accountingservice", "span_kind": "consumer", "req_status_code": "N/A", "ref_type": "FOLLOWS_FROM", "ref_type_span_ID": "30634f0014e80256", "ref_type_trace_ID": "619a7dcf035ce219aa6bfb6e85f34b0d", "kubernetes_prometheus_rules": "kubernetes_prometheus_rules", "add_security_context": "add_security_context", "delay_treatment": "delay_treatment"}, {"index": 0, "trace_id": "e7b200f4f4382cea19700279348bbf23", "span_id": "5f35dea82c7f6370", "operation": "orders receive", "start_time": 1737548736590350, "end_time": 1737548736601302, "duration": 10952, "service_name": "accountingservice", "span_kind": "consumer", "req_status_code": "N/A", "ref_type": "FOLLOWS_FROM", "ref_type_span_ID": "f2b47c304e864ef7", "ref_type_trace_ID": "1bdda9b82a6f53faa287b70dbb2873d9", "kubernetes_prometheus_rules": "kubernetes_prometheus_rules", "add_security_context": "add_security_context", "delay_treatment": "delay_treatment"}, {"index": 0, "trace_id": "1d9ec01c88a0b95df5ecf192263be0c8", "span_id": "41e61ae07d09213e", "operation": "orders receive", "start_time": 1737548689875758, "end_time": 1737548689877495, "duration": 1737, "service_name": "accountingservice", "span_kind": "consumer", "req_status_code": "N/A", "ref_type": "FOLLOWS_FROM", "ref_type_span_ID": "8bc5108a6e7de57f", "ref_type_trace_ID": "0e2c2bbe623f3b15992b049fae5cf348", "kubernetes_prometheus_rules": "kubernetes_prometheus_rules", "add_security_context": "add_security_context", "delay_treatment": "delay_treatment"}, {"index": 0, "trace_id": "66344c6e4a2b9e59eeb102c4ec44f501", "span_id": "e643fce95ebbd83a", "operation": "orders receive", "start_time": 1737548766352801, "end_time": 1737548766363500, "duration": 10699, "service_name": "accountingservice", "span_kind": "consumer", "req_status_code": "N/A", "ref_type": "FOLLOWS_FROM", "ref_type_span_ID": "07ab8ff045a2afc8", "ref_type_trace_ID": "8f22eb9aa51fa4b111cb114eb51e4813", "kubernetes_prometheus_rules": "kubernetes_prometheus_rules", "add_security_context": "add_security_context", "delay_treatment": "delay_treatment"}, {"index": 0, "trace_id": "0b04d5e8a803cf99130e58f4885f44de", "span_id": "5fc7220abf586a57", "operation": "orders receive", "start_time": 1737548743082212, "end_time": 1737548743085629, "duration": 3417, "service_name": "accountingservice", "span_kind": "consumer", "req_status_code": "N/A", "ref_type": "FOLLOWS_FROM", "ref_type_span_ID": "914596762c8ceb05", "ref_type_trace_ID": "6b97e867fbecf1e392f3c104d9749bf7", "kubernetes_prometheus_rules": "kubernetes_prometheus_rules", "add_security_context": "add_security_context", "delay_treatment": "delay_treatment"}, {"index": 0, "trace_id": "eb0cc3ee420ec7acfe31bc7a07c273cf", "span_id": "2114593d09bbd52d", "operation": "orders receive", "start_time": 1737548706135657, "end_time": 1737548706181469, "duration": 45812, "service_name": "accountingservice", "span_kind": "consumer", "req_status_code": "N/A", "ref_type": "FOLLOWS_FROM", "ref_type_span_ID": "5d3762b44d9c0606", "ref_type_trace_ID": "3057e8ce33c5acb6dd99d459f29c796e", "kubernetes_prometheus_rules": "kubernetes_prometheus_rules", "add_security_context": "add_security_context", "delay_treatment": "delay_treatment"}, {"index": 0, "trace_id": "5c53682d0198bd78a459c0567ba772d0", "span_id": "653e6becd7fc1d06", "operation": "orders receive", "start_time": 1737548724794509, "end_time": 1737548724797894, "duration": 3385, "service_name": "accountingservice", "span_kind": "consumer", "req_status_code": "N/A", "ref_type": "FOLLOWS_FROM", "ref_type_span_ID": "157c6e270028a694", "ref_type_trace_ID": "a1c6b303e19f3427808575e107cc48b6", "kubernetes_prometheus_rules": "kubernetes_prometheus_rules", "add_security_context": "add_security_context", "delay_treatment": "delay_treatment"}, {"index": 0, "trace_id": "62bbe184322019f929e24559743b95ed", "span_id": "9282b6664688f706", "operation": "orders receive", "start_time": 1737548821818209, "end_time": 1737548821851275, "duration": 33066, "service_name": "accountingservice", "span_kind": "consumer", "req_status_code": "N/A", "ref_type": "FOLLOWS_FROM", "ref_type_span_ID": "2f654b044a21cc53", "ref_type_trace_ID": "1efcfd17141373288c130292a0011683", "kubernetes_prometheus_rules": "kubernetes_prometheus_rules", "add_security_context": "add_security_context", "delay_treatment": "delay_treatment"}, {"index": 0, "trace_id": "0ed6e2b476dd297731a7c098d7cf3b60", "span_id": "0adf37567ab6d435", "operation": "orders receive", "start_time": 1737548685071731, "end_time": 1737548685080793, "duration": 9062, "service_name": "accountingservice", "span_kind": "consumer", "req_status_code": "N/A", "ref_type": "FOLLOWS_FROM", "ref_type_span_ID": "6db83be274f3d6ec", "ref_type_trace_ID": "9034088b579bb14b56a2bab68a77a164", "kubernetes_prometheus_rules": "kubernetes_prometheus_rules", "add_security_context": "add_security_context", "delay_treatment": "delay_treatment"}, {"index": 0, "trace_id": "23e524e82a633859683d76c55b0fdb6e", "span_id": "7442006a47dc46b8", "operation": "orders receive", "start_time": 1737548739995034, "end_time": 1737548740008313, "duration": 13279, "service_name": "accountingservice", "span_kind": "consumer", "req_status_code": "N/A", "ref_type": "FOLLOWS_FROM", "ref_type_span_ID": "7643b6c753bf7bb8", "ref_type_trace_ID": "d1784a1b9df728e0c154e925db483ff5", "kubernetes_prometheus_rules": "kubernetes_prometheus_rules", "add_security_context": "add_security_context", "delay_treatment": "delay_treatment"}, {"index": 0, "trace_id": "e22ea50767366e31967a3a2c3ff51408", "span_id": "ff34710db6910979", "operation": "orders receive", "start_time": 1737548827224229, "end_time": 1737548827308517, "duration": 84288, "service_name": "accountingservice", "span_kind": "consumer", "req_status_code": "N/A", "ref_type": "FOLLOWS_FROM", "ref_type_span_ID": "d3118d66dbba8f67", "ref_type_trace_ID": "f45c1e912a50ee54cc14801b4f88b44c", "kubernetes_prometheus_rules": "NoTreatment", "add_security_context": "NoTreatment", "delay_treatment": "NoTreatment"}, {"index": 0, "trace_id": "9960f8c95247ff0ea2e92302eb424f0d", "span_id": "7b6f9dc9bffbd130", "operation": "orders receive", "start_time": 1737548799502196, "end_time": 1737548799537407, "duration": 35211, "service_name": "accountingservice", "span_kind": "consumer", "req_status_code": "N/A", "ref_type": "FOLLOWS_FROM", "ref_type_span_ID": "3f0145a5159a19d0", "ref_type_trace_ID": "1f76208bde93192201fc0c9adf3f7e44", "kubernetes_prometheus_rules": "kubernetes_prometheus_rules", "add_security_context": "add_security_context", "delay_treatment": "delay_treatment"}, {"index": 0, "trace_id": "acf08d70b66d58ec347fa32f8960471f", "span_id": "1d47428b431437c1", "operation": "orders receive", "start_time": 1737548810545819, "end_time": 1737548810553475, "duration": 7656, "service_name": "accountingservice", "span_kind": "consumer", "req_status_code": "N/A", "ref_type": "FOLLOWS_FROM", "ref_type_span_ID": "6b5254b1ec60dc42", "ref_type_trace_ID": "6dfcb2759643d76634e9449fc58cd97a", "kubernetes_prometheus_rules": "kubernetes_prometheus_rules", "add_security_context": "add_security_context", "delay_treatment": "delay_treatment"}, {"index": 0, "trace_id": "7e93d418f9ee22d878936808abf17643", "span_id": "9b84ccbdd3eda6b7", "operation": "orders receive", "start_time": 1737548756106195, "end_time": 1737548756118975, "duration": 12780, "service_name": "accountingservice", "span_kind": "consumer", "req_status_code": "N/A", "ref_type": "FOLLOWS_FROM", "ref_type_span_ID": "744f1ac461e114aa", "ref_type_trace_ID": "4eb1a5002713866da7975bfab81fb0f3", "kubernetes_prometheus_rules": "kubernetes_prometheus_rules", "add_security_context": "add_security_context", "delay_treatment": "delay_treatment"}, {"index": 0, "trace_id": "394c8103a09d8d1b4b746b70b8820c02", "span_id": "fdc72accef81e574", "operation": "orders receive", "start_time": 1737548795880678, "end_time": 1737548795954153, "duration": 73475, "service_name": "accountingservice", "span_kind": "consumer", "req_status_code": "N/A", "ref_type": "FOLLOWS_FROM", "ref_type_span_ID": "6be8d53e540ee609", "ref_type_trace_ID": "6741b23d60782e6a2a99e9162f1b0bc0", "kubernetes_prometheus_rules": "kubernetes_prometheus_rules", "add_security_context": "add_security_context", "delay_treatment": "delay_treatment"}, {"index": 0, "trace_id": "286e6cbcf86c7454a83fbc67529783e9", "span_id": "ac44f5ee69d8f594", "operation": "orders receive", "start_time": 1737548736215770, "end_time": 1737548736251948, "duration": 36178, "service_name": "accountingservice", "span_kind": "consumer", "req_status_code": "N/A", "ref_type": "FOLLOWS_FROM", "ref_type_span_ID": "555307780aa71dda", "ref_type_trace_ID": "f66fb568b6c0154854f7069ad5bada2e", "kubernetes_prometheus_rules": "kubernetes_prometheus_rules", "add_security_context": "add_security_context", "delay_treatment": "delay_treatment"}, {"index": 0, "trace_id": "52dcb1936eb71a2202b93248701e5985", "span_id": "81d70dc3ae6f2ef9", "operation": "orders receive", "start_time": 1737548760865897, "end_time": 1737548760921279, "duration": 55382, "service_name": "accountingservice", "span_kind": "consumer", "req_status_code": "N/A", "ref_type": "FOLLOWS_FROM", "ref_type_span_ID": "e9e733f2615c4117", "ref_type_trace_ID": "c19cdbcecd0057928da4239c5e06484a", "kubernetes_prometheus_rules": "kubernetes_prometheus_rules", "add_security_context": "add_security_context", "delay_treatment": "delay_treatment"}, {"index": 0, "trace_id": "ddc97e06f9689f07965020d0dceb597f", "span_id": "649a1ba3aa892541", "operation": "orders receive", "start_time": 1737548752209297, "end_time": 1737548752216661, "duration": 7364, "service_name": "accountingservice", "span_kind": "consumer", "req_status_code": "N/A", "ref_type": "FOLLOWS_FROM", "ref_type_span_ID": "d904f6bf59816edd", "ref_type_trace_ID": "b8753b8428a828e369311f51bc21821b", "kubernetes_prometheus_rules": "kubernetes_prometheus_rules", "add_security_context": "add_security_context", "delay_treatment": "delay_treatment"}, {"index": 0, "trace_id": "c1b92db2ed77777d9900d464f7b4d43d", "span_id": "42b5726def21ef97", "operation": "orders receive", "start_time": 1737548687522032, "end_time": 1737548687548244, "duration": 26212, "service_name": "accountingservice", "span_kind": "consumer", "req_status_code": "N/A", "ref_type": "FOLLOWS_FROM", "ref_type_span_ID": "29a0c98c27328e42", "ref_type_trace_ID": "e5287bb1d09d8dab00181eac1895669c", "kubernetes_prometheus_rules": "kubernetes_prometheus_rules", "add_security_context": "add_security_context", "delay_treatment": "delay_treatment"}, {"index": 0, "trace_id": "216c5c75cfa4e6d565a44abbeba51411", "span_id": "0169eb89376dfc92", "operation": "orders receive", "start_time": 1737548716242819, "end_time": 1737548716313581, "duration": 70762, "service_name": "accountingservice", "span_kind": "consumer", "req_status_code": "N/A", "ref_type": "FOLLOWS_FROM", "ref_type_span_ID": "15a3358f7ef4aa46", "ref_type_trace_ID": "e617d406d41ab087bcca91184126ba3c", "kubernetes_prometheus_rules": "kubernetes_prometheus_rules", "add_security_context": "add_security_context", "delay_treatment": "delay_treatment"}, {"index": 0, "trace_id": "3df38c9caf756416b6863a3634e34c1f", "span_id": "fda7e6fd430f7ce0", "operation": "orders receive", "start_time": 1737548656850157, "end_time": 1737548656854346, "duration": 4189, "service_name": "accountingservice", "span_kind": "consumer", "req_status_code": "N/A", "ref_type": "FOLLOWS_FROM", "ref_type_span_ID": "b3b33ec68e62c1b7", "ref_type_trace_ID": "1ee4742b8fb618011d5988078c979322", "kubernetes_prometheus_rules": "kubernetes_prometheus_rules", "add_security_context": "add_security_context", "delay_treatment": "delay_treatment"}, {"index": 0, "trace_id": "35ce38fae4628c76242b5d5a3abfbac8", "span_id": "6240beddb937e016", "operation": "orders receive", "start_time": 1737548737945068, "end_time": 1737548737953637, "duration": 8569, "service_name": "accountingservice", "span_kind": "consumer", "req_status_code": "N/A", "ref_type": "FOLLOWS_FROM", "ref_type_span_ID": "1f813b5f9f1b1524", "ref_type_trace_ID": "8d78c44804d8aa2e921373feb4245972", "kubernetes_prometheus_rules": "kubernetes_prometheus_rules", "add_security_context": "add_security_context", "delay_treatment": "delay_treatment"}, {"index": 0, "trace_id": "fee5a1cd35d57034f92a5f2f2e1e74b6", "span_id": "a49126d10c125624", "operation": "orders receive", "start_time": 1737548810829497, "end_time": 1737548810910019, "duration": 80522, "service_name": "accountingservice", "span_kind": "consumer", "req_status_code": "N/A", "ref_type": "FOLLOWS_FROM", "ref_type_span_ID": "058b7fc3956bdd5e", "ref_type_trace_ID": "8ba9d117101dbe773cbbcb93bbb22dd3", "kubernetes_prometheus_rules": "kubernetes_prometheus_rules", "add_security_context": "add_security_context", "delay_treatment": "delay_treatment"}, {"index": 0, "trace_id": "fbb1971fc54d43687e9b211f92b71d79", "span_id": "6f1213e96365dfc8", "operation": "orders receive", "start_time": 1737548795278944, "end_time": 1737548795317666, "duration": 38722, "service_name": "accountingservice", "span_kind": "consumer", "req_status_code": "N/A", "ref_type": "FOLLOWS_FROM", "ref_type_span_ID": "19151f4405455095", "ref_type_trace_ID": "e75dcc9228c952f1f68564f9ca686278", "kubernetes_prometheus_rules": "kubernetes_prometheus_rules", "add_security_context": "add_security_context", "delay_treatment": "delay_treatment"}, {"index": 0, "trace_id": "49c301a2dc9b83e207d20a3a2bbfc784", "span_id": "70999ff3cacd1f2b", "operation": "orders receive", "start_time": 1737548829418424, "end_time": 1737548829427585, "duration": 9161, "service_name": "accountingservice", "span_kind": "consumer", "req_status_code": "N/A", "ref_type": "FOLLOWS_FROM", "ref_type_span_ID": "ce98007881721499", "ref_type_trace_ID": "3b1ca89e36272368d7740fa98d98747a", "kubernetes_prometheus_rules": "NoTreatment", "add_security_context": "NoTreatment", "delay_treatment": "NoTreatment"}, {"index": 0, "trace_id": "8ae04318a4d6ae1e103f85656d8292b0", "span_id": "efc1dde6661b43bf", "operation": "orders receive", "start_time": 1737548686147238, "end_time": 1737548686166354, "duration": 19116, "service_name": "accountingservice", "span_kind": "consumer", "req_status_code": "N/A", "ref_type": "FOLLOWS_FROM", "ref_type_span_ID": "c8f7bc0a46cdb1cb", "ref_type_trace_ID": "5a5363c8bb05b78c47c1c5aea32f63f9", "kubernetes_prometheus_rules": "kubernetes_prometheus_rules", "add_security_context": "add_security_context", "delay_treatment": "delay_treatment"}, {"index": 0, "trace_id": "5c78f50ec4d09f9bca1dcbeac9931b72", "span_id": "48ee9767adb2b9a0", "operation": "orders receive", "start_time": 1737548829384542, "end_time": 1737548829418208, "duration": 33666, "service_name": "accountingservice", "span_kind": "consumer", "req_status_code": "N/A", "ref_type": "FOLLOWS_FROM", "ref_type_span_ID": "f69da78a1e7af8b5", "ref_type_trace_ID": "84affae36d48c429c0a6cfc60012b029", "kubernetes_prometheus_rules": "NoTreatment", "add_security_context": "NoTreatment", "delay_treatment": "NoTreatment"}, {"index": 0, "trace_id": "663303be505e6459b3293a0707f43332", "span_id": "23d039e6341d0c7b", "operation": "orders receive", "start_time": 1737548789407089, "end_time": 1737548789436865, "duration": 29776, "service_name": "accountingservice", "span_kind": "consumer", "req_status_code": "N/A", "ref_type": "FOLLOWS_FROM", "ref_type_span_ID": "0cdf246c3cdd46e8", "ref_type_trace_ID": "d8735e86b0188fae7528f9b46cc86d29", "kubernetes_prometheus_rules": "kubernetes_prometheus_rules", "add_security_context": "add_security_context", "delay_treatment": "delay_treatment"}, {"index": 0, "trace_id": "a48db0ce49bc2797cdec145f74e902dc", "span_id": "3c10ef11ceaf15cd", "operation": "orders receive", "start_time": 1737548710347527, "end_time": 1737548710373785, "duration": 26258, "service_name": "accountingservice", "span_kind": "consumer", "req_status_code": "N/A", "ref_type": "FOLLOWS_FROM", "ref_type_span_ID": "aedfcd5d9dcd8c8a", "ref_type_trace_ID": "96bc72cf8e63879796c38a0147dc7710", "kubernetes_prometheus_rules": "kubernetes_prometheus_rules", "add_security_context": "add_security_context", "delay_treatment": "delay_treatment"}, {"index": 0, "trace_id": "63814854c03c55da214e0b7caa85efc5", "span_id": "2c3e2c9e27054453", "operation": "orders receive", "start_time": 1737548829911838, "end_time": 1737548829923100, "duration": 11262, "service_name": "accountingservice", "span_kind": "consumer", "req_status_code": "N/A", "ref_type": "FOLLOWS_FROM", "ref_type_span_ID": "d2e9501e66f312ff", "ref_type_trace_ID": "85995f0aaf6672ba22b9bc27acdc617b", "kubernetes_prometheus_rules": "NoTreatment", "add_security_context": "NoTreatment", "delay_treatment": "NoTreatment"}, {"index": 0, "trace_id": "6c0077b02d0c31572a681a40baee3b5c", "span_id": "bb4aa30e96c6b78e", "operation": "orders receive", "start_time": 1737548748797521, "end_time": 1737548748877994, "duration": 80473, "service_name": "accountingservice", "span_kind": "consumer", "req_status_code": "N/A", "ref_type": "FOLLOWS_FROM", "ref_type_span_ID": "b4d0bb852b795137", "ref_type_trace_ID": "31d392d2605910fc6c0bec4d74c4eebf", "kubernetes_prometheus_rules": "kubernetes_prometheus_rules", "add_security_context": "add_security_context", "delay_treatment": "delay_treatment"}, {"index": 0, "trace_id": "da3301ac54d5bc1fc895b666d6d732bc", "span_id": "69231ca17ad112d9", "operation": "orders receive", "start_time": 1737548762058438, "end_time": 1737548762060211, "duration": 1773, "service_name": "accountingservice", "span_kind": "consumer", "req_status_code": "N/A", "ref_type": "FOLLOWS_FROM", "ref_type_span_ID": "0550da63c23889d7", "ref_type_trace_ID": "e0a68beefbeba2b286b9252c7c516f68", "kubernetes_prometheus_rules": "kubernetes_prometheus_rules", "add_security_context": "add_security_context", "delay_treatment": "delay_treatment"}, {"index": 0, "trace_id": "0be04a687fc55655c30abaf87f52fc76", "span_id": "a4902ef0e316f778", "operation": "orders receive", "start_time": 1737548660870435, "end_time": 1737548660891301, "duration": 20866, "service_name": "accountingservice", "span_kind": "consumer", "req_status_code": "N/A", "ref_type": "FOLLOWS_FROM", "ref_type_span_ID": "363ad8d12792aee9", "ref_type_trace_ID": "47ad045cc75bb2227854949dfea4fe41", "kubernetes_prometheus_rules": "kubernetes_prometheus_rules", "add_security_context": "add_security_context", "delay_treatment": "delay_treatment"}, {"index": 0, "trace_id": "009d54c2bc52b10ba58abc4c98506e1e", "span_id": "6d11190f5bbdcc7c", "operation": "orders receive", "start_time": 1737548762554964, "end_time": 1737548762601377, "duration": 46413, "service_name": "accountingservice", "span_kind": "consumer", "req_status_code": "N/A", "ref_type": "FOLLOWS_FROM", "ref_type_span_ID": "e75772e26bd60dac", "ref_type_trace_ID": "9ca0c5d1dc6b91dbc656be24d6f6a6b0", "kubernetes_prometheus_rules": "kubernetes_prometheus_rules", "add_security_context": "add_security_context", "delay_treatment": "delay_treatment"}, {"index": 0, "trace_id": "eefe08348e83a979aabaac3452010a08", "span_id": "25a7d79a5fa2272a", "operation": "orders receive", "start_time": 1737548770926692, "end_time": 1737548770938678, "duration": 11986, "service_name": "accountingservice", "span_kind": "consumer", "req_status_code": "N/A", "ref_type": "FOLLOWS_FROM", "ref_type_span_ID": "448e691e57dc50eb", "ref_type_trace_ID": "e8edcdd214afa46e71e2a6f258270f2b", "kubernetes_prometheus_rules": "kubernetes_prometheus_rules", "add_security_context": "add_security_context", "delay_treatment": "delay_treatment"}, {"index": 0, "trace_id": "9d5636fd08696879074b7e8210c8657f", "span_id": "7bcc78c68e300775", "operation": "orders receive", "start_time": 1737548806343959, "end_time": 1737548806394425, "duration": 50466, "service_name": "accountingservice", "span_kind": "consumer", "req_status_code": "N/A", "ref_type": "FOLLOWS_FROM", "ref_type_span_ID": "4160f057e3eda728", "ref_type_trace_ID": "c361bdbdbd46a1552f12c56ded2a854f", "kubernetes_prometheus_rules": "kubernetes_prometheus_rules", "add_security_context": "add_security_context", "delay_treatment": "delay_treatment"}, {"index": 0, "trace_id": "c36f4c065bd21c0c00615e47474b033b", "span_id": "5bc955f11d29e8e2", "operation": "orders receive", "start_time": 1737548803349260, "end_time": 1737548803349276, "duration": 16, "service_name": "accountingservice", "span_kind": "consumer", "req_status_code": "N/A", "ref_type": "FOLLOWS_FROM", "ref_type_span_ID": "1e07679b5c7779f9", "ref_type_trace_ID": "4461a61634499c6fd4f84d9405d71265", "kubernetes_prometheus_rules": "kubernetes_prometheus_rules", "add_security_context": "add_security_context", "delay_treatment": "delay_treatment"}, {"index": 0, "trace_id": "6179ae84936b95581c0521e9281b220a", "span_id": "58b5f490e3f77ccb", "operation": "orders receive", "start_time": 1737548760549500, "end_time": 1737548760565207, "duration": 15707, "service_name": "accountingservice", "span_kind": "consumer", "req_status_code": "N/A", "ref_type": "FOLLOWS_FROM", "ref_type_span_ID": "5fe800ee3240a800", "ref_type_trace_ID": "5dfb2e40a631b14949b3b6d6d09b7403", "kubernetes_prometheus_rules": "kubernetes_prometheus_rules", "add_security_context": "add_security_context", "delay_treatment": "delay_treatment"}, {"index": 0, "trace_id": "c3f28cd6d0e54ed1508fec190ca710e3", "span_id": "1ddf072b0bf9b78c", "operation": "orders receive", "start_time": 1737548797852272, "end_time": 1737548797878189, "duration": 25917, "service_name": "accountingservice", "span_kind": "consumer", "req_status_code": "N/A", "ref_type": "FOLLOWS_FROM", "ref_type_span_ID": "23944f97bc4b045c", "ref_type_trace_ID": "3da2c1a0605b6fba9b63d282bc9e4af6", "kubernetes_prometheus_rules": "kubernetes_prometheus_rules", "add_security_context": "add_security_context", "delay_treatment": "delay_treatment"}, {"index": 0, "trace_id": "b82e7138f753d04186ffb9a93d2f0e8c", "span_id": "07da5826d15cd63a", "operation": "orders receive", "start_time": 1737548739817264, "end_time": 1737548739886081, "duration": 68817, "service_name": "accountingservice", "span_kind": "consumer", "req_status_code": "N/A", "ref_type": "FOLLOWS_FROM", "ref_type_span_ID": "2ba12aaba2cdedba", "ref_type_trace_ID": "a98003b2b23b0f2216348484cc488708", "kubernetes_prometheus_rules": "kubernetes_prometheus_rules", "add_security_context": "add_security_context", "delay_treatment": "delay_treatment"}, {"index": 0, "trace_id": "073566996b93fb77f9ace1aabe105d09", "span_id": "9bc53e55ecedeca5", "operation": "orders receive", "start_time": 1737548828750316, "end_time": 1737548828833342, "duration": 83026, "service_name": "accountingservice", "span_kind": "consumer", "req_status_code": "N/A", "ref_type": "FOLLOWS_FROM", "ref_type_span_ID": "b2b1383b1d6b173e", "ref_type_trace_ID": "93509b03a95ad3374e3da91bfd44e354", "kubernetes_prometheus_rules": "NoTreatment", "add_security_context": "NoTreatment", "delay_treatment": "NoTreatment"}, {"index": 0, "trace_id": "b9d7aecc8569bee31744dac3941ebdb7", "span_id": "146e125bc1f93b1e", "operation": "orders receive", "start_time": 1737548686567416, "end_time": 1737548686575437, "duration": 8021, "service_name": "accountingservice", "span_kind": "consumer", "req_status_code": "N/A", "ref_type": "FOLLOWS_FROM", "ref_type_span_ID": "f9687e751ca0032a", "ref_type_trace_ID": "1d61bb2cb4ad858060f466dbed15b3c4", "kubernetes_prometheus_rules": "kubernetes_prometheus_rules", "add_security_context": "add_security_context", "delay_treatment": "delay_treatment"}, {"index": 0, "trace_id": "95f04f415e8e8368c336c1e4e24bfa9d", "span_id": "e499fd2b7304e3ff", "operation": "orders receive", "start_time": 1737548803683706, "end_time": 1737548803730114, "duration": 46408, "service_name": "accountingservice", "span_kind": "consumer", "req_status_code": "N/A", "ref_type": "FOLLOWS_FROM", "ref_type_span_ID": "0aaa73ce65f77383", "ref_type_trace_ID": "73fff4ad1d8c4901ebdce95581b7a996", "kubernetes_prometheus_rules": "kubernetes_prometheus_rules", "add_security_context": "add_security_context", "delay_treatment": "delay_treatment"}, {"index": 0, "trace_id": "8a07c1eca75ee1c38f353de9b326545a", "span_id": "4bdf46491ba9a0c4", "operation": "orders receive", "start_time": 1737548744542773, "end_time": 1737548744638833, "duration": 96060, "service_name": "accountingservice", "span_kind": "consumer", "req_status_code": "N/A", "ref_type": "FOLLOWS_FROM", "ref_type_span_ID": "df84b070c9d5c9a6", "ref_type_trace_ID": "37517d621671b362da13586caf32bd7b", "kubernetes_prometheus_rules": "kubernetes_prometheus_rules", "add_security_context": "add_security_context", "delay_treatment": "delay_treatment"}, {"index": 0, "trace_id": "bc0cc2b409f6fc00acf890e1cdcb6e96", "span_id": "0fe7ff605a4f3c31", "operation": "orders receive", "start_time": 1737548737247258, "end_time": 1737548737325398, "duration": 78140, "service_name": "accountingservice", "span_kind": "consumer", "req_status_code": "N/A", "ref_type": "FOLLOWS_FROM", "ref_type_span_ID": "4101b326d9cdd101", "ref_type_trace_ID": "5be896f23dabeb9f7eb9c2f0474d94fb", "kubernetes_prometheus_rules": "kubernetes_prometheus_rules", "add_security_context": "add_security_context", "delay_treatment": "delay_treatment"}, {"index": 0, "trace_id": "b6f562ff73913d217584e5bfa7979e38", "span_id": "581fccea1fe20107", "operation": "orders receive", "start_time": 1737548754624539, "end_time": 1737548754641360, "duration": 16821, "service_name": "accountingservice", "span_kind": "consumer", "req_status_code": "N/A", "ref_type": "FOLLOWS_FROM", "ref_type_span_ID": "9642cc0be40324cc", "ref_type_trace_ID": "9cc979cdb6645dd69febe45b0e525679", "kubernetes_prometheus_rules": "kubernetes_prometheus_rules", "add_security_context": "add_security_context", "delay_treatment": "delay_treatment"}, {"index": 0, "trace_id": "54016b26b9ee59df0a5cf89f6ff87c2b", "span_id": "b3233225f7c47f5a", "operation": "orders receive", "start_time": 1737548726722555, "end_time": 1737548726736640, "duration": 14085, "service_name": "accountingservice", "span_kind": "consumer", "req_status_code": "N/A", "ref_type": "FOLLOWS_FROM", "ref_type_span_ID": "15c30338a3aaf7a7", "ref_type_trace_ID": "7b786124793b43a93aa9041c88cfd2fd", "kubernetes_prometheus_rules": "kubernetes_prometheus_rules", "add_security_context": "add_security_context", "delay_treatment": "delay_treatment"}, {"index": 0, "trace_id": "90ba3dad17c2fce96caebf1e9452a548", "span_id": "ad4eaa3c53d20c9a", "operation": "orders receive", "start_time": 1737548832691552, "end_time": 1737548832720496, "duration": 28944, "service_name": "accountingservice", "span_kind": "consumer", "req_status_code": "N/A", "ref_type": "FOLLOWS_FROM", "ref_type_span_ID": "0fd3cbcd7c5b032f", "ref_type_trace_ID": "9b9f8a0a8affcb9be34e3760437d1815", "kubernetes_prometheus_rules": "NoTreatment", "add_security_context": "NoTreatment", "delay_treatment": "NoTreatment"}, {"index": 0, "trace_id": "ea288b7e7d58d07fda0c4691cb571deb", "span_id": "c41e0486d3fef0f3", "operation": "orders receive", "start_time": 1737548735766479, "end_time": 1737548735814208, "duration": 47729, "service_name": "accountingservice", "span_kind": "consumer", "req_status_code": "N/A", "ref_type": "FOLLOWS_FROM", "ref_type_span_ID": "87354c127d2ebb94", "ref_type_trace_ID": "0a624d944a1f57a319eb3ad8097ee48b", "kubernetes_prometheus_rules": "kubernetes_prometheus_rules", "add_security_context": "add_security_context", "delay_treatment": "delay_treatment"}, {"index": 0, "trace_id": "01ccbb42eca98f6e1aa6e641f852313a", "span_id": "30b5abdf52c4dab8", "operation": "orders receive", "start_time": 1737548694294340, "end_time": 1737548694390414, "duration": 96074, "service_name": "accountingservice", "span_kind": "consumer", "req_status_code": "N/A", "ref_type": "FOLLOWS_FROM", "ref_type_span_ID": "dabdfec3656b82db", "ref_type_trace_ID": "ea95f4f8d883558926ee44354c2f9433", "kubernetes_prometheus_rules": "kubernetes_prometheus_rules", "add_security_context": "add_security_context", "delay_treatment": "delay_treatment"}, {"index": 0, "trace_id": "4592fecee9395d2e457e5d3cf426c5be", "span_id": "9aa0df588c25e00a", "operation": "orders receive", "start_time": 1737548715119093, "end_time": 1737548715133744, "duration": 14651, "service_name": "accountingservice", "span_kind": "consumer", "req_status_code": "N/A", "ref_type": "FOLLOWS_FROM", "ref_type_span_ID": "a8655a3e6acc37d8", "ref_type_trace_ID": "21f00065895c9e57088400ca5cd5b7e3", "kubernetes_prometheus_rules": "kubernetes_prometheus_rules", "add_security_context": "add_security_context", "delay_treatment": "delay_treatment"}, {"index": 0, "trace_id": "9bcdcea4ba672e3b9f93c546759d7e58", "span_id": "74b4c89518170bfe", "operation": "orders receive", "start_time": 1737548718444910, "end_time": 1737548718450109, "duration": 5199, "service_name": "accountingservice", "span_kind": "consumer", "req_status_code": "N/A", "ref_type": "FOLLOWS_FROM", "ref_type_span_ID": "6a319b8c9cf3299e", "ref_type_trace_ID": "81c88236cd345c2f81f8e177b39735f9", "kubernetes_prometheus_rules": "kubernetes_prometheus_rules", "add_security_context": "add_security_context", "delay_treatment": "delay_treatment"}, {"index": 0, "trace_id": "1715c8bc5d893d573eaff85e066f56fa", "span_id": "0bd6c6420bd0b438", "operation": "orders receive", "start_time": 1737548692747060, "end_time": 1737548692773444, "duration": 26384, "service_name": "accountingservice", "span_kind": "consumer", "req_status_code": "N/A", "ref_type": "FOLLOWS_FROM", "ref_type_span_ID": "64e8b7627aa3bcea", "ref_type_trace_ID": "6cac349873e3548060f2d40848ad04ea", "kubernetes_prometheus_rules": "kubernetes_prometheus_rules", "add_security_context": "add_security_context", "delay_treatment": "delay_treatment"}, {"index": 0, "trace_id": "3033e568c7734da9573442b6658d9110", "span_id": "091d45f77ec28b8b", "operation": "orders receive", "start_time": 1737548723700602, "end_time": 1737548723704128, "duration": 3526, "service_name": "accountingservice", "span_kind": "consumer", "req_status_code": "N/A", "ref_type": "FOLLOWS_FROM", "ref_type_span_ID": "a2dd30901c7f11f6", "ref_type_trace_ID": "dae1e3cd7a94e32e2ce53589854d547c", "kubernetes_prometheus_rules": "kubernetes_prometheus_rules", "add_security_context": "add_security_context", "delay_treatment": "delay_treatment"}, {"index": 0, "trace_id": "7da55f52396804b21bf26c31cea19654", "span_id": "928f4db0578e80d4", "operation": "orders receive", "start_time": 1737548702717971, "end_time": 1737548702726036, "duration": 8065, "service_name": "accountingservice", "span_kind": "consumer", "req_status_code": "N/A", "ref_type": "FOLLOWS_FROM", "ref_type_span_ID": "329510b27f94499d", "ref_type_trace_ID": "31e16cc0fb8c5ca3ddf98bad48a206be", "kubernetes_prometheus_rules": "kubernetes_prometheus_rules", "add_security_context": "add_security_context", "delay_treatment": "delay_treatment"}, {"index": 0, "trace_id": "b942f24f0a4f299505df10c289c3bc30", "span_id": "9440912cc517cddf", "operation": "orders receive", "start_time": 1737548807997120, "end_time": 1737548808010197, "duration": 13077, "service_name": "accountingservice", "span_kind": "consumer", "req_status_code": "N/A", "ref_type": "FOLLOWS_FROM", "ref_type_span_ID": "0e6f7ae9746773b7", "ref_type_trace_ID": "d7ea5b63e4b0c78218b5f4828cf789a6", "kubernetes_prometheus_rules": "kubernetes_prometheus_rules", "add_security_context": "add_security_context", "delay_treatment": "delay_treatment"}, {"index": 0, "trace_id": "b7124fe30e66880832681687b07f2cae", "span_id": "3d1f8ff11f3e468e", "operation": "orders receive", "start_time": 1737548804114267, "end_time": 1737548804131344, "duration": 17077, "service_name": "accountingservice", "span_kind": "consumer", "req_status_code": "N/A", "ref_type": "FOLLOWS_FROM", "ref_type_span_ID": "54fc970a9c97219f", "ref_type_trace_ID": "5990d6f0adf79406929e1a8d7811163c", "kubernetes_prometheus_rules": "kubernetes_prometheus_rules", "add_security_context": "add_security_context", "delay_treatment": "delay_treatment"}, {"index": 0, "trace_id": "dbc7e0d82008a9b247df76064dcfbdb5", "span_id": "dda0dd0001ae0f88", "operation": "orders receive", "start_time": 1737548817968457, "end_time": 1737548817970489, "duration": 2032, "service_name": "accountingservice", "span_kind": "consumer", "req_status_code": "N/A", "ref_type": "FOLLOWS_FROM", "ref_type_span_ID": "bdf3d1fb08e2911c", "ref_type_trace_ID": "f0e268b63c7b5ee4e08b009c737b1cf5", "kubernetes_prometheus_rules": "kubernetes_prometheus_rules", "add_security_context": "add_security_context", "delay_treatment": "delay_treatment"}, {"index": 0, "trace_id": "f69e750de3e2e701c3cc8c5d8d96af1a", "span_id": "f56c30fb77939a03", "operation": "orders receive", "start_time": 1737548806394624, "end_time": 1737548806478060, "duration": 83436, "service_name": "accountingservice", "span_kind": "consumer", "req_status_code": "N/A", "ref_type": "FOLLOWS_FROM", "ref_type_span_ID": "8ac3c538f77322df", "ref_type_trace_ID": "fba4b1c7cd1dbea3edf1fdef054a03e8", "kubernetes_prometheus_rules": "kubernetes_prometheus_rules", "add_security_context": "add_security_context", "delay_treatment": "delay_treatment"}, {"index": 0, "trace_id": "3c3cb808115ba97f8697b85045304219", "span_id": "67a7cf6ccd61c5a9", "operation": "orders receive", "start_time": 1737548690886603, "end_time": 1737548690981947, "duration": 95344, "service_name": "accountingservice", "span_kind": "consumer", "req_status_code": "N/A", "ref_type": "FOLLOWS_FROM", "ref_type_span_ID": "2785305a8963c1f1", "ref_type_trace_ID": "c80a48f079d72a1c4ca2958975fbf2ae", "kubernetes_prometheus_rules": "kubernetes_prometheus_rules", "add_security_context": "add_security_context", "delay_treatment": "delay_treatment"}, {"index": 0, "trace_id": "7af41d128c6edb3f89c091dd8a29c4fd", "span_id": "5bc002675ecbd923", "operation": "orders receive", "start_time": 1737548720164197, "end_time": 1737548720184545, "duration": 20348, "service_name": "accountingservice", "span_kind": "consumer", "req_status_code": "N/A", "ref_type": "FOLLOWS_FROM", "ref_type_span_ID": "943010c5a1d759a3", "ref_type_trace_ID": "9ebf196693c0dc280e6814d7b1c63a7f", "kubernetes_prometheus_rules": "kubernetes_prometheus_rules", "add_security_context": "add_security_context", "delay_treatment": "delay_treatment"}, {"index": 0, "trace_id": "2ce941240e27655013e66a5d6db30b55", "span_id": "8c94629f65be8b19", "operation": "orders receive", "start_time": 1737548792216533, "end_time": 1737548792224251, "duration": 7718, "service_name": "accountingservice", "span_kind": "consumer", "req_status_code": "N/A", "ref_type": "FOLLOWS_FROM", "ref_type_span_ID": "fd78d7c0581c5c65", "ref_type_trace_ID": "d58c0fdb621ace9d5e3b4bead781316c", "kubernetes_prometheus_rules": "kubernetes_prometheus_rules", "add_security_context": "add_security_context", "delay_treatment": "delay_treatment"}, {"index": 0, "trace_id": "153f9de5fab159c743af484575132af8", "span_id": "5b0cbaf89466c891", "operation": "orders receive", "start_time": 1737548720445061, "end_time": 1737548720480448, "duration": 35387, "service_name": "accountingservice", "span_kind": "consumer", "req_status_code": "N/A", "ref_type": "FOLLOWS_FROM", "ref_type_span_ID": "25a25a1efed4e9e2", "ref_type_trace_ID": "a3c9980a7d22e3c1e775d8d6f102f90c", "kubernetes_prometheus_rules": "kubernetes_prometheus_rules", "add_security_context": "add_security_context", "delay_treatment": "delay_treatment"}]