[{"pod": "astronomy-shop-recommendationservice-7b9564b48f-s8x9k", "timestamp": 1737549397.919, "sum(rate(container_cpu_usage_seconds_total{namespace=\"system-under-evaluation\", pod=~\"astronomy-shop-recommendationservice.*\"}[90s])) by (pod)": 0.17343726305621784, "recommendation_deployment_CPU": 0.17343726305621784, "kubernetes_prometheus_rules": "kubernetes_prometheus_rules", "add_security_context": "NoTreatment", "delay_treatment": "NoTreatment"}, {"pod": "astronomy-shop-recommendationservice-7b9564b48f-s8x9k", "timestamp": 1737549398.919, "sum(rate(container_cpu_usage_seconds_total{namespace=\"system-under-evaluation\", pod=~\"astronomy-shop-recommendationservice.*\"}[90s])) by (pod)": 0.17343726305621784, "recommendation_deployment_CPU": 0.17343726305621784, "kubernetes_prometheus_rules": "kubernetes_prometheus_rules", "add_security_context": "NoTreatment", "delay_treatment": "NoTreatment"}, {"pod": "astronomy-shop-recommendationservice-7b9564b48f-s8x9k", "timestamp": 1737549399.919, "sum(rate(container_cpu_usage_seconds_total{namespace=\"system-under-evaluation\", pod=~\"astronomy-shop-recommendationservice.*\"}[90s])) by (pod)": 0.14381429011213678, "recommendation_deployment_CPU": 0.14381429011213678, "kubernetes_prometheus_rules": "kubernetes_prometheus_rules", "add_security_context": "NoTreatment", "delay_treatment": "NoTreatment"}, {"pod": "astronomy-shop-recommendationservice-7b9564b48f-s8x9k", "timestamp": 1737549400.919, "sum(rate(container_cpu_usage_seconds_total{namespace=\"system-under-evaluation\", pod=~\"astronomy-shop-recommendationservice.*\"}[90s])) by (pod)": 0.13813118319453394, "recommendation_deployment_CPU": 0.13813118319453394, "kubernetes_prometheus_rules": "kubernetes_prometheus_rules", "add_security_context": "NoTreatment", "delay_treatment": "NoTreatment"}, {"pod": "astronomy-shop-recommendationservice-7b9564b48f-s8x9k", "timestamp": 1737549401.919, "sum(rate(container_cpu_usage_seconds_total{namespace=\"system-under-evaluation\", pod=~\"astronomy-shop-recommendationservice.*\"}[90s])) by (pod)": 0.13813118319453394, "recommendation_deployment_CPU": 0.13813118319453394, "kubernetes_prometheus_rules": "kubernetes_prometheus_rules", "add_security_context": "NoTreatment", "delay_treatment": "NoTreatment"}, {"pod": "astronomy-shop-recommendationservice-7b9564b48f-s8x9k", "timestamp": 1737549402.919, "sum(rate(container_cpu_usage_seconds_total{namespace=\"system-under-evaluation\", pod=~\"astronomy-shop-recommendationservice.*\"}[90s])) by (pod)": 0.13813118319453394, "recommendation_deployment_CPU": 0.13813118319453394, "kubernetes_prometheus_rules": "kubernetes_prometheus_rules", "add_security_context": "NoTreatment", "delay_treatment": "NoTreatment"}, {"pod": "astronomy-shop-recommendationservice-7b9564b48f-s8x9k", "timestamp": 1737549403.919, "sum(rate(container_cpu_usage_seconds_total{namespace=\"system-under-evaluation\", pod=~\"astronomy-shop-recommendationservice.*\"}[90s])) by (pod)": 0.13813118319453394, "recommendation_deployment_CPU": 0.13813118319453394, "kubernetes_prometheus_rules": "kubernetes_prometheus_rules", "add_security_context": "NoTreatment", "delay_treatment": "NoTreatment"}, {"pod": "astronomy-shop-recommendationservice-7b9564b48f-s8x9k", "timestamp": 1737549404.919, "sum(rate(container_cpu_usage_seconds_total{namespace=\"system-under-evaluation\", pod=~\"astronomy-shop-recommendationservice.*\"}[90s])) by (pod)": 0.13813118319453394, "recommendation_deployment_CPU": 0.13813118319453394, "kubernetes_prometheus_rules": "kubernetes_prometheus_rules", "add_security_context": "NoTreatment", "delay_treatment": "NoTreatment"}, {"pod": "astronomy-shop-recommendationservice-7b9564b48f-s8x9k", "timestamp": 1737549405.919, "sum(rate(container_cpu_usage_seconds_total{namespace=\"system-under-evaluation\", pod=~\"astronomy-shop-recommendationservice.*\"}[90s])) by (pod)": 0.13813118319453394, "recommendation_deployment_CPU": 0.13813118319453394, "kubernetes_prometheus_rules": "kubernetes_prometheus_rules", "add_security_context": "NoTreatment", "delay_treatment": "NoTreatment"}, {"pod": "astronomy-shop-recommendationservice-7b9564b48f-s8x9k", "timestamp": 1737549406.919, "sum(rate(container_cpu_usage_seconds_total{namespace=\"system-under-evaluation\", pod=~\"astronomy-shop-recommendationservice.*\"}[90s])) by (pod)": 0.12444142510731633, "recommendation_deployment_CPU": 0.12444142510731633, "kubernetes_prometheus_rules": "kubernetes_prometheus_rules", "add_security_context": "NoTreatment", "delay_treatment": "NoTreatment"}, {"pod": "astronomy-shop-recommendationservice-7b9564b48f-s8x9k", "timestamp": 1737549407.919, "sum(rate(container_cpu_usage_seconds_total{namespace=\"system-under-evaluation\", pod=~\"astronomy-shop-recommendationservice.*\"}[90s])) by (pod)": 0.12444142510731633, "recommendation_deployment_CPU": 0.12444142510731633, "kubernetes_prometheus_rules": "kubernetes_prometheus_rules", "add_security_context": "add_security_context", "delay_treatment": "NoTreatment"}, {"pod": "astronomy-shop-recommendationservice-7b9564b48f-s8x9k", "timestamp": 1737549408.919, "sum(rate(container_cpu_usage_seconds_total{namespace=\"system-under-evaluation\", pod=~\"astronomy-shop-recommendationservice.*\"}[90s])) by (pod)": 0.12444142510731633, "recommendation_deployment_CPU": 0.12444142510731633, "kubernetes_prometheus_rules": "kubernetes_prometheus_rules", "add_security_context": "add_security_context", "delay_treatment": "delay_treatment"}, {"pod": "astronomy-shop-recommendationservice-7b9564b48f-s8x9k", "timestamp": 1737549409.919, "sum(rate(container_cpu_usage_seconds_total{namespace=\"system-under-evaluation\", pod=~\"astronomy-shop-recommendationservice.*\"}[90s])) by (pod)": 0.12444142510731633, "recommendation_deployment_CPU": 0.12444142510731633, "kubernetes_prometheus_rules": "kubernetes_prometheus_rules", "add_security_context": "add_security_context", "delay_treatment": "delay_treatment"}, {"pod": "astronomy-shop-recommendationservice-7b9564b48f-s8x9k", "timestamp": 1737549410.919, "sum(rate(container_cpu_usage_seconds_total{namespace=\"system-under-evaluation\", pod=~\"astronomy-shop-recommendationservice.*\"}[90s])) by (pod)": 0.12444142510731633, "recommendation_deployment_CPU": 0.12444142510731633, "kubernetes_prometheus_rules": "kubernetes_prometheus_rules", "add_security_context": "add_security_context", "delay_treatment": "delay_treatment"}, {"pod": "astronomy-shop-recommendationservice-7b9564b48f-s8x9k", "timestamp": 1737549411.919, "sum(rate(container_cpu_usage_seconds_total{namespace=\"system-under-evaluation\", pod=~\"astronomy-shop-recommendationservice.*\"}[90s])) by (pod)": 0.09546105140707913, "recommendation_deployment_CPU": 0.09546105140707913, "kubernetes_prometheus_rules": "kubernetes_prometheus_rules", "add_security_context": "add_security_context", "delay_treatment": "delay_treatment"}, {"pod": "astronomy-shop-recommendationservice-7b9564b48f-s8x9k", "timestamp": 1737549412.919, "sum(rate(container_cpu_usage_seconds_total{namespace=\"system-under-evaluation\", pod=~\"astronomy-shop-recommendationservice.*\"}[90s])) by (pod)": 0.09546105140707913, "recommendation_deployment_CPU": 0.09546105140707913, "kubernetes_prometheus_rules": "kubernetes_prometheus_rules", "add_security_context": "add_security_context", "delay_treatment": "delay_treatment"}, {"pod": "astronomy-shop-recommendationservice-7b9564b48f-s8x9k", "timestamp": 1737549413.919, "sum(rate(container_cpu_usage_seconds_total{namespace=\"system-under-evaluation\", pod=~\"astronomy-shop-recommendationservice.*\"}[90s])) by (pod)": 0.09546105140707913, "recommendation_deployment_CPU": 0.09546105140707913, "kubernetes_prometheus_rules": "kubernetes_prometheus_rules", "add_security_context": "add_security_context", "delay_treatment": "delay_treatment"}, {"pod": "astronomy-shop-recommendationservice-7b9564b48f-s8x9k", "timestamp": 1737549414.919, "sum(rate(container_cpu_usage_seconds_total{namespace=\"system-under-evaluation\", pod=~\"astronomy-shop-recommendationservice.*\"}[90s])) by (pod)": 0.09546105140707913, "recommendation_deployment_CPU": 0.09546105140707913, "kubernetes_prometheus_rules": "kubernetes_prometheus_rules", "add_security_context": "add_security_context", "delay_treatment": "delay_treatment"}, {"pod": "astronomy-shop-recommendationservice-7b9564b48f-s8x9k", "timestamp": 1737549415.919, "sum(rate(container_cpu_usage_seconds_total{namespace=\"system-under-evaluation\", pod=~\"astronomy-shop-recommendationservice.*\"}[90s])) by (pod)": 0.09546105140707913, "recommendation_deployment_CPU": 0.09546105140707913, "kubernetes_prometheus_rules": "kubernetes_prometheus_rules", "add_security_context": "add_security_context", "delay_treatment": "delay_treatment"}, {"pod": "astronomy-shop-recommendationservice-7b9564b48f-s8x9k", "timestamp": 1737549416.919, "sum(rate(container_cpu_usage_seconds_total{namespace=\"system-under-evaluation\", pod=~\"astronomy-shop-recommendationservice.*\"}[90s])) by (pod)": 0.09546105140707913, "recommendation_deployment_CPU": 0.09546105140707913, "kubernetes_prometheus_rules": "kubernetes_prometheus_rules", "add_security_context": "add_security_context", "delay_treatment": "delay_treatment"}, {"pod": "astronomy-shop-recommendationservice-7b9564b48f-s8x9k", "timestamp": 1737549417.919, "sum(rate(container_cpu_usage_seconds_total{namespace=\"system-under-evaluation\", pod=~\"astronomy-shop-recommendationservice.*\"}[90s])) by (pod)": 0.09546105140707913, "recommendation_deployment_CPU": 0.09546105140707913, "kubernetes_prometheus_rules": "kubernetes_prometheus_rules", "add_security_context": "add_security_context", "delay_treatment": "delay_treatment"}, {"pod": "astronomy-shop-recommendationservice-7b9564b48f-s8x9k", "timestamp": 1737549418.919, "sum(rate(container_cpu_usage_seconds_total{namespace=\"system-under-evaluation\", pod=~\"astronomy-shop-recommendationservice.*\"}[90s])) by (pod)": 0.09546105140707913, "recommendation_deployment_CPU": 0.09546105140707913, "kubernetes_prometheus_rules": "kubernetes_prometheus_rules", "add_security_context": "add_security_context", "delay_treatment": "delay_treatment"}, {"pod": "astronomy-shop-recommendationservice-7b9564b48f-s8x9k", "timestamp": 1737549419.919, "sum(rate(container_cpu_usage_seconds_total{namespace=\"system-under-evaluation\", pod=~\"astronomy-shop-recommendationservice.*\"}[90s])) by (pod)": 0.09546105140707913, "recommendation_deployment_CPU": 0.09546105140707913, "kubernetes_prometheus_rules": "kubernetes_prometheus_rules", "add_security_context": "add_security_context", "delay_treatment": "delay_treatment"}, {"pod": "astronomy-shop-recommendationservice-7b9564b48f-s8x9k", "timestamp": 1737549420.919, "sum(rate(container_cpu_usage_seconds_total{namespace=\"system-under-evaluation\", pod=~\"astronomy-shop-recommendationservice.*\"}[90s])) by (pod)": 0.09546105140707913, "recommendation_deployment_CPU": 0.09546105140707913, "kubernetes_prometheus_rules": "kubernetes_prometheus_rules", "add_security_context": "add_security_context", "delay_treatment": "delay_treatment"}, {"pod": "astronomy-shop-recommendationservice-7b9564b48f-s8x9k", "timestamp": 1737549421.919, "sum(rate(container_cpu_usage_seconds_total{namespace=\"system-under-evaluation\", pod=~\"astronomy-shop-recommendationservice.*\"}[90s])) by (pod)": 0.09546105140707913, "recommendation_deployment_CPU": 0.09546105140707913, "kubernetes_prometheus_rules": "kubernetes_prometheus_rules", "add_security_context": "add_security_context", "delay_treatment": "delay_treatment"}, {"pod": "astronomy-shop-recommendationservice-7b9564b48f-s8x9k", "timestamp": 1737549422.919, "sum(rate(container_cpu_usage_seconds_total{namespace=\"system-under-evaluation\", pod=~\"astronomy-shop-recommendationservice.*\"}[90s])) by (pod)": 0.09546105140707913, "recommendation_deployment_CPU": 0.09546105140707913, "kubernetes_prometheus_rules": "kubernetes_prometheus_rules", "add_security_context": "add_security_context", "delay_treatment": "delay_treatment"}, {"pod": "astronomy-shop-recommendationservice-7b9564b48f-s8x9k", "timestamp": 1737549423.919, "sum(rate(container_cpu_usage_seconds_total{namespace=\"system-under-evaluation\", pod=~\"astronomy-shop-recommendationservice.*\"}[90s])) by (pod)": 0.09546105140707913, "recommendation_deployment_CPU": 0.09546105140707913, "kubernetes_prometheus_rules": "kubernetes_prometheus_rules", "add_security_context": "add_security_context", "delay_treatment": "delay_treatment"}, {"pod": "astronomy-shop-recommendationservice-7b9564b48f-s8x9k", "timestamp": 1737549424.919, "sum(rate(container_cpu_usage_seconds_total{namespace=\"system-under-evaluation\", pod=~\"astronomy-shop-recommendationservice.*\"}[90s])) by (pod)": 0.09546105140707913, "recommendation_deployment_CPU": 0.09546105140707913, "kubernetes_prometheus_rules": "kubernetes_prometheus_rules", "add_security_context": "add_security_context", "delay_treatment": "delay_treatment"}, {"pod": "astronomy-shop-recommendationservice-7b9564b48f-s8x9k", "timestamp": 1737549425.919, "sum(rate(container_cpu_usage_seconds_total{namespace=\"system-under-evaluation\", pod=~\"astronomy-shop-recommendationservice.*\"}[90s])) by (pod)": 0.09546105140707913, "recommendation_deployment_CPU": 0.09546105140707913, "kubernetes_prometheus_rules": "kubernetes_prometheus_rules", "add_security_context": "add_security_context", "delay_treatment": "delay_treatment"}, {"pod": "astronomy-shop-recommendationservice-7b9564b48f-s8x9k", "timestamp": 1737549426.919, "sum(rate(container_cpu_usage_seconds_total{namespace=\"system-under-evaluation\", pod=~\"astronomy-shop-recommendationservice.*\"}[90s])) by (pod)": 0.09546105140707911, "recommendation_deployment_CPU": 0.09546105140707911, "kubernetes_prometheus_rules": "kubernetes_prometheus_rules", "add_security_context": "add_security_context", "delay_treatment": "delay_treatment"}, {"pod": "astronomy-shop-recommendationservice-7b9564b48f-s8x9k", "timestamp": 1737549427.919, "sum(rate(container_cpu_usage_seconds_total{namespace=\"system-under-evaluation\", pod=~\"astronomy-shop-recommendationservice.*\"}[90s])) by (pod)": 0.09546105140707911, "recommendation_deployment_CPU": 0.09546105140707911, "kubernetes_prometheus_rules": "kubernetes_prometheus_rules", "add_security_context": "add_security_context", "delay_treatment": "delay_treatment"}, {"pod": "astronomy-shop-recommendationservice-7b9564b48f-s8x9k", "timestamp": 1737549428.919, "sum(rate(container_cpu_usage_seconds_total{namespace=\"system-under-evaluation\", pod=~\"astronomy-shop-recommendationservice.*\"}[90s])) by (pod)": 0.09546105140707911, "recommendation_deployment_CPU": 0.09546105140707911, "kubernetes_prometheus_rules": "kubernetes_prometheus_rules", "add_security_context": "add_security_context", "delay_treatment": "delay_treatment"}, {"pod": "astronomy-shop-recommendationservice-7b9564b48f-s8x9k", "timestamp": 1737549429.919, "sum(rate(container_cpu_usage_seconds_total{namespace=\"system-under-evaluation\", pod=~\"astronomy-shop-recommendationservice.*\"}[90s])) by (pod)": 0.09546105140707911, "recommendation_deployment_CPU": 0.09546105140707911, "kubernetes_prometheus_rules": "kubernetes_prometheus_rules", "add_security_context": "add_security_context", "delay_treatment": "delay_treatment"}, {"pod": "astronomy-shop-recommendationservice-7b9564b48f-s8x9k", "timestamp": 1737549430.919, "sum(rate(container_cpu_usage_seconds_total{namespace=\"system-under-evaluation\", pod=~\"astronomy-shop-recommendationservice.*\"}[90s])) by (pod)": 0.05318970454873978, "recommendation_deployment_CPU": 0.05318970454873978, "kubernetes_prometheus_rules": "kubernetes_prometheus_rules", "add_security_context": "add_security_context", "delay_treatment": "delay_treatment"}, {"pod": "astronomy-shop-recommendationservice-7b9564b48f-s8x9k", "timestamp": 1737549431.919, "sum(rate(container_cpu_usage_seconds_total{namespace=\"system-under-evaluation\", pod=~\"astronomy-shop-recommendationservice.*\"}[90s])) by (pod)": 0.05706078600189928, "recommendation_deployment_CPU": 0.05706078600189928, "kubernetes_prometheus_rules": "kubernetes_prometheus_rules", "add_security_context": "add_security_context", "delay_treatment": "delay_treatment"}, {"pod": "astronomy-shop-recommendationservice-7b9564b48f-s8x9k", "timestamp": 1737549432.919, "sum(rate(container_cpu_usage_seconds_total{namespace=\"system-under-evaluation\", pod=~\"astronomy-shop-recommendationservice.*\"}[90s])) by (pod)": 0.04301956052054613, "recommendation_deployment_CPU": 0.04301956052054613, "kubernetes_prometheus_rules": "kubernetes_prometheus_rules", "add_security_context": "add_security_context", "delay_treatment": "delay_treatment"}, {"pod": "astronomy-shop-recommendationservice-7b9564b48f-s8x9k", "timestamp": 1737549433.919, "sum(rate(container_cpu_usage_seconds_total{namespace=\"system-under-evaluation\", pod=~\"astronomy-shop-recommendationservice.*\"}[90s])) by (pod)": 0.04330306365552028, "recommendation_deployment_CPU": 0.04330306365552028, "kubernetes_prometheus_rules": "kubernetes_prometheus_rules", "add_security_context": "add_security_context", "delay_treatment": "delay_treatment"}, {"pod": "astronomy-shop-recommendationservice-7b9564b48f-s8x9k", "timestamp": 1737549434.919, "sum(rate(container_cpu_usage_seconds_total{namespace=\"system-under-evaluation\", pod=~\"astronomy-shop-recommendationservice.*\"}[90s])) by (pod)": 0.04358656679049443, "recommendation_deployment_CPU": 0.04358656679049443, "kubernetes_prometheus_rules": "kubernetes_prometheus_rules", "add_security_context": "add_security_context", "delay_treatment": "delay_treatment"}, {"pod": "astronomy-shop-recommendationservice-7b9564b48f-s8x9k", "timestamp": 1737549435.919, "sum(rate(container_cpu_usage_seconds_total{namespace=\"system-under-evaluation\", pod=~\"astronomy-shop-recommendationservice.*\"}[90s])) by (pod)": 0.043870069925468574, "recommendation_deployment_CPU": 0.043870069925468574, "kubernetes_prometheus_rules": "kubernetes_prometheus_rules", "add_security_context": "add_security_context", "delay_treatment": "delay_treatment"}, {"pod": "astronomy-shop-recommendationservice-7b9564b48f-s8x9k", "timestamp": 1737549436.919, "sum(rate(container_cpu_usage_seconds_total{namespace=\"system-under-evaluation\", pod=~\"astronomy-shop-recommendationservice.*\"}[90s])) by (pod)": 0.044153573060442715, "recommendation_deployment_CPU": 0.044153573060442715, "kubernetes_prometheus_rules": "kubernetes_prometheus_rules", "add_security_context": "add_security_context", "delay_treatment": "delay_treatment"}, {"pod": "astronomy-shop-recommendationservice-7b9564b48f-s8x9k", "timestamp": 1737549437.919, "sum(rate(container_cpu_usage_seconds_total{namespace=\"system-under-evaluation\", pod=~\"astronomy-shop-recommendationservice.*\"}[90s])) by (pod)": 0.04443707619541686, "recommendation_deployment_CPU": 0.04443707619541686, "kubernetes_prometheus_rules": "kubernetes_prometheus_rules", "add_security_context": "add_security_context", "delay_treatment": "delay_treatment"}, {"pod": "astronomy-shop-recommendationservice-7b9564b48f-s8x9k", "timestamp": 1737549438.919, "sum(rate(container_cpu_usage_seconds_total{namespace=\"system-under-evaluation\", pod=~\"astronomy-shop-recommendationservice.*\"}[90s])) by (pod)": 0.044720579330391, "recommendation_deployment_CPU": 0.044720579330391, "kubernetes_prometheus_rules": "kubernetes_prometheus_rules", "add_security_context": "add_security_context", "delay_treatment": "delay_treatment"}, {"pod": "astronomy-shop-recommendationservice-7b9564b48f-s8x9k", "timestamp": 1737549439.919, "sum(rate(container_cpu_usage_seconds_total{namespace=\"system-under-evaluation\", pod=~\"astronomy-shop-recommendationservice.*\"}[90s])) by (pod)": 0.04500408246536516, "recommendation_deployment_CPU": 0.04500408246536516, "kubernetes_prometheus_rules": "kubernetes_prometheus_rules", "add_security_context": "add_security_context", "delay_treatment": "delay_treatment"}, {"pod": "astronomy-shop-recommendationservice-7b9564b48f-s8x9k", "timestamp": 1737549440.919, "sum(rate(container_cpu_usage_seconds_total{namespace=\"system-under-evaluation\", pod=~\"astronomy-shop-recommendationservice.*\"}[90s])) by (pod)": 0.0452875856003393, "recommendation_deployment_CPU": 0.0452875856003393, "kubernetes_prometheus_rules": "kubernetes_prometheus_rules", "add_security_context": "add_security_context", "delay_treatment": "delay_treatment"}, {"pod": "astronomy-shop-recommendationservice-7b9564b48f-s8x9k", "timestamp": 1737549441.919, "sum(rate(container_cpu_usage_seconds_total{namespace=\"system-under-evaluation\", pod=~\"astronomy-shop-recommendationservice.*\"}[90s])) by (pod)": 0.045571088735313445, "recommendation_deployment_CPU": 0.045571088735313445, "kubernetes_prometheus_rules": "kubernetes_prometheus_rules", "add_security_context": "add_security_context", "delay_treatment": "delay_treatment"}, {"pod": "astronomy-shop-recommendationservice-7b9564b48f-s8x9k", "timestamp": 1737549442.919, "sum(rate(container_cpu_usage_seconds_total{namespace=\"system-under-evaluation\", pod=~\"astronomy-shop-recommendationservice.*\"}[90s])) by (pod)": 0.04585459187028759, "recommendation_deployment_CPU": 0.04585459187028759, "kubernetes_prometheus_rules": "kubernetes_prometheus_rules", "add_security_context": "add_security_context", "delay_treatment": "delay_treatment"}, {"pod": "astronomy-shop-recommendationservice-7b9564b48f-s8x9k", "timestamp": 1737549443.919, "sum(rate(container_cpu_usage_seconds_total{namespace=\"system-under-evaluation\", pod=~\"astronomy-shop-recommendationservice.*\"}[90s])) by (pod)": 0.04613809500526174, "recommendation_deployment_CPU": 0.04613809500526174, "kubernetes_prometheus_rules": "kubernetes_prometheus_rules", "add_security_context": "add_security_context", "delay_treatment": "delay_treatment"}, {"pod": "astronomy-shop-recommendationservice-7b9564b48f-s8x9k", "timestamp": 1737549444.919, "sum(rate(container_cpu_usage_seconds_total{namespace=\"system-under-evaluation\", pod=~\"astronomy-shop-recommendationservice.*\"}[90s])) by (pod)": 0.04642159814023589, "recommendation_deployment_CPU": 0.04642159814023589, "kubernetes_prometheus_rules": "kubernetes_prometheus_rules", "add_security_context": "add_security_context", "delay_treatment": "delay_treatment"}, {"pod": "astronomy-shop-recommendationservice-7b9564b48f-s8x9k", "timestamp": 1737549445.919, "sum(rate(container_cpu_usage_seconds_total{namespace=\"system-under-evaluation\", pod=~\"astronomy-shop-recommendationservice.*\"}[90s])) by (pod)": 0.05062325635212021, "recommendation_deployment_CPU": 0.05062325635212021, "kubernetes_prometheus_rules": "kubernetes_prometheus_rules", "add_security_context": "add_security_context", "delay_treatment": "delay_treatment"}, {"pod": "astronomy-shop-recommendationservice-7b9564b48f-s8x9k", "timestamp": 1737549446.919, "sum(rate(container_cpu_usage_seconds_total{namespace=\"system-under-evaluation\", pod=~\"astronomy-shop-recommendationservice.*\"}[90s])) by (pod)": 0.05062325635212021, "recommendation_deployment_CPU": 0.05062325635212021, "kubernetes_prometheus_rules": "kubernetes_prometheus_rules", "add_security_context": "add_security_context", "delay_treatment": "delay_treatment"}, {"pod": "astronomy-shop-recommendationservice-7b9564b48f-s8x9k", "timestamp": 1737549447.919, "sum(rate(container_cpu_usage_seconds_total{namespace=\"system-under-evaluation\", pod=~\"astronomy-shop-recommendationservice.*\"}[90s])) by (pod)": 0.05062325635212021, "recommendation_deployment_CPU": 0.05062325635212021, "kubernetes_prometheus_rules": "kubernetes_prometheus_rules", "add_security_context": "add_security_context", "delay_treatment": "delay_treatment"}, {"pod": "astronomy-shop-recommendationservice-7b9564b48f-s8x9k", "timestamp": 1737549448.919, "sum(rate(container_cpu_usage_seconds_total{namespace=\"system-under-evaluation\", pod=~\"astronomy-shop-recommendationservice.*\"}[90s])) by (pod)": 0.05062325635212021, "recommendation_deployment_CPU": 0.05062325635212021, "kubernetes_prometheus_rules": "kubernetes_prometheus_rules", "add_security_context": "add_security_context", "delay_treatment": "delay_treatment"}, {"pod": "astronomy-shop-recommendationservice-7b9564b48f-s8x9k", "timestamp": 1737549449.919, "sum(rate(container_cpu_usage_seconds_total{namespace=\"system-under-evaluation\", pod=~\"astronomy-shop-recommendationservice.*\"}[90s])) by (pod)": 0.05062325635212021, "recommendation_deployment_CPU": 0.05062325635212021, "kubernetes_prometheus_rules": "kubernetes_prometheus_rules", "add_security_context": "add_security_context", "delay_treatment": "delay_treatment"}, {"pod": "astronomy-shop-recommendationservice-7b9564b48f-s8x9k", "timestamp": 1737549450.919, "sum(rate(container_cpu_usage_seconds_total{namespace=\"system-under-evaluation\", pod=~\"astronomy-shop-recommendationservice.*\"}[90s])) by (pod)": 0.05062325635212021, "recommendation_deployment_CPU": 0.05062325635212021, "kubernetes_prometheus_rules": "kubernetes_prometheus_rules", "add_security_context": "add_security_context", "delay_treatment": "delay_treatment"}, {"pod": "astronomy-shop-recommendationservice-7b9564b48f-s8x9k", "timestamp": 1737549451.919, "sum(rate(container_cpu_usage_seconds_total{namespace=\"system-under-evaluation\", pod=~\"astronomy-shop-recommendationservice.*\"}[90s])) by (pod)": 0.05062325635212021, "recommendation_deployment_CPU": 0.05062325635212021, "kubernetes_prometheus_rules": "kubernetes_prometheus_rules", "add_security_context": "add_security_context", "delay_treatment": "delay_treatment"}, {"pod": "astronomy-shop-recommendationservice-7b9564b48f-s8x9k", "timestamp": 1737549452.919, "sum(rate(container_cpu_usage_seconds_total{namespace=\"system-under-evaluation\", pod=~\"astronomy-shop-recommendationservice.*\"}[90s])) by (pod)": 0.05062325635212021, "recommendation_deployment_CPU": 0.05062325635212021, "kubernetes_prometheus_rules": "kubernetes_prometheus_rules", "add_security_context": "add_security_context", "delay_treatment": "delay_treatment"}, {"pod": "astronomy-shop-recommendationservice-7b9564b48f-s8x9k", "timestamp": 1737549453.919, "sum(rate(container_cpu_usage_seconds_total{namespace=\"system-under-evaluation\", pod=~\"astronomy-shop-recommendationservice.*\"}[90s])) by (pod)": 0.05062325635212021, "recommendation_deployment_CPU": 0.05062325635212021, "kubernetes_prometheus_rules": "kubernetes_prometheus_rules", "add_security_context": "add_security_context", "delay_treatment": "delay_treatment"}, {"pod": "astronomy-shop-recommendationservice-7b9564b48f-s8x9k", "timestamp": 1737549454.919, "sum(rate(container_cpu_usage_seconds_total{namespace=\"system-under-evaluation\", pod=~\"astronomy-shop-recommendationservice.*\"}[90s])) by (pod)": 0.05062325635212021, "recommendation_deployment_CPU": 0.05062325635212021, "kubernetes_prometheus_rules": "kubernetes_prometheus_rules", "add_security_context": "add_security_context", "delay_treatment": "delay_treatment"}, {"pod": "astronomy-shop-recommendationservice-7b9564b48f-s8x9k", "timestamp": 1737549455.919, "sum(rate(container_cpu_usage_seconds_total{namespace=\"system-under-evaluation\", pod=~\"astronomy-shop-recommendationservice.*\"}[90s])) by (pod)": 0.05062325635212021, "recommendation_deployment_CPU": 0.05062325635212021, "kubernetes_prometheus_rules": "kubernetes_prometheus_rules", "add_security_context": "add_security_context", "delay_treatment": "delay_treatment"}, {"pod": "astronomy-shop-recommendationservice-7b9564b48f-s8x9k", "timestamp": 1737549456.919, "sum(rate(container_cpu_usage_seconds_total{namespace=\"system-under-evaluation\", pod=~\"astronomy-shop-recommendationservice.*\"}[90s])) by (pod)": 0.07969118199525801, "recommendation_deployment_CPU": 0.07969118199525801, "kubernetes_prometheus_rules": "kubernetes_prometheus_rules", "add_security_context": "add_security_context", "delay_treatment": "delay_treatment"}, {"pod": "astronomy-shop-recommendationservice-7b9564b48f-s8x9k", "timestamp": 1737549457.919, "sum(rate(container_cpu_usage_seconds_total{namespace=\"system-under-evaluation\", pod=~\"astronomy-shop-recommendationservice.*\"}[90s])) by (pod)": 0.07969118199525801, "recommendation_deployment_CPU": 0.07969118199525801, "kubernetes_prometheus_rules": "kubernetes_prometheus_rules", "add_security_context": "add_security_context", "delay_treatment": "delay_treatment"}, {"pod": "astronomy-shop-recommendationservice-7b9564b48f-s8x9k", "timestamp": 1737549458.919, "sum(rate(container_cpu_usage_seconds_total{namespace=\"system-under-evaluation\", pod=~\"astronomy-shop-recommendationservice.*\"}[90s])) by (pod)": 0.07969118199525801, "recommendation_deployment_CPU": 0.07969118199525801, "kubernetes_prometheus_rules": "kubernetes_prometheus_rules", "add_security_context": "add_security_context", "delay_treatment": "delay_treatment"}, {"pod": "astronomy-shop-recommendationservice-7b9564b48f-s8x9k", "timestamp": 1737549459.919, "sum(rate(container_cpu_usage_seconds_total{namespace=\"system-under-evaluation\", pod=~\"astronomy-shop-recommendationservice.*\"}[90s])) by (pod)": 0.07969118199525801, "recommendation_deployment_CPU": 0.07969118199525801, "kubernetes_prometheus_rules": "kubernetes_prometheus_rules", "add_security_context": "add_security_context", "delay_treatment": "delay_treatment"}, {"pod": "astronomy-shop-recommendationservice-7b9564b48f-s8x9k", "timestamp": 1737549460.919, "sum(rate(container_cpu_usage_seconds_total{namespace=\"system-under-evaluation\", pod=~\"astronomy-shop-recommendationservice.*\"}[90s])) by (pod)": 0.10642214627954459, "recommendation_deployment_CPU": 0.10642214627954459, "kubernetes_prometheus_rules": "kubernetes_prometheus_rules", "add_security_context": "add_security_context", "delay_treatment": "delay_treatment"}, {"pod": "astronomy-shop-recommendationservice-7b9564b48f-s8x9k", "timestamp": 1737549461.919, "sum(rate(container_cpu_usage_seconds_total{namespace=\"system-under-evaluation\", pod=~\"astronomy-shop-recommendationservice.*\"}[90s])) by (pod)": 0.12794020074047469, "recommendation_deployment_CPU": 0.12794020074047469, "kubernetes_prometheus_rules": "kubernetes_prometheus_rules", "add_security_context": "add_security_context", "delay_treatment": "delay_treatment"}, {"pod": "astronomy-shop-recommendationservice-7b9564b48f-s8x9k", "timestamp": 1737549462.919, "sum(rate(container_cpu_usage_seconds_total{namespace=\"system-under-evaluation\", pod=~\"astronomy-shop-recommendationservice.*\"}[90s])) by (pod)": 0.12794020074047469, "recommendation_deployment_CPU": 0.12794020074047469, "kubernetes_prometheus_rules": "kubernetes_prometheus_rules", "add_security_context": "add_security_context", "delay_treatment": "delay_treatment"}, {"pod": "astronomy-shop-recommendationservice-7b9564b48f-s8x9k", "timestamp": 1737549463.919, "sum(rate(container_cpu_usage_seconds_total{namespace=\"system-under-evaluation\", pod=~\"astronomy-shop-recommendationservice.*\"}[90s])) by (pod)": 0.12794020074047469, "recommendation_deployment_CPU": 0.12794020074047469, "kubernetes_prometheus_rules": "kubernetes_prometheus_rules", "add_security_context": "add_security_context", "delay_treatment": "delay_treatment"}, {"pod": "astronomy-shop-recommendationservice-7b9564b48f-s8x9k", "timestamp": 1737549464.919, "sum(rate(container_cpu_usage_seconds_total{namespace=\"system-under-evaluation\", pod=~\"astronomy-shop-recommendationservice.*\"}[90s])) by (pod)": 0.12794020074047469, "recommendation_deployment_CPU": 0.12794020074047469, "kubernetes_prometheus_rules": "kubernetes_prometheus_rules", "add_security_context": "add_security_context", "delay_treatment": "delay_treatment"}, {"pod": "astronomy-shop-recommendationservice-7b9564b48f-s8x9k", "timestamp": 1737549465.919, "sum(rate(container_cpu_usage_seconds_total{namespace=\"system-under-evaluation\", pod=~\"astronomy-shop-recommendationservice.*\"}[90s])) by (pod)": 0.12794020074047469, "recommendation_deployment_CPU": 0.12794020074047469, "kubernetes_prometheus_rules": "kubernetes_prometheus_rules", "add_security_context": "add_security_context", "delay_treatment": "delay_treatment"}, {"pod": "astronomy-shop-recommendationservice-7b9564b48f-s8x9k", "timestamp": 1737549466.919, "sum(rate(container_cpu_usage_seconds_total{namespace=\"system-under-evaluation\", pod=~\"astronomy-shop-recommendationservice.*\"}[90s])) by (pod)": 0.12794020074047469, "recommendation_deployment_CPU": 0.12794020074047469, "kubernetes_prometheus_rules": "kubernetes_prometheus_rules", "add_security_context": "add_security_context", "delay_treatment": "delay_treatment"}, {"pod": "astronomy-shop-recommendationservice-7b9564b48f-s8x9k", "timestamp": 1737549467.919, "sum(rate(container_cpu_usage_seconds_total{namespace=\"system-under-evaluation\", pod=~\"astronomy-shop-recommendationservice.*\"}[90s])) by (pod)": 0.12794020074047469, "recommendation_deployment_CPU": 0.12794020074047469, "kubernetes_prometheus_rules": "kubernetes_prometheus_rules", "add_security_context": "add_security_context", "delay_treatment": "delay_treatment"}, {"pod": "astronomy-shop-recommendationservice-7b9564b48f-s8x9k", "timestamp": 1737549468.919, "sum(rate(container_cpu_usage_seconds_total{namespace=\"system-under-evaluation\", pod=~\"astronomy-shop-recommendationservice.*\"}[90s])) by (pod)": 0.12794020074047469, "recommendation_deployment_CPU": 0.12794020074047469, "kubernetes_prometheus_rules": "kubernetes_prometheus_rules", "add_security_context": "add_security_context", "delay_treatment": "delay_treatment"}, {"pod": "astronomy-shop-recommendationservice-7b9564b48f-s8x9k", "timestamp": 1737549469.919, "sum(rate(container_cpu_usage_seconds_total{namespace=\"system-under-evaluation\", pod=~\"astronomy-shop-recommendationservice.*\"}[90s])) by (pod)": 0.12794020074047469, "recommendation_deployment_CPU": 0.12794020074047469, "kubernetes_prometheus_rules": "kubernetes_prometheus_rules", "add_security_context": "add_security_context", "delay_treatment": "delay_treatment"}, {"pod": "astronomy-shop-recommendationservice-7b9564b48f-s8x9k", "timestamp": 1737549470.919, "sum(rate(container_cpu_usage_seconds_total{namespace=\"system-under-evaluation\", pod=~\"astronomy-shop-recommendationservice.*\"}[90s])) by (pod)": 0.12794020074047469, "recommendation_deployment_CPU": 0.12794020074047469, "kubernetes_prometheus_rules": "kubernetes_prometheus_rules", "add_security_context": "add_security_context", "delay_treatment": "delay_treatment"}, {"pod": "astronomy-shop-recommendationservice-7b9564b48f-s8x9k", "timestamp": 1737549471.919, "sum(rate(container_cpu_usage_seconds_total{namespace=\"system-under-evaluation\", pod=~\"astronomy-shop-recommendationservice.*\"}[90s])) by (pod)": 0.12794020074047469, "recommendation_deployment_CPU": 0.12794020074047469, "kubernetes_prometheus_rules": "kubernetes_prometheus_rules", "add_security_context": "add_security_context", "delay_treatment": "delay_treatment"}, {"pod": "astronomy-shop-recommendationservice-7b9564b48f-s8x9k", "timestamp": 1737549472.919, "sum(rate(container_cpu_usage_seconds_total{namespace=\"system-under-evaluation\", pod=~\"astronomy-shop-recommendationservice.*\"}[90s])) by (pod)": 0.14343517789778665, "recommendation_deployment_CPU": 0.14343517789778665, "kubernetes_prometheus_rules": "kubernetes_prometheus_rules", "add_security_context": "add_security_context", "delay_treatment": "delay_treatment"}, {"pod": "astronomy-shop-recommendationservice-7b9564b48f-s8x9k", "timestamp": 1737549473.919, "sum(rate(container_cpu_usage_seconds_total{namespace=\"system-under-evaluation\", pod=~\"astronomy-shop-recommendationservice.*\"}[90s])) by (pod)": 0.14439645009312038, "recommendation_deployment_CPU": 0.14439645009312038, "kubernetes_prometheus_rules": "kubernetes_prometheus_rules", "add_security_context": "add_security_context", "delay_treatment": "delay_treatment"}, {"pod": "astronomy-shop-recommendationservice-7b9564b48f-s8x9k", "timestamp": 1737549474.919, "sum(rate(container_cpu_usage_seconds_total{namespace=\"system-under-evaluation\", pod=~\"astronomy-shop-recommendationservice.*\"}[90s])) by (pod)": 0.14535772228845412, "recommendation_deployment_CPU": 0.14535772228845412, "kubernetes_prometheus_rules": "kubernetes_prometheus_rules", "add_security_context": "add_security_context", "delay_treatment": "delay_treatment"}, {"pod": "astronomy-shop-recommendationservice-7b9564b48f-s8x9k", "timestamp": 1737549475.919, "sum(rate(container_cpu_usage_seconds_total{namespace=\"system-under-evaluation\", pod=~\"astronomy-shop-recommendationservice.*\"}[90s])) by (pod)": 0.14631899448378788, "recommendation_deployment_CPU": 0.14631899448378788, "kubernetes_prometheus_rules": "kubernetes_prometheus_rules", "add_security_context": "add_security_context", "delay_treatment": "delay_treatment"}, {"pod": "astronomy-shop-recommendationservice-7b9564b48f-s8x9k", "timestamp": 1737549476.919, "sum(rate(container_cpu_usage_seconds_total{namespace=\"system-under-evaluation\", pod=~\"astronomy-shop-recommendationservice.*\"}[90s])) by (pod)": 0.15987149052970068, "recommendation_deployment_CPU": 0.15987149052970068, "kubernetes_prometheus_rules": "kubernetes_prometheus_rules", "add_security_context": "add_security_context", "delay_treatment": "delay_treatment"}, {"pod": "astronomy-shop-recommendationservice-7b9564b48f-s8x9k", "timestamp": 1737549477.919, "sum(rate(container_cpu_usage_seconds_total{namespace=\"system-under-evaluation\", pod=~\"astronomy-shop-recommendationservice.*\"}[90s])) by (pod)": 0.15987149052970068, "recommendation_deployment_CPU": 0.15987149052970068, "kubernetes_prometheus_rules": "kubernetes_prometheus_rules", "add_security_context": "add_security_context", "delay_treatment": "delay_treatment"}, {"pod": "astronomy-shop-recommendationservice-7b9564b48f-s8x9k", "timestamp": 1737549478.919, "sum(rate(container_cpu_usage_seconds_total{namespace=\"system-under-evaluation\", pod=~\"astronomy-shop-recommendationservice.*\"}[90s])) by (pod)": 0.15987149052970068, "recommendation_deployment_CPU": 0.15987149052970068, "kubernetes_prometheus_rules": "kubernetes_prometheus_rules", "add_security_context": "add_security_context", "delay_treatment": "delay_treatment"}, {"pod": "astronomy-shop-recommendationservice-7b9564b48f-s8x9k", "timestamp": 1737549479.919, "sum(rate(container_cpu_usage_seconds_total{namespace=\"system-under-evaluation\", pod=~\"astronomy-shop-recommendationservice.*\"}[90s])) by (pod)": 0.15987149052970068, "recommendation_deployment_CPU": 0.15987149052970068, "kubernetes_prometheus_rules": "kubernetes_prometheus_rules", "add_security_context": "add_security_context", "delay_treatment": "delay_treatment"}, {"pod": "astronomy-shop-recommendationservice-7b9564b48f-s8x9k", "timestamp": 1737549480.919, "sum(rate(container_cpu_usage_seconds_total{namespace=\"system-under-evaluation\", pod=~\"astronomy-shop-recommendationservice.*\"}[90s])) by (pod)": 0.15987149052970068, "recommendation_deployment_CPU": 0.15987149052970068, "kubernetes_prometheus_rules": "kubernetes_prometheus_rules", "add_security_context": "add_security_context", "delay_treatment": "delay_treatment"}, {"pod": "astronomy-shop-recommendationservice-7b9564b48f-s8x9k", "timestamp": 1737549481.919, "sum(rate(container_cpu_usage_seconds_total{namespace=\"system-under-evaluation\", pod=~\"astronomy-shop-recommendationservice.*\"}[90s])) by (pod)": 0.1460882891569078, "recommendation_deployment_CPU": 0.1460882891569078, "kubernetes_prometheus_rules": "kubernetes_prometheus_rules", "add_security_context": "add_security_context", "delay_treatment": "delay_treatment"}, {"pod": "astronomy-shop-recommendationservice-7b9564b48f-s8x9k", "timestamp": 1737549482.919, "sum(rate(container_cpu_usage_seconds_total{namespace=\"system-under-evaluation\", pod=~\"astronomy-shop-recommendationservice.*\"}[90s])) by (pod)": 0.14512701696157404, "recommendation_deployment_CPU": 0.14512701696157404, "kubernetes_prometheus_rules": "kubernetes_prometheus_rules", "add_security_context": "add_security_context", "delay_treatment": "delay_treatment"}, {"pod": "astronomy-shop-recommendationservice-7b9564b48f-s8x9k", "timestamp": 1737549483.919, "sum(rate(container_cpu_usage_seconds_total{namespace=\"system-under-evaluation\", pod=~\"astronomy-shop-recommendationservice.*\"}[90s])) by (pod)": 0.14416574476624028, "recommendation_deployment_CPU": 0.14416574476624028, "kubernetes_prometheus_rules": "kubernetes_prometheus_rules", "add_security_context": "add_security_context", "delay_treatment": "delay_treatment"}, {"pod": "astronomy-shop-recommendationservice-7b9564b48f-s8x9k", "timestamp": 1737549484.919, "sum(rate(container_cpu_usage_seconds_total{namespace=\"system-under-evaluation\", pod=~\"astronomy-shop-recommendationservice.*\"}[90s])) by (pod)": 0.14320447257090654, "recommendation_deployment_CPU": 0.14320447257090654, "kubernetes_prometheus_rules": "kubernetes_prometheus_rules", "add_security_context": "add_security_context", "delay_treatment": "delay_treatment"}, {"pod": "astronomy-shop-recommendationservice-7b9564b48f-s8x9k", "timestamp": 1737549485.919, "sum(rate(container_cpu_usage_seconds_total{namespace=\"system-under-evaluation\", pod=~\"astronomy-shop-recommendationservice.*\"}[90s])) by (pod)": 0.1422432003755728, "recommendation_deployment_CPU": 0.1422432003755728, "kubernetes_prometheus_rules": "kubernetes_prometheus_rules", "add_security_context": "add_security_context", "delay_treatment": "delay_treatment"}, {"pod": "astronomy-shop-recommendationservice-7b9564b48f-s8x9k", "timestamp": 1737549486.919, "sum(rate(container_cpu_usage_seconds_total{namespace=\"system-under-evaluation\", pod=~\"astronomy-shop-recommendationservice.*\"}[90s])) by (pod)": 0.14128192818023905, "recommendation_deployment_CPU": 0.14128192818023905, "kubernetes_prometheus_rules": "kubernetes_prometheus_rules", "add_security_context": "add_security_context", "delay_treatment": "delay_treatment"}, {"pod": "astronomy-shop-recommendationservice-7b9564b48f-s8x9k", "timestamp": 1737549487.919, "sum(rate(container_cpu_usage_seconds_total{namespace=\"system-under-evaluation\", pod=~\"astronomy-shop-recommendationservice.*\"}[90s])) by (pod)": 0.1403206559849053, "recommendation_deployment_CPU": 0.1403206559849053, "kubernetes_prometheus_rules": "kubernetes_prometheus_rules", "add_security_context": "add_security_context", "delay_treatment": "delay_treatment"}, {"pod": "astronomy-shop-recommendationservice-7b9564b48f-s8x9k", "timestamp": 1737549488.919, "sum(rate(container_cpu_usage_seconds_total{namespace=\"system-under-evaluation\", pod=~\"astronomy-shop-recommendationservice.*\"}[90s])) by (pod)": 0.13935938378957158, "recommendation_deployment_CPU": 0.13935938378957158, "kubernetes_prometheus_rules": "kubernetes_prometheus_rules", "add_security_context": "add_security_context", "delay_treatment": "delay_treatment"}, {"pod": "astronomy-shop-recommendationservice-7b9564b48f-s8x9k", "timestamp": 1737549489.919, "sum(rate(container_cpu_usage_seconds_total{namespace=\"system-under-evaluation\", pod=~\"astronomy-shop-recommendationservice.*\"}[90s])) by (pod)": 0.15272468904503167, "recommendation_deployment_CPU": 0.15272468904503167, "kubernetes_prometheus_rules": "kubernetes_prometheus_rules", "add_security_context": "add_security_context", "delay_treatment": "delay_treatment"}, {"pod": "astronomy-shop-recommendationservice-7b9564b48f-s8x9k", "timestamp": 1737549490.919, "sum(rate(container_cpu_usage_seconds_total{namespace=\"system-under-evaluation\", pod=~\"astronomy-shop-recommendationservice.*\"}[90s])) by (pod)": 0.19370386124461253, "recommendation_deployment_CPU": 0.19370386124461253, "kubernetes_prometheus_rules": "kubernetes_prometheus_rules", "add_security_context": "add_security_context", "delay_treatment": "delay_treatment"}, {"pod": "astronomy-shop-recommendationservice-7b9564b48f-s8x9k", "timestamp": 1737549491.919, "sum(rate(container_cpu_usage_seconds_total{namespace=\"system-under-evaluation\", pod=~\"astronomy-shop-recommendationservice.*\"}[90s])) by (pod)": 0.17340478019153097, "recommendation_deployment_CPU": 0.17340478019153097, "kubernetes_prometheus_rules": "kubernetes_prometheus_rules", "add_security_context": "add_security_context", "delay_treatment": "delay_treatment"}, {"pod": "astronomy-shop-recommendationservice-7b9564b48f-s8x9k", "timestamp": 1737549492.919, "sum(rate(container_cpu_usage_seconds_total{namespace=\"system-under-evaluation\", pod=~\"astronomy-shop-recommendationservice.*\"}[90s])) by (pod)": 0.22534819418440882, "recommendation_deployment_CPU": 0.22534819418440882, "kubernetes_prometheus_rules": "kubernetes_prometheus_rules", "add_security_context": "add_security_context", "delay_treatment": "delay_treatment"}, {"pod": "astronomy-shop-recommendationservice-7b9564b48f-s8x9k", "timestamp": 1737549493.919, "sum(rate(container_cpu_usage_seconds_total{namespace=\"system-under-evaluation\", pod=~\"astronomy-shop-recommendationservice.*\"}[90s])) by (pod)": 0.22534819418440882, "recommendation_deployment_CPU": 0.22534819418440882, "kubernetes_prometheus_rules": "kubernetes_prometheus_rules", "add_security_context": "add_security_context", "delay_treatment": "delay_treatment"}, {"pod": "astronomy-shop-recommendationservice-7b9564b48f-s8x9k", "timestamp": 1737549494.919, "sum(rate(container_cpu_usage_seconds_total{namespace=\"system-under-evaluation\", pod=~\"astronomy-shop-recommendationservice.*\"}[90s])) by (pod)": 0.22534819418440882, "recommendation_deployment_CPU": 0.22534819418440882, "kubernetes_prometheus_rules": "kubernetes_prometheus_rules", "add_security_context": "add_security_context", "delay_treatment": "delay_treatment"}, {"pod": "astronomy-shop-recommendationservice-7b9564b48f-s8x9k", "timestamp": 1737549495.919, "sum(rate(container_cpu_usage_seconds_total{namespace=\"system-under-evaluation\", pod=~\"astronomy-shop-recommendationservice.*\"}[90s])) by (pod)": 0.22534819418440882, "recommendation_deployment_CPU": 0.22534819418440882, "kubernetes_prometheus_rules": "kubernetes_prometheus_rules", "add_security_context": "add_security_context", "delay_treatment": "delay_treatment"}, {"pod": "astronomy-shop-recommendationservice-7b9564b48f-s8x9k", "timestamp": 1737549496.919, "sum(rate(container_cpu_usage_seconds_total{namespace=\"system-under-evaluation\", pod=~\"astronomy-shop-recommendationservice.*\"}[90s])) by (pod)": 0.22534819418440882, "recommendation_deployment_CPU": 0.22534819418440882, "kubernetes_prometheus_rules": "kubernetes_prometheus_rules", "add_security_context": "add_security_context", "delay_treatment": "delay_treatment"}, {"pod": "astronomy-shop-recommendationservice-7b9564b48f-s8x9k", "timestamp": 1737549497.919, "sum(rate(container_cpu_usage_seconds_total{namespace=\"system-under-evaluation\", pod=~\"astronomy-shop-recommendationservice.*\"}[90s])) by (pod)": 0.22534819418440882, "recommendation_deployment_CPU": 0.22534819418440882, "kubernetes_prometheus_rules": "kubernetes_prometheus_rules", "add_security_context": "add_security_context", "delay_treatment": "delay_treatment"}, {"pod": "astronomy-shop-recommendationservice-7b9564b48f-s8x9k", "timestamp": 1737549498.919, "sum(rate(container_cpu_usage_seconds_total{namespace=\"system-under-evaluation\", pod=~\"astronomy-shop-recommendationservice.*\"}[90s])) by (pod)": 0.22534819418440882, "recommendation_deployment_CPU": 0.22534819418440882, "kubernetes_prometheus_rules": "kubernetes_prometheus_rules", "add_security_context": "add_security_context", "delay_treatment": "delay_treatment"}, {"pod": "astronomy-shop-recommendationservice-7b9564b48f-s8x9k", "timestamp": 1737549499.919, "sum(rate(container_cpu_usage_seconds_total{namespace=\"system-under-evaluation\", pod=~\"astronomy-shop-recommendationservice.*\"}[90s])) by (pod)": 0.22534819418440882, "recommendation_deployment_CPU": 0.22534819418440882, "kubernetes_prometheus_rules": "kubernetes_prometheus_rules", "add_security_context": "add_security_context", "delay_treatment": "delay_treatment"}, {"pod": "astronomy-shop-recommendationservice-7b9564b48f-s8x9k", "timestamp": 1737549500.919, "sum(rate(container_cpu_usage_seconds_total{namespace=\"system-under-evaluation\", pod=~\"astronomy-shop-recommendationservice.*\"}[90s])) by (pod)": 0.22534819418440882, "recommendation_deployment_CPU": 0.22534819418440882, "kubernetes_prometheus_rules": "kubernetes_prometheus_rules", "add_security_context": "add_security_context", "delay_treatment": "delay_treatment"}, {"pod": "astronomy-shop-recommendationservice-7b9564b48f-s8x9k", "timestamp": 1737549501.919, "sum(rate(container_cpu_usage_seconds_total{namespace=\"system-under-evaluation\", pod=~\"astronomy-shop-recommendationservice.*\"}[90s])) by (pod)": 0.24170202981540612, "recommendation_deployment_CPU": 0.24170202981540612, "kubernetes_prometheus_rules": "kubernetes_prometheus_rules", "add_security_context": "add_security_context", "delay_treatment": "delay_treatment"}, {"pod": "astronomy-shop-recommendationservice-7b9564b48f-s8x9k", "timestamp": 1737549502.919, "sum(rate(container_cpu_usage_seconds_total{namespace=\"system-under-evaluation\", pod=~\"astronomy-shop-recommendationservice.*\"}[90s])) by (pod)": 0.24170202981540612, "recommendation_deployment_CPU": 0.24170202981540612, "kubernetes_prometheus_rules": "kubernetes_prometheus_rules", "add_security_context": "add_security_context", "delay_treatment": "delay_treatment"}, {"pod": "astronomy-shop-recommendationservice-7b9564b48f-s8x9k", "timestamp": 1737549503.919, "sum(rate(container_cpu_usage_seconds_total{namespace=\"system-under-evaluation\", pod=~\"astronomy-shop-recommendationservice.*\"}[90s])) by (pod)": 0.24170202981540612, "recommendation_deployment_CPU": 0.24170202981540612, "kubernetes_prometheus_rules": "kubernetes_prometheus_rules", "add_security_context": "add_security_context", "delay_treatment": "delay_treatment"}, {"pod": "astronomy-shop-recommendationservice-7b9564b48f-s8x9k", "timestamp": 1737549504.919, "sum(rate(container_cpu_usage_seconds_total{namespace=\"system-under-evaluation\", pod=~\"astronomy-shop-recommendationservice.*\"}[90s])) by (pod)": 0.24170202981540612, "recommendation_deployment_CPU": 0.24170202981540612, "kubernetes_prometheus_rules": "kubernetes_prometheus_rules", "add_security_context": "add_security_context", "delay_treatment": "delay_treatment"}, {"pod": "astronomy-shop-recommendationservice-7b9564b48f-s8x9k", "timestamp": 1737549505.919, "sum(rate(container_cpu_usage_seconds_total{namespace=\"system-under-evaluation\", pod=~\"astronomy-shop-recommendationservice.*\"}[90s])) by (pod)": 0.24170202981540612, "recommendation_deployment_CPU": 0.24170202981540612, "kubernetes_prometheus_rules": "kubernetes_prometheus_rules", "add_security_context": "add_security_context", "delay_treatment": "delay_treatment"}, {"pod": "astronomy-shop-recommendationservice-7b9564b48f-s8x9k", "timestamp": 1737549506.919, "sum(rate(container_cpu_usage_seconds_total{namespace=\"system-under-evaluation\", pod=~\"astronomy-shop-recommendationservice.*\"}[90s])) by (pod)": 0.24170202981540612, "recommendation_deployment_CPU": 0.24170202981540612, "kubernetes_prometheus_rules": "kubernetes_prometheus_rules", "add_security_context": "add_security_context", "delay_treatment": "delay_treatment"}, {"pod": "astronomy-shop-recommendationservice-7b9564b48f-s8x9k", "timestamp": 1737549507.919, "sum(rate(container_cpu_usage_seconds_total{namespace=\"system-under-evaluation\", pod=~\"astronomy-shop-recommendationservice.*\"}[90s])) by (pod)": 0.24170202981540612, "recommendation_deployment_CPU": 0.24170202981540612, "kubernetes_prometheus_rules": "kubernetes_prometheus_rules", "add_security_context": "add_security_context", "delay_treatment": "delay_treatment"}, {"pod": "astronomy-shop-recommendationservice-7b9564b48f-s8x9k", "timestamp": 1737549508.919, "sum(rate(container_cpu_usage_seconds_total{namespace=\"system-under-evaluation\", pod=~\"astronomy-shop-recommendationservice.*\"}[90s])) by (pod)": 0.24170202981540612, "recommendation_deployment_CPU": 0.24170202981540612, "kubernetes_prometheus_rules": "kubernetes_prometheus_rules", "add_security_context": "add_security_context", "delay_treatment": "delay_treatment"}, {"pod": "astronomy-shop-recommendationservice-7b9564b48f-s8x9k", "timestamp": 1737549509.919, "sum(rate(container_cpu_usage_seconds_total{namespace=\"system-under-evaluation\", pod=~\"astronomy-shop-recommendationservice.*\"}[90s])) by (pod)": 0.24170202981540612, "recommendation_deployment_CPU": 0.24170202981540612, "kubernetes_prometheus_rules": "kubernetes_prometheus_rules", "add_security_context": "add_security_context", "delay_treatment": "delay_treatment"}, {"pod": "astronomy-shop-recommendationservice-7b9564b48f-s8x9k", "timestamp": 1737549510.919, "sum(rate(container_cpu_usage_seconds_total{namespace=\"system-under-evaluation\", pod=~\"astronomy-shop-recommendationservice.*\"}[90s])) by (pod)": 0.24170202981540612, "recommendation_deployment_CPU": 0.24170202981540612, "kubernetes_prometheus_rules": "kubernetes_prometheus_rules", "add_security_context": "add_security_context", "delay_treatment": "delay_treatment"}, {"pod": "astronomy-shop-recommendationservice-7b9564b48f-s8x9k", "timestamp": 1737549511.919, "sum(rate(container_cpu_usage_seconds_total{namespace=\"system-under-evaluation\", pod=~\"astronomy-shop-recommendationservice.*\"}[90s])) by (pod)": 0.24170202981540612, "recommendation_deployment_CPU": 0.24170202981540612, "kubernetes_prometheus_rules": "kubernetes_prometheus_rules", "add_security_context": "add_security_context", "delay_treatment": "delay_treatment"}, {"pod": "astronomy-shop-recommendationservice-7b9564b48f-s8x9k", "timestamp": 1737549512.919, "sum(rate(container_cpu_usage_seconds_total{namespace=\"system-under-evaluation\", pod=~\"astronomy-shop-recommendationservice.*\"}[90s])) by (pod)": 0.24170202981540612, "recommendation_deployment_CPU": 0.24170202981540612, "kubernetes_prometheus_rules": "kubernetes_prometheus_rules", "add_security_context": "add_security_context", "delay_treatment": "delay_treatment"}, {"pod": "astronomy-shop-recommendationservice-7b9564b48f-s8x9k", "timestamp": 1737549513.919, "sum(rate(container_cpu_usage_seconds_total{namespace=\"system-under-evaluation\", pod=~\"astronomy-shop-recommendationservice.*\"}[90s])) by (pod)": 0.24170202981540612, "recommendation_deployment_CPU": 0.24170202981540612, "kubernetes_prometheus_rules": "kubernetes_prometheus_rules", "add_security_context": "add_security_context", "delay_treatment": "delay_treatment"}, {"pod": "astronomy-shop-recommendationservice-7b9564b48f-s8x9k", "timestamp": 1737549514.919, "sum(rate(container_cpu_usage_seconds_total{namespace=\"system-under-evaluation\", pod=~\"astronomy-shop-recommendationservice.*\"}[90s])) by (pod)": 0.24170202981540612, "recommendation_deployment_CPU": 0.24170202981540612, "kubernetes_prometheus_rules": "kubernetes_prometheus_rules", "add_security_context": "add_security_context", "delay_treatment": "delay_treatment"}, {"pod": "astronomy-shop-recommendationservice-7b9564b48f-s8x9k", "timestamp": 1737549515.919, "sum(rate(container_cpu_usage_seconds_total{namespace=\"system-under-evaluation\", pod=~\"astronomy-shop-recommendationservice.*\"}[90s])) by (pod)": 0.24170202981540612, "recommendation_deployment_CPU": 0.24170202981540612, "kubernetes_prometheus_rules": "kubernetes_prometheus_rules", "add_security_context": "add_security_context", "delay_treatment": "delay_treatment"}, {"pod": "astronomy-shop-recommendationservice-7b9564b48f-s8x9k", "timestamp": 1737549516.919, "sum(rate(container_cpu_usage_seconds_total{namespace=\"system-under-evaluation\", pod=~\"astronomy-shop-recommendationservice.*\"}[90s])) by (pod)": 0.24170202981540612, "recommendation_deployment_CPU": 0.24170202981540612, "kubernetes_prometheus_rules": "kubernetes_prometheus_rules", "add_security_context": "add_security_context", "delay_treatment": "delay_treatment"}, {"pod": "astronomy-shop-recommendationservice-7b9564b48f-s8x9k", "timestamp": 1737549517.919, "sum(rate(container_cpu_usage_seconds_total{namespace=\"system-under-evaluation\", pod=~\"astronomy-shop-recommendationservice.*\"}[90s])) by (pod)": 0.24170202981540612, "recommendation_deployment_CPU": 0.24170202981540612, "kubernetes_prometheus_rules": "kubernetes_prometheus_rules", "add_security_context": "add_security_context", "delay_treatment": "delay_treatment"}, {"pod": "astronomy-shop-recommendationservice-7b9564b48f-s8x9k", "timestamp": 1737549518.919, "sum(rate(container_cpu_usage_seconds_total{namespace=\"system-under-evaluation\", pod=~\"astronomy-shop-recommendationservice.*\"}[90s])) by (pod)": 0.24170202981540612, "recommendation_deployment_CPU": 0.24170202981540612, "kubernetes_prometheus_rules": "kubernetes_prometheus_rules", "add_security_context": "add_security_context", "delay_treatment": "delay_treatment"}, {"pod": "astronomy-shop-recommendationservice-7b9564b48f-s8x9k", "timestamp": 1737549519.919, "sum(rate(container_cpu_usage_seconds_total{namespace=\"system-under-evaluation\", pod=~\"astronomy-shop-recommendationservice.*\"}[90s])) by (pod)": 0.24170202981540612, "recommendation_deployment_CPU": 0.24170202981540612, "kubernetes_prometheus_rules": "kubernetes_prometheus_rules", "add_security_context": "add_security_context", "delay_treatment": "delay_treatment"}, {"pod": "astronomy-shop-recommendationservice-7b9564b48f-s8x9k", "timestamp": 1737549520.919, "sum(rate(container_cpu_usage_seconds_total{namespace=\"system-under-evaluation\", pod=~\"astronomy-shop-recommendationservice.*\"}[90s])) by (pod)": 0.24170202981540612, "recommendation_deployment_CPU": 0.24170202981540612, "kubernetes_prometheus_rules": "kubernetes_prometheus_rules", "add_security_context": "add_security_context", "delay_treatment": "delay_treatment"}, {"pod": "astronomy-shop-recommendationservice-7b9564b48f-s8x9k", "timestamp": 1737549521.919, "sum(rate(container_cpu_usage_seconds_total{namespace=\"system-under-evaluation\", pod=~\"astronomy-shop-recommendationservice.*\"}[90s])) by (pod)": 0.25202814014229946, "recommendation_deployment_CPU": 0.25202814014229946, "kubernetes_prometheus_rules": "kubernetes_prometheus_rules", "add_security_context": "add_security_context", "delay_treatment": "delay_treatment"}, {"pod": "astronomy-shop-recommendationservice-7b9564b48f-s8x9k", "timestamp": 1737549522.919, "sum(rate(container_cpu_usage_seconds_total{namespace=\"system-under-evaluation\", pod=~\"astronomy-shop-recommendationservice.*\"}[90s])) by (pod)": 0.2574978375692568, "recommendation_deployment_CPU": 0.2574978375692568, "kubernetes_prometheus_rules": "kubernetes_prometheus_rules", "add_security_context": "add_security_context", "delay_treatment": "delay_treatment"}, {"pod": "astronomy-shop-recommendationservice-7b9564b48f-s8x9k", "timestamp": 1737549523.919, "sum(rate(container_cpu_usage_seconds_total{namespace=\"system-under-evaluation\", pod=~\"astronomy-shop-recommendationservice.*\"}[90s])) by (pod)": 0.2574978375692568, "recommendation_deployment_CPU": 0.2574978375692568, "kubernetes_prometheus_rules": "kubernetes_prometheus_rules", "add_security_context": "add_security_context", "delay_treatment": "delay_treatment"}, {"pod": "astronomy-shop-recommendationservice-7b9564b48f-s8x9k", "timestamp": 1737549524.919, "sum(rate(container_cpu_usage_seconds_total{namespace=\"system-under-evaluation\", pod=~\"astronomy-shop-recommendationservice.*\"}[90s])) by (pod)": 0.2574978375692568, "recommendation_deployment_CPU": 0.2574978375692568, "kubernetes_prometheus_rules": "kubernetes_prometheus_rules", "add_security_context": "add_security_context", "delay_treatment": "delay_treatment"}, {"pod": "astronomy-shop-recommendationservice-7b9564b48f-s8x9k", "timestamp": 1737549525.919, "sum(rate(container_cpu_usage_seconds_total{namespace=\"system-under-evaluation\", pod=~\"astronomy-shop-recommendationservice.*\"}[90s])) by (pod)": 0.2574978375692568, "recommendation_deployment_CPU": 0.2574978375692568, "kubernetes_prometheus_rules": "kubernetes_prometheus_rules", "add_security_context": "add_security_context", "delay_treatment": "delay_treatment"}, {"pod": "astronomy-shop-recommendationservice-7b9564b48f-s8x9k", "timestamp": 1737549526.919, "sum(rate(container_cpu_usage_seconds_total{namespace=\"system-under-evaluation\", pod=~\"astronomy-shop-recommendationservice.*\"}[90s])) by (pod)": 0.2574978375692568, "recommendation_deployment_CPU": 0.2574978375692568, "kubernetes_prometheus_rules": "kubernetes_prometheus_rules", "add_security_context": "add_security_context", "delay_treatment": "delay_treatment"}, {"pod": "astronomy-shop-recommendationservice-7b9564b48f-s8x9k", "timestamp": 1737549527.919, "sum(rate(container_cpu_usage_seconds_total{namespace=\"system-under-evaluation\", pod=~\"astronomy-shop-recommendationservice.*\"}[90s])) by (pod)": 0.2278791273960417, "recommendation_deployment_CPU": 0.2278791273960417, "kubernetes_prometheus_rules": "kubernetes_prometheus_rules", "add_security_context": "add_security_context", "delay_treatment": "delay_treatment"}, {"pod": "astronomy-shop-recommendationservice-7b9564b48f-s8x9k", "timestamp": 1737549528.919, "sum(rate(container_cpu_usage_seconds_total{namespace=\"system-under-evaluation\", pod=~\"astronomy-shop-recommendationservice.*\"}[90s])) by (pod)": 0.22644553623545915, "recommendation_deployment_CPU": 0.22644553623545915, "kubernetes_prometheus_rules": "kubernetes_prometheus_rules", "add_security_context": "add_security_context", "delay_treatment": "delay_treatment"}, {"pod": "astronomy-shop-recommendationservice-7b9564b48f-s8x9k", "timestamp": 1737549529.919, "sum(rate(container_cpu_usage_seconds_total{namespace=\"system-under-evaluation\", pod=~\"astronomy-shop-recommendationservice.*\"}[90s])) by (pod)": 0.25367753621501365, "recommendation_deployment_CPU": 0.25367753621501365, "kubernetes_prometheus_rules": "kubernetes_prometheus_rules", "add_security_context": "add_security_context", "delay_treatment": "delay_treatment"}, {"pod": "astronomy-shop-recommendationservice-7b9564b48f-s8x9k", "timestamp": 1737549530.919, "sum(rate(container_cpu_usage_seconds_total{namespace=\"system-under-evaluation\", pod=~\"astronomy-shop-recommendationservice.*\"}[90s])) by (pod)": 0.25367753621501365, "recommendation_deployment_CPU": 0.25367753621501365, "kubernetes_prometheus_rules": "kubernetes_prometheus_rules", "add_security_context": "add_security_context", "delay_treatment": "delay_treatment"}, {"pod": "astronomy-shop-recommendationservice-7b9564b48f-s8x9k", "timestamp": 1737549531.919, "sum(rate(container_cpu_usage_seconds_total{namespace=\"system-under-evaluation\", pod=~\"astronomy-shop-recommendationservice.*\"}[90s])) by (pod)": 0.25367753621501365, "recommendation_deployment_CPU": 0.25367753621501365, "kubernetes_prometheus_rules": "kubernetes_prometheus_rules", "add_security_context": "add_security_context", "delay_treatment": "delay_treatment"}, {"pod": "astronomy-shop-recommendationservice-7b9564b48f-s8x9k", "timestamp": 1737549532.919, "sum(rate(container_cpu_usage_seconds_total{namespace=\"system-under-evaluation\", pod=~\"astronomy-shop-recommendationservice.*\"}[90s])) by (pod)": 0.25367753621501365, "recommendation_deployment_CPU": 0.25367753621501365, "kubernetes_prometheus_rules": "kubernetes_prometheus_rules", "add_security_context": "add_security_context", "delay_treatment": "delay_treatment"}, {"pod": "astronomy-shop-recommendationservice-7b9564b48f-s8x9k", "timestamp": 1737549533.919, "sum(rate(container_cpu_usage_seconds_total{namespace=\"system-under-evaluation\", pod=~\"astronomy-shop-recommendationservice.*\"}[90s])) by (pod)": 0.25367753621501365, "recommendation_deployment_CPU": 0.25367753621501365, "kubernetes_prometheus_rules": "kubernetes_prometheus_rules", "add_security_context": "add_security_context", "delay_treatment": "delay_treatment"}, {"pod": "astronomy-shop-recommendationservice-7b9564b48f-s8x9k", "timestamp": 1737549534.919, "sum(rate(container_cpu_usage_seconds_total{namespace=\"system-under-evaluation\", pod=~\"astronomy-shop-recommendationservice.*\"}[90s])) by (pod)": 0.25367753621501365, "recommendation_deployment_CPU": 0.25367753621501365, "kubernetes_prometheus_rules": "kubernetes_prometheus_rules", "add_security_context": "add_security_context", "delay_treatment": "delay_treatment"}, {"pod": "astronomy-shop-recommendationservice-7b9564b48f-s8x9k", "timestamp": 1737549535.919, "sum(rate(container_cpu_usage_seconds_total{namespace=\"system-under-evaluation\", pod=~\"astronomy-shop-recommendationservice.*\"}[90s])) by (pod)": 0.25367753621501365, "recommendation_deployment_CPU": 0.25367753621501365, "kubernetes_prometheus_rules": "kubernetes_prometheus_rules", "add_security_context": "add_security_context", "delay_treatment": "delay_treatment"}, {"pod": "astronomy-shop-recommendationservice-7b9564b48f-s8x9k", "timestamp": 1737549536.919, "sum(rate(container_cpu_usage_seconds_total{namespace=\"system-under-evaluation\", pod=~\"astronomy-shop-recommendationservice.*\"}[90s])) by (pod)": 0.25367753621501365, "recommendation_deployment_CPU": 0.25367753621501365, "kubernetes_prometheus_rules": "kubernetes_prometheus_rules", "add_security_context": "add_security_context", "delay_treatment": "delay_treatment"}, {"pod": "astronomy-shop-recommendationservice-7b9564b48f-s8x9k", "timestamp": 1737549537.919, "sum(rate(container_cpu_usage_seconds_total{namespace=\"system-under-evaluation\", pod=~\"astronomy-shop-recommendationservice.*\"}[90s])) by (pod)": 0.25367753621501365, "recommendation_deployment_CPU": 0.25367753621501365, "kubernetes_prometheus_rules": "kubernetes_prometheus_rules", "add_security_context": "add_security_context", "delay_treatment": "delay_treatment"}, {"pod": "astronomy-shop-recommendationservice-7b9564b48f-s8x9k", "timestamp": 1737549538.919, "sum(rate(container_cpu_usage_seconds_total{namespace=\"system-under-evaluation\", pod=~\"astronomy-shop-recommendationservice.*\"}[90s])) by (pod)": 0.25367753621501365, "recommendation_deployment_CPU": 0.25367753621501365, "kubernetes_prometheus_rules": "kubernetes_prometheus_rules", "add_security_context": "add_security_context", "delay_treatment": "delay_treatment"}, {"pod": "astronomy-shop-recommendationservice-7b9564b48f-s8x9k", "timestamp": 1737549539.919, "sum(rate(container_cpu_usage_seconds_total{namespace=\"system-under-evaluation\", pod=~\"astronomy-shop-recommendationservice.*\"}[90s])) by (pod)": 0.25367753621501365, "recommendation_deployment_CPU": 0.25367753621501365, "kubernetes_prometheus_rules": "kubernetes_prometheus_rules", "add_security_context": "add_security_context", "delay_treatment": "delay_treatment"}, {"pod": "astronomy-shop-recommendationservice-7b9564b48f-s8x9k", "timestamp": 1737549540.919, "sum(rate(container_cpu_usage_seconds_total{namespace=\"system-under-evaluation\", pod=~\"astronomy-shop-recommendationservice.*\"}[90s])) by (pod)": 0.25367753621501365, "recommendation_deployment_CPU": 0.25367753621501365, "kubernetes_prometheus_rules": "kubernetes_prometheus_rules", "add_security_context": "add_security_context", "delay_treatment": "delay_treatment"}, {"pod": "astronomy-shop-recommendationservice-7b9564b48f-s8x9k", "timestamp": 1737549541.919, "sum(rate(container_cpu_usage_seconds_total{namespace=\"system-under-evaluation\", pod=~\"astronomy-shop-recommendationservice.*\"}[90s])) by (pod)": 0.25367753621501365, "recommendation_deployment_CPU": 0.25367753621501365, "kubernetes_prometheus_rules": "kubernetes_prometheus_rules", "add_security_context": "add_security_context", "delay_treatment": "delay_treatment"}, {"pod": "astronomy-shop-recommendationservice-7b9564b48f-s8x9k", "timestamp": 1737549542.919, "sum(rate(container_cpu_usage_seconds_total{namespace=\"system-under-evaluation\", pod=~\"astronomy-shop-recommendationservice.*\"}[90s])) by (pod)": 0.25367753621501365, "recommendation_deployment_CPU": 0.25367753621501365, "kubernetes_prometheus_rules": "kubernetes_prometheus_rules", "add_security_context": "add_security_context", "delay_treatment": "delay_treatment"}, {"pod": "astronomy-shop-recommendationservice-7b9564b48f-s8x9k", "timestamp": 1737549543.919, "sum(rate(container_cpu_usage_seconds_total{namespace=\"system-under-evaluation\", pod=~\"astronomy-shop-recommendationservice.*\"}[90s])) by (pod)": 0.25367753621501365, "recommendation_deployment_CPU": 0.25367753621501365, "kubernetes_prometheus_rules": "kubernetes_prometheus_rules", "add_security_context": "add_security_context", "delay_treatment": "delay_treatment"}, {"pod": "astronomy-shop-recommendationservice-7b9564b48f-s8x9k", "timestamp": 1737549544.919, "sum(rate(container_cpu_usage_seconds_total{namespace=\"system-under-evaluation\", pod=~\"astronomy-shop-recommendationservice.*\"}[90s])) by (pod)": 0.25367753621501365, "recommendation_deployment_CPU": 0.25367753621501365, "kubernetes_prometheus_rules": "kubernetes_prometheus_rules", "add_security_context": "add_security_context", "delay_treatment": "delay_treatment"}, {"pod": "astronomy-shop-recommendationservice-7b9564b48f-s8x9k", "timestamp": 1737549545.919, "sum(rate(container_cpu_usage_seconds_total{namespace=\"system-under-evaluation\", pod=~\"astronomy-shop-recommendationservice.*\"}[90s])) by (pod)": 0.25367753621501365, "recommendation_deployment_CPU": 0.25367753621501365, "kubernetes_prometheus_rules": "kubernetes_prometheus_rules", "add_security_context": "add_security_context", "delay_treatment": "delay_treatment"}, {"pod": "astronomy-shop-recommendationservice-7b9564b48f-s8x9k", "timestamp": 1737549546.919, "sum(rate(container_cpu_usage_seconds_total{namespace=\"system-under-evaluation\", pod=~\"astronomy-shop-recommendationservice.*\"}[90s])) by (pod)": 0.2503799505892512, "recommendation_deployment_CPU": 0.2503799505892512, "kubernetes_prometheus_rules": "kubernetes_prometheus_rules", "add_security_context": "add_security_context", "delay_treatment": "delay_treatment"}, {"pod": "astronomy-shop-recommendationservice-7b9564b48f-s8x9k", "timestamp": 1737549547.919, "sum(rate(container_cpu_usage_seconds_total{namespace=\"system-under-evaluation\", pod=~\"astronomy-shop-recommendationservice.*\"}[90s])) by (pod)": 0.2503799505892512, "recommendation_deployment_CPU": 0.2503799505892512, "kubernetes_prometheus_rules": "kubernetes_prometheus_rules", "add_security_context": "add_security_context", "delay_treatment": "delay_treatment"}, {"pod": "astronomy-shop-recommendationservice-7b9564b48f-s8x9k", "timestamp": 1737549548.919, "sum(rate(container_cpu_usage_seconds_total{namespace=\"system-under-evaluation\", pod=~\"astronomy-shop-recommendationservice.*\"}[90s])) by (pod)": 0.2503799505892512, "recommendation_deployment_CPU": 0.2503799505892512, "kubernetes_prometheus_rules": "kubernetes_prometheus_rules", "add_security_context": "add_security_context", "delay_treatment": "delay_treatment"}, {"pod": "astronomy-shop-recommendationservice-7b9564b48f-s8x9k", "timestamp": 1737549549.919, "sum(rate(container_cpu_usage_seconds_total{namespace=\"system-under-evaluation\", pod=~\"astronomy-shop-recommendationservice.*\"}[90s])) by (pod)": 0.2503799505892512, "recommendation_deployment_CPU": 0.2503799505892512, "kubernetes_prometheus_rules": "kubernetes_prometheus_rules", "add_security_context": "add_security_context", "delay_treatment": "delay_treatment"}, {"pod": "astronomy-shop-recommendationservice-7b9564b48f-s8x9k", "timestamp": 1737549550.919, "sum(rate(container_cpu_usage_seconds_total{namespace=\"system-under-evaluation\", pod=~\"astronomy-shop-recommendationservice.*\"}[90s])) by (pod)": 0.24982571969343953, "recommendation_deployment_CPU": 0.24982571969343953, "kubernetes_prometheus_rules": "kubernetes_prometheus_rules", "add_security_context": "add_security_context", "delay_treatment": "delay_treatment"}, {"pod": "astronomy-shop-recommendationservice-7b9564b48f-s8x9k", "timestamp": 1737549551.919, "sum(rate(container_cpu_usage_seconds_total{namespace=\"system-under-evaluation\", pod=~\"astronomy-shop-recommendationservice.*\"}[90s])) by (pod)": 0.24982571969343953, "recommendation_deployment_CPU": 0.24982571969343953, "kubernetes_prometheus_rules": "kubernetes_prometheus_rules", "add_security_context": "add_security_context", "delay_treatment": "delay_treatment"}, {"pod": "astronomy-shop-recommendationservice-7b9564b48f-s8x9k", "timestamp": 1737549552.919, "sum(rate(container_cpu_usage_seconds_total{namespace=\"system-under-evaluation\", pod=~\"astronomy-shop-recommendationservice.*\"}[90s])) by (pod)": 0.2412301593904818, "recommendation_deployment_CPU": 0.2412301593904818, "kubernetes_prometheus_rules": "kubernetes_prometheus_rules", "add_security_context": "add_security_context", "delay_treatment": "delay_treatment"}, {"pod": "astronomy-shop-recommendationservice-7b9564b48f-s8x9k", "timestamp": 1737549553.919, "sum(rate(container_cpu_usage_seconds_total{namespace=\"system-under-evaluation\", pod=~\"astronomy-shop-recommendationservice.*\"}[90s])) by (pod)": 0.2412301593904818, "recommendation_deployment_CPU": 0.2412301593904818, "kubernetes_prometheus_rules": "kubernetes_prometheus_rules", "add_security_context": "add_security_context", "delay_treatment": "delay_treatment"}, {"pod": "astronomy-shop-recommendationservice-7b9564b48f-s8x9k", "timestamp": 1737549554.919, "sum(rate(container_cpu_usage_seconds_total{namespace=\"system-under-evaluation\", pod=~\"astronomy-shop-recommendationservice.*\"}[90s])) by (pod)": 0.23706557917148552, "recommendation_deployment_CPU": 0.23706557917148552, "kubernetes_prometheus_rules": "kubernetes_prometheus_rules", "add_security_context": "add_security_context", "delay_treatment": "delay_treatment"}, {"pod": "astronomy-shop-recommendationservice-7b9564b48f-s8x9k", "timestamp": 1737549555.919, "sum(rate(container_cpu_usage_seconds_total{namespace=\"system-under-evaluation\", pod=~\"astronomy-shop-recommendationservice.*\"}[90s])) by (pod)": 0.23706557917148552, "recommendation_deployment_CPU": 0.23706557917148552, "kubernetes_prometheus_rules": "kubernetes_prometheus_rules", "add_security_context": "add_security_context", "delay_treatment": "delay_treatment"}, {"pod": "astronomy-shop-recommendationservice-7b9564b48f-s8x9k", "timestamp": 1737549556.919, "sum(rate(container_cpu_usage_seconds_total{namespace=\"system-under-evaluation\", pod=~\"astronomy-shop-recommendationservice.*\"}[90s])) by (pod)": 0.23706557917148552, "recommendation_deployment_CPU": 0.23706557917148552, "kubernetes_prometheus_rules": "kubernetes_prometheus_rules", "add_security_context": "add_security_context", "delay_treatment": "delay_treatment"}, {"pod": "astronomy-shop-recommendationservice-7b9564b48f-s8x9k", "timestamp": 1737549557.919, "sum(rate(container_cpu_usage_seconds_total{namespace=\"system-under-evaluation\", pod=~\"astronomy-shop-recommendationservice.*\"}[90s])) by (pod)": 0.23706557917148552, "recommendation_deployment_CPU": 0.23706557917148552, "kubernetes_prometheus_rules": "kubernetes_prometheus_rules", "add_security_context": "add_security_context", "delay_treatment": "delay_treatment"}, {"pod": "astronomy-shop-recommendationservice-7b9564b48f-s8x9k", "timestamp": 1737549558.919, "sum(rate(container_cpu_usage_seconds_total{namespace=\"system-under-evaluation\", pod=~\"astronomy-shop-recommendationservice.*\"}[90s])) by (pod)": 0.23706557917148552, "recommendation_deployment_CPU": 0.23706557917148552, "kubernetes_prometheus_rules": "kubernetes_prometheus_rules", "add_security_context": "add_security_context", "delay_treatment": "delay_treatment"}, {"pod": "astronomy-shop-recommendationservice-7b9564b48f-s8x9k", "timestamp": 1737549559.919, "sum(rate(container_cpu_usage_seconds_total{namespace=\"system-under-evaluation\", pod=~\"astronomy-shop-recommendationservice.*\"}[90s])) by (pod)": 0.23706557917148552, "recommendation_deployment_CPU": 0.23706557917148552, "kubernetes_prometheus_rules": "kubernetes_prometheus_rules", "add_security_context": "add_security_context", "delay_treatment": "delay_treatment"}, {"pod": "astronomy-shop-recommendationservice-7b9564b48f-s8x9k", "timestamp": 1737549560.919, "sum(rate(container_cpu_usage_seconds_total{namespace=\"system-under-evaluation\", pod=~\"astronomy-shop-recommendationservice.*\"}[90s])) by (pod)": 0.23706557917148552, "recommendation_deployment_CPU": 0.23706557917148552, "kubernetes_prometheus_rules": "kubernetes_prometheus_rules", "add_security_context": "add_security_context", "delay_treatment": "delay_treatment"}, {"pod": "astronomy-shop-recommendationservice-7b9564b48f-s8x9k", "timestamp": 1737549561.919, "sum(rate(container_cpu_usage_seconds_total{namespace=\"system-under-evaluation\", pod=~\"astronomy-shop-recommendationservice.*\"}[90s])) by (pod)": 0.23706557917148552, "recommendation_deployment_CPU": 0.23706557917148552, "kubernetes_prometheus_rules": "kubernetes_prometheus_rules", "add_security_context": "add_security_context", "delay_treatment": "delay_treatment"}, {"pod": "astronomy-shop-recommendationservice-7b9564b48f-s8x9k", "timestamp": 1737549562.919, "sum(rate(container_cpu_usage_seconds_total{namespace=\"system-under-evaluation\", pod=~\"astronomy-shop-recommendationservice.*\"}[90s])) by (pod)": 0.23706557917148552, "recommendation_deployment_CPU": 0.23706557917148552, "kubernetes_prometheus_rules": "kubernetes_prometheus_rules", "add_security_context": "add_security_context", "delay_treatment": "delay_treatment"}, {"pod": "astronomy-shop-recommendationservice-7b9564b48f-s8x9k", "timestamp": 1737549563.919, "sum(rate(container_cpu_usage_seconds_total{namespace=\"system-under-evaluation\", pod=~\"astronomy-shop-recommendationservice.*\"}[90s])) by (pod)": 0.23706557917148552, "recommendation_deployment_CPU": 0.23706557917148552, "kubernetes_prometheus_rules": "kubernetes_prometheus_rules", "add_security_context": "add_security_context", "delay_treatment": "delay_treatment"}, {"pod": "astronomy-shop-recommendationservice-7b9564b48f-s8x9k", "timestamp": 1737549564.919, "sum(rate(container_cpu_usage_seconds_total{namespace=\"system-under-evaluation\", pod=~\"astronomy-shop-recommendationservice.*\"}[90s])) by (pod)": 0.23706557917148552, "recommendation_deployment_CPU": 0.23706557917148552, "kubernetes_prometheus_rules": "kubernetes_prometheus_rules", "add_security_context": "add_security_context", "delay_treatment": "delay_treatment"}, {"pod": "astronomy-shop-recommendationservice-7b9564b48f-s8x9k", "timestamp": 1737549565.919, "sum(rate(container_cpu_usage_seconds_total{namespace=\"system-under-evaluation\", pod=~\"astronomy-shop-recommendationservice.*\"}[90s])) by (pod)": 0.23706557917148552, "recommendation_deployment_CPU": 0.23706557917148552, "kubernetes_prometheus_rules": "kubernetes_prometheus_rules", "add_security_context": "add_security_context", "delay_treatment": "delay_treatment"}, {"pod": "astronomy-shop-recommendationservice-7b9564b48f-s8x9k", "timestamp": 1737549566.919, "sum(rate(container_cpu_usage_seconds_total{namespace=\"system-under-evaluation\", pod=~\"astronomy-shop-recommendationservice.*\"}[90s])) by (pod)": 0.23706557917148552, "recommendation_deployment_CPU": 0.23706557917148552, "kubernetes_prometheus_rules": "kubernetes_prometheus_rules", "add_security_context": "add_security_context", "delay_treatment": "delay_treatment"}, {"pod": "astronomy-shop-recommendationservice-7b9564b48f-s8x9k", "timestamp": 1737549567.919, "sum(rate(container_cpu_usage_seconds_total{namespace=\"system-under-evaluation\", pod=~\"astronomy-shop-recommendationservice.*\"}[90s])) by (pod)": 0.23706557917148552, "recommendation_deployment_CPU": 0.23706557917148552, "kubernetes_prometheus_rules": "kubernetes_prometheus_rules", "add_security_context": "add_security_context", "delay_treatment": "delay_treatment"}, {"pod": "astronomy-shop-recommendationservice-7b9564b48f-s8x9k", "timestamp": 1737549568.919, "sum(rate(container_cpu_usage_seconds_total{namespace=\"system-under-evaluation\", pod=~\"astronomy-shop-recommendationservice.*\"}[90s])) by (pod)": 0.23706557917148552, "recommendation_deployment_CPU": 0.23706557917148552, "kubernetes_prometheus_rules": "kubernetes_prometheus_rules", "add_security_context": "add_security_context", "delay_treatment": "delay_treatment"}, {"pod": "astronomy-shop-recommendationservice-7b9564b48f-s8x9k", "timestamp": 1737549569.919, "sum(rate(container_cpu_usage_seconds_total{namespace=\"system-under-evaluation\", pod=~\"astronomy-shop-recommendationservice.*\"}[90s])) by (pod)": 0.23706557917148552, "recommendation_deployment_CPU": 0.23706557917148552, "kubernetes_prometheus_rules": "kubernetes_prometheus_rules", "add_security_context": "add_security_context", "delay_treatment": "delay_treatment"}, {"pod": "astronomy-shop-recommendationservice-7b9564b48f-s8x9k", "timestamp": 1737549570.919, "sum(rate(container_cpu_usage_seconds_total{namespace=\"system-under-evaluation\", pod=~\"astronomy-shop-recommendationservice.*\"}[90s])) by (pod)": 0.23706557917148552, "recommendation_deployment_CPU": 0.23706557917148552, "kubernetes_prometheus_rules": "kubernetes_prometheus_rules", "add_security_context": "add_security_context", "delay_treatment": "delay_treatment"}, {"pod": "astronomy-shop-recommendationservice-7b9564b48f-s8x9k", "timestamp": 1737549571.919, "sum(rate(container_cpu_usage_seconds_total{namespace=\"system-under-evaluation\", pod=~\"astronomy-shop-recommendationservice.*\"}[90s])) by (pod)": 0.23706557917148552, "recommendation_deployment_CPU": 0.23706557917148552, "kubernetes_prometheus_rules": "kubernetes_prometheus_rules", "add_security_context": "add_security_context", "delay_treatment": "delay_treatment"}, {"pod": "astronomy-shop-recommendationservice-7b9564b48f-s8x9k", "timestamp": 1737549572.919, "sum(rate(container_cpu_usage_seconds_total{namespace=\"system-under-evaluation\", pod=~\"astronomy-shop-recommendationservice.*\"}[90s])) by (pod)": 0.23706557917148552, "recommendation_deployment_CPU": 0.23706557917148552, "kubernetes_prometheus_rules": "kubernetes_prometheus_rules", "add_security_context": "add_security_context", "delay_treatment": "delay_treatment"}, {"pod": "astronomy-shop-recommendationservice-7b9564b48f-s8x9k", "timestamp": 1737549573.919, "sum(rate(container_cpu_usage_seconds_total{namespace=\"system-under-evaluation\", pod=~\"astronomy-shop-recommendationservice.*\"}[90s])) by (pod)": 0.23706557917148552, "recommendation_deployment_CPU": 0.23706557917148552, "kubernetes_prometheus_rules": "kubernetes_prometheus_rules", "add_security_context": "add_security_context", "delay_treatment": "delay_treatment"}, {"pod": "astronomy-shop-recommendationservice-7b9564b48f-s8x9k", "timestamp": 1737549574.919, "sum(rate(container_cpu_usage_seconds_total{namespace=\"system-under-evaluation\", pod=~\"astronomy-shop-recommendationservice.*\"}[90s])) by (pod)": 0.23706557917148552, "recommendation_deployment_CPU": 0.23706557917148552, "kubernetes_prometheus_rules": "kubernetes_prometheus_rules", "add_security_context": "add_security_context", "delay_treatment": "delay_treatment"}, {"pod": "astronomy-shop-recommendationservice-7b9564b48f-s8x9k", "timestamp": 1737549575.919, "sum(rate(container_cpu_usage_seconds_total{namespace=\"system-under-evaluation\", pod=~\"astronomy-shop-recommendationservice.*\"}[90s])) by (pod)": 0.23706557917148552, "recommendation_deployment_CPU": 0.23706557917148552, "kubernetes_prometheus_rules": "kubernetes_prometheus_rules", "add_security_context": "add_security_context", "delay_treatment": "delay_treatment"}, {"pod": "astronomy-shop-recommendationservice-7b9564b48f-s8x9k", "timestamp": 1737549576.919, "sum(rate(container_cpu_usage_seconds_total{namespace=\"system-under-evaluation\", pod=~\"astronomy-shop-recommendationservice.*\"}[90s])) by (pod)": 0.23706557917148552, "recommendation_deployment_CPU": 0.23706557917148552, "kubernetes_prometheus_rules": "kubernetes_prometheus_rules", "add_security_context": "add_security_context", "delay_treatment": "delay_treatment"}, {"pod": "astronomy-shop-recommendationservice-7b9564b48f-s8x9k", "timestamp": 1737549577.919, "sum(rate(container_cpu_usage_seconds_total{namespace=\"system-under-evaluation\", pod=~\"astronomy-shop-recommendationservice.*\"}[90s])) by (pod)": 0.23706557917148552, "recommendation_deployment_CPU": 0.23706557917148552, "kubernetes_prometheus_rules": "kubernetes_prometheus_rules", "add_security_context": "add_security_context", "delay_treatment": "delay_treatment"}, {"pod": "astronomy-shop-recommendationservice-7b9564b48f-s8x9k", "timestamp": 1737549578.919, "sum(rate(container_cpu_usage_seconds_total{namespace=\"system-under-evaluation\", pod=~\"astronomy-shop-recommendationservice.*\"}[90s])) by (pod)": 0.23706557917148552, "recommendation_deployment_CPU": 0.23706557917148552, "kubernetes_prometheus_rules": "kubernetes_prometheus_rules", "add_security_context": "add_security_context", "delay_treatment": "delay_treatment"}, {"pod": "astronomy-shop-recommendationservice-7b9564b48f-s8x9k", "timestamp": 1737549579.919, "sum(rate(container_cpu_usage_seconds_total{namespace=\"system-under-evaluation\", pod=~\"astronomy-shop-recommendationservice.*\"}[90s])) by (pod)": 0.23706557917148552, "recommendation_deployment_CPU": 0.23706557917148552, "kubernetes_prometheus_rules": "kubernetes_prometheus_rules", "add_security_context": "add_security_context", "delay_treatment": "delay_treatment"}, {"pod": "astronomy-shop-recommendationservice-7b9564b48f-s8x9k", "timestamp": 1737549580.919, "sum(rate(container_cpu_usage_seconds_total{namespace=\"system-under-evaluation\", pod=~\"astronomy-shop-recommendationservice.*\"}[90s])) by (pod)": 0.17947581969583842, "recommendation_deployment_CPU": 0.17947581969583842, "kubernetes_prometheus_rules": "kubernetes_prometheus_rules", "add_security_context": "add_security_context", "delay_treatment": "delay_treatment"}, {"pod": "astronomy-shop-recommendationservice-7b9564b48f-s8x9k", "timestamp": 1737549581.919, "sum(rate(container_cpu_usage_seconds_total{namespace=\"system-under-evaluation\", pod=~\"astronomy-shop-recommendationservice.*\"}[90s])) by (pod)": 0.16686884058463053, "recommendation_deployment_CPU": 0.16686884058463053, "kubernetes_prometheus_rules": "kubernetes_prometheus_rules", "add_security_context": "add_security_context", "delay_treatment": "delay_treatment"}, {"pod": "astronomy-shop-recommendationservice-7b9564b48f-s8x9k", "timestamp": 1737549582.919, "sum(rate(container_cpu_usage_seconds_total{namespace=\"system-under-evaluation\", pod=~\"astronomy-shop-recommendationservice.*\"}[90s])) by (pod)": 0.15643188508086742, "recommendation_deployment_CPU": 0.15643188508086742, "kubernetes_prometheus_rules": "kubernetes_prometheus_rules", "add_security_context": "add_security_context", "delay_treatment": "delay_treatment"}, {"pod": "astronomy-shop-recommendationservice-7b9564b48f-s8x9k", "timestamp": 1737549583.919, "sum(rate(container_cpu_usage_seconds_total{namespace=\"system-under-evaluation\", pod=~\"astronomy-shop-recommendationservice.*\"}[90s])) by (pod)": 0.15643188508086742, "recommendation_deployment_CPU": 0.15643188508086742, "kubernetes_prometheus_rules": "kubernetes_prometheus_rules", "add_security_context": "add_security_context", "delay_treatment": "delay_treatment"}, {"pod": "astronomy-shop-recommendationservice-7b9564b48f-s8x9k", "timestamp": 1737549584.919, "sum(rate(container_cpu_usage_seconds_total{namespace=\"system-under-evaluation\", pod=~\"astronomy-shop-recommendationservice.*\"}[90s])) by (pod)": 0.15643188508086742, "recommendation_deployment_CPU": 0.15643188508086742, "kubernetes_prometheus_rules": "kubernetes_prometheus_rules", "add_security_context": "add_security_context", "delay_treatment": "delay_treatment"}, {"pod": "astronomy-shop-recommendationservice-7b9564b48f-s8x9k", "timestamp": 1737549585.919, "sum(rate(container_cpu_usage_seconds_total{namespace=\"system-under-evaluation\", pod=~\"astronomy-shop-recommendationservice.*\"}[90s])) by (pod)": 0.15643188508086742, "recommendation_deployment_CPU": 0.15643188508086742, "kubernetes_prometheus_rules": "kubernetes_prometheus_rules", "add_security_context": "add_security_context", "delay_treatment": "delay_treatment"}, {"pod": "astronomy-shop-recommendationservice-7b9564b48f-s8x9k", "timestamp": 1737549586.919, "sum(rate(container_cpu_usage_seconds_total{namespace=\"system-under-evaluation\", pod=~\"astronomy-shop-recommendationservice.*\"}[90s])) by (pod)": 0.15643188508086742, "recommendation_deployment_CPU": 0.15643188508086742, "kubernetes_prometheus_rules": "kubernetes_prometheus_rules", "add_security_context": "add_security_context", "delay_treatment": "delay_treatment"}, {"pod": "astronomy-shop-recommendationservice-7b9564b48f-s8x9k", "timestamp": 1737549587.919, "sum(rate(container_cpu_usage_seconds_total{namespace=\"system-under-evaluation\", pod=~\"astronomy-shop-recommendationservice.*\"}[90s])) by (pod)": 0.15643188508086742, "recommendation_deployment_CPU": 0.15643188508086742, "kubernetes_prometheus_rules": "kubernetes_prometheus_rules", "add_security_context": "add_security_context", "delay_treatment": "delay_treatment"}, {"pod": "astronomy-shop-recommendationservice-7b9564b48f-s8x9k", "timestamp": 1737549588.919, "sum(rate(container_cpu_usage_seconds_total{namespace=\"system-under-evaluation\", pod=~\"astronomy-shop-recommendationservice.*\"}[90s])) by (pod)": 0.15643188508086742, "recommendation_deployment_CPU": 0.15643188508086742, "kubernetes_prometheus_rules": "kubernetes_prometheus_rules", "add_security_context": "add_security_context", "delay_treatment": "delay_treatment"}, {"pod": "astronomy-shop-recommendationservice-7b9564b48f-s8x9k", "timestamp": 1737549589.919, "sum(rate(container_cpu_usage_seconds_total{namespace=\"system-under-evaluation\", pod=~\"astronomy-shop-recommendationservice.*\"}[90s])) by (pod)": 0.15643188508086742, "recommendation_deployment_CPU": 0.15643188508086742, "kubernetes_prometheus_rules": "NoTreatment", "add_security_context": "NoTreatment", "delay_treatment": "NoTreatment"}, {"pod": "astronomy-shop-recommendationservice-7b9564b48f-s8x9k", "timestamp": 1737549590.919, "sum(rate(container_cpu_usage_seconds_total{namespace=\"system-under-evaluation\", pod=~\"astronomy-shop-recommendationservice.*\"}[90s])) by (pod)": 0.15643188508086742, "recommendation_deployment_CPU": 0.15643188508086742, "kubernetes_prometheus_rules": "NoTreatment", "add_security_context": "NoTreatment", "delay_treatment": "NoTreatment"}, {"pod": "astronomy-shop-recommendationservice-7b9564b48f-s8x9k", "timestamp": 1737549591.919, "sum(rate(container_cpu_usage_seconds_total{namespace=\"system-under-evaluation\", pod=~\"astronomy-shop-recommendationservice.*\"}[90s])) by (pod)": 0.19393027241062605, "recommendation_deployment_CPU": 0.19393027241062605, "kubernetes_prometheus_rules": "NoTreatment", "add_security_context": "NoTreatment", "delay_treatment": "NoTreatment"}, {"pod": "astronomy-shop-recommendationservice-7b9564b48f-s8x9k", "timestamp": 1737549592.919, "sum(rate(container_cpu_usage_seconds_total{namespace=\"system-under-evaluation\", pod=~\"astronomy-shop-recommendationservice.*\"}[90s])) by (pod)": 0.19393027241062605, "recommendation_deployment_CPU": 0.19393027241062605, "kubernetes_prometheus_rules": "NoTreatment", "add_security_context": "NoTreatment", "delay_treatment": "NoTreatment"}, {"pod": "astronomy-shop-recommendationservice-7b9564b48f-s8x9k", "timestamp": 1737549593.919, "sum(rate(container_cpu_usage_seconds_total{namespace=\"system-under-evaluation\", pod=~\"astronomy-shop-recommendationservice.*\"}[90s])) by (pod)": 0.19393027241062605, "recommendation_deployment_CPU": 0.19393027241062605, "kubernetes_prometheus_rules": "NoTreatment", "add_security_context": "NoTreatment", "delay_treatment": "NoTreatment"}, {"pod": "astronomy-shop-recommendationservice-7b9564b48f-s8x9k", "timestamp": 1737549594.919, "sum(rate(container_cpu_usage_seconds_total{namespace=\"system-under-evaluation\", pod=~\"astronomy-shop-recommendationservice.*\"}[90s])) by (pod)": 0.19393027241062605, "recommendation_deployment_CPU": 0.19393027241062605, "kubernetes_prometheus_rules": "NoTreatment", "add_security_context": "NoTreatment", "delay_treatment": "NoTreatment"}, {"pod": "astronomy-shop-recommendationservice-7b9564b48f-s8x9k", "timestamp": 1737549595.919, "sum(rate(container_cpu_usage_seconds_total{namespace=\"system-under-evaluation\", pod=~\"astronomy-shop-recommendationservice.*\"}[90s])) by (pod)": 0.19393027241062605, "recommendation_deployment_CPU": 0.19393027241062605, "kubernetes_prometheus_rules": "NoTreatment", "add_security_context": "NoTreatment", "delay_treatment": "NoTreatment"}, {"pod": "astronomy-shop-recommendationservice-7b9564b48f-s8x9k", "timestamp": 1737549596.919, "sum(rate(container_cpu_usage_seconds_total{namespace=\"system-under-evaluation\", pod=~\"astronomy-shop-recommendationservice.*\"}[90s])) by (pod)": 0.19393027241062605, "recommendation_deployment_CPU": 0.19393027241062605, "kubernetes_prometheus_rules": "NoTreatment", "add_security_context": "NoTreatment", "delay_treatment": "NoTreatment"}, {"pod": "astronomy-shop-recommendationservice-7b9564b48f-s8x9k", "timestamp": 1737549597.919, "sum(rate(container_cpu_usage_seconds_total{namespace=\"system-under-evaluation\", pod=~\"astronomy-shop-recommendationservice.*\"}[90s])) by (pod)": 0.19393027241062605, "recommendation_deployment_CPU": 0.19393027241062605, "kubernetes_prometheus_rules": "NoTreatment", "add_security_context": "NoTreatment", "delay_treatment": "NoTreatment"}, {"pod": "astronomy-shop-recommendationservice-7b9564b48f-s8x9k", "timestamp": 1737549598.919, "sum(rate(container_cpu_usage_seconds_total{namespace=\"system-under-evaluation\", pod=~\"astronomy-shop-recommendationservice.*\"}[90s])) by (pod)": 0.19393027241062605, "recommendation_deployment_CPU": 0.19393027241062605, "kubernetes_prometheus_rules": "NoTreatment", "add_security_context": "NoTreatment", "delay_treatment": "NoTreatment"}]