[{"pod": "astronomy-shop-recommendationservice-7b9564b48f-s8x9k", "timestamp": 1737550200.343, "sum(rate(container_cpu_usage_seconds_total{namespace=\"system-under-evaluation\", pod=~\"astronomy-shop-recommendationservice.*\"}[90s])) by (pod)": 0.12844256578320085, "recommendation_deployment_CPU": 0.12844256578320085, "kubernetes_prometheus_rules": "kubernetes_prometheus_rules", "add_security_context": "NoTreatment", "delay_treatment": "NoTreatment"}, {"pod": "astronomy-shop-recommendationservice-7b9564b48f-s8x9k", "timestamp": 1737550201.343, "sum(rate(container_cpu_usage_seconds_total{namespace=\"system-under-evaluation\", pod=~\"astronomy-shop-recommendationservice.*\"}[90s])) by (pod)": 0.12844256578320085, "recommendation_deployment_CPU": 0.12844256578320085, "kubernetes_prometheus_rules": "kubernetes_prometheus_rules", "add_security_context": "NoTreatment", "delay_treatment": "NoTreatment"}, {"pod": "astronomy-shop-recommendationservice-7b9564b48f-s8x9k", "timestamp": 1737550202.343, "sum(rate(container_cpu_usage_seconds_total{namespace=\"system-under-evaluation\", pod=~\"astronomy-shop-recommendationservice.*\"}[90s])) by (pod)": 0.12844256578320085, "recommendation_deployment_CPU": 0.12844256578320085, "kubernetes_prometheus_rules": "kubernetes_prometheus_rules", "add_security_context": "NoTreatment", "delay_treatment": "NoTreatment"}, {"pod": "astronomy-shop-recommendationservice-7b9564b48f-s8x9k", "timestamp": 1737550203.343, "sum(rate(container_cpu_usage_seconds_total{namespace=\"system-under-evaluation\", pod=~\"astronomy-shop-recommendationservice.*\"}[90s])) by (pod)": 0.12844256578320085, "recommendation_deployment_CPU": 0.12844256578320085, "kubernetes_prometheus_rules": "kubernetes_prometheus_rules", "add_security_context": "NoTreatment", "delay_treatment": "NoTreatment"}, {"pod": "astronomy-shop-recommendationservice-7b9564b48f-s8x9k", "timestamp": 1737550204.343, "sum(rate(container_cpu_usage_seconds_total{namespace=\"system-under-evaluation\", pod=~\"astronomy-shop-recommendationservice.*\"}[90s])) by (pod)": 0.12844256578320085, "recommendation_deployment_CPU": 0.12844256578320085, "kubernetes_prometheus_rules": "kubernetes_prometheus_rules", "add_security_context": "NoTreatment", "delay_treatment": "NoTreatment"}, {"pod": "astronomy-shop-recommendationservice-7b9564b48f-s8x9k", "timestamp": 1737550205.343, "sum(rate(container_cpu_usage_seconds_total{namespace=\"system-under-evaluation\", pod=~\"astronomy-shop-recommendationservice.*\"}[90s])) by (pod)": 0.12844256578320085, "recommendation_deployment_CPU": 0.12844256578320085, "kubernetes_prometheus_rules": "kubernetes_prometheus_rules", "add_security_context": "NoTreatment", "delay_treatment": "NoTreatment"}, {"pod": "astronomy-shop-recommendationservice-7b9564b48f-s8x9k", "timestamp": 1737550206.343, "sum(rate(container_cpu_usage_seconds_total{namespace=\"system-under-evaluation\", pod=~\"astronomy-shop-recommendationservice.*\"}[90s])) by (pod)": 0.12844256578320085, "recommendation_deployment_CPU": 0.12844256578320085, "kubernetes_prometheus_rules": "kubernetes_prometheus_rules", "add_security_context": "NoTreatment", "delay_treatment": "NoTreatment"}, {"pod": "astronomy-shop-recommendationservice-7b9564b48f-s8x9k", "timestamp": 1737550207.343, "sum(rate(container_cpu_usage_seconds_total{namespace=\"system-under-evaluation\", pod=~\"astronomy-shop-recommendationservice.*\"}[90s])) by (pod)": 0.12844256578320085, "recommendation_deployment_CPU": 0.12844256578320085, "kubernetes_prometheus_rules": "kubernetes_prometheus_rules", "add_security_context": "NoTreatment", "delay_treatment": "NoTreatment"}, {"pod": "astronomy-shop-recommendationservice-7b9564b48f-s8x9k", "timestamp": 1737550208.343, "sum(rate(container_cpu_usage_seconds_total{namespace=\"system-under-evaluation\", pod=~\"astronomy-shop-recommendationservice.*\"}[90s])) by (pod)": 0.12844256578320085, "recommendation_deployment_CPU": 0.12844256578320085, "kubernetes_prometheus_rules": "kubernetes_prometheus_rules", "add_security_context": "NoTreatment", "delay_treatment": "NoTreatment"}, {"pod": "astronomy-shop-recommendationservice-7b9564b48f-s8x9k", "timestamp": 1737550209.343, "sum(rate(container_cpu_usage_seconds_total{namespace=\"system-under-evaluation\", pod=~\"astronomy-shop-recommendationservice.*\"}[90s])) by (pod)": 0.12844256578320085, "recommendation_deployment_CPU": 0.12844256578320085, "kubernetes_prometheus_rules": "kubernetes_prometheus_rules", "add_security_context": "NoTreatment", "delay_treatment": "NoTreatment"}, {"pod": "astronomy-shop-recommendationservice-7b9564b48f-s8x9k", "timestamp": 1737550210.343, "sum(rate(container_cpu_usage_seconds_total{namespace=\"system-under-evaluation\", pod=~\"astronomy-shop-recommendationservice.*\"}[90s])) by (pod)": 0.12844256578320085, "recommendation_deployment_CPU": 0.12844256578320085, "kubernetes_prometheus_rules": "kubernetes_prometheus_rules", "add_security_context": "add_security_context", "delay_treatment": "NoTreatment"}, {"pod": "astronomy-shop-recommendationservice-7b9564b48f-s8x9k", "timestamp": 1737550211.343, "sum(rate(container_cpu_usage_seconds_total{namespace=\"system-under-evaluation\", pod=~\"astronomy-shop-recommendationservice.*\"}[90s])) by (pod)": 0.12844256578320085, "recommendation_deployment_CPU": 0.12844256578320085, "kubernetes_prometheus_rules": "kubernetes_prometheus_rules", "add_security_context": "add_security_context", "delay_treatment": "delay_treatment"}, {"pod": "astronomy-shop-recommendationservice-7b9564b48f-s8x9k", "timestamp": 1737550212.343, "sum(rate(container_cpu_usage_seconds_total{namespace=\"system-under-evaluation\", pod=~\"astronomy-shop-recommendationservice.*\"}[90s])) by (pod)": 0.12844256578320085, "recommendation_deployment_CPU": 0.12844256578320085, "kubernetes_prometheus_rules": "kubernetes_prometheus_rules", "add_security_context": "add_security_context", "delay_treatment": "delay_treatment"}, {"pod": "astronomy-shop-recommendationservice-7b9564b48f-s8x9k", "timestamp": 1737550213.343, "sum(rate(container_cpu_usage_seconds_total{namespace=\"system-under-evaluation\", pod=~\"astronomy-shop-recommendationservice.*\"}[90s])) by (pod)": 0.0583772999337433, "recommendation_deployment_CPU": 0.0583772999337433, "kubernetes_prometheus_rules": "kubernetes_prometheus_rules", "add_security_context": "add_security_context", "delay_treatment": "delay_treatment"}, {"pod": "astronomy-shop-recommendationservice-7b9564b48f-s8x9k", "timestamp": 1737550214.343, "sum(rate(container_cpu_usage_seconds_total{namespace=\"system-under-evaluation\", pod=~\"astronomy-shop-recommendationservice.*\"}[90s])) by (pod)": 0.06439765717297763, "recommendation_deployment_CPU": 0.06439765717297763, "kubernetes_prometheus_rules": "kubernetes_prometheus_rules", "add_security_context": "add_security_context", "delay_treatment": "delay_treatment"}, {"pod": "astronomy-shop-recommendationservice-7b9564b48f-s8x9k", "timestamp": 1737550215.343, "sum(rate(container_cpu_usage_seconds_total{namespace=\"system-under-evaluation\", pod=~\"astronomy-shop-recommendationservice.*\"}[90s])) by (pod)": 0.06439765717297763, "recommendation_deployment_CPU": 0.06439765717297763, "kubernetes_prometheus_rules": "kubernetes_prometheus_rules", "add_security_context": "add_security_context", "delay_treatment": "delay_treatment"}, {"pod": "astronomy-shop-recommendationservice-7b9564b48f-s8x9k", "timestamp": 1737550216.343, "sum(rate(container_cpu_usage_seconds_total{namespace=\"system-under-evaluation\", pod=~\"astronomy-shop-recommendationservice.*\"}[90s])) by (pod)": 0.06439765717297763, "recommendation_deployment_CPU": 0.06439765717297763, "kubernetes_prometheus_rules": "kubernetes_prometheus_rules", "add_security_context": "add_security_context", "delay_treatment": "delay_treatment"}, {"pod": "astronomy-shop-recommendationservice-7b9564b48f-s8x9k", "timestamp": 1737550217.343, "sum(rate(container_cpu_usage_seconds_total{namespace=\"system-under-evaluation\", pod=~\"astronomy-shop-recommendationservice.*\"}[90s])) by (pod)": 0.06439765717297763, "recommendation_deployment_CPU": 0.06439765717297763, "kubernetes_prometheus_rules": "kubernetes_prometheus_rules", "add_security_context": "add_security_context", "delay_treatment": "delay_treatment"}, {"pod": "astronomy-shop-recommendationservice-7b9564b48f-s8x9k", "timestamp": 1737550218.343, "sum(rate(container_cpu_usage_seconds_total{namespace=\"system-under-evaluation\", pod=~\"astronomy-shop-recommendationservice.*\"}[90s])) by (pod)": 0.06439765717297763, "recommendation_deployment_CPU": 0.06439765717297763, "kubernetes_prometheus_rules": "kubernetes_prometheus_rules", "add_security_context": "add_security_context", "delay_treatment": "delay_treatment"}, {"pod": "astronomy-shop-recommendationservice-7b9564b48f-s8x9k", "timestamp": 1737550219.343, "sum(rate(container_cpu_usage_seconds_total{namespace=\"system-under-evaluation\", pod=~\"astronomy-shop-recommendationservice.*\"}[90s])) by (pod)": 0.06439765717297763, "recommendation_deployment_CPU": 0.06439765717297763, "kubernetes_prometheus_rules": "kubernetes_prometheus_rules", "add_security_context": "add_security_context", "delay_treatment": "delay_treatment"}, {"pod": "astronomy-shop-recommendationservice-7b9564b48f-s8x9k", "timestamp": 1737550220.343, "sum(rate(container_cpu_usage_seconds_total{namespace=\"system-under-evaluation\", pod=~\"astronomy-shop-recommendationservice.*\"}[90s])) by (pod)": 0.05863081549137322, "recommendation_deployment_CPU": 0.05863081549137322, "kubernetes_prometheus_rules": "kubernetes_prometheus_rules", "add_security_context": "add_security_context", "delay_treatment": "delay_treatment"}, {"pod": "astronomy-shop-recommendationservice-7b9564b48f-s8x9k", "timestamp": 1737550221.343, "sum(rate(container_cpu_usage_seconds_total{namespace=\"system-under-evaluation\", pod=~\"astronomy-shop-recommendationservice.*\"}[90s])) by (pod)": 0.05863081549137322, "recommendation_deployment_CPU": 0.05863081549137322, "kubernetes_prometheus_rules": "kubernetes_prometheus_rules", "add_security_context": "add_security_context", "delay_treatment": "delay_treatment"}, {"pod": "astronomy-shop-recommendationservice-7b9564b48f-s8x9k", "timestamp": 1737550222.343, "sum(rate(container_cpu_usage_seconds_total{namespace=\"system-under-evaluation\", pod=~\"astronomy-shop-recommendationservice.*\"}[90s])) by (pod)": 0.05092842237257997, "recommendation_deployment_CPU": 0.05092842237257997, "kubernetes_prometheus_rules": "kubernetes_prometheus_rules", "add_security_context": "add_security_context", "delay_treatment": "delay_treatment"}, {"pod": "astronomy-shop-recommendationservice-7b9564b48f-s8x9k", "timestamp": 1737550223.343, "sum(rate(container_cpu_usage_seconds_total{namespace=\"system-under-evaluation\", pod=~\"astronomy-shop-recommendationservice.*\"}[90s])) by (pod)": 0.05092842237257997, "recommendation_deployment_CPU": 0.05092842237257997, "kubernetes_prometheus_rules": "kubernetes_prometheus_rules", "add_security_context": "add_security_context", "delay_treatment": "delay_treatment"}, {"pod": "astronomy-shop-recommendationservice-7b9564b48f-s8x9k", "timestamp": 1737550224.343, "sum(rate(container_cpu_usage_seconds_total{namespace=\"system-under-evaluation\", pod=~\"astronomy-shop-recommendationservice.*\"}[90s])) by (pod)": 0.05092842237257997, "recommendation_deployment_CPU": 0.05092842237257997, "kubernetes_prometheus_rules": "kubernetes_prometheus_rules", "add_security_context": "add_security_context", "delay_treatment": "delay_treatment"}, {"pod": "astronomy-shop-recommendationservice-7b9564b48f-s8x9k", "timestamp": 1737550225.343, "sum(rate(container_cpu_usage_seconds_total{namespace=\"system-under-evaluation\", pod=~\"astronomy-shop-recommendationservice.*\"}[90s])) by (pod)": 0.05092842237257997, "recommendation_deployment_CPU": 0.05092842237257997, "kubernetes_prometheus_rules": "kubernetes_prometheus_rules", "add_security_context": "add_security_context", "delay_treatment": "delay_treatment"}, {"pod": "astronomy-shop-recommendationservice-7b9564b48f-s8x9k", "timestamp": 1737550226.343, "sum(rate(container_cpu_usage_seconds_total{namespace=\"system-under-evaluation\", pod=~\"astronomy-shop-recommendationservice.*\"}[90s])) by (pod)": 0.05092842237257997, "recommendation_deployment_CPU": 0.05092842237257997, "kubernetes_prometheus_rules": "kubernetes_prometheus_rules", "add_security_context": "add_security_context", "delay_treatment": "delay_treatment"}, {"pod": "astronomy-shop-recommendationservice-7b9564b48f-s8x9k", "timestamp": 1737550227.343, "sum(rate(container_cpu_usage_seconds_total{namespace=\"system-under-evaluation\", pod=~\"astronomy-shop-recommendationservice.*\"}[90s])) by (pod)": 0.05092842237257997, "recommendation_deployment_CPU": 0.05092842237257997, "kubernetes_prometheus_rules": "kubernetes_prometheus_rules", "add_security_context": "add_security_context", "delay_treatment": "delay_treatment"}, {"pod": "astronomy-shop-recommendationservice-7b9564b48f-s8x9k", "timestamp": 1737550228.343, "sum(rate(container_cpu_usage_seconds_total{namespace=\"system-under-evaluation\", pod=~\"astronomy-shop-recommendationservice.*\"}[90s])) by (pod)": 0.05092842237257997, "recommendation_deployment_CPU": 0.05092842237257997, "kubernetes_prometheus_rules": "kubernetes_prometheus_rules", "add_security_context": "add_security_context", "delay_treatment": "delay_treatment"}, {"pod": "astronomy-shop-recommendationservice-7b9564b48f-s8x9k", "timestamp": 1737550229.343, "sum(rate(container_cpu_usage_seconds_total{namespace=\"system-under-evaluation\", pod=~\"astronomy-shop-recommendationservice.*\"}[90s])) by (pod)": 0.05092842237257997, "recommendation_deployment_CPU": 0.05092842237257997, "kubernetes_prometheus_rules": "kubernetes_prometheus_rules", "add_security_context": "add_security_context", "delay_treatment": "delay_treatment"}, {"pod": "astronomy-shop-recommendationservice-7b9564b48f-s8x9k", "timestamp": 1737550230.343, "sum(rate(container_cpu_usage_seconds_total{namespace=\"system-under-evaluation\", pod=~\"astronomy-shop-recommendationservice.*\"}[90s])) by (pod)": 0.05092842237257997, "recommendation_deployment_CPU": 0.05092842237257997, "kubernetes_prometheus_rules": "kubernetes_prometheus_rules", "add_security_context": "add_security_context", "delay_treatment": "delay_treatment"}, {"pod": "astronomy-shop-recommendationservice-7b9564b48f-s8x9k", "timestamp": 1737550231.343, "sum(rate(container_cpu_usage_seconds_total{namespace=\"system-under-evaluation\", pod=~\"astronomy-shop-recommendationservice.*\"}[90s])) by (pod)": 0.05092842237257997, "recommendation_deployment_CPU": 0.05092842237257997, "kubernetes_prometheus_rules": "kubernetes_prometheus_rules", "add_security_context": "add_security_context", "delay_treatment": "delay_treatment"}, {"pod": "astronomy-shop-recommendationservice-7b9564b48f-s8x9k", "timestamp": 1737550232.343, "sum(rate(container_cpu_usage_seconds_total{namespace=\"system-under-evaluation\", pod=~\"astronomy-shop-recommendationservice.*\"}[90s])) by (pod)": 0.05092842237257997, "recommendation_deployment_CPU": 0.05092842237257997, "kubernetes_prometheus_rules": "kubernetes_prometheus_rules", "add_security_context": "add_security_context", "delay_treatment": "delay_treatment"}, {"pod": "astronomy-shop-recommendationservice-7b9564b48f-s8x9k", "timestamp": 1737550233.343, "sum(rate(container_cpu_usage_seconds_total{namespace=\"system-under-evaluation\", pod=~\"astronomy-shop-recommendationservice.*\"}[90s])) by (pod)": 0.05092842237257997, "recommendation_deployment_CPU": 0.05092842237257997, "kubernetes_prometheus_rules": "kubernetes_prometheus_rules", "add_security_context": "add_security_context", "delay_treatment": "delay_treatment"}, {"pod": "astronomy-shop-recommendationservice-7b9564b48f-s8x9k", "timestamp": 1737550234.343, "sum(rate(container_cpu_usage_seconds_total{namespace=\"system-under-evaluation\", pod=~\"astronomy-shop-recommendationservice.*\"}[90s])) by (pod)": 0.05092842237257997, "recommendation_deployment_CPU": 0.05092842237257997, "kubernetes_prometheus_rules": "kubernetes_prometheus_rules", "add_security_context": "add_security_context", "delay_treatment": "delay_treatment"}, {"pod": "astronomy-shop-recommendationservice-7b9564b48f-s8x9k", "timestamp": 1737550235.343, "sum(rate(container_cpu_usage_seconds_total{namespace=\"system-under-evaluation\", pod=~\"astronomy-shop-recommendationservice.*\"}[90s])) by (pod)": 0.05092842237257997, "recommendation_deployment_CPU": 0.05092842237257997, "kubernetes_prometheus_rules": "kubernetes_prometheus_rules", "add_security_context": "add_security_context", "delay_treatment": "delay_treatment"}, {"pod": "astronomy-shop-recommendationservice-7b9564b48f-s8x9k", "timestamp": 1737550236.343, "sum(rate(container_cpu_usage_seconds_total{namespace=\"system-under-evaluation\", pod=~\"astronomy-shop-recommendationservice.*\"}[90s])) by (pod)": 0.05092842237257997, "recommendation_deployment_CPU": 0.05092842237257997, "kubernetes_prometheus_rules": "kubernetes_prometheus_rules", "add_security_context": "add_security_context", "delay_treatment": "delay_treatment"}, {"pod": "astronomy-shop-recommendationservice-7b9564b48f-s8x9k", "timestamp": 1737550237.343, "sum(rate(container_cpu_usage_seconds_total{namespace=\"system-under-evaluation\", pod=~\"astronomy-shop-recommendationservice.*\"}[90s])) by (pod)": 0.05092842237257997, "recommendation_deployment_CPU": 0.05092842237257997, "kubernetes_prometheus_rules": "kubernetes_prometheus_rules", "add_security_context": "add_security_context", "delay_treatment": "delay_treatment"}, {"pod": "astronomy-shop-recommendationservice-7b9564b48f-s8x9k", "timestamp": 1737550238.343, "sum(rate(container_cpu_usage_seconds_total{namespace=\"system-under-evaluation\", pod=~\"astronomy-shop-recommendationservice.*\"}[90s])) by (pod)": 0.05092842237257997, "recommendation_deployment_CPU": 0.05092842237257997, "kubernetes_prometheus_rules": "kubernetes_prometheus_rules", "add_security_context": "add_security_context", "delay_treatment": "delay_treatment"}, {"pod": "astronomy-shop-recommendationservice-7b9564b48f-s8x9k", "timestamp": 1737550239.343, "sum(rate(container_cpu_usage_seconds_total{namespace=\"system-under-evaluation\", pod=~\"astronomy-shop-recommendationservice.*\"}[90s])) by (pod)": 0.05092842237257997, "recommendation_deployment_CPU": 0.05092842237257997, "kubernetes_prometheus_rules": "kubernetes_prometheus_rules", "add_security_context": "add_security_context", "delay_treatment": "delay_treatment"}, {"pod": "astronomy-shop-recommendationservice-7b9564b48f-s8x9k", "timestamp": 1737550240.343, "sum(rate(container_cpu_usage_seconds_total{namespace=\"system-under-evaluation\", pod=~\"astronomy-shop-recommendationservice.*\"}[90s])) by (pod)": 0.05092842237257997, "recommendation_deployment_CPU": 0.05092842237257997, "kubernetes_prometheus_rules": "kubernetes_prometheus_rules", "add_security_context": "add_security_context", "delay_treatment": "delay_treatment"}, {"pod": "astronomy-shop-recommendationservice-7b9564b48f-s8x9k", "timestamp": 1737550241.343, "sum(rate(container_cpu_usage_seconds_total{namespace=\"system-under-evaluation\", pod=~\"astronomy-shop-recommendationservice.*\"}[90s])) by (pod)": 0.05092842237257997, "recommendation_deployment_CPU": 0.05092842237257997, "kubernetes_prometheus_rules": "kubernetes_prometheus_rules", "add_security_context": "add_security_context", "delay_treatment": "delay_treatment"}, {"pod": "astronomy-shop-recommendationservice-7b9564b48f-s8x9k", "timestamp": 1737550242.343, "sum(rate(container_cpu_usage_seconds_total{namespace=\"system-under-evaluation\", pod=~\"astronomy-shop-recommendationservice.*\"}[90s])) by (pod)": 0.05092842237257997, "recommendation_deployment_CPU": 0.05092842237257997, "kubernetes_prometheus_rules": "kubernetes_prometheus_rules", "add_security_context": "add_security_context", "delay_treatment": "delay_treatment"}, {"pod": "astronomy-shop-recommendationservice-7b9564b48f-s8x9k", "timestamp": 1737550243.343, "sum(rate(container_cpu_usage_seconds_total{namespace=\"system-under-evaluation\", pod=~\"astronomy-shop-recommendationservice.*\"}[90s])) by (pod)": 0.05092842237257997, "recommendation_deployment_CPU": 0.05092842237257997, "kubernetes_prometheus_rules": "kubernetes_prometheus_rules", "add_security_context": "add_security_context", "delay_treatment": "delay_treatment"}, {"pod": "astronomy-shop-recommendationservice-7b9564b48f-s8x9k", "timestamp": 1737550244.343, "sum(rate(container_cpu_usage_seconds_total{namespace=\"system-under-evaluation\", pod=~\"astronomy-shop-recommendationservice.*\"}[90s])) by (pod)": 0.05092842237257997, "recommendation_deployment_CPU": 0.05092842237257997, "kubernetes_prometheus_rules": "kubernetes_prometheus_rules", "add_security_context": "add_security_context", "delay_treatment": "delay_treatment"}, {"pod": "astronomy-shop-recommendationservice-7b9564b48f-s8x9k", "timestamp": 1737550245.343, "sum(rate(container_cpu_usage_seconds_total{namespace=\"system-under-evaluation\", pod=~\"astronomy-shop-recommendationservice.*\"}[90s])) by (pod)": 0.05092842237257997, "recommendation_deployment_CPU": 0.05092842237257997, "kubernetes_prometheus_rules": "kubernetes_prometheus_rules", "add_security_context": "add_security_context", "delay_treatment": "delay_treatment"}, {"pod": "astronomy-shop-recommendationservice-7b9564b48f-s8x9k", "timestamp": 1737550246.343, "sum(rate(container_cpu_usage_seconds_total{namespace=\"system-under-evaluation\", pod=~\"astronomy-shop-recommendationservice.*\"}[90s])) by (pod)": 0.04296340712206099, "recommendation_deployment_CPU": 0.04296340712206099, "kubernetes_prometheus_rules": "kubernetes_prometheus_rules", "add_security_context": "add_security_context", "delay_treatment": "delay_treatment"}, {"pod": "astronomy-shop-recommendationservice-7b9564b48f-s8x9k", "timestamp": 1737550247.343, "sum(rate(container_cpu_usage_seconds_total{namespace=\"system-under-evaluation\", pod=~\"astronomy-shop-recommendationservice.*\"}[90s])) by (pod)": 0.04296340712206099, "recommendation_deployment_CPU": 0.04296340712206099, "kubernetes_prometheus_rules": "kubernetes_prometheus_rules", "add_security_context": "add_security_context", "delay_treatment": "delay_treatment"}, {"pod": "astronomy-shop-recommendationservice-7b9564b48f-s8x9k", "timestamp": 1737550248.343, "sum(rate(container_cpu_usage_seconds_total{namespace=\"system-under-evaluation\", pod=~\"astronomy-shop-recommendationservice.*\"}[90s])) by (pod)": 0.037423602147312364, "recommendation_deployment_CPU": 0.037423602147312364, "kubernetes_prometheus_rules": "kubernetes_prometheus_rules", "add_security_context": "add_security_context", "delay_treatment": "delay_treatment"}, {"pod": "astronomy-shop-recommendationservice-7b9564b48f-s8x9k", "timestamp": 1737550249.343, "sum(rate(container_cpu_usage_seconds_total{namespace=\"system-under-evaluation\", pod=~\"astronomy-shop-recommendationservice.*\"}[90s])) by (pod)": 0.07374804303137004, "recommendation_deployment_CPU": 0.07374804303137004, "kubernetes_prometheus_rules": "kubernetes_prometheus_rules", "add_security_context": "add_security_context", "delay_treatment": "delay_treatment"}, {"pod": "astronomy-shop-recommendationservice-7b9564b48f-s8x9k", "timestamp": 1737550250.343, "sum(rate(container_cpu_usage_seconds_total{namespace=\"system-under-evaluation\", pod=~\"astronomy-shop-recommendationservice.*\"}[90s])) by (pod)": 0.10720876935346546, "recommendation_deployment_CPU": 0.10720876935346546, "kubernetes_prometheus_rules": "kubernetes_prometheus_rules", "add_security_context": "add_security_context", "delay_treatment": "delay_treatment"}, {"pod": "astronomy-shop-recommendationservice-7b9564b48f-s8x9k", "timestamp": 1737550251.343, "sum(rate(container_cpu_usage_seconds_total{namespace=\"system-under-evaluation\", pod=~\"astronomy-shop-recommendationservice.*\"}[90s])) by (pod)": 0.10720876935346546, "recommendation_deployment_CPU": 0.10720876935346546, "kubernetes_prometheus_rules": "kubernetes_prometheus_rules", "add_security_context": "add_security_context", "delay_treatment": "delay_treatment"}, {"pod": "astronomy-shop-recommendationservice-7b9564b48f-s8x9k", "timestamp": 1737550252.343, "sum(rate(container_cpu_usage_seconds_total{namespace=\"system-under-evaluation\", pod=~\"astronomy-shop-recommendationservice.*\"}[90s])) by (pod)": 0.10720876935346546, "recommendation_deployment_CPU": 0.10720876935346546, "kubernetes_prometheus_rules": "kubernetes_prometheus_rules", "add_security_context": "add_security_context", "delay_treatment": "delay_treatment"}, {"pod": "astronomy-shop-recommendationservice-7b9564b48f-s8x9k", "timestamp": 1737550253.343, "sum(rate(container_cpu_usage_seconds_total{namespace=\"system-under-evaluation\", pod=~\"astronomy-shop-recommendationservice.*\"}[90s])) by (pod)": 0.10720876935346546, "recommendation_deployment_CPU": 0.10720876935346546, "kubernetes_prometheus_rules": "kubernetes_prometheus_rules", "add_security_context": "add_security_context", "delay_treatment": "delay_treatment"}, {"pod": "astronomy-shop-recommendationservice-7b9564b48f-s8x9k", "timestamp": 1737550254.343, "sum(rate(container_cpu_usage_seconds_total{namespace=\"system-under-evaluation\", pod=~\"astronomy-shop-recommendationservice.*\"}[90s])) by (pod)": 0.10720876935346546, "recommendation_deployment_CPU": 0.10720876935346546, "kubernetes_prometheus_rules": "kubernetes_prometheus_rules", "add_security_context": "add_security_context", "delay_treatment": "delay_treatment"}, {"pod": "astronomy-shop-recommendationservice-7b9564b48f-s8x9k", "timestamp": 1737550255.343, "sum(rate(container_cpu_usage_seconds_total{namespace=\"system-under-evaluation\", pod=~\"astronomy-shop-recommendationservice.*\"}[90s])) by (pod)": 0.10720876935346546, "recommendation_deployment_CPU": 0.10720876935346546, "kubernetes_prometheus_rules": "kubernetes_prometheus_rules", "add_security_context": "add_security_context", "delay_treatment": "delay_treatment"}, {"pod": "astronomy-shop-recommendationservice-7b9564b48f-s8x9k", "timestamp": 1737550256.343, "sum(rate(container_cpu_usage_seconds_total{namespace=\"system-under-evaluation\", pod=~\"astronomy-shop-recommendationservice.*\"}[90s])) by (pod)": 0.10720876935346546, "recommendation_deployment_CPU": 0.10720876935346546, "kubernetes_prometheus_rules": "kubernetes_prometheus_rules", "add_security_context": "add_security_context", "delay_treatment": "delay_treatment"}, {"pod": "astronomy-shop-recommendationservice-7b9564b48f-s8x9k", "timestamp": 1737550257.343, "sum(rate(container_cpu_usage_seconds_total{namespace=\"system-under-evaluation\", pod=~\"astronomy-shop-recommendationservice.*\"}[90s])) by (pod)": 0.10720876935346549, "recommendation_deployment_CPU": 0.10720876935346549, "kubernetes_prometheus_rules": "kubernetes_prometheus_rules", "add_security_context": "add_security_context", "delay_treatment": "delay_treatment"}, {"pod": "astronomy-shop-recommendationservice-7b9564b48f-s8x9k", "timestamp": 1737550258.343, "sum(rate(container_cpu_usage_seconds_total{namespace=\"system-under-evaluation\", pod=~\"astronomy-shop-recommendationservice.*\"}[90s])) by (pod)": 0.10720876935346549, "recommendation_deployment_CPU": 0.10720876935346549, "kubernetes_prometheus_rules": "kubernetes_prometheus_rules", "add_security_context": "add_security_context", "delay_treatment": "delay_treatment"}, {"pod": "astronomy-shop-recommendationservice-7b9564b48f-s8x9k", "timestamp": 1737550259.343, "sum(rate(container_cpu_usage_seconds_total{namespace=\"system-under-evaluation\", pod=~\"astronomy-shop-recommendationservice.*\"}[90s])) by (pod)": 0.10720876935346549, "recommendation_deployment_CPU": 0.10720876935346549, "kubernetes_prometheus_rules": "kubernetes_prometheus_rules", "add_security_context": "add_security_context", "delay_treatment": "delay_treatment"}, {"pod": "astronomy-shop-recommendationservice-7b9564b48f-s8x9k", "timestamp": 1737550260.343, "sum(rate(container_cpu_usage_seconds_total{namespace=\"system-under-evaluation\", pod=~\"astronomy-shop-recommendationservice.*\"}[90s])) by (pod)": 0.10720876935346549, "recommendation_deployment_CPU": 0.10720876935346549, "kubernetes_prometheus_rules": "kubernetes_prometheus_rules", "add_security_context": "add_security_context", "delay_treatment": "delay_treatment"}, {"pod": "astronomy-shop-recommendationservice-7b9564b48f-s8x9k", "timestamp": 1737550261.343, "sum(rate(container_cpu_usage_seconds_total{namespace=\"system-under-evaluation\", pod=~\"astronomy-shop-recommendationservice.*\"}[90s])) by (pod)": 0.10720876935346549, "recommendation_deployment_CPU": 0.10720876935346549, "kubernetes_prometheus_rules": "kubernetes_prometheus_rules", "add_security_context": "add_security_context", "delay_treatment": "delay_treatment"}, {"pod": "astronomy-shop-recommendationservice-7b9564b48f-s8x9k", "timestamp": 1737550262.343, "sum(rate(container_cpu_usage_seconds_total{namespace=\"system-under-evaluation\", pod=~\"astronomy-shop-recommendationservice.*\"}[90s])) by (pod)": 0.10720876935346549, "recommendation_deployment_CPU": 0.10720876935346549, "kubernetes_prometheus_rules": "kubernetes_prometheus_rules", "add_security_context": "add_security_context", "delay_treatment": "delay_treatment"}, {"pod": "astronomy-shop-recommendationservice-7b9564b48f-s8x9k", "timestamp": 1737550263.343, "sum(rate(container_cpu_usage_seconds_total{namespace=\"system-under-evaluation\", pod=~\"astronomy-shop-recommendationservice.*\"}[90s])) by (pod)": 0.10720876935346549, "recommendation_deployment_CPU": 0.10720876935346549, "kubernetes_prometheus_rules": "kubernetes_prometheus_rules", "add_security_context": "add_security_context", "delay_treatment": "delay_treatment"}, {"pod": "astronomy-shop-recommendationservice-7b9564b48f-s8x9k", "timestamp": 1737550264.343, "sum(rate(container_cpu_usage_seconds_total{namespace=\"system-under-evaluation\", pod=~\"astronomy-shop-recommendationservice.*\"}[90s])) by (pod)": 0.10720876935346549, "recommendation_deployment_CPU": 0.10720876935346549, "kubernetes_prometheus_rules": "kubernetes_prometheus_rules", "add_security_context": "add_security_context", "delay_treatment": "delay_treatment"}, {"pod": "astronomy-shop-recommendationservice-7b9564b48f-s8x9k", "timestamp": 1737550265.343, "sum(rate(container_cpu_usage_seconds_total{namespace=\"system-under-evaluation\", pod=~\"astronomy-shop-recommendationservice.*\"}[90s])) by (pod)": 0.10720876935346549, "recommendation_deployment_CPU": 0.10720876935346549, "kubernetes_prometheus_rules": "kubernetes_prometheus_rules", "add_security_context": "add_security_context", "delay_treatment": "delay_treatment"}, {"pod": "astronomy-shop-recommendationservice-7b9564b48f-s8x9k", "timestamp": 1737550266.343, "sum(rate(container_cpu_usage_seconds_total{namespace=\"system-under-evaluation\", pod=~\"astronomy-shop-recommendationservice.*\"}[90s])) by (pod)": 0.10720876935346549, "recommendation_deployment_CPU": 0.10720876935346549, "kubernetes_prometheus_rules": "kubernetes_prometheus_rules", "add_security_context": "add_security_context", "delay_treatment": "delay_treatment"}, {"pod": "astronomy-shop-recommendationservice-7b9564b48f-s8x9k", "timestamp": 1737550267.343, "sum(rate(container_cpu_usage_seconds_total{namespace=\"system-under-evaluation\", pod=~\"astronomy-shop-recommendationservice.*\"}[90s])) by (pod)": 0.10720876935346549, "recommendation_deployment_CPU": 0.10720876935346549, "kubernetes_prometheus_rules": "kubernetes_prometheus_rules", "add_security_context": "add_security_context", "delay_treatment": "delay_treatment"}, {"pod": "astronomy-shop-recommendationservice-7b9564b48f-s8x9k", "timestamp": 1737550268.343, "sum(rate(container_cpu_usage_seconds_total{namespace=\"system-under-evaluation\", pod=~\"astronomy-shop-recommendationservice.*\"}[90s])) by (pod)": 0.10720876935346549, "recommendation_deployment_CPU": 0.10720876935346549, "kubernetes_prometheus_rules": "kubernetes_prometheus_rules", "add_security_context": "add_security_context", "delay_treatment": "delay_treatment"}, {"pod": "astronomy-shop-recommendationservice-7b9564b48f-s8x9k", "timestamp": 1737550269.343, "sum(rate(container_cpu_usage_seconds_total{namespace=\"system-under-evaluation\", pod=~\"astronomy-shop-recommendationservice.*\"}[90s])) by (pod)": 0.10720876935346549, "recommendation_deployment_CPU": 0.10720876935346549, "kubernetes_prometheus_rules": "kubernetes_prometheus_rules", "add_security_context": "add_security_context", "delay_treatment": "delay_treatment"}, {"pod": "astronomy-shop-recommendationservice-7b9564b48f-s8x9k", "timestamp": 1737550270.343, "sum(rate(container_cpu_usage_seconds_total{namespace=\"system-under-evaluation\", pod=~\"astronomy-shop-recommendationservice.*\"}[90s])) by (pod)": 0.10720876935346549, "recommendation_deployment_CPU": 0.10720876935346549, "kubernetes_prometheus_rules": "kubernetes_prometheus_rules", "add_security_context": "add_security_context", "delay_treatment": "delay_treatment"}, {"pod": "astronomy-shop-recommendationservice-7b9564b48f-s8x9k", "timestamp": 1737550271.343, "sum(rate(container_cpu_usage_seconds_total{namespace=\"system-under-evaluation\", pod=~\"astronomy-shop-recommendationservice.*\"}[90s])) by (pod)": 0.10720876935346549, "recommendation_deployment_CPU": 0.10720876935346549, "kubernetes_prometheus_rules": "kubernetes_prometheus_rules", "add_security_context": "add_security_context", "delay_treatment": "delay_treatment"}, {"pod": "astronomy-shop-recommendationservice-7b9564b48f-s8x9k", "timestamp": 1737550272.343, "sum(rate(container_cpu_usage_seconds_total{namespace=\"system-under-evaluation\", pod=~\"astronomy-shop-recommendationservice.*\"}[90s])) by (pod)": 0.11958822679980455, "recommendation_deployment_CPU": 0.11958822679980455, "kubernetes_prometheus_rules": "kubernetes_prometheus_rules", "add_security_context": "add_security_context", "delay_treatment": "delay_treatment"}, {"pod": "astronomy-shop-recommendationservice-7b9564b48f-s8x9k", "timestamp": 1737550273.343, "sum(rate(container_cpu_usage_seconds_total{namespace=\"system-under-evaluation\", pod=~\"astronomy-shop-recommendationservice.*\"}[90s])) by (pod)": 0.11958822679980455, "recommendation_deployment_CPU": 0.11958822679980455, "kubernetes_prometheus_rules": "kubernetes_prometheus_rules", "add_security_context": "add_security_context", "delay_treatment": "delay_treatment"}, {"pod": "astronomy-shop-recommendationservice-7b9564b48f-s8x9k", "timestamp": 1737550274.343, "sum(rate(container_cpu_usage_seconds_total{namespace=\"system-under-evaluation\", pod=~\"astronomy-shop-recommendationservice.*\"}[90s])) by (pod)": 0.11958822679980455, "recommendation_deployment_CPU": 0.11958822679980455, "kubernetes_prometheus_rules": "kubernetes_prometheus_rules", "add_security_context": "add_security_context", "delay_treatment": "delay_treatment"}, {"pod": "astronomy-shop-recommendationservice-7b9564b48f-s8x9k", "timestamp": 1737550275.343, "sum(rate(container_cpu_usage_seconds_total{namespace=\"system-under-evaluation\", pod=~\"astronomy-shop-recommendationservice.*\"}[90s])) by (pod)": 0.11958822679980455, "recommendation_deployment_CPU": 0.11958822679980455, "kubernetes_prometheus_rules": "kubernetes_prometheus_rules", "add_security_context": "add_security_context", "delay_treatment": "delay_treatment"}, {"pod": "astronomy-shop-recommendationservice-7b9564b48f-s8x9k", "timestamp": 1737550276.343, "sum(rate(container_cpu_usage_seconds_total{namespace=\"system-under-evaluation\", pod=~\"astronomy-shop-recommendationservice.*\"}[90s])) by (pod)": 0.11958822679980455, "recommendation_deployment_CPU": 0.11958822679980455, "kubernetes_prometheus_rules": "kubernetes_prometheus_rules", "add_security_context": "add_security_context", "delay_treatment": "delay_treatment"}, {"pod": "astronomy-shop-recommendationservice-7b9564b48f-s8x9k", "timestamp": 1737550277.343, "sum(rate(container_cpu_usage_seconds_total{namespace=\"system-under-evaluation\", pod=~\"astronomy-shop-recommendationservice.*\"}[90s])) by (pod)": 0.11958822679980455, "recommendation_deployment_CPU": 0.11958822679980455, "kubernetes_prometheus_rules": "kubernetes_prometheus_rules", "add_security_context": "add_security_context", "delay_treatment": "delay_treatment"}, {"pod": "astronomy-shop-recommendationservice-7b9564b48f-s8x9k", "timestamp": 1737550278.343, "sum(rate(container_cpu_usage_seconds_total{namespace=\"system-under-evaluation\", pod=~\"astronomy-shop-recommendationservice.*\"}[90s])) by (pod)": 0.15927450923350872, "recommendation_deployment_CPU": 0.15927450923350872, "kubernetes_prometheus_rules": "kubernetes_prometheus_rules", "add_security_context": "add_security_context", "delay_treatment": "delay_treatment"}, {"pod": "astronomy-shop-recommendationservice-7b9564b48f-s8x9k", "timestamp": 1737550279.343, "sum(rate(container_cpu_usage_seconds_total{namespace=\"system-under-evaluation\", pod=~\"astronomy-shop-recommendationservice.*\"}[90s])) by (pod)": 0.16797621377635485, "recommendation_deployment_CPU": 0.16797621377635485, "kubernetes_prometheus_rules": "kubernetes_prometheus_rules", "add_security_context": "add_security_context", "delay_treatment": "delay_treatment"}, {"pod": "astronomy-shop-recommendationservice-7b9564b48f-s8x9k", "timestamp": 1737550280.343, "sum(rate(container_cpu_usage_seconds_total{namespace=\"system-under-evaluation\", pod=~\"astronomy-shop-recommendationservice.*\"}[90s])) by (pod)": 0.16904289798173988, "recommendation_deployment_CPU": 0.16904289798173988, "kubernetes_prometheus_rules": "kubernetes_prometheus_rules", "add_security_context": "add_security_context", "delay_treatment": "delay_treatment"}, {"pod": "astronomy-shop-recommendationservice-7b9564b48f-s8x9k", "timestamp": 1737550281.343, "sum(rate(container_cpu_usage_seconds_total{namespace=\"system-under-evaluation\", pod=~\"astronomy-shop-recommendationservice.*\"}[90s])) by (pod)": 0.15142246282629776, "recommendation_deployment_CPU": 0.15142246282629776, "kubernetes_prometheus_rules": "kubernetes_prometheus_rules", "add_security_context": "add_security_context", "delay_treatment": "delay_treatment"}, {"pod": "astronomy-shop-recommendationservice-7b9564b48f-s8x9k", "timestamp": 1737550282.343, "sum(rate(container_cpu_usage_seconds_total{namespace=\"system-under-evaluation\", pod=~\"astronomy-shop-recommendationservice.*\"}[90s])) by (pod)": 0.181319371442913, "recommendation_deployment_CPU": 0.181319371442913, "kubernetes_prometheus_rules": "kubernetes_prometheus_rules", "add_security_context": "add_security_context", "delay_treatment": "delay_treatment"}, {"pod": "astronomy-shop-recommendationservice-7b9564b48f-s8x9k", "timestamp": 1737550283.343, "sum(rate(container_cpu_usage_seconds_total{namespace=\"system-under-evaluation\", pod=~\"astronomy-shop-recommendationservice.*\"}[90s])) by (pod)": 0.18238605564829807, "recommendation_deployment_CPU": 0.18238605564829807, "kubernetes_prometheus_rules": "kubernetes_prometheus_rules", "add_security_context": "add_security_context", "delay_treatment": "delay_treatment"}, {"pod": "astronomy-shop-recommendationservice-7b9564b48f-s8x9k", "timestamp": 1737550284.343, "sum(rate(container_cpu_usage_seconds_total{namespace=\"system-under-evaluation\", pod=~\"astronomy-shop-recommendationservice.*\"}[90s])) by (pod)": 0.1990743300415472, "recommendation_deployment_CPU": 0.1990743300415472, "kubernetes_prometheus_rules": "kubernetes_prometheus_rules", "add_security_context": "add_security_context", "delay_treatment": "delay_treatment"}, {"pod": "astronomy-shop-recommendationservice-7b9564b48f-s8x9k", "timestamp": 1737550285.343, "sum(rate(container_cpu_usage_seconds_total{namespace=\"system-under-evaluation\", pod=~\"astronomy-shop-recommendationservice.*\"}[90s])) by (pod)": 0.1990743300415472, "recommendation_deployment_CPU": 0.1990743300415472, "kubernetes_prometheus_rules": "kubernetes_prometheus_rules", "add_security_context": "add_security_context", "delay_treatment": "delay_treatment"}, {"pod": "astronomy-shop-recommendationservice-7b9564b48f-s8x9k", "timestamp": 1737550286.343, "sum(rate(container_cpu_usage_seconds_total{namespace=\"system-under-evaluation\", pod=~\"astronomy-shop-recommendationservice.*\"}[90s])) by (pod)": 0.1990743300415472, "recommendation_deployment_CPU": 0.1990743300415472, "kubernetes_prometheus_rules": "kubernetes_prometheus_rules", "add_security_context": "add_security_context", "delay_treatment": "delay_treatment"}, {"pod": "astronomy-shop-recommendationservice-7b9564b48f-s8x9k", "timestamp": 1737550287.343, "sum(rate(container_cpu_usage_seconds_total{namespace=\"system-under-evaluation\", pod=~\"astronomy-shop-recommendationservice.*\"}[90s])) by (pod)": 0.1990743300415472, "recommendation_deployment_CPU": 0.1990743300415472, "kubernetes_prometheus_rules": "kubernetes_prometheus_rules", "add_security_context": "add_security_context", "delay_treatment": "delay_treatment"}, {"pod": "astronomy-shop-recommendationservice-7b9564b48f-s8x9k", "timestamp": 1737550288.343, "sum(rate(container_cpu_usage_seconds_total{namespace=\"system-under-evaluation\", pod=~\"astronomy-shop-recommendationservice.*\"}[90s])) by (pod)": 0.1990743300415472, "recommendation_deployment_CPU": 0.1990743300415472, "kubernetes_prometheus_rules": "kubernetes_prometheus_rules", "add_security_context": "add_security_context", "delay_treatment": "delay_treatment"}, {"pod": "astronomy-shop-recommendationservice-7b9564b48f-s8x9k", "timestamp": 1737550289.343, "sum(rate(container_cpu_usage_seconds_total{namespace=\"system-under-evaluation\", pod=~\"astronomy-shop-recommendationservice.*\"}[90s])) by (pod)": 0.1990743300415472, "recommendation_deployment_CPU": 0.1990743300415472, "kubernetes_prometheus_rules": "kubernetes_prometheus_rules", "add_security_context": "add_security_context", "delay_treatment": "delay_treatment"}, {"pod": "astronomy-shop-recommendationservice-7b9564b48f-s8x9k", "timestamp": 1737550290.343, "sum(rate(container_cpu_usage_seconds_total{namespace=\"system-under-evaluation\", pod=~\"astronomy-shop-recommendationservice.*\"}[90s])) by (pod)": 0.1990743300415472, "recommendation_deployment_CPU": 0.1990743300415472, "kubernetes_prometheus_rules": "kubernetes_prometheus_rules", "add_security_context": "add_security_context", "delay_treatment": "delay_treatment"}, {"pod": "astronomy-shop-recommendationservice-7b9564b48f-s8x9k", "timestamp": 1737550291.343, "sum(rate(container_cpu_usage_seconds_total{namespace=\"system-under-evaluation\", pod=~\"astronomy-shop-recommendationservice.*\"}[90s])) by (pod)": 0.1990743300415472, "recommendation_deployment_CPU": 0.1990743300415472, "kubernetes_prometheus_rules": "kubernetes_prometheus_rules", "add_security_context": "add_security_context", "delay_treatment": "delay_treatment"}, {"pod": "astronomy-shop-recommendationservice-7b9564b48f-s8x9k", "timestamp": 1737550292.343, "sum(rate(container_cpu_usage_seconds_total{namespace=\"system-under-evaluation\", pod=~\"astronomy-shop-recommendationservice.*\"}[90s])) by (pod)": 0.1990743300415472, "recommendation_deployment_CPU": 0.1990743300415472, "kubernetes_prometheus_rules": "kubernetes_prometheus_rules", "add_security_context": "add_security_context", "delay_treatment": "delay_treatment"}, {"pod": "astronomy-shop-recommendationservice-7b9564b48f-s8x9k", "timestamp": 1737550293.343, "sum(rate(container_cpu_usage_seconds_total{namespace=\"system-under-evaluation\", pod=~\"astronomy-shop-recommendationservice.*\"}[90s])) by (pod)": 0.1990743300415472, "recommendation_deployment_CPU": 0.1990743300415472, "kubernetes_prometheus_rules": "kubernetes_prometheus_rules", "add_security_context": "add_security_context", "delay_treatment": "delay_treatment"}, {"pod": "astronomy-shop-recommendationservice-7b9564b48f-s8x9k", "timestamp": 1737550294.343, "sum(rate(container_cpu_usage_seconds_total{namespace=\"system-under-evaluation\", pod=~\"astronomy-shop-recommendationservice.*\"}[90s])) by (pod)": 0.1990743300415472, "recommendation_deployment_CPU": 0.1990743300415472, "kubernetes_prometheus_rules": "kubernetes_prometheus_rules", "add_security_context": "add_security_context", "delay_treatment": "delay_treatment"}, {"pod": "astronomy-shop-recommendationservice-7b9564b48f-s8x9k", "timestamp": 1737550295.343, "sum(rate(container_cpu_usage_seconds_total{namespace=\"system-under-evaluation\", pod=~\"astronomy-shop-recommendationservice.*\"}[90s])) by (pod)": 0.1990743300415472, "recommendation_deployment_CPU": 0.1990743300415472, "kubernetes_prometheus_rules": "kubernetes_prometheus_rules", "add_security_context": "add_security_context", "delay_treatment": "delay_treatment"}, {"pod": "astronomy-shop-recommendationservice-7b9564b48f-s8x9k", "timestamp": 1737550296.343, "sum(rate(container_cpu_usage_seconds_total{namespace=\"system-under-evaluation\", pod=~\"astronomy-shop-recommendationservice.*\"}[90s])) by (pod)": 0.1990743300415472, "recommendation_deployment_CPU": 0.1990743300415472, "kubernetes_prometheus_rules": "kubernetes_prometheus_rules", "add_security_context": "add_security_context", "delay_treatment": "delay_treatment"}, {"pod": "astronomy-shop-recommendationservice-7b9564b48f-s8x9k", "timestamp": 1737550297.343, "sum(rate(container_cpu_usage_seconds_total{namespace=\"system-under-evaluation\", pod=~\"astronomy-shop-recommendationservice.*\"}[90s])) by (pod)": 0.1990743300415472, "recommendation_deployment_CPU": 0.1990743300415472, "kubernetes_prometheus_rules": "kubernetes_prometheus_rules", "add_security_context": "add_security_context", "delay_treatment": "delay_treatment"}, {"pod": "astronomy-shop-recommendationservice-7b9564b48f-s8x9k", "timestamp": 1737550298.343, "sum(rate(container_cpu_usage_seconds_total{namespace=\"system-under-evaluation\", pod=~\"astronomy-shop-recommendationservice.*\"}[90s])) by (pod)": 0.1990743300415472, "recommendation_deployment_CPU": 0.1990743300415472, "kubernetes_prometheus_rules": "kubernetes_prometheus_rules", "add_security_context": "add_security_context", "delay_treatment": "delay_treatment"}, {"pod": "astronomy-shop-recommendationservice-7b9564b48f-s8x9k", "timestamp": 1737550299.343, "sum(rate(container_cpu_usage_seconds_total{namespace=\"system-under-evaluation\", pod=~\"astronomy-shop-recommendationservice.*\"}[90s])) by (pod)": 0.18277219533064742, "recommendation_deployment_CPU": 0.18277219533064742, "kubernetes_prometheus_rules": "kubernetes_prometheus_rules", "add_security_context": "add_security_context", "delay_treatment": "delay_treatment"}, {"pod": "astronomy-shop-recommendationservice-7b9564b48f-s8x9k", "timestamp": 1737550300.343, "sum(rate(container_cpu_usage_seconds_total{namespace=\"system-under-evaluation\", pod=~\"astronomy-shop-recommendationservice.*\"}[90s])) by (pod)": 0.18170551112526237, "recommendation_deployment_CPU": 0.18170551112526237, "kubernetes_prometheus_rules": "kubernetes_prometheus_rules", "add_security_context": "add_security_context", "delay_treatment": "delay_treatment"}, {"pod": "astronomy-shop-recommendationservice-7b9564b48f-s8x9k", "timestamp": 1737550301.343, "sum(rate(container_cpu_usage_seconds_total{namespace=\"system-under-evaluation\", pod=~\"astronomy-shop-recommendationservice.*\"}[90s])) by (pod)": 0.18063882691987732, "recommendation_deployment_CPU": 0.18063882691987732, "kubernetes_prometheus_rules": "kubernetes_prometheus_rules", "add_security_context": "add_security_context", "delay_treatment": "delay_treatment"}, {"pod": "astronomy-shop-recommendationservice-7b9564b48f-s8x9k", "timestamp": 1737550302.343, "sum(rate(container_cpu_usage_seconds_total{namespace=\"system-under-evaluation\", pod=~\"astronomy-shop-recommendationservice.*\"}[90s])) by (pod)": 0.1795721427144923, "recommendation_deployment_CPU": 0.1795721427144923, "kubernetes_prometheus_rules": "kubernetes_prometheus_rules", "add_security_context": "add_security_context", "delay_treatment": "delay_treatment"}, {"pod": "astronomy-shop-recommendationservice-7b9564b48f-s8x9k", "timestamp": 1737550303.343, "sum(rate(container_cpu_usage_seconds_total{namespace=\"system-under-evaluation\", pod=~\"astronomy-shop-recommendationservice.*\"}[90s])) by (pod)": 0.20795892660381526, "recommendation_deployment_CPU": 0.20795892660381526, "kubernetes_prometheus_rules": "kubernetes_prometheus_rules", "add_security_context": "add_security_context", "delay_treatment": "delay_treatment"}, {"pod": "astronomy-shop-recommendationservice-7b9564b48f-s8x9k", "timestamp": 1737550304.343, "sum(rate(container_cpu_usage_seconds_total{namespace=\"system-under-evaluation\", pod=~\"astronomy-shop-recommendationservice.*\"}[90s])) by (pod)": 0.20795892660381526, "recommendation_deployment_CPU": 0.20795892660381526, "kubernetes_prometheus_rules": "kubernetes_prometheus_rules", "add_security_context": "add_security_context", "delay_treatment": "delay_treatment"}, {"pod": "astronomy-shop-recommendationservice-7b9564b48f-s8x9k", "timestamp": 1737550305.343, "sum(rate(container_cpu_usage_seconds_total{namespace=\"system-under-evaluation\", pod=~\"astronomy-shop-recommendationservice.*\"}[90s])) by (pod)": 0.20795892660381526, "recommendation_deployment_CPU": 0.20795892660381526, "kubernetes_prometheus_rules": "kubernetes_prometheus_rules", "add_security_context": "add_security_context", "delay_treatment": "delay_treatment"}, {"pod": "astronomy-shop-recommendationservice-7b9564b48f-s8x9k", "timestamp": 1737550306.343, "sum(rate(container_cpu_usage_seconds_total{namespace=\"system-under-evaluation\", pod=~\"astronomy-shop-recommendationservice.*\"}[90s])) by (pod)": 0.20795892660381526, "recommendation_deployment_CPU": 0.20795892660381526, "kubernetes_prometheus_rules": "kubernetes_prometheus_rules", "add_security_context": "add_security_context", "delay_treatment": "delay_treatment"}, {"pod": "astronomy-shop-recommendationservice-7b9564b48f-s8x9k", "timestamp": 1737550307.343, "sum(rate(container_cpu_usage_seconds_total{namespace=\"system-under-evaluation\", pod=~\"astronomy-shop-recommendationservice.*\"}[90s])) by (pod)": 0.20795892660381526, "recommendation_deployment_CPU": 0.20795892660381526, "kubernetes_prometheus_rules": "kubernetes_prometheus_rules", "add_security_context": "add_security_context", "delay_treatment": "delay_treatment"}, {"pod": "astronomy-shop-recommendationservice-7b9564b48f-s8x9k", "timestamp": 1737550308.343, "sum(rate(container_cpu_usage_seconds_total{namespace=\"system-under-evaluation\", pod=~\"astronomy-shop-recommendationservice.*\"}[90s])) by (pod)": 0.21177301332895282, "recommendation_deployment_CPU": 0.21177301332895282, "kubernetes_prometheus_rules": "kubernetes_prometheus_rules", "add_security_context": "add_security_context", "delay_treatment": "delay_treatment"}, {"pod": "astronomy-shop-recommendationservice-7b9564b48f-s8x9k", "timestamp": 1737550309.343, "sum(rate(container_cpu_usage_seconds_total{namespace=\"system-under-evaluation\", pod=~\"astronomy-shop-recommendationservice.*\"}[90s])) by (pod)": 0.21177301332895282, "recommendation_deployment_CPU": 0.21177301332895282, "kubernetes_prometheus_rules": "kubernetes_prometheus_rules", "add_security_context": "add_security_context", "delay_treatment": "delay_treatment"}, {"pod": "astronomy-shop-recommendationservice-7b9564b48f-s8x9k", "timestamp": 1737550310.343, "sum(rate(container_cpu_usage_seconds_total{namespace=\"system-under-evaluation\", pod=~\"astronomy-shop-recommendationservice.*\"}[90s])) by (pod)": 0.21860999809887063, "recommendation_deployment_CPU": 0.21860999809887063, "kubernetes_prometheus_rules": "kubernetes_prometheus_rules", "add_security_context": "add_security_context", "delay_treatment": "delay_treatment"}, {"pod": "astronomy-shop-recommendationservice-7b9564b48f-s8x9k", "timestamp": 1737550311.343, "sum(rate(container_cpu_usage_seconds_total{namespace=\"system-under-evaluation\", pod=~\"astronomy-shop-recommendationservice.*\"}[90s])) by (pod)": 0.21860999809887063, "recommendation_deployment_CPU": 0.21860999809887063, "kubernetes_prometheus_rules": "kubernetes_prometheus_rules", "add_security_context": "add_security_context", "delay_treatment": "delay_treatment"}, {"pod": "astronomy-shop-recommendationservice-7b9564b48f-s8x9k", "timestamp": 1737550312.343, "sum(rate(container_cpu_usage_seconds_total{namespace=\"system-under-evaluation\", pod=~\"astronomy-shop-recommendationservice.*\"}[90s])) by (pod)": 0.2253927862131394, "recommendation_deployment_CPU": 0.2253927862131394, "kubernetes_prometheus_rules": "kubernetes_prometheus_rules", "add_security_context": "add_security_context", "delay_treatment": "delay_treatment"}, {"pod": "astronomy-shop-recommendationservice-7b9564b48f-s8x9k", "timestamp": 1737550313.343, "sum(rate(container_cpu_usage_seconds_total{namespace=\"system-under-evaluation\", pod=~\"astronomy-shop-recommendationservice.*\"}[90s])) by (pod)": 0.2253927862131394, "recommendation_deployment_CPU": 0.2253927862131394, "kubernetes_prometheus_rules": "kubernetes_prometheus_rules", "add_security_context": "add_security_context", "delay_treatment": "delay_treatment"}, {"pod": "astronomy-shop-recommendationservice-7b9564b48f-s8x9k", "timestamp": 1737550314.343, "sum(rate(container_cpu_usage_seconds_total{namespace=\"system-under-evaluation\", pod=~\"astronomy-shop-recommendationservice.*\"}[90s])) by (pod)": 0.2253927862131394, "recommendation_deployment_CPU": 0.2253927862131394, "kubernetes_prometheus_rules": "kubernetes_prometheus_rules", "add_security_context": "add_security_context", "delay_treatment": "delay_treatment"}, {"pod": "astronomy-shop-recommendationservice-7b9564b48f-s8x9k", "timestamp": 1737550315.343, "sum(rate(container_cpu_usage_seconds_total{namespace=\"system-under-evaluation\", pod=~\"astronomy-shop-recommendationservice.*\"}[90s])) by (pod)": 0.2253927862131394, "recommendation_deployment_CPU": 0.2253927862131394, "kubernetes_prometheus_rules": "kubernetes_prometheus_rules", "add_security_context": "add_security_context", "delay_treatment": "delay_treatment"}, {"pod": "astronomy-shop-recommendationservice-7b9564b48f-s8x9k", "timestamp": 1737550316.343, "sum(rate(container_cpu_usage_seconds_total{namespace=\"system-under-evaluation\", pod=~\"astronomy-shop-recommendationservice.*\"}[90s])) by (pod)": 0.2253927862131394, "recommendation_deployment_CPU": 0.2253927862131394, "kubernetes_prometheus_rules": "kubernetes_prometheus_rules", "add_security_context": "add_security_context", "delay_treatment": "delay_treatment"}, {"pod": "astronomy-shop-recommendationservice-7b9564b48f-s8x9k", "timestamp": 1737550317.343, "sum(rate(container_cpu_usage_seconds_total{namespace=\"system-under-evaluation\", pod=~\"astronomy-shop-recommendationservice.*\"}[90s])) by (pod)": 0.2253927862131394, "recommendation_deployment_CPU": 0.2253927862131394, "kubernetes_prometheus_rules": "kubernetes_prometheus_rules", "add_security_context": "add_security_context", "delay_treatment": "delay_treatment"}, {"pod": "astronomy-shop-recommendationservice-7b9564b48f-s8x9k", "timestamp": 1737550318.343, "sum(rate(container_cpu_usage_seconds_total{namespace=\"system-under-evaluation\", pod=~\"astronomy-shop-recommendationservice.*\"}[90s])) by (pod)": 0.2253927862131394, "recommendation_deployment_CPU": 0.2253927862131394, "kubernetes_prometheus_rules": "kubernetes_prometheus_rules", "add_security_context": "add_security_context", "delay_treatment": "delay_treatment"}, {"pod": "astronomy-shop-recommendationservice-7b9564b48f-s8x9k", "timestamp": 1737550319.343, "sum(rate(container_cpu_usage_seconds_total{namespace=\"system-under-evaluation\", pod=~\"astronomy-shop-recommendationservice.*\"}[90s])) by (pod)": 0.2253927862131394, "recommendation_deployment_CPU": 0.2253927862131394, "kubernetes_prometheus_rules": "kubernetes_prometheus_rules", "add_security_context": "add_security_context", "delay_treatment": "delay_treatment"}, {"pod": "astronomy-shop-recommendationservice-7b9564b48f-s8x9k", "timestamp": 1737550320.343, "sum(rate(container_cpu_usage_seconds_total{namespace=\"system-under-evaluation\", pod=~\"astronomy-shop-recommendationservice.*\"}[90s])) by (pod)": 0.2253927862131394, "recommendation_deployment_CPU": 0.2253927862131394, "kubernetes_prometheus_rules": "kubernetes_prometheus_rules", "add_security_context": "add_security_context", "delay_treatment": "delay_treatment"}, {"pod": "astronomy-shop-recommendationservice-7b9564b48f-s8x9k", "timestamp": 1737550321.343, "sum(rate(container_cpu_usage_seconds_total{namespace=\"system-under-evaluation\", pod=~\"astronomy-shop-recommendationservice.*\"}[90s])) by (pod)": 0.2253927862131394, "recommendation_deployment_CPU": 0.2253927862131394, "kubernetes_prometheus_rules": "kubernetes_prometheus_rules", "add_security_context": "add_security_context", "delay_treatment": "delay_treatment"}, {"pod": "astronomy-shop-recommendationservice-7b9564b48f-s8x9k", "timestamp": 1737550322.343, "sum(rate(container_cpu_usage_seconds_total{namespace=\"system-under-evaluation\", pod=~\"astronomy-shop-recommendationservice.*\"}[90s])) by (pod)": 0.2253927862131394, "recommendation_deployment_CPU": 0.2253927862131394, "kubernetes_prometheus_rules": "kubernetes_prometheus_rules", "add_security_context": "add_security_context", "delay_treatment": "delay_treatment"}, {"pod": "astronomy-shop-recommendationservice-7b9564b48f-s8x9k", "timestamp": 1737550323.343, "sum(rate(container_cpu_usage_seconds_total{namespace=\"system-under-evaluation\", pod=~\"astronomy-shop-recommendationservice.*\"}[90s])) by (pod)": 0.2253927862131394, "recommendation_deployment_CPU": 0.2253927862131394, "kubernetes_prometheus_rules": "kubernetes_prometheus_rules", "add_security_context": "add_security_context", "delay_treatment": "delay_treatment"}, {"pod": "astronomy-shop-recommendationservice-7b9564b48f-s8x9k", "timestamp": 1737550324.343, "sum(rate(container_cpu_usage_seconds_total{namespace=\"system-under-evaluation\", pod=~\"astronomy-shop-recommendationservice.*\"}[90s])) by (pod)": 0.2253927862131394, "recommendation_deployment_CPU": 0.2253927862131394, "kubernetes_prometheus_rules": "kubernetes_prometheus_rules", "add_security_context": "add_security_context", "delay_treatment": "delay_treatment"}, {"pod": "astronomy-shop-recommendationservice-7b9564b48f-s8x9k", "timestamp": 1737550325.343, "sum(rate(container_cpu_usage_seconds_total{namespace=\"system-under-evaluation\", pod=~\"astronomy-shop-recommendationservice.*\"}[90s])) by (pod)": 0.2253927862131394, "recommendation_deployment_CPU": 0.2253927862131394, "kubernetes_prometheus_rules": "kubernetes_prometheus_rules", "add_security_context": "add_security_context", "delay_treatment": "delay_treatment"}, {"pod": "astronomy-shop-recommendationservice-7b9564b48f-s8x9k", "timestamp": 1737550326.343, "sum(rate(container_cpu_usage_seconds_total{namespace=\"system-under-evaluation\", pod=~\"astronomy-shop-recommendationservice.*\"}[90s])) by (pod)": 0.2253927862131394, "recommendation_deployment_CPU": 0.2253927862131394, "kubernetes_prometheus_rules": "kubernetes_prometheus_rules", "add_security_context": "add_security_context", "delay_treatment": "delay_treatment"}, {"pod": "astronomy-shop-recommendationservice-7b9564b48f-s8x9k", "timestamp": 1737550327.343, "sum(rate(container_cpu_usage_seconds_total{namespace=\"system-under-evaluation\", pod=~\"astronomy-shop-recommendationservice.*\"}[90s])) by (pod)": 0.2253927862131394, "recommendation_deployment_CPU": 0.2253927862131394, "kubernetes_prometheus_rules": "kubernetes_prometheus_rules", "add_security_context": "add_security_context", "delay_treatment": "delay_treatment"}, {"pod": "astronomy-shop-recommendationservice-7b9564b48f-s8x9k", "timestamp": 1737550328.343, "sum(rate(container_cpu_usage_seconds_total{namespace=\"system-under-evaluation\", pod=~\"astronomy-shop-recommendationservice.*\"}[90s])) by (pod)": 0.2253927862131394, "recommendation_deployment_CPU": 0.2253927862131394, "kubernetes_prometheus_rules": "kubernetes_prometheus_rules", "add_security_context": "add_security_context", "delay_treatment": "delay_treatment"}, {"pod": "astronomy-shop-recommendationservice-7b9564b48f-s8x9k", "timestamp": 1737550329.343, "sum(rate(container_cpu_usage_seconds_total{namespace=\"system-under-evaluation\", pod=~\"astronomy-shop-recommendationservice.*\"}[90s])) by (pod)": 0.2253927862131394, "recommendation_deployment_CPU": 0.2253927862131394, "kubernetes_prometheus_rules": "kubernetes_prometheus_rules", "add_security_context": "add_security_context", "delay_treatment": "delay_treatment"}, {"pod": "astronomy-shop-recommendationservice-7b9564b48f-s8x9k", "timestamp": 1737550330.343, "sum(rate(container_cpu_usage_seconds_total{namespace=\"system-under-evaluation\", pod=~\"astronomy-shop-recommendationservice.*\"}[90s])) by (pod)": 0.2253927862131394, "recommendation_deployment_CPU": 0.2253927862131394, "kubernetes_prometheus_rules": "kubernetes_prometheus_rules", "add_security_context": "add_security_context", "delay_treatment": "delay_treatment"}, {"pod": "astronomy-shop-recommendationservice-7b9564b48f-s8x9k", "timestamp": 1737550331.343, "sum(rate(container_cpu_usage_seconds_total{namespace=\"system-under-evaluation\", pod=~\"astronomy-shop-recommendationservice.*\"}[90s])) by (pod)": 0.2253927862131394, "recommendation_deployment_CPU": 0.2253927862131394, "kubernetes_prometheus_rules": "kubernetes_prometheus_rules", "add_security_context": "add_security_context", "delay_treatment": "delay_treatment"}, {"pod": "astronomy-shop-recommendationservice-7b9564b48f-s8x9k", "timestamp": 1737550332.343, "sum(rate(container_cpu_usage_seconds_total{namespace=\"system-under-evaluation\", pod=~\"astronomy-shop-recommendationservice.*\"}[90s])) by (pod)": 0.2046884298683615, "recommendation_deployment_CPU": 0.2046884298683615, "kubernetes_prometheus_rules": "kubernetes_prometheus_rules", "add_security_context": "add_security_context", "delay_treatment": "delay_treatment"}, {"pod": "astronomy-shop-recommendationservice-7b9564b48f-s8x9k", "timestamp": 1737550333.343, "sum(rate(container_cpu_usage_seconds_total{namespace=\"system-under-evaluation\", pod=~\"astronomy-shop-recommendationservice.*\"}[90s])) by (pod)": 0.2034476636110149, "recommendation_deployment_CPU": 0.2034476636110149, "kubernetes_prometheus_rules": "kubernetes_prometheus_rules", "add_security_context": "add_security_context", "delay_treatment": "delay_treatment"}, {"pod": "astronomy-shop-recommendationservice-7b9564b48f-s8x9k", "timestamp": 1737550334.343, "sum(rate(container_cpu_usage_seconds_total{namespace=\"system-under-evaluation\", pod=~\"astronomy-shop-recommendationservice.*\"}[90s])) by (pod)": 0.20220689735366834, "recommendation_deployment_CPU": 0.20220689735366834, "kubernetes_prometheus_rules": "kubernetes_prometheus_rules", "add_security_context": "add_security_context", "delay_treatment": "delay_treatment"}, {"pod": "astronomy-shop-recommendationservice-7b9564b48f-s8x9k", "timestamp": 1737550335.343, "sum(rate(container_cpu_usage_seconds_total{namespace=\"system-under-evaluation\", pod=~\"astronomy-shop-recommendationservice.*\"}[90s])) by (pod)": 0.20096613109632178, "recommendation_deployment_CPU": 0.20096613109632178, "kubernetes_prometheus_rules": "kubernetes_prometheus_rules", "add_security_context": "add_security_context", "delay_treatment": "delay_treatment"}, {"pod": "astronomy-shop-recommendationservice-7b9564b48f-s8x9k", "timestamp": 1737550336.343, "sum(rate(container_cpu_usage_seconds_total{namespace=\"system-under-evaluation\", pod=~\"astronomy-shop-recommendationservice.*\"}[90s])) by (pod)": 0.19972536483897518, "recommendation_deployment_CPU": 0.19972536483897518, "kubernetes_prometheus_rules": "kubernetes_prometheus_rules", "add_security_context": "add_security_context", "delay_treatment": "delay_treatment"}, {"pod": "astronomy-shop-recommendationservice-7b9564b48f-s8x9k", "timestamp": 1737550337.343, "sum(rate(container_cpu_usage_seconds_total{namespace=\"system-under-evaluation\", pod=~\"astronomy-shop-recommendationservice.*\"}[90s])) by (pod)": 0.19848459858162862, "recommendation_deployment_CPU": 0.19848459858162862, "kubernetes_prometheus_rules": "kubernetes_prometheus_rules", "add_security_context": "add_security_context", "delay_treatment": "delay_treatment"}, {"pod": "astronomy-shop-recommendationservice-7b9564b48f-s8x9k", "timestamp": 1737550338.343, "sum(rate(container_cpu_usage_seconds_total{namespace=\"system-under-evaluation\", pod=~\"astronomy-shop-recommendationservice.*\"}[90s])) by (pod)": 0.23538766064408262, "recommendation_deployment_CPU": 0.23538766064408262, "kubernetes_prometheus_rules": "kubernetes_prometheus_rules", "add_security_context": "add_security_context", "delay_treatment": "delay_treatment"}, {"pod": "astronomy-shop-recommendationservice-7b9564b48f-s8x9k", "timestamp": 1737550339.343, "sum(rate(container_cpu_usage_seconds_total{namespace=\"system-under-evaluation\", pod=~\"astronomy-shop-recommendationservice.*\"}[90s])) by (pod)": 0.18859512648102378, "recommendation_deployment_CPU": 0.18859512648102378, "kubernetes_prometheus_rules": "kubernetes_prometheus_rules", "add_security_context": "add_security_context", "delay_treatment": "delay_treatment"}, {"pod": "astronomy-shop-recommendationservice-7b9564b48f-s8x9k", "timestamp": 1737550340.343, "sum(rate(container_cpu_usage_seconds_total{namespace=\"system-under-evaluation\", pod=~\"astronomy-shop-recommendationservice.*\"}[90s])) by (pod)": 0.2534468168452933, "recommendation_deployment_CPU": 0.2534468168452933, "kubernetes_prometheus_rules": "kubernetes_prometheus_rules", "add_security_context": "add_security_context", "delay_treatment": "delay_treatment"}, {"pod": "astronomy-shop-recommendationservice-7b9564b48f-s8x9k", "timestamp": 1737550341.343, "sum(rate(container_cpu_usage_seconds_total{namespace=\"system-under-evaluation\", pod=~\"astronomy-shop-recommendationservice.*\"}[90s])) by (pod)": 0.2534468168452933, "recommendation_deployment_CPU": 0.2534468168452933, "kubernetes_prometheus_rules": "kubernetes_prometheus_rules", "add_security_context": "add_security_context", "delay_treatment": "delay_treatment"}, {"pod": "astronomy-shop-recommendationservice-7b9564b48f-s8x9k", "timestamp": 1737550342.343, "sum(rate(container_cpu_usage_seconds_total{namespace=\"system-under-evaluation\", pod=~\"astronomy-shop-recommendationservice.*\"}[90s])) by (pod)": 0.2534468168452933, "recommendation_deployment_CPU": 0.2534468168452933, "kubernetes_prometheus_rules": "kubernetes_prometheus_rules", "add_security_context": "add_security_context", "delay_treatment": "delay_treatment"}, {"pod": "astronomy-shop-recommendationservice-7b9564b48f-s8x9k", "timestamp": 1737550343.343, "sum(rate(container_cpu_usage_seconds_total{namespace=\"system-under-evaluation\", pod=~\"astronomy-shop-recommendationservice.*\"}[90s])) by (pod)": 0.2534468168452933, "recommendation_deployment_CPU": 0.2534468168452933, "kubernetes_prometheus_rules": "kubernetes_prometheus_rules", "add_security_context": "add_security_context", "delay_treatment": "delay_treatment"}, {"pod": "astronomy-shop-recommendationservice-7b9564b48f-s8x9k", "timestamp": 1737550344.343, "sum(rate(container_cpu_usage_seconds_total{namespace=\"system-under-evaluation\", pod=~\"astronomy-shop-recommendationservice.*\"}[90s])) by (pod)": 0.2534468168452933, "recommendation_deployment_CPU": 0.2534468168452933, "kubernetes_prometheus_rules": "kubernetes_prometheus_rules", "add_security_context": "add_security_context", "delay_treatment": "delay_treatment"}, {"pod": "astronomy-shop-recommendationservice-7b9564b48f-s8x9k", "timestamp": 1737550345.343, "sum(rate(container_cpu_usage_seconds_total{namespace=\"system-under-evaluation\", pod=~\"astronomy-shop-recommendationservice.*\"}[90s])) by (pod)": 0.2534468168452933, "recommendation_deployment_CPU": 0.2534468168452933, "kubernetes_prometheus_rules": "kubernetes_prometheus_rules", "add_security_context": "add_security_context", "delay_treatment": "delay_treatment"}, {"pod": "astronomy-shop-recommendationservice-7b9564b48f-s8x9k", "timestamp": 1737550346.343, "sum(rate(container_cpu_usage_seconds_total{namespace=\"system-under-evaluation\", pod=~\"astronomy-shop-recommendationservice.*\"}[90s])) by (pod)": 0.2534468168452933, "recommendation_deployment_CPU": 0.2534468168452933, "kubernetes_prometheus_rules": "kubernetes_prometheus_rules", "add_security_context": "add_security_context", "delay_treatment": "delay_treatment"}, {"pod": "astronomy-shop-recommendationservice-7b9564b48f-s8x9k", "timestamp": 1737550347.343, "sum(rate(container_cpu_usage_seconds_total{namespace=\"system-under-evaluation\", pod=~\"astronomy-shop-recommendationservice.*\"}[90s])) by (pod)": 0.2534468168452933, "recommendation_deployment_CPU": 0.2534468168452933, "kubernetes_prometheus_rules": "kubernetes_prometheus_rules", "add_security_context": "add_security_context", "delay_treatment": "delay_treatment"}, {"pod": "astronomy-shop-recommendationservice-7b9564b48f-s8x9k", "timestamp": 1737550348.343, "sum(rate(container_cpu_usage_seconds_total{namespace=\"system-under-evaluation\", pod=~\"astronomy-shop-recommendationservice.*\"}[90s])) by (pod)": 0.2534468168452933, "recommendation_deployment_CPU": 0.2534468168452933, "kubernetes_prometheus_rules": "kubernetes_prometheus_rules", "add_security_context": "add_security_context", "delay_treatment": "delay_treatment"}, {"pod": "astronomy-shop-recommendationservice-7b9564b48f-s8x9k", "timestamp": 1737550349.343, "sum(rate(container_cpu_usage_seconds_total{namespace=\"system-under-evaluation\", pod=~\"astronomy-shop-recommendationservice.*\"}[90s])) by (pod)": 0.2534468168452933, "recommendation_deployment_CPU": 0.2534468168452933, "kubernetes_prometheus_rules": "kubernetes_prometheus_rules", "add_security_context": "add_security_context", "delay_treatment": "delay_treatment"}, {"pod": "astronomy-shop-recommendationservice-7b9564b48f-s8x9k", "timestamp": 1737550350.343, "sum(rate(container_cpu_usage_seconds_total{namespace=\"system-under-evaluation\", pod=~\"astronomy-shop-recommendationservice.*\"}[90s])) by (pod)": 0.2534468168452933, "recommendation_deployment_CPU": 0.2534468168452933, "kubernetes_prometheus_rules": "kubernetes_prometheus_rules", "add_security_context": "add_security_context", "delay_treatment": "delay_treatment"}, {"pod": "astronomy-shop-recommendationservice-7b9564b48f-s8x9k", "timestamp": 1737550351.343, "sum(rate(container_cpu_usage_seconds_total{namespace=\"system-under-evaluation\", pod=~\"astronomy-shop-recommendationservice.*\"}[90s])) by (pod)": 0.2534468168452933, "recommendation_deployment_CPU": 0.2534468168452933, "kubernetes_prometheus_rules": "kubernetes_prometheus_rules", "add_security_context": "add_security_context", "delay_treatment": "delay_treatment"}, {"pod": "astronomy-shop-recommendationservice-7b9564b48f-s8x9k", "timestamp": 1737550352.343, "sum(rate(container_cpu_usage_seconds_total{namespace=\"system-under-evaluation\", pod=~\"astronomy-shop-recommendationservice.*\"}[90s])) by (pod)": 0.2534468168452933, "recommendation_deployment_CPU": 0.2534468168452933, "kubernetes_prometheus_rules": "kubernetes_prometheus_rules", "add_security_context": "add_security_context", "delay_treatment": "delay_treatment"}, {"pod": "astronomy-shop-recommendationservice-7b9564b48f-s8x9k", "timestamp": 1737550353.343, "sum(rate(container_cpu_usage_seconds_total{namespace=\"system-under-evaluation\", pod=~\"astronomy-shop-recommendationservice.*\"}[90s])) by (pod)": 0.2534468168452933, "recommendation_deployment_CPU": 0.2534468168452933, "kubernetes_prometheus_rules": "kubernetes_prometheus_rules", "add_security_context": "add_security_context", "delay_treatment": "delay_treatment"}, {"pod": "astronomy-shop-recommendationservice-7b9564b48f-s8x9k", "timestamp": 1737550354.343, "sum(rate(container_cpu_usage_seconds_total{namespace=\"system-under-evaluation\", pod=~\"astronomy-shop-recommendationservice.*\"}[90s])) by (pod)": 0.2534468168452933, "recommendation_deployment_CPU": 0.2534468168452933, "kubernetes_prometheus_rules": "kubernetes_prometheus_rules", "add_security_context": "add_security_context", "delay_treatment": "delay_treatment"}, {"pod": "astronomy-shop-recommendationservice-7b9564b48f-s8x9k", "timestamp": 1737550355.343, "sum(rate(container_cpu_usage_seconds_total{namespace=\"system-under-evaluation\", pod=~\"astronomy-shop-recommendationservice.*\"}[90s])) by (pod)": 0.2534468168452933, "recommendation_deployment_CPU": 0.2534468168452933, "kubernetes_prometheus_rules": "kubernetes_prometheus_rules", "add_security_context": "add_security_context", "delay_treatment": "delay_treatment"}, {"pod": "astronomy-shop-recommendationservice-7b9564b48f-s8x9k", "timestamp": 1737550356.343, "sum(rate(container_cpu_usage_seconds_total{namespace=\"system-under-evaluation\", pod=~\"astronomy-shop-recommendationservice.*\"}[90s])) by (pod)": 0.2534468168452933, "recommendation_deployment_CPU": 0.2534468168452933, "kubernetes_prometheus_rules": "kubernetes_prometheus_rules", "add_security_context": "add_security_context", "delay_treatment": "delay_treatment"}, {"pod": "astronomy-shop-recommendationservice-7b9564b48f-s8x9k", "timestamp": 1737550357.343, "sum(rate(container_cpu_usage_seconds_total{namespace=\"system-under-evaluation\", pod=~\"astronomy-shop-recommendationservice.*\"}[90s])) by (pod)": 0.2534468168452933, "recommendation_deployment_CPU": 0.2534468168452933, "kubernetes_prometheus_rules": "kubernetes_prometheus_rules", "add_security_context": "add_security_context", "delay_treatment": "delay_treatment"}, {"pod": "astronomy-shop-recommendationservice-7b9564b48f-s8x9k", "timestamp": 1737550358.343, "sum(rate(container_cpu_usage_seconds_total{namespace=\"system-under-evaluation\", pod=~\"astronomy-shop-recommendationservice.*\"}[90s])) by (pod)": 0.2534468168452933, "recommendation_deployment_CPU": 0.2534468168452933, "kubernetes_prometheus_rules": "kubernetes_prometheus_rules", "add_security_context": "add_security_context", "delay_treatment": "delay_treatment"}, {"pod": "astronomy-shop-recommendationservice-7b9564b48f-s8x9k", "timestamp": 1737550359.343, "sum(rate(container_cpu_usage_seconds_total{namespace=\"system-under-evaluation\", pod=~\"astronomy-shop-recommendationservice.*\"}[90s])) by (pod)": 0.2534468168452933, "recommendation_deployment_CPU": 0.2534468168452933, "kubernetes_prometheus_rules": "kubernetes_prometheus_rules", "add_security_context": "add_security_context", "delay_treatment": "delay_treatment"}, {"pod": "astronomy-shop-recommendationservice-7b9564b48f-s8x9k", "timestamp": 1737550360.343, "sum(rate(container_cpu_usage_seconds_total{namespace=\"system-under-evaluation\", pod=~\"astronomy-shop-recommendationservice.*\"}[90s])) by (pod)": 0.2534468168452933, "recommendation_deployment_CPU": 0.2534468168452933, "kubernetes_prometheus_rules": "kubernetes_prometheus_rules", "add_security_context": "add_security_context", "delay_treatment": "delay_treatment"}, {"pod": "astronomy-shop-recommendationservice-7b9564b48f-s8x9k", "timestamp": 1737550361.343, "sum(rate(container_cpu_usage_seconds_total{namespace=\"system-under-evaluation\", pod=~\"astronomy-shop-recommendationservice.*\"}[90s])) by (pod)": 0.2534468168452933, "recommendation_deployment_CPU": 0.2534468168452933, "kubernetes_prometheus_rules": "kubernetes_prometheus_rules", "add_security_context": "add_security_context", "delay_treatment": "delay_treatment"}, {"pod": "astronomy-shop-recommendationservice-7b9564b48f-s8x9k", "timestamp": 1737550362.343, "sum(rate(container_cpu_usage_seconds_total{namespace=\"system-under-evaluation\", pod=~\"astronomy-shop-recommendationservice.*\"}[90s])) by (pod)": 0.2616050494040412, "recommendation_deployment_CPU": 0.2616050494040412, "kubernetes_prometheus_rules": "kubernetes_prometheus_rules", "add_security_context": "add_security_context", "delay_treatment": "delay_treatment"}, {"pod": "astronomy-shop-recommendationservice-7b9564b48f-s8x9k", "timestamp": 1737550363.343, "sum(rate(container_cpu_usage_seconds_total{namespace=\"system-under-evaluation\", pod=~\"astronomy-shop-recommendationservice.*\"}[90s])) by (pod)": 0.2616050494040412, "recommendation_deployment_CPU": 0.2616050494040412, "kubernetes_prometheus_rules": "kubernetes_prometheus_rules", "add_security_context": "add_security_context", "delay_treatment": "delay_treatment"}, {"pod": "astronomy-shop-recommendationservice-7b9564b48f-s8x9k", "timestamp": 1737550364.343, "sum(rate(container_cpu_usage_seconds_total{namespace=\"system-under-evaluation\", pod=~\"astronomy-shop-recommendationservice.*\"}[90s])) by (pod)": 0.2616050494040412, "recommendation_deployment_CPU": 0.2616050494040412, "kubernetes_prometheus_rules": "kubernetes_prometheus_rules", "add_security_context": "add_security_context", "delay_treatment": "delay_treatment"}, {"pod": "astronomy-shop-recommendationservice-7b9564b48f-s8x9k", "timestamp": 1737550365.343, "sum(rate(container_cpu_usage_seconds_total{namespace=\"system-under-evaluation\", pod=~\"astronomy-shop-recommendationservice.*\"}[90s])) by (pod)": 0.2646903727187179, "recommendation_deployment_CPU": 0.2646903727187179, "kubernetes_prometheus_rules": "kubernetes_prometheus_rules", "add_security_context": "add_security_context", "delay_treatment": "delay_treatment"}, {"pod": "astronomy-shop-recommendationservice-7b9564b48f-s8x9k", "timestamp": 1737550366.343, "sum(rate(container_cpu_usage_seconds_total{namespace=\"system-under-evaluation\", pod=~\"astronomy-shop-recommendationservice.*\"}[90s])) by (pod)": 0.2646903727187179, "recommendation_deployment_CPU": 0.2646903727187179, "kubernetes_prometheus_rules": "kubernetes_prometheus_rules", "add_security_context": "add_security_context", "delay_treatment": "delay_treatment"}, {"pod": "astronomy-shop-recommendationservice-7b9564b48f-s8x9k", "timestamp": 1737550367.343, "sum(rate(container_cpu_usage_seconds_total{namespace=\"system-under-evaluation\", pod=~\"astronomy-shop-recommendationservice.*\"}[90s])) by (pod)": 0.2646903727187179, "recommendation_deployment_CPU": 0.2646903727187179, "kubernetes_prometheus_rules": "kubernetes_prometheus_rules", "add_security_context": "add_security_context", "delay_treatment": "delay_treatment"}, {"pod": "astronomy-shop-recommendationservice-7b9564b48f-s8x9k", "timestamp": 1737550368.343, "sum(rate(container_cpu_usage_seconds_total{namespace=\"system-under-evaluation\", pod=~\"astronomy-shop-recommendationservice.*\"}[90s])) by (pod)": 0.2646903727187179, "recommendation_deployment_CPU": 0.2646903727187179, "kubernetes_prometheus_rules": "kubernetes_prometheus_rules", "add_security_context": "add_security_context", "delay_treatment": "delay_treatment"}, {"pod": "astronomy-shop-recommendationservice-7b9564b48f-s8x9k", "timestamp": 1737550369.343, "sum(rate(container_cpu_usage_seconds_total{namespace=\"system-under-evaluation\", pod=~\"astronomy-shop-recommendationservice.*\"}[90s])) by (pod)": 0.2646903727187179, "recommendation_deployment_CPU": 0.2646903727187179, "kubernetes_prometheus_rules": "kubernetes_prometheus_rules", "add_security_context": "add_security_context", "delay_treatment": "delay_treatment"}, {"pod": "astronomy-shop-recommendationservice-7b9564b48f-s8x9k", "timestamp": 1737550370.343, "sum(rate(container_cpu_usage_seconds_total{namespace=\"system-under-evaluation\", pod=~\"astronomy-shop-recommendationservice.*\"}[90s])) by (pod)": 0.27183402656611416, "recommendation_deployment_CPU": 0.27183402656611416, "kubernetes_prometheus_rules": "kubernetes_prometheus_rules", "add_security_context": "add_security_context", "delay_treatment": "delay_treatment"}, {"pod": "astronomy-shop-recommendationservice-7b9564b48f-s8x9k", "timestamp": 1737550371.343, "sum(rate(container_cpu_usage_seconds_total{namespace=\"system-under-evaluation\", pod=~\"astronomy-shop-recommendationservice.*\"}[90s])) by (pod)": 0.27183402656611416, "recommendation_deployment_CPU": 0.27183402656611416, "kubernetes_prometheus_rules": "kubernetes_prometheus_rules", "add_security_context": "add_security_context", "delay_treatment": "delay_treatment"}, {"pod": "astronomy-shop-recommendationservice-7b9564b48f-s8x9k", "timestamp": 1737550372.343, "sum(rate(container_cpu_usage_seconds_total{namespace=\"system-under-evaluation\", pod=~\"astronomy-shop-recommendationservice.*\"}[90s])) by (pod)": 0.278548048654012, "recommendation_deployment_CPU": 0.278548048654012, "kubernetes_prometheus_rules": "kubernetes_prometheus_rules", "add_security_context": "add_security_context", "delay_treatment": "delay_treatment"}, {"pod": "astronomy-shop-recommendationservice-7b9564b48f-s8x9k", "timestamp": 1737550373.343, "sum(rate(container_cpu_usage_seconds_total{namespace=\"system-under-evaluation\", pod=~\"astronomy-shop-recommendationservice.*\"}[90s])) by (pod)": 0.278548048654012, "recommendation_deployment_CPU": 0.278548048654012, "kubernetes_prometheus_rules": "kubernetes_prometheus_rules", "add_security_context": "add_security_context", "delay_treatment": "delay_treatment"}, {"pod": "astronomy-shop-recommendationservice-7b9564b48f-s8x9k", "timestamp": 1737550374.343, "sum(rate(container_cpu_usage_seconds_total{namespace=\"system-under-evaluation\", pod=~\"astronomy-shop-recommendationservice.*\"}[90s])) by (pod)": 0.278548048654012, "recommendation_deployment_CPU": 0.278548048654012, "kubernetes_prometheus_rules": "kubernetes_prometheus_rules", "add_security_context": "add_security_context", "delay_treatment": "delay_treatment"}, {"pod": "astronomy-shop-recommendationservice-7b9564b48f-s8x9k", "timestamp": 1737550375.343, "sum(rate(container_cpu_usage_seconds_total{namespace=\"system-under-evaluation\", pod=~\"astronomy-shop-recommendationservice.*\"}[90s])) by (pod)": 0.278548048654012, "recommendation_deployment_CPU": 0.278548048654012, "kubernetes_prometheus_rules": "kubernetes_prometheus_rules", "add_security_context": "add_security_context", "delay_treatment": "delay_treatment"}, {"pod": "astronomy-shop-recommendationservice-7b9564b48f-s8x9k", "timestamp": 1737550376.343, "sum(rate(container_cpu_usage_seconds_total{namespace=\"system-under-evaluation\", pod=~\"astronomy-shop-recommendationservice.*\"}[90s])) by (pod)": 0.278548048654012, "recommendation_deployment_CPU": 0.278548048654012, "kubernetes_prometheus_rules": "kubernetes_prometheus_rules", "add_security_context": "add_security_context", "delay_treatment": "delay_treatment"}, {"pod": "astronomy-shop-recommendationservice-7b9564b48f-s8x9k", "timestamp": 1737550377.343, "sum(rate(container_cpu_usage_seconds_total{namespace=\"system-under-evaluation\", pod=~\"astronomy-shop-recommendationservice.*\"}[90s])) by (pod)": 0.278548048654012, "recommendation_deployment_CPU": 0.278548048654012, "kubernetes_prometheus_rules": "kubernetes_prometheus_rules", "add_security_context": "add_security_context", "delay_treatment": "delay_treatment"}, {"pod": "astronomy-shop-recommendationservice-7b9564b48f-s8x9k", "timestamp": 1737550378.343, "sum(rate(container_cpu_usage_seconds_total{namespace=\"system-under-evaluation\", pod=~\"astronomy-shop-recommendationservice.*\"}[90s])) by (pod)": 0.278548048654012, "recommendation_deployment_CPU": 0.278548048654012, "kubernetes_prometheus_rules": "kubernetes_prometheus_rules", "add_security_context": "add_security_context", "delay_treatment": "delay_treatment"}, {"pod": "astronomy-shop-recommendationservice-7b9564b48f-s8x9k", "timestamp": 1737550379.343, "sum(rate(container_cpu_usage_seconds_total{namespace=\"system-under-evaluation\", pod=~\"astronomy-shop-recommendationservice.*\"}[90s])) by (pod)": 0.278548048654012, "recommendation_deployment_CPU": 0.278548048654012, "kubernetes_prometheus_rules": "kubernetes_prometheus_rules", "add_security_context": "add_security_context", "delay_treatment": "delay_treatment"}, {"pod": "astronomy-shop-recommendationservice-7b9564b48f-s8x9k", "timestamp": 1737550380.343, "sum(rate(container_cpu_usage_seconds_total{namespace=\"system-under-evaluation\", pod=~\"astronomy-shop-recommendationservice.*\"}[90s])) by (pod)": 0.278548048654012, "recommendation_deployment_CPU": 0.278548048654012, "kubernetes_prometheus_rules": "kubernetes_prometheus_rules", "add_security_context": "add_security_context", "delay_treatment": "delay_treatment"}, {"pod": "astronomy-shop-recommendationservice-7b9564b48f-s8x9k", "timestamp": 1737550381.343, "sum(rate(container_cpu_usage_seconds_total{namespace=\"system-under-evaluation\", pod=~\"astronomy-shop-recommendationservice.*\"}[90s])) by (pod)": 0.278548048654012, "recommendation_deployment_CPU": 0.278548048654012, "kubernetes_prometheus_rules": "kubernetes_prometheus_rules", "add_security_context": "add_security_context", "delay_treatment": "delay_treatment"}, {"pod": "astronomy-shop-recommendationservice-7b9564b48f-s8x9k", "timestamp": 1737550382.343, "sum(rate(container_cpu_usage_seconds_total{namespace=\"system-under-evaluation\", pod=~\"astronomy-shop-recommendationservice.*\"}[90s])) by (pod)": 0.278548048654012, "recommendation_deployment_CPU": 0.278548048654012, "kubernetes_prometheus_rules": "kubernetes_prometheus_rules", "add_security_context": "add_security_context", "delay_treatment": "delay_treatment"}, {"pod": "astronomy-shop-recommendationservice-7b9564b48f-s8x9k", "timestamp": 1737550383.343, "sum(rate(container_cpu_usage_seconds_total{namespace=\"system-under-evaluation\", pod=~\"astronomy-shop-recommendationservice.*\"}[90s])) by (pod)": 0.278548048654012, "recommendation_deployment_CPU": 0.278548048654012, "kubernetes_prometheus_rules": "kubernetes_prometheus_rules", "add_security_context": "add_security_context", "delay_treatment": "delay_treatment"}, {"pod": "astronomy-shop-recommendationservice-7b9564b48f-s8x9k", "timestamp": 1737550384.343, "sum(rate(container_cpu_usage_seconds_total{namespace=\"system-under-evaluation\", pod=~\"astronomy-shop-recommendationservice.*\"}[90s])) by (pod)": 0.278548048654012, "recommendation_deployment_CPU": 0.278548048654012, "kubernetes_prometheus_rules": "kubernetes_prometheus_rules", "add_security_context": "add_security_context", "delay_treatment": "delay_treatment"}, {"pod": "astronomy-shop-recommendationservice-7b9564b48f-s8x9k", "timestamp": 1737550385.343, "sum(rate(container_cpu_usage_seconds_total{namespace=\"system-under-evaluation\", pod=~\"astronomy-shop-recommendationservice.*\"}[90s])) by (pod)": 0.278548048654012, "recommendation_deployment_CPU": 0.278548048654012, "kubernetes_prometheus_rules": "kubernetes_prometheus_rules", "add_security_context": "add_security_context", "delay_treatment": "delay_treatment"}, {"pod": "astronomy-shop-recommendationservice-7b9564b48f-s8x9k", "timestamp": 1737550386.343, "sum(rate(container_cpu_usage_seconds_total{namespace=\"system-under-evaluation\", pod=~\"astronomy-shop-recommendationservice.*\"}[90s])) by (pod)": 0.278548048654012, "recommendation_deployment_CPU": 0.278548048654012, "kubernetes_prometheus_rules": "kubernetes_prometheus_rules", "add_security_context": "add_security_context", "delay_treatment": "delay_treatment"}, {"pod": "astronomy-shop-recommendationservice-7b9564b48f-s8x9k", "timestamp": 1737550387.343, "sum(rate(container_cpu_usage_seconds_total{namespace=\"system-under-evaluation\", pod=~\"astronomy-shop-recommendationservice.*\"}[90s])) by (pod)": 0.278548048654012, "recommendation_deployment_CPU": 0.278548048654012, "kubernetes_prometheus_rules": "kubernetes_prometheus_rules", "add_security_context": "add_security_context", "delay_treatment": "delay_treatment"}, {"pod": "astronomy-shop-recommendationservice-7b9564b48f-s8x9k", "timestamp": 1737550388.343, "sum(rate(container_cpu_usage_seconds_total{namespace=\"system-under-evaluation\", pod=~\"astronomy-shop-recommendationservice.*\"}[90s])) by (pod)": 0.278548048654012, "recommendation_deployment_CPU": 0.278548048654012, "kubernetes_prometheus_rules": "kubernetes_prometheus_rules", "add_security_context": "add_security_context", "delay_treatment": "delay_treatment"}, {"pod": "astronomy-shop-recommendationservice-7b9564b48f-s8x9k", "timestamp": 1737550389.343, "sum(rate(container_cpu_usage_seconds_total{namespace=\"system-under-evaluation\", pod=~\"astronomy-shop-recommendationservice.*\"}[90s])) by (pod)": 0.278548048654012, "recommendation_deployment_CPU": 0.278548048654012, "kubernetes_prometheus_rules": "kubernetes_prometheus_rules", "add_security_context": "add_security_context", "delay_treatment": "delay_treatment"}, {"pod": "astronomy-shop-recommendationservice-7b9564b48f-s8x9k", "timestamp": 1737550390.343, "sum(rate(container_cpu_usage_seconds_total{namespace=\"system-under-evaluation\", pod=~\"astronomy-shop-recommendationservice.*\"}[90s])) by (pod)": 0.278548048654012, "recommendation_deployment_CPU": 0.278548048654012, "kubernetes_prometheus_rules": "kubernetes_prometheus_rules", "add_security_context": "add_security_context", "delay_treatment": "delay_treatment"}, {"pod": "astronomy-shop-recommendationservice-7b9564b48f-s8x9k", "timestamp": 1737550391.343, "sum(rate(container_cpu_usage_seconds_total{namespace=\"system-under-evaluation\", pod=~\"astronomy-shop-recommendationservice.*\"}[90s])) by (pod)": 0.278548048654012, "recommendation_deployment_CPU": 0.278548048654012, "kubernetes_prometheus_rules": "NoTreatment", "add_security_context": "NoTreatment", "delay_treatment": "NoTreatment"}, {"pod": "astronomy-shop-recommendationservice-7b9564b48f-s8x9k", "timestamp": 1737550392.343, "sum(rate(container_cpu_usage_seconds_total{namespace=\"system-under-evaluation\", pod=~\"astronomy-shop-recommendationservice.*\"}[90s])) by (pod)": 0.278548048654012, "recommendation_deployment_CPU": 0.278548048654012, "kubernetes_prometheus_rules": "NoTreatment", "add_security_context": "NoTreatment", "delay_treatment": "NoTreatment"}, {"pod": "astronomy-shop-recommendationservice-7b9564b48f-s8x9k", "timestamp": 1737550393.343, "sum(rate(container_cpu_usage_seconds_total{namespace=\"system-under-evaluation\", pod=~\"astronomy-shop-recommendationservice.*\"}[90s])) by (pod)": 0.2495125108443723, "recommendation_deployment_CPU": 0.2495125108443723, "kubernetes_prometheus_rules": "NoTreatment", "add_security_context": "NoTreatment", "delay_treatment": "NoTreatment"}, {"pod": "astronomy-shop-recommendationservice-7b9564b48f-s8x9k", "timestamp": 1737550394.343, "sum(rate(container_cpu_usage_seconds_total{namespace=\"system-under-evaluation\", pod=~\"astronomy-shop-recommendationservice.*\"}[90s])) by (pod)": 0.2511097485425361, "recommendation_deployment_CPU": 0.2511097485425361, "kubernetes_prometheus_rules": "NoTreatment", "add_security_context": "NoTreatment", "delay_treatment": "NoTreatment"}, {"pod": "astronomy-shop-recommendationservice-7b9564b48f-s8x9k", "timestamp": 1737550395.343, "sum(rate(container_cpu_usage_seconds_total{namespace=\"system-under-evaluation\", pod=~\"astronomy-shop-recommendationservice.*\"}[90s])) by (pod)": 0.2253710616554756, "recommendation_deployment_CPU": 0.2253710616554756, "kubernetes_prometheus_rules": "NoTreatment", "add_security_context": "NoTreatment", "delay_treatment": "NoTreatment"}, {"pod": "astronomy-shop-recommendationservice-7b9564b48f-s8x9k", "timestamp": 1737550396.343, "sum(rate(container_cpu_usage_seconds_total{namespace=\"system-under-evaluation\", pod=~\"astronomy-shop-recommendationservice.*\"}[90s])) by (pod)": 0.2253710616554756, "recommendation_deployment_CPU": 0.2253710616554756, "kubernetes_prometheus_rules": "NoTreatment", "add_security_context": "NoTreatment", "delay_treatment": "NoTreatment"}, {"pod": "astronomy-shop-recommendationservice-7b9564b48f-s8x9k", "timestamp": 1737550397.343, "sum(rate(container_cpu_usage_seconds_total{namespace=\"system-under-evaluation\", pod=~\"astronomy-shop-recommendationservice.*\"}[90s])) by (pod)": 0.28095717773025186, "recommendation_deployment_CPU": 0.28095717773025186, "kubernetes_prometheus_rules": "NoTreatment", "add_security_context": "NoTreatment", "delay_treatment": "NoTreatment"}, {"pod": "astronomy-shop-recommendationservice-7b9564b48f-s8x9k", "timestamp": 1737550398.343, "sum(rate(container_cpu_usage_seconds_total{namespace=\"system-under-evaluation\", pod=~\"astronomy-shop-recommendationservice.*\"}[90s])) by (pod)": 0.28489819973563146, "recommendation_deployment_CPU": 0.28489819973563146, "kubernetes_prometheus_rules": "NoTreatment", "add_security_context": "NoTreatment", "delay_treatment": "NoTreatment"}, {"pod": "astronomy-shop-recommendationservice-7b9564b48f-s8x9k", "timestamp": 1737550399.343, "sum(rate(container_cpu_usage_seconds_total{namespace=\"system-under-evaluation\", pod=~\"astronomy-shop-recommendationservice.*\"}[90s])) by (pod)": 0.28489819973563146, "recommendation_deployment_CPU": 0.28489819973563146, "kubernetes_prometheus_rules": "NoTreatment", "add_security_context": "NoTreatment", "delay_treatment": "NoTreatment"}, {"pod": "astronomy-shop-recommendationservice-7b9564b48f-s8x9k", "timestamp": 1737550400.343, "sum(rate(container_cpu_usage_seconds_total{namespace=\"system-under-evaluation\", pod=~\"astronomy-shop-recommendationservice.*\"}[90s])) by (pod)": 0.28489819973563146, "recommendation_deployment_CPU": 0.28489819973563146, "kubernetes_prometheus_rules": "NoTreatment", "add_security_context": "NoTreatment", "delay_treatment": "NoTreatment"}]