[{"instance": "kube-prometheus-prometheus-node-exporter.oxn-external-monitoring.svc:9100", "timestamp": 1737547530.447, "sum(rate(node_netstat_Tcp_RetransSegs[1m])) by (instance)": 24.016341803325634, "tcp_retransmissions": 24.016341803325634, "kubernetes_prometheus_rules": "kubernetes_prometheus_rules", "add_security_context": "NoTreatment", "delay_treatment": "NoTreatment"}, {"instance": "kube-prometheus-prometheus-node-exporter.oxn-external-monitoring.svc:9100", "timestamp": 1737547531.447, "sum(rate(node_netstat_Tcp_RetransSegs[1m])) by (instance)": 24.016341803325634, "tcp_retransmissions": 24.016341803325634, "kubernetes_prometheus_rules": "kubernetes_prometheus_rules", "add_security_context": "NoTreatment", "delay_treatment": "NoTreatment"}, {"instance": "kube-prometheus-prometheus-node-exporter.oxn-external-monitoring.svc:9100", "timestamp": 1737547532.447, "sum(rate(node_netstat_Tcp_RetransSegs[1m])) by (instance)": 24.016341803325634, "tcp_retransmissions": 24.016341803325634, "kubernetes_prometheus_rules": "kubernetes_prometheus_rules", "add_security_context": "NoTreatment", "delay_treatment": "NoTreatment"}, {"instance": "kube-prometheus-prometheus-node-exporter.oxn-external-monitoring.svc:9100", "timestamp": 1737547533.447, "sum(rate(node_netstat_Tcp_RetransSegs[1m])) by (instance)": 21.923633258395636, "tcp_retransmissions": 21.923633258395636, "kubernetes_prometheus_rules": "kubernetes_prometheus_rules", "add_security_context": "NoTreatment", "delay_treatment": "NoTreatment"}, {"instance": "kube-prometheus-prometheus-node-exporter.oxn-external-monitoring.svc:9100", "timestamp": 1737547534.447, "sum(rate(node_netstat_Tcp_RetransSegs[1m])) by (instance)": 21.923633258395636, "tcp_retransmissions": 21.923633258395636, "kubernetes_prometheus_rules": "kubernetes_prometheus_rules", "add_security_context": "NoTreatment", "delay_treatment": "NoTreatment"}, {"instance": "kube-prometheus-prometheus-node-exporter.oxn-external-monitoring.svc:9100", "timestamp": 1737547535.447, "sum(rate(node_netstat_Tcp_RetransSegs[1m])) by (instance)": 24.016341803325634, "tcp_retransmissions": 24.016341803325634, "kubernetes_prometheus_rules": "kubernetes_prometheus_rules", "add_security_context": "NoTreatment", "delay_treatment": "NoTreatment"}, {"instance": "kube-prometheus-prometheus-node-exporter.oxn-external-monitoring.svc:9100", "timestamp": 1737547536.447, "sum(rate(node_netstat_Tcp_RetransSegs[1m])) by (instance)": 24.016341803325634, "tcp_retransmissions": 24.016341803325634, "kubernetes_prometheus_rules": "kubernetes_prometheus_rules", "add_security_context": "NoTreatment", "delay_treatment": "NoTreatment"}, {"instance": "kube-prometheus-prometheus-node-exporter.oxn-external-monitoring.svc:9100", "timestamp": 1737547537.447, "sum(rate(node_netstat_Tcp_RetransSegs[1m])) by (instance)": 24.016341803325634, "tcp_retransmissions": 24.016341803325634, "kubernetes_prometheus_rules": "kubernetes_prometheus_rules", "add_security_context": "NoTreatment", "delay_treatment": "NoTreatment"}, {"instance": "kube-prometheus-prometheus-node-exporter.oxn-external-monitoring.svc:9100", "timestamp": 1737547538.447, "sum(rate(node_netstat_Tcp_RetransSegs[1m])) by (instance)": 21.923633258395636, "tcp_retransmissions": 21.923633258395636, "kubernetes_prometheus_rules": "kubernetes_prometheus_rules", "add_security_context": "NoTreatment", "delay_treatment": "NoTreatment"}, {"instance": "kube-prometheus-prometheus-node-exporter.oxn-external-monitoring.svc:9100", "timestamp": 1737547539.447, "sum(rate(node_netstat_Tcp_RetransSegs[1m])) by (instance)": 21.923633258395636, "tcp_retransmissions": 21.923633258395636, "kubernetes_prometheus_rules": "kubernetes_prometheus_rules", "add_security_context": "NoTreatment", "delay_treatment": "NoTreatment"}, {"instance": "kube-prometheus-prometheus-node-exporter.oxn-external-monitoring.svc:9100", "timestamp": 1737547540.447, "sum(rate(node_netstat_Tcp_RetransSegs[1m])) by (instance)": 24.016341803325634, "tcp_retransmissions": 24.016341803325634, "kubernetes_prometheus_rules": "kubernetes_prometheus_rules", "add_security_context": "add_security_context", "delay_treatment": "NoTreatment"}, {"instance": "kube-prometheus-prometheus-node-exporter.oxn-external-monitoring.svc:9100", "timestamp": 1737547541.447, "sum(rate(node_netstat_Tcp_RetransSegs[1m])) by (instance)": 24.016341803325634, "tcp_retransmissions": 24.016341803325634, "kubernetes_prometheus_rules": "kubernetes_prometheus_rules", "add_security_context": "add_security_context", "delay_treatment": "delay_treatment"}, {"instance": "kube-prometheus-prometheus-node-exporter.oxn-external-monitoring.svc:9100", "timestamp": 1737547542.447, "sum(rate(node_netstat_Tcp_RetransSegs[1m])) by (instance)": 24.016341803325634, "tcp_retransmissions": 24.016341803325634, "kubernetes_prometheus_rules": "kubernetes_prometheus_rules", "add_security_context": "add_security_context", "delay_treatment": "delay_treatment"}, {"instance": "kube-prometheus-prometheus-node-exporter.oxn-external-monitoring.svc:9100", "timestamp": 1737547543.447, "sum(rate(node_netstat_Tcp_RetransSegs[1m])) by (instance)": 21.923633258395636, "tcp_retransmissions": 21.923633258395636, "kubernetes_prometheus_rules": "kubernetes_prometheus_rules", "add_security_context": "add_security_context", "delay_treatment": "delay_treatment"}, {"instance": "kube-prometheus-prometheus-node-exporter.oxn-external-monitoring.svc:9100", "timestamp": 1737547544.447, "sum(rate(node_netstat_Tcp_RetransSegs[1m])) by (instance)": 21.923633258395636, "tcp_retransmissions": 21.923633258395636, "kubernetes_prometheus_rules": "kubernetes_prometheus_rules", "add_security_context": "add_security_context", "delay_treatment": "delay_treatment"}, {"instance": "kube-prometheus-prometheus-node-exporter.oxn-external-monitoring.svc:9100", "timestamp": 1737547545.447, "sum(rate(node_netstat_Tcp_RetransSegs[1m])) by (instance)": 23.959069128118976, "tcp_retransmissions": 23.959069128118976, "kubernetes_prometheus_rules": "kubernetes_prometheus_rules", "add_security_context": "add_security_context", "delay_treatment": "delay_treatment"}, {"instance": "kube-prometheus-prometheus-node-exporter.oxn-external-monitoring.svc:9100", "timestamp": 1737547546.447, "sum(rate(node_netstat_Tcp_RetransSegs[1m])) by (instance)": 23.959069128118976, "tcp_retransmissions": 23.959069128118976, "kubernetes_prometheus_rules": "kubernetes_prometheus_rules", "add_security_context": "add_security_context", "delay_treatment": "delay_treatment"}, {"instance": "kube-prometheus-prometheus-node-exporter.oxn-external-monitoring.svc:9100", "timestamp": 1737547547.447, "sum(rate(node_netstat_Tcp_RetransSegs[1m])) by (instance)": 23.959069128118976, "tcp_retransmissions": 23.959069128118976, "kubernetes_prometheus_rules": "kubernetes_prometheus_rules", "add_security_context": "add_security_context", "delay_treatment": "delay_treatment"}, {"instance": "kube-prometheus-prometheus-node-exporter.oxn-external-monitoring.svc:9100", "timestamp": 1737547548.447, "sum(rate(node_netstat_Tcp_RetransSegs[1m])) by (instance)": 21.871351144106935, "tcp_retransmissions": 21.871351144106935, "kubernetes_prometheus_rules": "kubernetes_prometheus_rules", "add_security_context": "add_security_context", "delay_treatment": "delay_treatment"}, {"instance": "kube-prometheus-prometheus-node-exporter.oxn-external-monitoring.svc:9100", "timestamp": 1737547549.447, "sum(rate(node_netstat_Tcp_RetransSegs[1m])) by (instance)": 21.871351144106935, "tcp_retransmissions": 21.871351144106935, "kubernetes_prometheus_rules": "kubernetes_prometheus_rules", "add_security_context": "add_security_context", "delay_treatment": "delay_treatment"}, {"instance": "kube-prometheus-prometheus-node-exporter.oxn-external-monitoring.svc:9100", "timestamp": 1737547550.447, "sum(rate(node_netstat_Tcp_RetransSegs[1m])) by (instance)": 0.05671875, "tcp_retransmissions": 0.05671875, "kubernetes_prometheus_rules": "kubernetes_prometheus_rules", "add_security_context": "add_security_context", "delay_treatment": "delay_treatment"}, {"instance": "kube-prometheus-prometheus-node-exporter.oxn-external-monitoring.svc:9100", "timestamp": 1737547551.447, "sum(rate(node_netstat_Tcp_RetransSegs[1m])) by (instance)": 0.057968750000000006, "tcp_retransmissions": 0.057968750000000006, "kubernetes_prometheus_rules": "kubernetes_prometheus_rules", "add_security_context": "add_security_context", "delay_treatment": "delay_treatment"}, {"instance": "kube-prometheus-prometheus-node-exporter.oxn-external-monitoring.svc:9100", "timestamp": 1737547552.447, "sum(rate(node_netstat_Tcp_RetransSegs[1m])) by (instance)": 0.059218749999999994, "tcp_retransmissions": 0.059218749999999994, "kubernetes_prometheus_rules": "kubernetes_prometheus_rules", "add_security_context": "add_security_context", "delay_treatment": "delay_treatment"}, {"instance": "kube-prometheus-prometheus-node-exporter.oxn-external-monitoring.svc:9100", "timestamp": 1737547553.447, "sum(rate(node_netstat_Tcp_RetransSegs[1m])) by (instance)": 0.053750000000000006, "tcp_retransmissions": 0.053750000000000006, "kubernetes_prometheus_rules": "kubernetes_prometheus_rules", "add_security_context": "add_security_context", "delay_treatment": "delay_treatment"}, {"instance": "kube-prometheus-prometheus-node-exporter.oxn-external-monitoring.svc:9100", "timestamp": 1737547554.447, "sum(rate(node_netstat_Tcp_RetransSegs[1m])) by (instance)": 0.05486111111111112, "tcp_retransmissions": 0.05486111111111112, "kubernetes_prometheus_rules": "kubernetes_prometheus_rules", "add_security_context": "add_security_context", "delay_treatment": "delay_treatment"}, {"instance": "kube-prometheus-prometheus-node-exporter.oxn-external-monitoring.svc:9100", "timestamp": 1737547555.447, "sum(rate(node_netstat_Tcp_RetransSegs[1m])) by (instance)": 0.05597222222222222, "tcp_retransmissions": 0.05597222222222222, "kubernetes_prometheus_rules": "kubernetes_prometheus_rules", "add_security_context": "add_security_context", "delay_treatment": "delay_treatment"}, {"instance": "kube-prometheus-prometheus-node-exporter.oxn-external-monitoring.svc:9100", "timestamp": 1737547556.447, "sum(rate(node_netstat_Tcp_RetransSegs[1m])) by (instance)": 0.057083333333333326, "tcp_retransmissions": 0.057083333333333326, "kubernetes_prometheus_rules": "kubernetes_prometheus_rules", "add_security_context": "add_security_context", "delay_treatment": "delay_treatment"}, {"instance": "kube-prometheus-prometheus-node-exporter.oxn-external-monitoring.svc:9100", "timestamp": 1737547557.447, "sum(rate(node_netstat_Tcp_RetransSegs[1m])) by (instance)": 0.05819444444444445, "tcp_retransmissions": 0.05819444444444445, "kubernetes_prometheus_rules": "kubernetes_prometheus_rules", "add_security_context": "add_security_context", "delay_treatment": "delay_treatment"}, {"instance": "kube-prometheus-prometheus-node-exporter.oxn-external-monitoring.svc:9100", "timestamp": 1737547558.447, "sum(rate(node_netstat_Tcp_RetransSegs[1m])) by (instance)": 0.05337499999999999, "tcp_retransmissions": 0.05337499999999999, "kubernetes_prometheus_rules": "kubernetes_prometheus_rules", "add_security_context": "add_security_context", "delay_treatment": "delay_treatment"}, {"instance": "kube-prometheus-prometheus-node-exporter.oxn-external-monitoring.svc:9100", "timestamp": 1737547559.447, "sum(rate(node_netstat_Tcp_RetransSegs[1m])) by (instance)": 0.05437499999999999, "tcp_retransmissions": 0.05437499999999999, "kubernetes_prometheus_rules": "kubernetes_prometheus_rules", "add_security_context": "add_security_context", "delay_treatment": "delay_treatment"}, {"instance": "kube-prometheus-prometheus-node-exporter.oxn-external-monitoring.svc:9100", "timestamp": 1737547560.447, "sum(rate(node_netstat_Tcp_RetransSegs[1m])) by (instance)": 0.055375, "tcp_retransmissions": 0.055375, "kubernetes_prometheus_rules": "kubernetes_prometheus_rules", "add_security_context": "add_security_context", "delay_treatment": "delay_treatment"}, {"instance": "kube-prometheus-prometheus-node-exporter.oxn-external-monitoring.svc:9100", "timestamp": 1737547561.447, "sum(rate(node_netstat_Tcp_RetransSegs[1m])) by (instance)": 0.056374999999999995, "tcp_retransmissions": 0.056374999999999995, "kubernetes_prometheus_rules": "kubernetes_prometheus_rules", "add_security_context": "add_security_context", "delay_treatment": "delay_treatment"}, {"instance": "kube-prometheus-prometheus-node-exporter.oxn-external-monitoring.svc:9100", "timestamp": 1737547562.447, "sum(rate(node_netstat_Tcp_RetransSegs[1m])) by (instance)": 0.06, "tcp_retransmissions": 0.06, "kubernetes_prometheus_rules": "kubernetes_prometheus_rules", "add_security_context": "add_security_context", "delay_treatment": "delay_treatment"}, {"instance": "kube-prometheus-prometheus-node-exporter.oxn-external-monitoring.svc:9100", "timestamp": 1737547563.447, "sum(rate(node_netstat_Tcp_RetransSegs[1m])) by (instance)": 0.09090909090909091, "tcp_retransmissions": 0.09090909090909091, "kubernetes_prometheus_rules": "kubernetes_prometheus_rules", "add_security_context": "add_security_context", "delay_treatment": "delay_treatment"}, {"instance": "kube-prometheus-prometheus-node-exporter.oxn-external-monitoring.svc:9100", "timestamp": 1737547564.447, "sum(rate(node_netstat_Tcp_RetransSegs[1m])) by (instance)": 0.09090909090909091, "tcp_retransmissions": 0.09090909090909091, "kubernetes_prometheus_rules": "kubernetes_prometheus_rules", "add_security_context": "add_security_context", "delay_treatment": "delay_treatment"}, {"instance": "kube-prometheus-prometheus-node-exporter.oxn-external-monitoring.svc:9100", "timestamp": 1737547565.447, "sum(rate(node_netstat_Tcp_RetransSegs[1m])) by (instance)": 0.09090909090909091, "tcp_retransmissions": 0.09090909090909091, "kubernetes_prometheus_rules": "kubernetes_prometheus_rules", "add_security_context": "add_security_context", "delay_treatment": "delay_treatment"}, {"instance": "kube-prometheus-prometheus-node-exporter.oxn-external-monitoring.svc:9100", "timestamp": 1737547566.447, "sum(rate(node_netstat_Tcp_RetransSegs[1m])) by (instance)": 0.09090909090909091, "tcp_retransmissions": 0.09090909090909091, "kubernetes_prometheus_rules": "kubernetes_prometheus_rules", "add_security_context": "add_security_context", "delay_treatment": "delay_treatment"}, {"instance": "kube-prometheus-prometheus-node-exporter.oxn-external-monitoring.svc:9100", "timestamp": 1737547567.447, "sum(rate(node_netstat_Tcp_RetransSegs[1m])) by (instance)": 0.09090909090909091, "tcp_retransmissions": 0.09090909090909091, "kubernetes_prometheus_rules": "kubernetes_prometheus_rules", "add_security_context": "add_security_context", "delay_treatment": "delay_treatment"}, {"instance": "kube-prometheus-prometheus-node-exporter.oxn-external-monitoring.svc:9100", "timestamp": 1737547568.447, "sum(rate(node_netstat_Tcp_RetransSegs[1m])) by (instance)": 0.10909090909090909, "tcp_retransmissions": 0.10909090909090909, "kubernetes_prometheus_rules": "kubernetes_prometheus_rules", "add_security_context": "add_security_context", "delay_treatment": "delay_treatment"}, {"instance": "kube-prometheus-prometheus-node-exporter.oxn-external-monitoring.svc:9100", "timestamp": 1737547569.447, "sum(rate(node_netstat_Tcp_RetransSegs[1m])) by (instance)": 0.10909090909090909, "tcp_retransmissions": 0.10909090909090909, "kubernetes_prometheus_rules": "kubernetes_prometheus_rules", "add_security_context": "add_security_context", "delay_treatment": "delay_treatment"}, {"instance": "kube-prometheus-prometheus-node-exporter.oxn-external-monitoring.svc:9100", "timestamp": 1737547570.447, "sum(rate(node_netstat_Tcp_RetransSegs[1m])) by (instance)": 0.10909090909090909, "tcp_retransmissions": 0.10909090909090909, "kubernetes_prometheus_rules": "kubernetes_prometheus_rules", "add_security_context": "add_security_context", "delay_treatment": "delay_treatment"}, {"instance": "kube-prometheus-prometheus-node-exporter.oxn-external-monitoring.svc:9100", "timestamp": 1737547571.447, "sum(rate(node_netstat_Tcp_RetransSegs[1m])) by (instance)": 0.10909090909090909, "tcp_retransmissions": 0.10909090909090909, "kubernetes_prometheus_rules": "kubernetes_prometheus_rules", "add_security_context": "add_security_context", "delay_treatment": "delay_treatment"}, {"instance": "kube-prometheus-prometheus-node-exporter.oxn-external-monitoring.svc:9100", "timestamp": 1737547572.447, "sum(rate(node_netstat_Tcp_RetransSegs[1m])) by (instance)": 0.10909090909090909, "tcp_retransmissions": 0.10909090909090909, "kubernetes_prometheus_rules": "kubernetes_prometheus_rules", "add_security_context": "add_security_context", "delay_treatment": "delay_treatment"}, {"instance": "kube-prometheus-prometheus-node-exporter.oxn-external-monitoring.svc:9100", "timestamp": 1737547573.447, "sum(rate(node_netstat_Tcp_RetransSegs[1m])) by (instance)": 0.16363636363636364, "tcp_retransmissions": 0.16363636363636364, "kubernetes_prometheus_rules": "kubernetes_prometheus_rules", "add_security_context": "add_security_context", "delay_treatment": "delay_treatment"}, {"instance": "kube-prometheus-prometheus-node-exporter.oxn-external-monitoring.svc:9100", "timestamp": 1737547574.447, "sum(rate(node_netstat_Tcp_RetransSegs[1m])) by (instance)": 0.16363636363636364, "tcp_retransmissions": 0.16363636363636364, "kubernetes_prometheus_rules": "kubernetes_prometheus_rules", "add_security_context": "add_security_context", "delay_treatment": "delay_treatment"}, {"instance": "kube-prometheus-prometheus-node-exporter.oxn-external-monitoring.svc:9100", "timestamp": 1737547575.447, "sum(rate(node_netstat_Tcp_RetransSegs[1m])) by (instance)": 0.16363636363636364, "tcp_retransmissions": 0.16363636363636364, "kubernetes_prometheus_rules": "kubernetes_prometheus_rules", "add_security_context": "add_security_context", "delay_treatment": "delay_treatment"}, {"instance": "kube-prometheus-prometheus-node-exporter.oxn-external-monitoring.svc:9100", "timestamp": 1737547576.447, "sum(rate(node_netstat_Tcp_RetransSegs[1m])) by (instance)": 0.16363636363636364, "tcp_retransmissions": 0.16363636363636364, "kubernetes_prometheus_rules": "kubernetes_prometheus_rules", "add_security_context": "add_security_context", "delay_treatment": "delay_treatment"}, {"instance": "kube-prometheus-prometheus-node-exporter.oxn-external-monitoring.svc:9100", "timestamp": 1737547577.447, "sum(rate(node_netstat_Tcp_RetransSegs[1m])) by (instance)": 0.16363636363636364, "tcp_retransmissions": 0.16363636363636364, "kubernetes_prometheus_rules": "kubernetes_prometheus_rules", "add_security_context": "add_security_context", "delay_treatment": "delay_treatment"}, {"instance": "kube-prometheus-prometheus-node-exporter.oxn-external-monitoring.svc:9100", "timestamp": 1737547578.447, "sum(rate(node_netstat_Tcp_RetransSegs[1m])) by (instance)": 0.14545454545454545, "tcp_retransmissions": 0.14545454545454545, "kubernetes_prometheus_rules": "kubernetes_prometheus_rules", "add_security_context": "add_security_context", "delay_treatment": "delay_treatment"}, {"instance": "kube-prometheus-prometheus-node-exporter.oxn-external-monitoring.svc:9100", "timestamp": 1737547579.447, "sum(rate(node_netstat_Tcp_RetransSegs[1m])) by (instance)": 0.14545454545454545, "tcp_retransmissions": 0.14545454545454545, "kubernetes_prometheus_rules": "kubernetes_prometheus_rules", "add_security_context": "add_security_context", "delay_treatment": "delay_treatment"}, {"instance": "kube-prometheus-prometheus-node-exporter.oxn-external-monitoring.svc:9100", "timestamp": 1737547580.447, "sum(rate(node_netstat_Tcp_RetransSegs[1m])) by (instance)": 0.14545454545454545, "tcp_retransmissions": 0.14545454545454545, "kubernetes_prometheus_rules": "kubernetes_prometheus_rules", "add_security_context": "add_security_context", "delay_treatment": "delay_treatment"}, {"instance": "kube-prometheus-prometheus-node-exporter.oxn-external-monitoring.svc:9100", "timestamp": 1737547581.447, "sum(rate(node_netstat_Tcp_RetransSegs[1m])) by (instance)": 0.14545454545454545, "tcp_retransmissions": 0.14545454545454545, "kubernetes_prometheus_rules": "kubernetes_prometheus_rules", "add_security_context": "add_security_context", "delay_treatment": "delay_treatment"}, {"instance": "kube-prometheus-prometheus-node-exporter.oxn-external-monitoring.svc:9100", "timestamp": 1737547582.447, "sum(rate(node_netstat_Tcp_RetransSegs[1m])) by (instance)": 0.14545454545454545, "tcp_retransmissions": 0.14545454545454545, "kubernetes_prometheus_rules": "kubernetes_prometheus_rules", "add_security_context": "add_security_context", "delay_treatment": "delay_treatment"}, {"instance": "kube-prometheus-prometheus-node-exporter.oxn-external-monitoring.svc:9100", "timestamp": 1737547583.447, "sum(rate(node_netstat_Tcp_RetransSegs[1m])) by (instance)": 0.16363636363636364, "tcp_retransmissions": 0.16363636363636364, "kubernetes_prometheus_rules": "kubernetes_prometheus_rules", "add_security_context": "add_security_context", "delay_treatment": "delay_treatment"}, {"instance": "kube-prometheus-prometheus-node-exporter.oxn-external-monitoring.svc:9100", "timestamp": 1737547584.447, "sum(rate(node_netstat_Tcp_RetransSegs[1m])) by (instance)": 0.16363636363636364, "tcp_retransmissions": 0.16363636363636364, "kubernetes_prometheus_rules": "kubernetes_prometheus_rules", "add_security_context": "add_security_context", "delay_treatment": "delay_treatment"}, {"instance": "kube-prometheus-prometheus-node-exporter.oxn-external-monitoring.svc:9100", "timestamp": 1737547585.447, "sum(rate(node_netstat_Tcp_RetransSegs[1m])) by (instance)": 0.16363636363636364, "tcp_retransmissions": 0.16363636363636364, "kubernetes_prometheus_rules": "kubernetes_prometheus_rules", "add_security_context": "add_security_context", "delay_treatment": "delay_treatment"}, {"instance": "kube-prometheus-prometheus-node-exporter.oxn-external-monitoring.svc:9100", "timestamp": 1737547586.447, "sum(rate(node_netstat_Tcp_RetransSegs[1m])) by (instance)": 0.16363636363636364, "tcp_retransmissions": 0.16363636363636364, "kubernetes_prometheus_rules": "kubernetes_prometheus_rules", "add_security_context": "add_security_context", "delay_treatment": "delay_treatment"}, {"instance": "kube-prometheus-prometheus-node-exporter.oxn-external-monitoring.svc:9100", "timestamp": 1737547587.447, "sum(rate(node_netstat_Tcp_RetransSegs[1m])) by (instance)": 0.16363636363636364, "tcp_retransmissions": 0.16363636363636364, "kubernetes_prometheus_rules": "kubernetes_prometheus_rules", "add_security_context": "add_security_context", "delay_treatment": "delay_treatment"}, {"instance": "kube-prometheus-prometheus-node-exporter.oxn-external-monitoring.svc:9100", "timestamp": 1737547588.447, "sum(rate(node_netstat_Tcp_RetransSegs[1m])) by (instance)": 0.16363636363636364, "tcp_retransmissions": 0.16363636363636364, "kubernetes_prometheus_rules": "kubernetes_prometheus_rules", "add_security_context": "add_security_context", "delay_treatment": "delay_treatment"}, {"instance": "kube-prometheus-prometheus-node-exporter.oxn-external-monitoring.svc:9100", "timestamp": 1737547589.447, "sum(rate(node_netstat_Tcp_RetransSegs[1m])) by (instance)": 0.16363636363636364, "tcp_retransmissions": 0.16363636363636364, "kubernetes_prometheus_rules": "kubernetes_prometheus_rules", "add_security_context": "add_security_context", "delay_treatment": "delay_treatment"}, {"instance": "kube-prometheus-prometheus-node-exporter.oxn-external-monitoring.svc:9100", "timestamp": 1737547590.447, "sum(rate(node_netstat_Tcp_RetransSegs[1m])) by (instance)": 0.16363636363636364, "tcp_retransmissions": 0.16363636363636364, "kubernetes_prometheus_rules": "kubernetes_prometheus_rules", "add_security_context": "add_security_context", "delay_treatment": "delay_treatment"}, {"instance": "kube-prometheus-prometheus-node-exporter.oxn-external-monitoring.svc:9100", "timestamp": 1737547591.447, "sum(rate(node_netstat_Tcp_RetransSegs[1m])) by (instance)": 0.16363636363636364, "tcp_retransmissions": 0.16363636363636364, "kubernetes_prometheus_rules": "kubernetes_prometheus_rules", "add_security_context": "add_security_context", "delay_treatment": "delay_treatment"}, {"instance": "kube-prometheus-prometheus-node-exporter.oxn-external-monitoring.svc:9100", "timestamp": 1737547592.447, "sum(rate(node_netstat_Tcp_RetransSegs[1m])) by (instance)": 0.16363636363636364, "tcp_retransmissions": 0.16363636363636364, "kubernetes_prometheus_rules": "kubernetes_prometheus_rules", "add_security_context": "add_security_context", "delay_treatment": "delay_treatment"}, {"instance": "kube-prometheus-prometheus-node-exporter.oxn-external-monitoring.svc:9100", "timestamp": 1737547593.447, "sum(rate(node_netstat_Tcp_RetransSegs[1m])) by (instance)": 0.16363636363636364, "tcp_retransmissions": 0.16363636363636364, "kubernetes_prometheus_rules": "kubernetes_prometheus_rules", "add_security_context": "add_security_context", "delay_treatment": "delay_treatment"}, {"instance": "kube-prometheus-prometheus-node-exporter.oxn-external-monitoring.svc:9100", "timestamp": 1737547594.447, "sum(rate(node_netstat_Tcp_RetransSegs[1m])) by (instance)": 0.16363636363636364, "tcp_retransmissions": 0.16363636363636364, "kubernetes_prometheus_rules": "kubernetes_prometheus_rules", "add_security_context": "add_security_context", "delay_treatment": "delay_treatment"}, {"instance": "kube-prometheus-prometheus-node-exporter.oxn-external-monitoring.svc:9100", "timestamp": 1737547595.447, "sum(rate(node_netstat_Tcp_RetransSegs[1m])) by (instance)": 0.16363636363636364, "tcp_retransmissions": 0.16363636363636364, "kubernetes_prometheus_rules": "kubernetes_prometheus_rules", "add_security_context": "add_security_context", "delay_treatment": "delay_treatment"}, {"instance": "kube-prometheus-prometheus-node-exporter.oxn-external-monitoring.svc:9100", "timestamp": 1737547596.447, "sum(rate(node_netstat_Tcp_RetransSegs[1m])) by (instance)": 0.16363636363636364, "tcp_retransmissions": 0.16363636363636364, "kubernetes_prometheus_rules": "kubernetes_prometheus_rules", "add_security_context": "add_security_context", "delay_treatment": "delay_treatment"}, {"instance": "kube-prometheus-prometheus-node-exporter.oxn-external-monitoring.svc:9100", "timestamp": 1737547597.447, "sum(rate(node_netstat_Tcp_RetransSegs[1m])) by (instance)": 0.16363636363636364, "tcp_retransmissions": 0.16363636363636364, "kubernetes_prometheus_rules": "kubernetes_prometheus_rules", "add_security_context": "add_security_context", "delay_treatment": "delay_treatment"}, {"instance": "kube-prometheus-prometheus-node-exporter.oxn-external-monitoring.svc:9100", "timestamp": 1737547598.447, "sum(rate(node_netstat_Tcp_RetransSegs[1m])) by (instance)": 0.16363636363636364, "tcp_retransmissions": 0.16363636363636364, "kubernetes_prometheus_rules": "kubernetes_prometheus_rules", "add_security_context": "add_security_context", "delay_treatment": "delay_treatment"}, {"instance": "kube-prometheus-prometheus-node-exporter.oxn-external-monitoring.svc:9100", "timestamp": 1737547599.447, "sum(rate(node_netstat_Tcp_RetransSegs[1m])) by (instance)": 0.16363636363636364, "tcp_retransmissions": 0.16363636363636364, "kubernetes_prometheus_rules": "kubernetes_prometheus_rules", "add_security_context": "add_security_context", "delay_treatment": "delay_treatment"}, {"instance": "kube-prometheus-prometheus-node-exporter.oxn-external-monitoring.svc:9100", "timestamp": 1737547600.447, "sum(rate(node_netstat_Tcp_RetransSegs[1m])) by (instance)": 0.16363636363636364, "tcp_retransmissions": 0.16363636363636364, "kubernetes_prometheus_rules": "kubernetes_prometheus_rules", "add_security_context": "add_security_context", "delay_treatment": "delay_treatment"}, {"instance": "kube-prometheus-prometheus-node-exporter.oxn-external-monitoring.svc:9100", "timestamp": 1737547601.447, "sum(rate(node_netstat_Tcp_RetransSegs[1m])) by (instance)": 0.16363636363636364, "tcp_retransmissions": 0.16363636363636364, "kubernetes_prometheus_rules": "kubernetes_prometheus_rules", "add_security_context": "add_security_context", "delay_treatment": "delay_treatment"}, {"instance": "kube-prometheus-prometheus-node-exporter.oxn-external-monitoring.svc:9100", "timestamp": 1737547602.447, "sum(rate(node_netstat_Tcp_RetransSegs[1m])) by (instance)": 0.16363636363636364, "tcp_retransmissions": 0.16363636363636364, "kubernetes_prometheus_rules": "kubernetes_prometheus_rules", "add_security_context": "add_security_context", "delay_treatment": "delay_treatment"}, {"instance": "kube-prometheus-prometheus-node-exporter.oxn-external-monitoring.svc:9100", "timestamp": 1737547603.447, "sum(rate(node_netstat_Tcp_RetransSegs[1m])) by (instance)": 0.16363636363636364, "tcp_retransmissions": 0.16363636363636364, "kubernetes_prometheus_rules": "kubernetes_prometheus_rules", "add_security_context": "add_security_context", "delay_treatment": "delay_treatment"}, {"instance": "kube-prometheus-prometheus-node-exporter.oxn-external-monitoring.svc:9100", "timestamp": 1737547604.447, "sum(rate(node_netstat_Tcp_RetransSegs[1m])) by (instance)": 0.16363636363636364, "tcp_retransmissions": 0.16363636363636364, "kubernetes_prometheus_rules": "kubernetes_prometheus_rules", "add_security_context": "add_security_context", "delay_treatment": "delay_treatment"}, {"instance": "kube-prometheus-prometheus-node-exporter.oxn-external-monitoring.svc:9100", "timestamp": 1737547605.447, "sum(rate(node_netstat_Tcp_RetransSegs[1m])) by (instance)": 0.16363636363636364, "tcp_retransmissions": 0.16363636363636364, "kubernetes_prometheus_rules": "kubernetes_prometheus_rules", "add_security_context": "add_security_context", "delay_treatment": "delay_treatment"}, {"instance": "kube-prometheus-prometheus-node-exporter.oxn-external-monitoring.svc:9100", "timestamp": 1737547606.447, "sum(rate(node_netstat_Tcp_RetransSegs[1m])) by (instance)": 0.16363636363636364, "tcp_retransmissions": 0.16363636363636364, "kubernetes_prometheus_rules": "kubernetes_prometheus_rules", "add_security_context": "add_security_context", "delay_treatment": "delay_treatment"}, {"instance": "kube-prometheus-prometheus-node-exporter.oxn-external-monitoring.svc:9100", "timestamp": 1737547607.447, "sum(rate(node_netstat_Tcp_RetransSegs[1m])) by (instance)": 0.16363636363636364, "tcp_retransmissions": 0.16363636363636364, "kubernetes_prometheus_rules": "kubernetes_prometheus_rules", "add_security_context": "add_security_context", "delay_treatment": "delay_treatment"}, {"instance": "kube-prometheus-prometheus-node-exporter.oxn-external-monitoring.svc:9100", "timestamp": 1737547608.447, "sum(rate(node_netstat_Tcp_RetransSegs[1m])) by (instance)": 0.16363636363636364, "tcp_retransmissions": 0.16363636363636364, "kubernetes_prometheus_rules": "kubernetes_prometheus_rules", "add_security_context": "add_security_context", "delay_treatment": "delay_treatment"}, {"instance": "kube-prometheus-prometheus-node-exporter.oxn-external-monitoring.svc:9100", "timestamp": 1737547609.447, "sum(rate(node_netstat_Tcp_RetransSegs[1m])) by (instance)": 0.16363636363636364, "tcp_retransmissions": 0.16363636363636364, "kubernetes_prometheus_rules": "kubernetes_prometheus_rules", "add_security_context": "add_security_context", "delay_treatment": "delay_treatment"}, {"instance": "kube-prometheus-prometheus-node-exporter.oxn-external-monitoring.svc:9100", "timestamp": 1737547610.447, "sum(rate(node_netstat_Tcp_RetransSegs[1m])) by (instance)": 0.16363636363636364, "tcp_retransmissions": 0.16363636363636364, "kubernetes_prometheus_rules": "kubernetes_prometheus_rules", "add_security_context": "add_security_context", "delay_treatment": "delay_treatment"}, {"instance": "kube-prometheus-prometheus-node-exporter.oxn-external-monitoring.svc:9100", "timestamp": 1737547611.447, "sum(rate(node_netstat_Tcp_RetransSegs[1m])) by (instance)": 0.16363636363636364, "tcp_retransmissions": 0.16363636363636364, "kubernetes_prometheus_rules": "kubernetes_prometheus_rules", "add_security_context": "add_security_context", "delay_treatment": "delay_treatment"}, {"instance": "kube-prometheus-prometheus-node-exporter.oxn-external-monitoring.svc:9100", "timestamp": 1737547612.447, "sum(rate(node_netstat_Tcp_RetransSegs[1m])) by (instance)": 0.16363636363636364, "tcp_retransmissions": 0.16363636363636364, "kubernetes_prometheus_rules": "kubernetes_prometheus_rules", "add_security_context": "add_security_context", "delay_treatment": "delay_treatment"}, {"instance": "kube-prometheus-prometheus-node-exporter.oxn-external-monitoring.svc:9100", "timestamp": 1737547613.447, "sum(rate(node_netstat_Tcp_RetransSegs[1m])) by (instance)": 0.16363636363636364, "tcp_retransmissions": 0.16363636363636364, "kubernetes_prometheus_rules": "kubernetes_prometheus_rules", "add_security_context": "add_security_context", "delay_treatment": "delay_treatment"}, {"instance": "kube-prometheus-prometheus-node-exporter.oxn-external-monitoring.svc:9100", "timestamp": 1737547614.447, "sum(rate(node_netstat_Tcp_RetransSegs[1m])) by (instance)": 0.16363636363636364, "tcp_retransmissions": 0.16363636363636364, "kubernetes_prometheus_rules": "kubernetes_prometheus_rules", "add_security_context": "add_security_context", "delay_treatment": "delay_treatment"}, {"instance": "kube-prometheus-prometheus-node-exporter.oxn-external-monitoring.svc:9100", "timestamp": 1737547615.447, "sum(rate(node_netstat_Tcp_RetransSegs[1m])) by (instance)": 0.16363636363636364, "tcp_retransmissions": 0.16363636363636364, "kubernetes_prometheus_rules": "kubernetes_prometheus_rules", "add_security_context": "add_security_context", "delay_treatment": "delay_treatment"}, {"instance": "kube-prometheus-prometheus-node-exporter.oxn-external-monitoring.svc:9100", "timestamp": 1737547616.447, "sum(rate(node_netstat_Tcp_RetransSegs[1m])) by (instance)": 0.16363636363636364, "tcp_retransmissions": 0.16363636363636364, "kubernetes_prometheus_rules": "kubernetes_prometheus_rules", "add_security_context": "add_security_context", "delay_treatment": "delay_treatment"}, {"instance": "kube-prometheus-prometheus-node-exporter.oxn-external-monitoring.svc:9100", "timestamp": 1737547617.447, "sum(rate(node_netstat_Tcp_RetransSegs[1m])) by (instance)": 0.16363636363636364, "tcp_retransmissions": 0.16363636363636364, "kubernetes_prometheus_rules": "kubernetes_prometheus_rules", "add_security_context": "add_security_context", "delay_treatment": "delay_treatment"}, {"instance": "kube-prometheus-prometheus-node-exporter.oxn-external-monitoring.svc:9100", "timestamp": 1737547618.447, "sum(rate(node_netstat_Tcp_RetransSegs[1m])) by (instance)": 0.12727272727272726, "tcp_retransmissions": 0.12727272727272726, "kubernetes_prometheus_rules": "kubernetes_prometheus_rules", "add_security_context": "add_security_context", "delay_treatment": "delay_treatment"}, {"instance": "kube-prometheus-prometheus-node-exporter.oxn-external-monitoring.svc:9100", "timestamp": 1737547619.447, "sum(rate(node_netstat_Tcp_RetransSegs[1m])) by (instance)": 0.12727272727272726, "tcp_retransmissions": 0.12727272727272726, "kubernetes_prometheus_rules": "kubernetes_prometheus_rules", "add_security_context": "add_security_context", "delay_treatment": "delay_treatment"}, {"instance": "kube-prometheus-prometheus-node-exporter.oxn-external-monitoring.svc:9100", "timestamp": 1737547620.447, "sum(rate(node_netstat_Tcp_RetransSegs[1m])) by (instance)": 0.12727272727272726, "tcp_retransmissions": 0.12727272727272726, "kubernetes_prometheus_rules": "kubernetes_prometheus_rules", "add_security_context": "add_security_context", "delay_treatment": "delay_treatment"}, {"instance": "kube-prometheus-prometheus-node-exporter.oxn-external-monitoring.svc:9100", "timestamp": 1737547621.447, "sum(rate(node_netstat_Tcp_RetransSegs[1m])) by (instance)": 0.12727272727272726, "tcp_retransmissions": 0.12727272727272726, "kubernetes_prometheus_rules": "kubernetes_prometheus_rules", "add_security_context": "add_security_context", "delay_treatment": "delay_treatment"}, {"instance": "kube-prometheus-prometheus-node-exporter.oxn-external-monitoring.svc:9100", "timestamp": 1737547622.447, "sum(rate(node_netstat_Tcp_RetransSegs[1m])) by (instance)": 0.12727272727272726, "tcp_retransmissions": 0.12727272727272726, "kubernetes_prometheus_rules": "kubernetes_prometheus_rules", "add_security_context": "add_security_context", "delay_treatment": "delay_treatment"}, {"instance": "kube-prometheus-prometheus-node-exporter.oxn-external-monitoring.svc:9100", "timestamp": 1737547623.447, "sum(rate(node_netstat_Tcp_RetransSegs[1m])) by (instance)": 0.09090909090909091, "tcp_retransmissions": 0.09090909090909091, "kubernetes_prometheus_rules": "kubernetes_prometheus_rules", "add_security_context": "add_security_context", "delay_treatment": "delay_treatment"}, {"instance": "kube-prometheus-prometheus-node-exporter.oxn-external-monitoring.svc:9100", "timestamp": 1737547624.447, "sum(rate(node_netstat_Tcp_RetransSegs[1m])) by (instance)": 0.09090909090909091, "tcp_retransmissions": 0.09090909090909091, "kubernetes_prometheus_rules": "kubernetes_prometheus_rules", "add_security_context": "add_security_context", "delay_treatment": "delay_treatment"}, {"instance": "kube-prometheus-prometheus-node-exporter.oxn-external-monitoring.svc:9100", "timestamp": 1737547625.447, "sum(rate(node_netstat_Tcp_RetransSegs[1m])) by (instance)": 0.09090909090909091, "tcp_retransmissions": 0.09090909090909091, "kubernetes_prometheus_rules": "kubernetes_prometheus_rules", "add_security_context": "add_security_context", "delay_treatment": "delay_treatment"}, {"instance": "kube-prometheus-prometheus-node-exporter.oxn-external-monitoring.svc:9100", "timestamp": 1737547626.447, "sum(rate(node_netstat_Tcp_RetransSegs[1m])) by (instance)": 0.09090909090909091, "tcp_retransmissions": 0.09090909090909091, "kubernetes_prometheus_rules": "kubernetes_prometheus_rules", "add_security_context": "add_security_context", "delay_treatment": "delay_treatment"}, {"instance": "kube-prometheus-prometheus-node-exporter.oxn-external-monitoring.svc:9100", "timestamp": 1737547627.447, "sum(rate(node_netstat_Tcp_RetransSegs[1m])) by (instance)": 0.09090909090909091, "tcp_retransmissions": 0.09090909090909091, "kubernetes_prometheus_rules": "kubernetes_prometheus_rules", "add_security_context": "add_security_context", "delay_treatment": "delay_treatment"}, {"instance": "kube-prometheus-prometheus-node-exporter.oxn-external-monitoring.svc:9100", "timestamp": 1737547628.447, "sum(rate(node_netstat_Tcp_RetransSegs[1m])) by (instance)": 0.10909090909090909, "tcp_retransmissions": 0.10909090909090909, "kubernetes_prometheus_rules": "kubernetes_prometheus_rules", "add_security_context": "add_security_context", "delay_treatment": "delay_treatment"}, {"instance": "kube-prometheus-prometheus-node-exporter.oxn-external-monitoring.svc:9100", "timestamp": 1737547629.447, "sum(rate(node_netstat_Tcp_RetransSegs[1m])) by (instance)": 0.10909090909090909, "tcp_retransmissions": 0.10909090909090909, "kubernetes_prometheus_rules": "kubernetes_prometheus_rules", "add_security_context": "add_security_context", "delay_treatment": "delay_treatment"}, {"instance": "kube-prometheus-prometheus-node-exporter.oxn-external-monitoring.svc:9100", "timestamp": 1737547630.447, "sum(rate(node_netstat_Tcp_RetransSegs[1m])) by (instance)": 0.10909090909090909, "tcp_retransmissions": 0.10909090909090909, "kubernetes_prometheus_rules": "kubernetes_prometheus_rules", "add_security_context": "add_security_context", "delay_treatment": "delay_treatment"}, {"instance": "kube-prometheus-prometheus-node-exporter.oxn-external-monitoring.svc:9100", "timestamp": 1737547631.447, "sum(rate(node_netstat_Tcp_RetransSegs[1m])) by (instance)": 0.10909090909090909, "tcp_retransmissions": 0.10909090909090909, "kubernetes_prometheus_rules": "kubernetes_prometheus_rules", "add_security_context": "add_security_context", "delay_treatment": "delay_treatment"}, {"instance": "kube-prometheus-prometheus-node-exporter.oxn-external-monitoring.svc:9100", "timestamp": 1737547632.447, "sum(rate(node_netstat_Tcp_RetransSegs[1m])) by (instance)": 0.10909090909090909, "tcp_retransmissions": 0.10909090909090909, "kubernetes_prometheus_rules": "kubernetes_prometheus_rules", "add_security_context": "add_security_context", "delay_treatment": "delay_treatment"}, {"instance": "kube-prometheus-prometheus-node-exporter.oxn-external-monitoring.svc:9100", "timestamp": 1737547633.447, "sum(rate(node_netstat_Tcp_RetransSegs[1m])) by (instance)": 0.14545454545454545, "tcp_retransmissions": 0.14545454545454545, "kubernetes_prometheus_rules": "kubernetes_prometheus_rules", "add_security_context": "add_security_context", "delay_treatment": "delay_treatment"}, {"instance": "kube-prometheus-prometheus-node-exporter.oxn-external-monitoring.svc:9100", "timestamp": 1737547634.447, "sum(rate(node_netstat_Tcp_RetransSegs[1m])) by (instance)": 0.14545454545454545, "tcp_retransmissions": 0.14545454545454545, "kubernetes_prometheus_rules": "kubernetes_prometheus_rules", "add_security_context": "add_security_context", "delay_treatment": "delay_treatment"}, {"instance": "kube-prometheus-prometheus-node-exporter.oxn-external-monitoring.svc:9100", "timestamp": 1737547635.447, "sum(rate(node_netstat_Tcp_RetransSegs[1m])) by (instance)": 0.14545454545454545, "tcp_retransmissions": 0.14545454545454545, "kubernetes_prometheus_rules": "kubernetes_prometheus_rules", "add_security_context": "add_security_context", "delay_treatment": "delay_treatment"}, {"instance": "kube-prometheus-prometheus-node-exporter.oxn-external-monitoring.svc:9100", "timestamp": 1737547636.447, "sum(rate(node_netstat_Tcp_RetransSegs[1m])) by (instance)": 0.14545454545454545, "tcp_retransmissions": 0.14545454545454545, "kubernetes_prometheus_rules": "kubernetes_prometheus_rules", "add_security_context": "add_security_context", "delay_treatment": "delay_treatment"}, {"instance": "kube-prometheus-prometheus-node-exporter.oxn-external-monitoring.svc:9100", "timestamp": 1737547637.447, "sum(rate(node_netstat_Tcp_RetransSegs[1m])) by (instance)": 0.14545454545454545, "tcp_retransmissions": 0.14545454545454545, "kubernetes_prometheus_rules": "kubernetes_prometheus_rules", "add_security_context": "add_security_context", "delay_treatment": "delay_treatment"}, {"instance": "kube-prometheus-prometheus-node-exporter.oxn-external-monitoring.svc:9100", "timestamp": 1737547638.447, "sum(rate(node_netstat_Tcp_RetransSegs[1m])) by (instance)": 0.12727272727272726, "tcp_retransmissions": 0.12727272727272726, "kubernetes_prometheus_rules": "kubernetes_prometheus_rules", "add_security_context": "add_security_context", "delay_treatment": "delay_treatment"}, {"instance": "kube-prometheus-prometheus-node-exporter.oxn-external-monitoring.svc:9100", "timestamp": 1737547639.447, "sum(rate(node_netstat_Tcp_RetransSegs[1m])) by (instance)": 0.12727272727272726, "tcp_retransmissions": 0.12727272727272726, "kubernetes_prometheus_rules": "kubernetes_prometheus_rules", "add_security_context": "add_security_context", "delay_treatment": "delay_treatment"}, {"instance": "kube-prometheus-prometheus-node-exporter.oxn-external-monitoring.svc:9100", "timestamp": 1737547640.447, "sum(rate(node_netstat_Tcp_RetransSegs[1m])) by (instance)": 0.12727272727272726, "tcp_retransmissions": 0.12727272727272726, "kubernetes_prometheus_rules": "kubernetes_prometheus_rules", "add_security_context": "add_security_context", "delay_treatment": "delay_treatment"}, {"instance": "kube-prometheus-prometheus-node-exporter.oxn-external-monitoring.svc:9100", "timestamp": 1737547641.447, "sum(rate(node_netstat_Tcp_RetransSegs[1m])) by (instance)": 0.12727272727272726, "tcp_retransmissions": 0.12727272727272726, "kubernetes_prometheus_rules": "kubernetes_prometheus_rules", "add_security_context": "add_security_context", "delay_treatment": "delay_treatment"}, {"instance": "kube-prometheus-prometheus-node-exporter.oxn-external-monitoring.svc:9100", "timestamp": 1737547642.447, "sum(rate(node_netstat_Tcp_RetransSegs[1m])) by (instance)": 0.12727272727272726, "tcp_retransmissions": 0.12727272727272726, "kubernetes_prometheus_rules": "kubernetes_prometheus_rules", "add_security_context": "add_security_context", "delay_treatment": "delay_treatment"}, {"instance": "kube-prometheus-prometheus-node-exporter.oxn-external-monitoring.svc:9100", "timestamp": 1737547643.447, "sum(rate(node_netstat_Tcp_RetransSegs[1m])) by (instance)": 0.14545454545454545, "tcp_retransmissions": 0.14545454545454545, "kubernetes_prometheus_rules": "kubernetes_prometheus_rules", "add_security_context": "add_security_context", "delay_treatment": "delay_treatment"}, {"instance": "kube-prometheus-prometheus-node-exporter.oxn-external-monitoring.svc:9100", "timestamp": 1737547644.447, "sum(rate(node_netstat_Tcp_RetransSegs[1m])) by (instance)": 0.14545454545454545, "tcp_retransmissions": 0.14545454545454545, "kubernetes_prometheus_rules": "kubernetes_prometheus_rules", "add_security_context": "add_security_context", "delay_treatment": "delay_treatment"}, {"instance": "kube-prometheus-prometheus-node-exporter.oxn-external-monitoring.svc:9100", "timestamp": 1737547645.447, "sum(rate(node_netstat_Tcp_RetransSegs[1m])) by (instance)": 0.14545454545454545, "tcp_retransmissions": 0.14545454545454545, "kubernetes_prometheus_rules": "kubernetes_prometheus_rules", "add_security_context": "add_security_context", "delay_treatment": "delay_treatment"}, {"instance": "kube-prometheus-prometheus-node-exporter.oxn-external-monitoring.svc:9100", "timestamp": 1737547646.447, "sum(rate(node_netstat_Tcp_RetransSegs[1m])) by (instance)": 0.14545454545454545, "tcp_retransmissions": 0.14545454545454545, "kubernetes_prometheus_rules": "kubernetes_prometheus_rules", "add_security_context": "add_security_context", "delay_treatment": "delay_treatment"}, {"instance": "kube-prometheus-prometheus-node-exporter.oxn-external-monitoring.svc:9100", "timestamp": 1737547647.447, "sum(rate(node_netstat_Tcp_RetransSegs[1m])) by (instance)": 0.14545454545454545, "tcp_retransmissions": 0.14545454545454545, "kubernetes_prometheus_rules": "kubernetes_prometheus_rules", "add_security_context": "add_security_context", "delay_treatment": "delay_treatment"}, {"instance": "kube-prometheus-prometheus-node-exporter.oxn-external-monitoring.svc:9100", "timestamp": 1737547648.447, "sum(rate(node_netstat_Tcp_RetransSegs[1m])) by (instance)": 0.18181818181818182, "tcp_retransmissions": 0.18181818181818182, "kubernetes_prometheus_rules": "kubernetes_prometheus_rules", "add_security_context": "add_security_context", "delay_treatment": "delay_treatment"}, {"instance": "kube-prometheus-prometheus-node-exporter.oxn-external-monitoring.svc:9100", "timestamp": 1737547649.447, "sum(rate(node_netstat_Tcp_RetransSegs[1m])) by (instance)": 0.18181818181818182, "tcp_retransmissions": 0.18181818181818182, "kubernetes_prometheus_rules": "kubernetes_prometheus_rules", "add_security_context": "add_security_context", "delay_treatment": "delay_treatment"}, {"instance": "kube-prometheus-prometheus-node-exporter.oxn-external-monitoring.svc:9100", "timestamp": 1737547650.447, "sum(rate(node_netstat_Tcp_RetransSegs[1m])) by (instance)": 0.18181818181818182, "tcp_retransmissions": 0.18181818181818182, "kubernetes_prometheus_rules": "kubernetes_prometheus_rules", "add_security_context": "add_security_context", "delay_treatment": "delay_treatment"}, {"instance": "kube-prometheus-prometheus-node-exporter.oxn-external-monitoring.svc:9100", "timestamp": 1737547651.447, "sum(rate(node_netstat_Tcp_RetransSegs[1m])) by (instance)": 0.18181818181818182, "tcp_retransmissions": 0.18181818181818182, "kubernetes_prometheus_rules": "kubernetes_prometheus_rules", "add_security_context": "add_security_context", "delay_treatment": "delay_treatment"}, {"instance": "kube-prometheus-prometheus-node-exporter.oxn-external-monitoring.svc:9100", "timestamp": 1737547652.447, "sum(rate(node_netstat_Tcp_RetransSegs[1m])) by (instance)": 0.18181818181818182, "tcp_retransmissions": 0.18181818181818182, "kubernetes_prometheus_rules": "kubernetes_prometheus_rules", "add_security_context": "add_security_context", "delay_treatment": "delay_treatment"}, {"instance": "kube-prometheus-prometheus-node-exporter.oxn-external-monitoring.svc:9100", "timestamp": 1737547653.447, "sum(rate(node_netstat_Tcp_RetransSegs[1m])) by (instance)": 0.18181818181818182, "tcp_retransmissions": 0.18181818181818182, "kubernetes_prometheus_rules": "kubernetes_prometheus_rules", "add_security_context": "add_security_context", "delay_treatment": "delay_treatment"}, {"instance": "kube-prometheus-prometheus-node-exporter.oxn-external-monitoring.svc:9100", "timestamp": 1737547654.447, "sum(rate(node_netstat_Tcp_RetransSegs[1m])) by (instance)": 0.18181818181818182, "tcp_retransmissions": 0.18181818181818182, "kubernetes_prometheus_rules": "kubernetes_prometheus_rules", "add_security_context": "add_security_context", "delay_treatment": "delay_treatment"}, {"instance": "kube-prometheus-prometheus-node-exporter.oxn-external-monitoring.svc:9100", "timestamp": 1737547655.447, "sum(rate(node_netstat_Tcp_RetransSegs[1m])) by (instance)": 0.18181818181818182, "tcp_retransmissions": 0.18181818181818182, "kubernetes_prometheus_rules": "kubernetes_prometheus_rules", "add_security_context": "add_security_context", "delay_treatment": "delay_treatment"}, {"instance": "kube-prometheus-prometheus-node-exporter.oxn-external-monitoring.svc:9100", "timestamp": 1737547656.447, "sum(rate(node_netstat_Tcp_RetransSegs[1m])) by (instance)": 0.18181818181818182, "tcp_retransmissions": 0.18181818181818182, "kubernetes_prometheus_rules": "kubernetes_prometheus_rules", "add_security_context": "add_security_context", "delay_treatment": "delay_treatment"}, {"instance": "kube-prometheus-prometheus-node-exporter.oxn-external-monitoring.svc:9100", "timestamp": 1737547657.447, "sum(rate(node_netstat_Tcp_RetransSegs[1m])) by (instance)": 0.18181818181818182, "tcp_retransmissions": 0.18181818181818182, "kubernetes_prometheus_rules": "kubernetes_prometheus_rules", "add_security_context": "add_security_context", "delay_treatment": "delay_treatment"}, {"instance": "kube-prometheus-prometheus-node-exporter.oxn-external-monitoring.svc:9100", "timestamp": 1737547658.447, "sum(rate(node_netstat_Tcp_RetransSegs[1m])) by (instance)": 0.18181818181818182, "tcp_retransmissions": 0.18181818181818182, "kubernetes_prometheus_rules": "kubernetes_prometheus_rules", "add_security_context": "add_security_context", "delay_treatment": "delay_treatment"}, {"instance": "kube-prometheus-prometheus-node-exporter.oxn-external-monitoring.svc:9100", "timestamp": 1737547659.447, "sum(rate(node_netstat_Tcp_RetransSegs[1m])) by (instance)": 0.18181818181818182, "tcp_retransmissions": 0.18181818181818182, "kubernetes_prometheus_rules": "kubernetes_prometheus_rules", "add_security_context": "add_security_context", "delay_treatment": "delay_treatment"}, {"instance": "kube-prometheus-prometheus-node-exporter.oxn-external-monitoring.svc:9100", "timestamp": 1737547660.447, "sum(rate(node_netstat_Tcp_RetransSegs[1m])) by (instance)": 0.18181818181818182, "tcp_retransmissions": 0.18181818181818182, "kubernetes_prometheus_rules": "kubernetes_prometheus_rules", "add_security_context": "add_security_context", "delay_treatment": "delay_treatment"}, {"instance": "kube-prometheus-prometheus-node-exporter.oxn-external-monitoring.svc:9100", "timestamp": 1737547661.447, "sum(rate(node_netstat_Tcp_RetransSegs[1m])) by (instance)": 0.18181818181818182, "tcp_retransmissions": 0.18181818181818182, "kubernetes_prometheus_rules": "kubernetes_prometheus_rules", "add_security_context": "add_security_context", "delay_treatment": "delay_treatment"}, {"instance": "kube-prometheus-prometheus-node-exporter.oxn-external-monitoring.svc:9100", "timestamp": 1737547662.447, "sum(rate(node_netstat_Tcp_RetransSegs[1m])) by (instance)": 0.18181818181818182, "tcp_retransmissions": 0.18181818181818182, "kubernetes_prometheus_rules": "kubernetes_prometheus_rules", "add_security_context": "add_security_context", "delay_treatment": "delay_treatment"}, {"instance": "kube-prometheus-prometheus-node-exporter.oxn-external-monitoring.svc:9100", "timestamp": 1737547663.447, "sum(rate(node_netstat_Tcp_RetransSegs[1m])) by (instance)": 0.18181818181818182, "tcp_retransmissions": 0.18181818181818182, "kubernetes_prometheus_rules": "kubernetes_prometheus_rules", "add_security_context": "add_security_context", "delay_treatment": "delay_treatment"}, {"instance": "kube-prometheus-prometheus-node-exporter.oxn-external-monitoring.svc:9100", "timestamp": 1737547664.447, "sum(rate(node_netstat_Tcp_RetransSegs[1m])) by (instance)": 0.18181818181818182, "tcp_retransmissions": 0.18181818181818182, "kubernetes_prometheus_rules": "kubernetes_prometheus_rules", "add_security_context": "add_security_context", "delay_treatment": "delay_treatment"}, {"instance": "kube-prometheus-prometheus-node-exporter.oxn-external-monitoring.svc:9100", "timestamp": 1737547665.447, "sum(rate(node_netstat_Tcp_RetransSegs[1m])) by (instance)": 0.18181818181818182, "tcp_retransmissions": 0.18181818181818182, "kubernetes_prometheus_rules": "kubernetes_prometheus_rules", "add_security_context": "add_security_context", "delay_treatment": "delay_treatment"}, {"instance": "kube-prometheus-prometheus-node-exporter.oxn-external-monitoring.svc:9100", "timestamp": 1737547666.447, "sum(rate(node_netstat_Tcp_RetransSegs[1m])) by (instance)": 0.18181818181818182, "tcp_retransmissions": 0.18181818181818182, "kubernetes_prometheus_rules": "kubernetes_prometheus_rules", "add_security_context": "add_security_context", "delay_treatment": "delay_treatment"}, {"instance": "kube-prometheus-prometheus-node-exporter.oxn-external-monitoring.svc:9100", "timestamp": 1737547667.447, "sum(rate(node_netstat_Tcp_RetransSegs[1m])) by (instance)": 0.18181818181818182, "tcp_retransmissions": 0.18181818181818182, "kubernetes_prometheus_rules": "kubernetes_prometheus_rules", "add_security_context": "add_security_context", "delay_treatment": "delay_treatment"}, {"instance": "kube-prometheus-prometheus-node-exporter.oxn-external-monitoring.svc:9100", "timestamp": 1737547668.447, "sum(rate(node_netstat_Tcp_RetransSegs[1m])) by (instance)": 0.19999999999999998, "tcp_retransmissions": 0.19999999999999998, "kubernetes_prometheus_rules": "kubernetes_prometheus_rules", "add_security_context": "add_security_context", "delay_treatment": "delay_treatment"}, {"instance": "kube-prometheus-prometheus-node-exporter.oxn-external-monitoring.svc:9100", "timestamp": 1737547669.447, "sum(rate(node_netstat_Tcp_RetransSegs[1m])) by (instance)": 0.19999999999999998, "tcp_retransmissions": 0.19999999999999998, "kubernetes_prometheus_rules": "kubernetes_prometheus_rules", "add_security_context": "add_security_context", "delay_treatment": "delay_treatment"}, {"instance": "kube-prometheus-prometheus-node-exporter.oxn-external-monitoring.svc:9100", "timestamp": 1737547670.447, "sum(rate(node_netstat_Tcp_RetransSegs[1m])) by (instance)": 0.19999999999999998, "tcp_retransmissions": 0.19999999999999998, "kubernetes_prometheus_rules": "kubernetes_prometheus_rules", "add_security_context": "add_security_context", "delay_treatment": "delay_treatment"}, {"instance": "kube-prometheus-prometheus-node-exporter.oxn-external-monitoring.svc:9100", "timestamp": 1737547671.447, "sum(rate(node_netstat_Tcp_RetransSegs[1m])) by (instance)": 0.19999999999999998, "tcp_retransmissions": 0.19999999999999998, "kubernetes_prometheus_rules": "kubernetes_prometheus_rules", "add_security_context": "add_security_context", "delay_treatment": "delay_treatment"}, {"instance": "kube-prometheus-prometheus-node-exporter.oxn-external-monitoring.svc:9100", "timestamp": 1737547672.447, "sum(rate(node_netstat_Tcp_RetransSegs[1m])) by (instance)": 0.19999999999999998, "tcp_retransmissions": 0.19999999999999998, "kubernetes_prometheus_rules": "kubernetes_prometheus_rules", "add_security_context": "add_security_context", "delay_treatment": "delay_treatment"}, {"instance": "kube-prometheus-prometheus-node-exporter.oxn-external-monitoring.svc:9100", "timestamp": 1737547673.447, "sum(rate(node_netstat_Tcp_RetransSegs[1m])) by (instance)": 0.19999999999999998, "tcp_retransmissions": 0.19999999999999998, "kubernetes_prometheus_rules": "kubernetes_prometheus_rules", "add_security_context": "add_security_context", "delay_treatment": "delay_treatment"}, {"instance": "kube-prometheus-prometheus-node-exporter.oxn-external-monitoring.svc:9100", "timestamp": 1737547674.447, "sum(rate(node_netstat_Tcp_RetransSegs[1m])) by (instance)": 0.19999999999999998, "tcp_retransmissions": 0.19999999999999998, "kubernetes_prometheus_rules": "kubernetes_prometheus_rules", "add_security_context": "add_security_context", "delay_treatment": "delay_treatment"}, {"instance": "kube-prometheus-prometheus-node-exporter.oxn-external-monitoring.svc:9100", "timestamp": 1737547675.447, "sum(rate(node_netstat_Tcp_RetransSegs[1m])) by (instance)": 0.19999999999999998, "tcp_retransmissions": 0.19999999999999998, "kubernetes_prometheus_rules": "kubernetes_prometheus_rules", "add_security_context": "add_security_context", "delay_treatment": "delay_treatment"}, {"instance": "kube-prometheus-prometheus-node-exporter.oxn-external-monitoring.svc:9100", "timestamp": 1737547676.447, "sum(rate(node_netstat_Tcp_RetransSegs[1m])) by (instance)": 0.19999999999999998, "tcp_retransmissions": 0.19999999999999998, "kubernetes_prometheus_rules": "kubernetes_prometheus_rules", "add_security_context": "add_security_context", "delay_treatment": "delay_treatment"}, {"instance": "kube-prometheus-prometheus-node-exporter.oxn-external-monitoring.svc:9100", "timestamp": 1737547677.447, "sum(rate(node_netstat_Tcp_RetransSegs[1m])) by (instance)": 0.19999999999999998, "tcp_retransmissions": 0.19999999999999998, "kubernetes_prometheus_rules": "kubernetes_prometheus_rules", "add_security_context": "add_security_context", "delay_treatment": "delay_treatment"}, {"instance": "kube-prometheus-prometheus-node-exporter.oxn-external-monitoring.svc:9100", "timestamp": 1737547678.447, "sum(rate(node_netstat_Tcp_RetransSegs[1m])) by (instance)": 0.18181818181818182, "tcp_retransmissions": 0.18181818181818182, "kubernetes_prometheus_rules": "kubernetes_prometheus_rules", "add_security_context": "add_security_context", "delay_treatment": "delay_treatment"}, {"instance": "kube-prometheus-prometheus-node-exporter.oxn-external-monitoring.svc:9100", "timestamp": 1737547679.447, "sum(rate(node_netstat_Tcp_RetransSegs[1m])) by (instance)": 0.18181818181818182, "tcp_retransmissions": 0.18181818181818182, "kubernetes_prometheus_rules": "kubernetes_prometheus_rules", "add_security_context": "add_security_context", "delay_treatment": "delay_treatment"}, {"instance": "kube-prometheus-prometheus-node-exporter.oxn-external-monitoring.svc:9100", "timestamp": 1737547680.447, "sum(rate(node_netstat_Tcp_RetransSegs[1m])) by (instance)": 0.18181818181818182, "tcp_retransmissions": 0.18181818181818182, "kubernetes_prometheus_rules": "kubernetes_prometheus_rules", "add_security_context": "add_security_context", "delay_treatment": "delay_treatment"}, {"instance": "kube-prometheus-prometheus-node-exporter.oxn-external-monitoring.svc:9100", "timestamp": 1737547681.447, "sum(rate(node_netstat_Tcp_RetransSegs[1m])) by (instance)": 0.18181818181818182, "tcp_retransmissions": 0.18181818181818182, "kubernetes_prometheus_rules": "kubernetes_prometheus_rules", "add_security_context": "add_security_context", "delay_treatment": "delay_treatment"}, {"instance": "kube-prometheus-prometheus-node-exporter.oxn-external-monitoring.svc:9100", "timestamp": 1737547682.447, "sum(rate(node_netstat_Tcp_RetransSegs[1m])) by (instance)": 0.18181818181818182, "tcp_retransmissions": 0.18181818181818182, "kubernetes_prometheus_rules": "kubernetes_prometheus_rules", "add_security_context": "add_security_context", "delay_treatment": "delay_treatment"}, {"instance": "kube-prometheus-prometheus-node-exporter.oxn-external-monitoring.svc:9100", "timestamp": 1737547683.447, "sum(rate(node_netstat_Tcp_RetransSegs[1m])) by (instance)": 0.12727272727272726, "tcp_retransmissions": 0.12727272727272726, "kubernetes_prometheus_rules": "kubernetes_prometheus_rules", "add_security_context": "add_security_context", "delay_treatment": "delay_treatment"}, {"instance": "kube-prometheus-prometheus-node-exporter.oxn-external-monitoring.svc:9100", "timestamp": 1737547684.447, "sum(rate(node_netstat_Tcp_RetransSegs[1m])) by (instance)": 0.12727272727272726, "tcp_retransmissions": 0.12727272727272726, "kubernetes_prometheus_rules": "kubernetes_prometheus_rules", "add_security_context": "add_security_context", "delay_treatment": "delay_treatment"}, {"instance": "kube-prometheus-prometheus-node-exporter.oxn-external-monitoring.svc:9100", "timestamp": 1737547685.447, "sum(rate(node_netstat_Tcp_RetransSegs[1m])) by (instance)": 0.12727272727272726, "tcp_retransmissions": 0.12727272727272726, "kubernetes_prometheus_rules": "kubernetes_prometheus_rules", "add_security_context": "add_security_context", "delay_treatment": "delay_treatment"}, {"instance": "kube-prometheus-prometheus-node-exporter.oxn-external-monitoring.svc:9100", "timestamp": 1737547686.447, "sum(rate(node_netstat_Tcp_RetransSegs[1m])) by (instance)": 0.12727272727272726, "tcp_retransmissions": 0.12727272727272726, "kubernetes_prometheus_rules": "kubernetes_prometheus_rules", "add_security_context": "add_security_context", "delay_treatment": "delay_treatment"}, {"instance": "kube-prometheus-prometheus-node-exporter.oxn-external-monitoring.svc:9100", "timestamp": 1737547687.447, "sum(rate(node_netstat_Tcp_RetransSegs[1m])) by (instance)": 0.12727272727272726, "tcp_retransmissions": 0.12727272727272726, "kubernetes_prometheus_rules": "kubernetes_prometheus_rules", "add_security_context": "add_security_context", "delay_treatment": "delay_treatment"}, {"instance": "kube-prometheus-prometheus-node-exporter.oxn-external-monitoring.svc:9100", "timestamp": 1737547688.447, "sum(rate(node_netstat_Tcp_RetransSegs[1m])) by (instance)": 0.16363636363636364, "tcp_retransmissions": 0.16363636363636364, "kubernetes_prometheus_rules": "kubernetes_prometheus_rules", "add_security_context": "add_security_context", "delay_treatment": "delay_treatment"}, {"instance": "kube-prometheus-prometheus-node-exporter.oxn-external-monitoring.svc:9100", "timestamp": 1737547689.447, "sum(rate(node_netstat_Tcp_RetransSegs[1m])) by (instance)": 0.16363636363636364, "tcp_retransmissions": 0.16363636363636364, "kubernetes_prometheus_rules": "kubernetes_prometheus_rules", "add_security_context": "add_security_context", "delay_treatment": "delay_treatment"}, {"instance": "kube-prometheus-prometheus-node-exporter.oxn-external-monitoring.svc:9100", "timestamp": 1737547690.447, "sum(rate(node_netstat_Tcp_RetransSegs[1m])) by (instance)": 0.16363636363636364, "tcp_retransmissions": 0.16363636363636364, "kubernetes_prometheus_rules": "kubernetes_prometheus_rules", "add_security_context": "add_security_context", "delay_treatment": "delay_treatment"}, {"instance": "kube-prometheus-prometheus-node-exporter.oxn-external-monitoring.svc:9100", "timestamp": 1737547691.447, "sum(rate(node_netstat_Tcp_RetransSegs[1m])) by (instance)": 0.16363636363636364, "tcp_retransmissions": 0.16363636363636364, "kubernetes_prometheus_rules": "kubernetes_prometheus_rules", "add_security_context": "add_security_context", "delay_treatment": "delay_treatment"}, {"instance": "kube-prometheus-prometheus-node-exporter.oxn-external-monitoring.svc:9100", "timestamp": 1737547692.447, "sum(rate(node_netstat_Tcp_RetransSegs[1m])) by (instance)": 0.16363636363636364, "tcp_retransmissions": 0.16363636363636364, "kubernetes_prometheus_rules": "kubernetes_prometheus_rules", "add_security_context": "add_security_context", "delay_treatment": "delay_treatment"}, {"instance": "kube-prometheus-prometheus-node-exporter.oxn-external-monitoring.svc:9100", "timestamp": 1737547693.447, "sum(rate(node_netstat_Tcp_RetransSegs[1m])) by (instance)": 0.19999999999999998, "tcp_retransmissions": 0.19999999999999998, "kubernetes_prometheus_rules": "kubernetes_prometheus_rules", "add_security_context": "add_security_context", "delay_treatment": "delay_treatment"}, {"instance": "kube-prometheus-prometheus-node-exporter.oxn-external-monitoring.svc:9100", "timestamp": 1737547694.447, "sum(rate(node_netstat_Tcp_RetransSegs[1m])) by (instance)": 0.19999999999999998, "tcp_retransmissions": 0.19999999999999998, "kubernetes_prometheus_rules": "kubernetes_prometheus_rules", "add_security_context": "add_security_context", "delay_treatment": "delay_treatment"}, {"instance": "kube-prometheus-prometheus-node-exporter.oxn-external-monitoring.svc:9100", "timestamp": 1737547695.447, "sum(rate(node_netstat_Tcp_RetransSegs[1m])) by (instance)": 0.19999999999999998, "tcp_retransmissions": 0.19999999999999998, "kubernetes_prometheus_rules": "kubernetes_prometheus_rules", "add_security_context": "add_security_context", "delay_treatment": "delay_treatment"}, {"instance": "kube-prometheus-prometheus-node-exporter.oxn-external-monitoring.svc:9100", "timestamp": 1737547696.447, "sum(rate(node_netstat_Tcp_RetransSegs[1m])) by (instance)": 0.19999999999999998, "tcp_retransmissions": 0.19999999999999998, "kubernetes_prometheus_rules": "kubernetes_prometheus_rules", "add_security_context": "add_security_context", "delay_treatment": "delay_treatment"}, {"instance": "kube-prometheus-prometheus-node-exporter.oxn-external-monitoring.svc:9100", "timestamp": 1737547697.447, "sum(rate(node_netstat_Tcp_RetransSegs[1m])) by (instance)": 0.19999999999999998, "tcp_retransmissions": 0.19999999999999998, "kubernetes_prometheus_rules": "kubernetes_prometheus_rules", "add_security_context": "add_security_context", "delay_treatment": "delay_treatment"}, {"instance": "kube-prometheus-prometheus-node-exporter.oxn-external-monitoring.svc:9100", "timestamp": 1737547698.447, "sum(rate(node_netstat_Tcp_RetransSegs[1m])) by (instance)": 0.18181818181818182, "tcp_retransmissions": 0.18181818181818182, "kubernetes_prometheus_rules": "kubernetes_prometheus_rules", "add_security_context": "add_security_context", "delay_treatment": "delay_treatment"}, {"instance": "kube-prometheus-prometheus-node-exporter.oxn-external-monitoring.svc:9100", "timestamp": 1737547699.447, "sum(rate(node_netstat_Tcp_RetransSegs[1m])) by (instance)": 0.18181818181818182, "tcp_retransmissions": 0.18181818181818182, "kubernetes_prometheus_rules": "kubernetes_prometheus_rules", "add_security_context": "add_security_context", "delay_treatment": "delay_treatment"}, {"instance": "kube-prometheus-prometheus-node-exporter.oxn-external-monitoring.svc:9100", "timestamp": 1737547700.447, "sum(rate(node_netstat_Tcp_RetransSegs[1m])) by (instance)": 0.18181818181818182, "tcp_retransmissions": 0.18181818181818182, "kubernetes_prometheus_rules": "kubernetes_prometheus_rules", "add_security_context": "add_security_context", "delay_treatment": "delay_treatment"}, {"instance": "kube-prometheus-prometheus-node-exporter.oxn-external-monitoring.svc:9100", "timestamp": 1737547701.447, "sum(rate(node_netstat_Tcp_RetransSegs[1m])) by (instance)": 0.18181818181818182, "tcp_retransmissions": 0.18181818181818182, "kubernetes_prometheus_rules": "kubernetes_prometheus_rules", "add_security_context": "add_security_context", "delay_treatment": "delay_treatment"}, {"instance": "kube-prometheus-prometheus-node-exporter.oxn-external-monitoring.svc:9100", "timestamp": 1737547702.447, "sum(rate(node_netstat_Tcp_RetransSegs[1m])) by (instance)": 0.18181818181818182, "tcp_retransmissions": 0.18181818181818182, "kubernetes_prometheus_rules": "kubernetes_prometheus_rules", "add_security_context": "add_security_context", "delay_treatment": "delay_treatment"}, {"instance": "kube-prometheus-prometheus-node-exporter.oxn-external-monitoring.svc:9100", "timestamp": 1737547703.447, "sum(rate(node_netstat_Tcp_RetransSegs[1m])) by (instance)": 0.16363636363636364, "tcp_retransmissions": 0.16363636363636364, "kubernetes_prometheus_rules": "kubernetes_prometheus_rules", "add_security_context": "add_security_context", "delay_treatment": "delay_treatment"}, {"instance": "kube-prometheus-prometheus-node-exporter.oxn-external-monitoring.svc:9100", "timestamp": 1737547704.447, "sum(rate(node_netstat_Tcp_RetransSegs[1m])) by (instance)": 0.16363636363636364, "tcp_retransmissions": 0.16363636363636364, "kubernetes_prometheus_rules": "kubernetes_prometheus_rules", "add_security_context": "add_security_context", "delay_treatment": "delay_treatment"}, {"instance": "kube-prometheus-prometheus-node-exporter.oxn-external-monitoring.svc:9100", "timestamp": 1737547705.447, "sum(rate(node_netstat_Tcp_RetransSegs[1m])) by (instance)": 0.16363636363636364, "tcp_retransmissions": 0.16363636363636364, "kubernetes_prometheus_rules": "kubernetes_prometheus_rules", "add_security_context": "add_security_context", "delay_treatment": "delay_treatment"}, {"instance": "kube-prometheus-prometheus-node-exporter.oxn-external-monitoring.svc:9100", "timestamp": 1737547706.447, "sum(rate(node_netstat_Tcp_RetransSegs[1m])) by (instance)": 0.16363636363636364, "tcp_retransmissions": 0.16363636363636364, "kubernetes_prometheus_rules": "kubernetes_prometheus_rules", "add_security_context": "add_security_context", "delay_treatment": "delay_treatment"}, {"instance": "kube-prometheus-prometheus-node-exporter.oxn-external-monitoring.svc:9100", "timestamp": 1737547707.447, "sum(rate(node_netstat_Tcp_RetransSegs[1m])) by (instance)": 0.16363636363636364, "tcp_retransmissions": 0.16363636363636364, "kubernetes_prometheus_rules": "kubernetes_prometheus_rules", "add_security_context": "add_security_context", "delay_treatment": "delay_treatment"}, {"instance": "kube-prometheus-prometheus-node-exporter.oxn-external-monitoring.svc:9100", "timestamp": 1737547708.447, "sum(rate(node_netstat_Tcp_RetransSegs[1m])) by (instance)": 0.16363636363636364, "tcp_retransmissions": 0.16363636363636364, "kubernetes_prometheus_rules": "kubernetes_prometheus_rules", "add_security_context": "add_security_context", "delay_treatment": "delay_treatment"}, {"instance": "kube-prometheus-prometheus-node-exporter.oxn-external-monitoring.svc:9100", "timestamp": 1737547709.447, "sum(rate(node_netstat_Tcp_RetransSegs[1m])) by (instance)": 0.16363636363636364, "tcp_retransmissions": 0.16363636363636364, "kubernetes_prometheus_rules": "kubernetes_prometheus_rules", "add_security_context": "add_security_context", "delay_treatment": "delay_treatment"}, {"instance": "kube-prometheus-prometheus-node-exporter.oxn-external-monitoring.svc:9100", "timestamp": 1737547710.447, "sum(rate(node_netstat_Tcp_RetransSegs[1m])) by (instance)": 0.16363636363636364, "tcp_retransmissions": 0.16363636363636364, "kubernetes_prometheus_rules": "kubernetes_prometheus_rules", "add_security_context": "add_security_context", "delay_treatment": "delay_treatment"}, {"instance": "kube-prometheus-prometheus-node-exporter.oxn-external-monitoring.svc:9100", "timestamp": 1737547711.447, "sum(rate(node_netstat_Tcp_RetransSegs[1m])) by (instance)": 0.16363636363636364, "tcp_retransmissions": 0.16363636363636364, "kubernetes_prometheus_rules": "kubernetes_prometheus_rules", "add_security_context": "add_security_context", "delay_treatment": "delay_treatment"}, {"instance": "kube-prometheus-prometheus-node-exporter.oxn-external-monitoring.svc:9100", "timestamp": 1737547712.447, "sum(rate(node_netstat_Tcp_RetransSegs[1m])) by (instance)": 0.16363636363636364, "tcp_retransmissions": 0.16363636363636364, "kubernetes_prometheus_rules": "kubernetes_prometheus_rules", "add_security_context": "add_security_context", "delay_treatment": "delay_treatment"}, {"instance": "kube-prometheus-prometheus-node-exporter.oxn-external-monitoring.svc:9100", "timestamp": 1737547713.447, "sum(rate(node_netstat_Tcp_RetransSegs[1m])) by (instance)": 0.16363636363636364, "tcp_retransmissions": 0.16363636363636364, "kubernetes_prometheus_rules": "kubernetes_prometheus_rules", "add_security_context": "add_security_context", "delay_treatment": "delay_treatment"}, {"instance": "kube-prometheus-prometheus-node-exporter.oxn-external-monitoring.svc:9100", "timestamp": 1737547714.447, "sum(rate(node_netstat_Tcp_RetransSegs[1m])) by (instance)": 0.16363636363636364, "tcp_retransmissions": 0.16363636363636364, "kubernetes_prometheus_rules": "kubernetes_prometheus_rules", "add_security_context": "add_security_context", "delay_treatment": "delay_treatment"}, {"instance": "kube-prometheus-prometheus-node-exporter.oxn-external-monitoring.svc:9100", "timestamp": 1737547715.447, "sum(rate(node_netstat_Tcp_RetransSegs[1m])) by (instance)": 0.16363636363636364, "tcp_retransmissions": 0.16363636363636364, "kubernetes_prometheus_rules": "kubernetes_prometheus_rules", "add_security_context": "add_security_context", "delay_treatment": "delay_treatment"}, {"instance": "kube-prometheus-prometheus-node-exporter.oxn-external-monitoring.svc:9100", "timestamp": 1737547716.447, "sum(rate(node_netstat_Tcp_RetransSegs[1m])) by (instance)": 0.16363636363636364, "tcp_retransmissions": 0.16363636363636364, "kubernetes_prometheus_rules": "kubernetes_prometheus_rules", "add_security_context": "add_security_context", "delay_treatment": "delay_treatment"}, {"instance": "kube-prometheus-prometheus-node-exporter.oxn-external-monitoring.svc:9100", "timestamp": 1737547717.447, "sum(rate(node_netstat_Tcp_RetransSegs[1m])) by (instance)": 0.16363636363636364, "tcp_retransmissions": 0.16363636363636364, "kubernetes_prometheus_rules": "kubernetes_prometheus_rules", "add_security_context": "add_security_context", "delay_treatment": "delay_treatment"}, {"instance": "kube-prometheus-prometheus-node-exporter.oxn-external-monitoring.svc:9100", "timestamp": 1737547718.447, "sum(rate(node_netstat_Tcp_RetransSegs[1m])) by (instance)": 0.16363636363636364, "tcp_retransmissions": 0.16363636363636364, "kubernetes_prometheus_rules": "kubernetes_prometheus_rules", "add_security_context": "add_security_context", "delay_treatment": "delay_treatment"}, {"instance": "kube-prometheus-prometheus-node-exporter.oxn-external-monitoring.svc:9100", "timestamp": 1737547719.447, "sum(rate(node_netstat_Tcp_RetransSegs[1m])) by (instance)": 0.16363636363636364, "tcp_retransmissions": 0.16363636363636364, "kubernetes_prometheus_rules": "kubernetes_prometheus_rules", "add_security_context": "add_security_context", "delay_treatment": "delay_treatment"}, {"instance": "kube-prometheus-prometheus-node-exporter.oxn-external-monitoring.svc:9100", "timestamp": 1737547720.447, "sum(rate(node_netstat_Tcp_RetransSegs[1m])) by (instance)": 0.16363636363636364, "tcp_retransmissions": 0.16363636363636364, "kubernetes_prometheus_rules": "kubernetes_prometheus_rules", "add_security_context": "add_security_context", "delay_treatment": "delay_treatment"}, {"instance": "kube-prometheus-prometheus-node-exporter.oxn-external-monitoring.svc:9100", "timestamp": 1737547721.447, "sum(rate(node_netstat_Tcp_RetransSegs[1m])) by (instance)": 0.16363636363636364, "tcp_retransmissions": 0.16363636363636364, "kubernetes_prometheus_rules": "NoTreatment", "add_security_context": "NoTreatment", "delay_treatment": "NoTreatment"}, {"instance": "kube-prometheus-prometheus-node-exporter.oxn-external-monitoring.svc:9100", "timestamp": 1737547722.447, "sum(rate(node_netstat_Tcp_RetransSegs[1m])) by (instance)": 0.16363636363636364, "tcp_retransmissions": 0.16363636363636364, "kubernetes_prometheus_rules": "NoTreatment", "add_security_context": "NoTreatment", "delay_treatment": "NoTreatment"}, {"instance": "kube-prometheus-prometheus-node-exporter.oxn-external-monitoring.svc:9100", "timestamp": 1737547723.447, "sum(rate(node_netstat_Tcp_RetransSegs[1m])) by (instance)": 0.14545454545454545, "tcp_retransmissions": 0.14545454545454545, "kubernetes_prometheus_rules": "NoTreatment", "add_security_context": "NoTreatment", "delay_treatment": "NoTreatment"}, {"instance": "kube-prometheus-prometheus-node-exporter.oxn-external-monitoring.svc:9100", "timestamp": 1737547724.447, "sum(rate(node_netstat_Tcp_RetransSegs[1m])) by (instance)": 0.14545454545454545, "tcp_retransmissions": 0.14545454545454545, "kubernetes_prometheus_rules": "NoTreatment", "add_security_context": "NoTreatment", "delay_treatment": "NoTreatment"}, {"instance": "kube-prometheus-prometheus-node-exporter.oxn-external-monitoring.svc:9100", "timestamp": 1737547725.447, "sum(rate(node_netstat_Tcp_RetransSegs[1m])) by (instance)": 0.14545454545454545, "tcp_retransmissions": 0.14545454545454545, "kubernetes_prometheus_rules": "NoTreatment", "add_security_context": "NoTreatment", "delay_treatment": "NoTreatment"}, {"instance": "kube-prometheus-prometheus-node-exporter.oxn-external-monitoring.svc:9100", "timestamp": 1737547726.447, "sum(rate(node_netstat_Tcp_RetransSegs[1m])) by (instance)": 0.14545454545454545, "tcp_retransmissions": 0.14545454545454545, "kubernetes_prometheus_rules": "NoTreatment", "add_security_context": "NoTreatment", "delay_treatment": "NoTreatment"}, {"instance": "kube-prometheus-prometheus-node-exporter.oxn-external-monitoring.svc:9100", "timestamp": 1737547727.447, "sum(rate(node_netstat_Tcp_RetransSegs[1m])) by (instance)": 0.14545454545454545, "tcp_retransmissions": 0.14545454545454545, "kubernetes_prometheus_rules": "NoTreatment", "add_security_context": "NoTreatment", "delay_treatment": "NoTreatment"}, {"instance": "kube-prometheus-prometheus-node-exporter.oxn-external-monitoring.svc:9100", "timestamp": 1737547728.447, "sum(rate(node_netstat_Tcp_RetransSegs[1m])) by (instance)": 0.14545454545454545, "tcp_retransmissions": 0.14545454545454545, "kubernetes_prometheus_rules": "NoTreatment", "add_security_context": "NoTreatment", "delay_treatment": "NoTreatment"}, {"instance": "kube-prometheus-prometheus-node-exporter.oxn-external-monitoring.svc:9100", "timestamp": 1737547729.447, "sum(rate(node_netstat_Tcp_RetransSegs[1m])) by (instance)": 0.14545454545454545, "tcp_retransmissions": 0.14545454545454545, "kubernetes_prometheus_rules": "NoTreatment", "add_security_context": "NoTreatment", "delay_treatment": "NoTreatment"}, {"instance": "kube-prometheus-prometheus-node-exporter.oxn-external-monitoring.svc:9100", "timestamp": 1737547730.447, "sum(rate(node_netstat_Tcp_RetransSegs[1m])) by (instance)": 0.14545454545454545, "tcp_retransmissions": 0.14545454545454545, "kubernetes_prometheus_rules": "NoTreatment", "add_security_context": "NoTreatment", "delay_treatment": "NoTreatment"}]