[{"timestamp": 1737548635.528, "sum(rate(otelcol_exporter_send_failed_spans[1m]))": 0, "failed_spans": 0, "kubernetes_prometheus_rules": "kubernetes_prometheus_rules", "add_security_context": "NoTreatment", "delay_treatment": "NoTreatment"}, {"timestamp": 1737548636.528, "sum(rate(otelcol_exporter_send_failed_spans[1m]))": 0, "failed_spans": 0, "kubernetes_prometheus_rules": "kubernetes_prometheus_rules", "add_security_context": "NoTreatment", "delay_treatment": "NoTreatment"}, {"timestamp": 1737548637.528, "sum(rate(otelcol_exporter_send_failed_spans[1m]))": 0, "failed_spans": 0, "kubernetes_prometheus_rules": "kubernetes_prometheus_rules", "add_security_context": "NoTreatment", "delay_treatment": "NoTreatment"}, {"timestamp": 1737548638.528, "sum(rate(otelcol_exporter_send_failed_spans[1m]))": 0, "failed_spans": 0, "kubernetes_prometheus_rules": "kubernetes_prometheus_rules", "add_security_context": "NoTreatment", "delay_treatment": "NoTreatment"}, {"timestamp": 1737548639.528, "sum(rate(otelcol_exporter_send_failed_spans[1m]))": 0, "failed_spans": 0, "kubernetes_prometheus_rules": "kubernetes_prometheus_rules", "add_security_context": "NoTreatment", "delay_treatment": "NoTreatment"}, {"timestamp": 1737548640.528, "sum(rate(otelcol_exporter_send_failed_spans[1m]))": 0, "failed_spans": 0, "kubernetes_prometheus_rules": "kubernetes_prometheus_rules", "add_security_context": "NoTreatment", "delay_treatment": "NoTreatment"}, {"timestamp": 1737548641.528, "sum(rate(otelcol_exporter_send_failed_spans[1m]))": 0, "failed_spans": 0, "kubernetes_prometheus_rules": "kubernetes_prometheus_rules", "add_security_context": "NoTreatment", "delay_treatment": "NoTreatment"}, {"timestamp": 1737548642.528, "sum(rate(otelcol_exporter_send_failed_spans[1m]))": 0, "failed_spans": 0, "kubernetes_prometheus_rules": "kubernetes_prometheus_rules", "add_security_context": "NoTreatment", "delay_treatment": "NoTreatment"}, {"timestamp": 1737548643.528, "sum(rate(otelcol_exporter_send_failed_spans[1m]))": 0, "failed_spans": 0, "kubernetes_prometheus_rules": "kubernetes_prometheus_rules", "add_security_context": "NoTreatment", "delay_treatment": "NoTreatment"}, {"timestamp": 1737548644.528, "sum(rate(otelcol_exporter_send_failed_spans[1m]))": 0, "failed_spans": 0, "kubernetes_prometheus_rules": "kubernetes_prometheus_rules", "add_security_context": "NoTreatment", "delay_treatment": "NoTreatment"}, {"timestamp": 1737548645.528, "sum(rate(otelcol_exporter_send_failed_spans[1m]))": 0, "failed_spans": 0, "kubernetes_prometheus_rules": "kubernetes_prometheus_rules", "add_security_context": "add_security_context", "delay_treatment": "NoTreatment"}, {"timestamp": 1737548646.528, "sum(rate(otelcol_exporter_send_failed_spans[1m]))": 0, "failed_spans": 0, "kubernetes_prometheus_rules": "kubernetes_prometheus_rules", "add_security_context": "add_security_context", "delay_treatment": "delay_treatment"}, {"timestamp": 1737548647.528, "sum(rate(otelcol_exporter_send_failed_spans[1m]))": 0, "failed_spans": 0, "kubernetes_prometheus_rules": "kubernetes_prometheus_rules", "add_security_context": "add_security_context", "delay_treatment": "delay_treatment"}, {"timestamp": 1737548648.528, "sum(rate(otelcol_exporter_send_failed_spans[1m]))": 0, "failed_spans": 0, "kubernetes_prometheus_rules": "kubernetes_prometheus_rules", "add_security_context": "add_security_context", "delay_treatment": "delay_treatment"}, {"timestamp": 1737548649.528, "sum(rate(otelcol_exporter_send_failed_spans[1m]))": 0, "failed_spans": 0, "kubernetes_prometheus_rules": "kubernetes_prometheus_rules", "add_security_context": "add_security_context", "delay_treatment": "delay_treatment"}, {"timestamp": 1737548650.528, "sum(rate(otelcol_exporter_send_failed_spans[1m]))": 0, "failed_spans": 0, "kubernetes_prometheus_rules": "kubernetes_prometheus_rules", "add_security_context": "add_security_context", "delay_treatment": "delay_treatment"}, {"timestamp": 1737548651.528, "sum(rate(otelcol_exporter_send_failed_spans[1m]))": 0, "failed_spans": 0, "kubernetes_prometheus_rules": "kubernetes_prometheus_rules", "add_security_context": "add_security_context", "delay_treatment": "delay_treatment"}, {"timestamp": 1737548652.528, "sum(rate(otelcol_exporter_send_failed_spans[1m]))": 0, "failed_spans": 0, "kubernetes_prometheus_rules": "kubernetes_prometheus_rules", "add_security_context": "add_security_context", "delay_treatment": "delay_treatment"}, {"timestamp": 1737548653.528, "sum(rate(otelcol_exporter_send_failed_spans[1m]))": 0, "failed_spans": 0, "kubernetes_prometheus_rules": "kubernetes_prometheus_rules", "add_security_context": "add_security_context", "delay_treatment": "delay_treatment"}, {"timestamp": 1737548654.528, "sum(rate(otelcol_exporter_send_failed_spans[1m]))": 0, "failed_spans": 0, "kubernetes_prometheus_rules": "kubernetes_prometheus_rules", "add_security_context": "add_security_context", "delay_treatment": "delay_treatment"}, {"timestamp": 1737548655.528, "sum(rate(otelcol_exporter_send_failed_spans[1m]))": 0, "failed_spans": 0, "kubernetes_prometheus_rules": "kubernetes_prometheus_rules", "add_security_context": "add_security_context", "delay_treatment": "delay_treatment"}, {"timestamp": 1737548656.528, "sum(rate(otelcol_exporter_send_failed_spans[1m]))": 0, "failed_spans": 0, "kubernetes_prometheus_rules": "kubernetes_prometheus_rules", "add_security_context": "add_security_context", "delay_treatment": "delay_treatment"}, {"timestamp": 1737548657.528, "sum(rate(otelcol_exporter_send_failed_spans[1m]))": 0, "failed_spans": 0, "kubernetes_prometheus_rules": "kubernetes_prometheus_rules", "add_security_context": "add_security_context", "delay_treatment": "delay_treatment"}, {"timestamp": 1737548658.528, "sum(rate(otelcol_exporter_send_failed_spans[1m]))": 0, "failed_spans": 0, "kubernetes_prometheus_rules": "kubernetes_prometheus_rules", "add_security_context": "add_security_context", "delay_treatment": "delay_treatment"}, {"timestamp": 1737548659.528, "sum(rate(otelcol_exporter_send_failed_spans[1m]))": 0, "failed_spans": 0, "kubernetes_prometheus_rules": "kubernetes_prometheus_rules", "add_security_context": "add_security_context", "delay_treatment": "delay_treatment"}, {"timestamp": 1737548660.528, "sum(rate(otelcol_exporter_send_failed_spans[1m]))": 0, "failed_spans": 0, "kubernetes_prometheus_rules": "kubernetes_prometheus_rules", "add_security_context": "add_security_context", "delay_treatment": "delay_treatment"}, {"timestamp": 1737548661.528, "sum(rate(otelcol_exporter_send_failed_spans[1m]))": 0, "failed_spans": 0, "kubernetes_prometheus_rules": "kubernetes_prometheus_rules", "add_security_context": "add_security_context", "delay_treatment": "delay_treatment"}, {"timestamp": 1737548662.528, "sum(rate(otelcol_exporter_send_failed_spans[1m]))": 0, "failed_spans": 0, "kubernetes_prometheus_rules": "kubernetes_prometheus_rules", "add_security_context": "add_security_context", "delay_treatment": "delay_treatment"}, {"timestamp": 1737548663.528, "sum(rate(otelcol_exporter_send_failed_spans[1m]))": 0, "failed_spans": 0, "kubernetes_prometheus_rules": "kubernetes_prometheus_rules", "add_security_context": "add_security_context", "delay_treatment": "delay_treatment"}, {"timestamp": 1737548664.528, "sum(rate(otelcol_exporter_send_failed_spans[1m]))": 0, "failed_spans": 0, "kubernetes_prometheus_rules": "kubernetes_prometheus_rules", "add_security_context": "add_security_context", "delay_treatment": "delay_treatment"}, {"timestamp": 1737548665.528, "sum(rate(otelcol_exporter_send_failed_spans[1m]))": 0, "failed_spans": 0, "kubernetes_prometheus_rules": "kubernetes_prometheus_rules", "add_security_context": "add_security_context", "delay_treatment": "delay_treatment"}, {"timestamp": 1737548666.528, "sum(rate(otelcol_exporter_send_failed_spans[1m]))": 0, "failed_spans": 0, "kubernetes_prometheus_rules": "kubernetes_prometheus_rules", "add_security_context": "add_security_context", "delay_treatment": "delay_treatment"}, {"timestamp": 1737548667.528, "sum(rate(otelcol_exporter_send_failed_spans[1m]))": 0, "failed_spans": 0, "kubernetes_prometheus_rules": "kubernetes_prometheus_rules", "add_security_context": "add_security_context", "delay_treatment": "delay_treatment"}, {"timestamp": 1737548668.528, "sum(rate(otelcol_exporter_send_failed_spans[1m]))": 0, "failed_spans": 0, "kubernetes_prometheus_rules": "kubernetes_prometheus_rules", "add_security_context": "add_security_context", "delay_treatment": "delay_treatment"}, {"timestamp": 1737548669.528, "sum(rate(otelcol_exporter_send_failed_spans[1m]))": 0, "failed_spans": 0, "kubernetes_prometheus_rules": "kubernetes_prometheus_rules", "add_security_context": "add_security_context", "delay_treatment": "delay_treatment"}, {"timestamp": 1737548670.528, "sum(rate(otelcol_exporter_send_failed_spans[1m]))": 0, "failed_spans": 0, "kubernetes_prometheus_rules": "kubernetes_prometheus_rules", "add_security_context": "add_security_context", "delay_treatment": "delay_treatment"}, {"timestamp": 1737548671.528, "sum(rate(otelcol_exporter_send_failed_spans[1m]))": 0, "failed_spans": 0, "kubernetes_prometheus_rules": "kubernetes_prometheus_rules", "add_security_context": "add_security_context", "delay_treatment": "delay_treatment"}, {"timestamp": 1737548672.528, "sum(rate(otelcol_exporter_send_failed_spans[1m]))": 0, "failed_spans": 0, "kubernetes_prometheus_rules": "kubernetes_prometheus_rules", "add_security_context": "add_security_context", "delay_treatment": "delay_treatment"}, {"timestamp": 1737548673.528, "sum(rate(otelcol_exporter_send_failed_spans[1m]))": 0, "failed_spans": 0, "kubernetes_prometheus_rules": "kubernetes_prometheus_rules", "add_security_context": "add_security_context", "delay_treatment": "delay_treatment"}, {"timestamp": 1737548674.528, "sum(rate(otelcol_exporter_send_failed_spans[1m]))": 0, "failed_spans": 0, "kubernetes_prometheus_rules": "kubernetes_prometheus_rules", "add_security_context": "add_security_context", "delay_treatment": "delay_treatment"}, {"timestamp": 1737548675.528, "sum(rate(otelcol_exporter_send_failed_spans[1m]))": 0, "failed_spans": 0, "kubernetes_prometheus_rules": "kubernetes_prometheus_rules", "add_security_context": "add_security_context", "delay_treatment": "delay_treatment"}, {"timestamp": 1737548676.528, "sum(rate(otelcol_exporter_send_failed_spans[1m]))": 0, "failed_spans": 0, "kubernetes_prometheus_rules": "kubernetes_prometheus_rules", "add_security_context": "add_security_context", "delay_treatment": "delay_treatment"}, {"timestamp": 1737548677.528, "sum(rate(otelcol_exporter_send_failed_spans[1m]))": 0, "failed_spans": 0, "kubernetes_prometheus_rules": "kubernetes_prometheus_rules", "add_security_context": "add_security_context", "delay_treatment": "delay_treatment"}, {"timestamp": 1737548678.528, "sum(rate(otelcol_exporter_send_failed_spans[1m]))": 0, "failed_spans": 0, "kubernetes_prometheus_rules": "kubernetes_prometheus_rules", "add_security_context": "add_security_context", "delay_treatment": "delay_treatment"}, {"timestamp": 1737548679.528, "sum(rate(otelcol_exporter_send_failed_spans[1m]))": 0, "failed_spans": 0, "kubernetes_prometheus_rules": "kubernetes_prometheus_rules", "add_security_context": "add_security_context", "delay_treatment": "delay_treatment"}, {"timestamp": 1737548680.528, "sum(rate(otelcol_exporter_send_failed_spans[1m]))": 0, "failed_spans": 0, "kubernetes_prometheus_rules": "kubernetes_prometheus_rules", "add_security_context": "add_security_context", "delay_treatment": "delay_treatment"}, {"timestamp": 1737548681.528, "sum(rate(otelcol_exporter_send_failed_spans[1m]))": 0, "failed_spans": 0, "kubernetes_prometheus_rules": "kubernetes_prometheus_rules", "add_security_context": "add_security_context", "delay_treatment": "delay_treatment"}, {"timestamp": 1737548682.528, "sum(rate(otelcol_exporter_send_failed_spans[1m]))": 0, "failed_spans": 0, "kubernetes_prometheus_rules": "kubernetes_prometheus_rules", "add_security_context": "add_security_context", "delay_treatment": "delay_treatment"}, {"timestamp": 1737548683.528, "sum(rate(otelcol_exporter_send_failed_spans[1m]))": 0, "failed_spans": 0, "kubernetes_prometheus_rules": "kubernetes_prometheus_rules", "add_security_context": "add_security_context", "delay_treatment": "delay_treatment"}, {"timestamp": 1737548684.528, "sum(rate(otelcol_exporter_send_failed_spans[1m]))": 0, "failed_spans": 0, "kubernetes_prometheus_rules": "kubernetes_prometheus_rules", "add_security_context": "add_security_context", "delay_treatment": "delay_treatment"}, {"timestamp": 1737548685.528, "sum(rate(otelcol_exporter_send_failed_spans[1m]))": 0, "failed_spans": 0, "kubernetes_prometheus_rules": "kubernetes_prometheus_rules", "add_security_context": "add_security_context", "delay_treatment": "delay_treatment"}, {"timestamp": 1737548686.528, "sum(rate(otelcol_exporter_send_failed_spans[1m]))": 0, "failed_spans": 0, "kubernetes_prometheus_rules": "kubernetes_prometheus_rules", "add_security_context": "add_security_context", "delay_treatment": "delay_treatment"}, {"timestamp": 1737548687.528, "sum(rate(otelcol_exporter_send_failed_spans[1m]))": 0, "failed_spans": 0, "kubernetes_prometheus_rules": "kubernetes_prometheus_rules", "add_security_context": "add_security_context", "delay_treatment": "delay_treatment"}, {"timestamp": 1737548688.528, "sum(rate(otelcol_exporter_send_failed_spans[1m]))": 0, "failed_spans": 0, "kubernetes_prometheus_rules": "kubernetes_prometheus_rules", "add_security_context": "add_security_context", "delay_treatment": "delay_treatment"}, {"timestamp": 1737548689.528, "sum(rate(otelcol_exporter_send_failed_spans[1m]))": 0, "failed_spans": 0, "kubernetes_prometheus_rules": "kubernetes_prometheus_rules", "add_security_context": "add_security_context", "delay_treatment": "delay_treatment"}, {"timestamp": 1737548690.528, "sum(rate(otelcol_exporter_send_failed_spans[1m]))": 0, "failed_spans": 0, "kubernetes_prometheus_rules": "kubernetes_prometheus_rules", "add_security_context": "add_security_context", "delay_treatment": "delay_treatment"}, {"timestamp": 1737548691.528, "sum(rate(otelcol_exporter_send_failed_spans[1m]))": 0, "failed_spans": 0, "kubernetes_prometheus_rules": "kubernetes_prometheus_rules", "add_security_context": "add_security_context", "delay_treatment": "delay_treatment"}, {"timestamp": 1737548692.528, "sum(rate(otelcol_exporter_send_failed_spans[1m]))": 0, "failed_spans": 0, "kubernetes_prometheus_rules": "kubernetes_prometheus_rules", "add_security_context": "add_security_context", "delay_treatment": "delay_treatment"}, {"timestamp": 1737548693.528, "sum(rate(otelcol_exporter_send_failed_spans[1m]))": 0, "failed_spans": 0, "kubernetes_prometheus_rules": "kubernetes_prometheus_rules", "add_security_context": "add_security_context", "delay_treatment": "delay_treatment"}, {"timestamp": 1737548694.528, "sum(rate(otelcol_exporter_send_failed_spans[1m]))": 0, "failed_spans": 0, "kubernetes_prometheus_rules": "kubernetes_prometheus_rules", "add_security_context": "add_security_context", "delay_treatment": "delay_treatment"}, {"timestamp": 1737548695.528, "sum(rate(otelcol_exporter_send_failed_spans[1m]))": 0, "failed_spans": 0, "kubernetes_prometheus_rules": "kubernetes_prometheus_rules", "add_security_context": "add_security_context", "delay_treatment": "delay_treatment"}, {"timestamp": 1737548696.528, "sum(rate(otelcol_exporter_send_failed_spans[1m]))": 0, "failed_spans": 0, "kubernetes_prometheus_rules": "kubernetes_prometheus_rules", "add_security_context": "add_security_context", "delay_treatment": "delay_treatment"}, {"timestamp": 1737548697.528, "sum(rate(otelcol_exporter_send_failed_spans[1m]))": 0, "failed_spans": 0, "kubernetes_prometheus_rules": "kubernetes_prometheus_rules", "add_security_context": "add_security_context", "delay_treatment": "delay_treatment"}, {"timestamp": 1737548698.528, "sum(rate(otelcol_exporter_send_failed_spans[1m]))": 0, "failed_spans": 0, "kubernetes_prometheus_rules": "kubernetes_prometheus_rules", "add_security_context": "add_security_context", "delay_treatment": "delay_treatment"}, {"timestamp": 1737548699.528, "sum(rate(otelcol_exporter_send_failed_spans[1m]))": 0, "failed_spans": 0, "kubernetes_prometheus_rules": "kubernetes_prometheus_rules", "add_security_context": "add_security_context", "delay_treatment": "delay_treatment"}, {"timestamp": 1737548700.528, "sum(rate(otelcol_exporter_send_failed_spans[1m]))": 0, "failed_spans": 0, "kubernetes_prometheus_rules": "kubernetes_prometheus_rules", "add_security_context": "add_security_context", "delay_treatment": "delay_treatment"}, {"timestamp": 1737548701.528, "sum(rate(otelcol_exporter_send_failed_spans[1m]))": 0, "failed_spans": 0, "kubernetes_prometheus_rules": "kubernetes_prometheus_rules", "add_security_context": "add_security_context", "delay_treatment": "delay_treatment"}, {"timestamp": 1737548702.528, "sum(rate(otelcol_exporter_send_failed_spans[1m]))": 0, "failed_spans": 0, "kubernetes_prometheus_rules": "kubernetes_prometheus_rules", "add_security_context": "add_security_context", "delay_treatment": "delay_treatment"}, {"timestamp": 1737548703.528, "sum(rate(otelcol_exporter_send_failed_spans[1m]))": 0, "failed_spans": 0, "kubernetes_prometheus_rules": "kubernetes_prometheus_rules", "add_security_context": "add_security_context", "delay_treatment": "delay_treatment"}, {"timestamp": 1737548704.528, "sum(rate(otelcol_exporter_send_failed_spans[1m]))": 0, "failed_spans": 0, "kubernetes_prometheus_rules": "kubernetes_prometheus_rules", "add_security_context": "add_security_context", "delay_treatment": "delay_treatment"}, {"timestamp": 1737548705.528, "sum(rate(otelcol_exporter_send_failed_spans[1m]))": 0, "failed_spans": 0, "kubernetes_prometheus_rules": "kubernetes_prometheus_rules", "add_security_context": "add_security_context", "delay_treatment": "delay_treatment"}, {"timestamp": 1737548706.528, "sum(rate(otelcol_exporter_send_failed_spans[1m]))": 0, "failed_spans": 0, "kubernetes_prometheus_rules": "kubernetes_prometheus_rules", "add_security_context": "add_security_context", "delay_treatment": "delay_treatment"}, {"timestamp": 1737548707.528, "sum(rate(otelcol_exporter_send_failed_spans[1m]))": 0, "failed_spans": 0, "kubernetes_prometheus_rules": "kubernetes_prometheus_rules", "add_security_context": "add_security_context", "delay_treatment": "delay_treatment"}, {"timestamp": 1737548708.528, "sum(rate(otelcol_exporter_send_failed_spans[1m]))": 0, "failed_spans": 0, "kubernetes_prometheus_rules": "kubernetes_prometheus_rules", "add_security_context": "add_security_context", "delay_treatment": "delay_treatment"}, {"timestamp": 1737548709.528, "sum(rate(otelcol_exporter_send_failed_spans[1m]))": 0, "failed_spans": 0, "kubernetes_prometheus_rules": "kubernetes_prometheus_rules", "add_security_context": "add_security_context", "delay_treatment": "delay_treatment"}, {"timestamp": 1737548710.528, "sum(rate(otelcol_exporter_send_failed_spans[1m]))": 0, "failed_spans": 0, "kubernetes_prometheus_rules": "kubernetes_prometheus_rules", "add_security_context": "add_security_context", "delay_treatment": "delay_treatment"}, {"timestamp": 1737548711.528, "sum(rate(otelcol_exporter_send_failed_spans[1m]))": 0, "failed_spans": 0, "kubernetes_prometheus_rules": "kubernetes_prometheus_rules", "add_security_context": "add_security_context", "delay_treatment": "delay_treatment"}, {"timestamp": 1737548712.528, "sum(rate(otelcol_exporter_send_failed_spans[1m]))": 0, "failed_spans": 0, "kubernetes_prometheus_rules": "kubernetes_prometheus_rules", "add_security_context": "add_security_context", "delay_treatment": "delay_treatment"}, {"timestamp": 1737548713.528, "sum(rate(otelcol_exporter_send_failed_spans[1m]))": 0, "failed_spans": 0, "kubernetes_prometheus_rules": "kubernetes_prometheus_rules", "add_security_context": "add_security_context", "delay_treatment": "delay_treatment"}, {"timestamp": 1737548714.528, "sum(rate(otelcol_exporter_send_failed_spans[1m]))": 0, "failed_spans": 0, "kubernetes_prometheus_rules": "kubernetes_prometheus_rules", "add_security_context": "add_security_context", "delay_treatment": "delay_treatment"}, {"timestamp": 1737548715.528, "sum(rate(otelcol_exporter_send_failed_spans[1m]))": 0, "failed_spans": 0, "kubernetes_prometheus_rules": "kubernetes_prometheus_rules", "add_security_context": "add_security_context", "delay_treatment": "delay_treatment"}, {"timestamp": 1737548716.528, "sum(rate(otelcol_exporter_send_failed_spans[1m]))": 0, "failed_spans": 0, "kubernetes_prometheus_rules": "kubernetes_prometheus_rules", "add_security_context": "add_security_context", "delay_treatment": "delay_treatment"}, {"timestamp": 1737548717.528, "sum(rate(otelcol_exporter_send_failed_spans[1m]))": 0, "failed_spans": 0, "kubernetes_prometheus_rules": "kubernetes_prometheus_rules", "add_security_context": "add_security_context", "delay_treatment": "delay_treatment"}, {"timestamp": 1737548718.528, "sum(rate(otelcol_exporter_send_failed_spans[1m]))": 0, "failed_spans": 0, "kubernetes_prometheus_rules": "kubernetes_prometheus_rules", "add_security_context": "add_security_context", "delay_treatment": "delay_treatment"}, {"timestamp": 1737548719.528, "sum(rate(otelcol_exporter_send_failed_spans[1m]))": 0, "failed_spans": 0, "kubernetes_prometheus_rules": "kubernetes_prometheus_rules", "add_security_context": "add_security_context", "delay_treatment": "delay_treatment"}, {"timestamp": 1737548720.528, "sum(rate(otelcol_exporter_send_failed_spans[1m]))": 0, "failed_spans": 0, "kubernetes_prometheus_rules": "kubernetes_prometheus_rules", "add_security_context": "add_security_context", "delay_treatment": "delay_treatment"}, {"timestamp": 1737548721.528, "sum(rate(otelcol_exporter_send_failed_spans[1m]))": 0, "failed_spans": 0, "kubernetes_prometheus_rules": "kubernetes_prometheus_rules", "add_security_context": "add_security_context", "delay_treatment": "delay_treatment"}, {"timestamp": 1737548722.528, "sum(rate(otelcol_exporter_send_failed_spans[1m]))": 0, "failed_spans": 0, "kubernetes_prometheus_rules": "kubernetes_prometheus_rules", "add_security_context": "add_security_context", "delay_treatment": "delay_treatment"}, {"timestamp": 1737548723.528, "sum(rate(otelcol_exporter_send_failed_spans[1m]))": 0, "failed_spans": 0, "kubernetes_prometheus_rules": "kubernetes_prometheus_rules", "add_security_context": "add_security_context", "delay_treatment": "delay_treatment"}, {"timestamp": 1737548724.528, "sum(rate(otelcol_exporter_send_failed_spans[1m]))": 0, "failed_spans": 0, "kubernetes_prometheus_rules": "kubernetes_prometheus_rules", "add_security_context": "add_security_context", "delay_treatment": "delay_treatment"}, {"timestamp": 1737548725.528, "sum(rate(otelcol_exporter_send_failed_spans[1m]))": 0, "failed_spans": 0, "kubernetes_prometheus_rules": "kubernetes_prometheus_rules", "add_security_context": "add_security_context", "delay_treatment": "delay_treatment"}, {"timestamp": 1737548726.528, "sum(rate(otelcol_exporter_send_failed_spans[1m]))": 0, "failed_spans": 0, "kubernetes_prometheus_rules": "kubernetes_prometheus_rules", "add_security_context": "add_security_context", "delay_treatment": "delay_treatment"}, {"timestamp": 1737548727.528, "sum(rate(otelcol_exporter_send_failed_spans[1m]))": 0, "failed_spans": 0, "kubernetes_prometheus_rules": "kubernetes_prometheus_rules", "add_security_context": "add_security_context", "delay_treatment": "delay_treatment"}, {"timestamp": 1737548728.528, "sum(rate(otelcol_exporter_send_failed_spans[1m]))": 0, "failed_spans": 0, "kubernetes_prometheus_rules": "kubernetes_prometheus_rules", "add_security_context": "add_security_context", "delay_treatment": "delay_treatment"}, {"timestamp": 1737548729.528, "sum(rate(otelcol_exporter_send_failed_spans[1m]))": 0, "failed_spans": 0, "kubernetes_prometheus_rules": "kubernetes_prometheus_rules", "add_security_context": "add_security_context", "delay_treatment": "delay_treatment"}, {"timestamp": 1737548730.528, "sum(rate(otelcol_exporter_send_failed_spans[1m]))": 0, "failed_spans": 0, "kubernetes_prometheus_rules": "kubernetes_prometheus_rules", "add_security_context": "add_security_context", "delay_treatment": "delay_treatment"}, {"timestamp": 1737548731.528, "sum(rate(otelcol_exporter_send_failed_spans[1m]))": 0, "failed_spans": 0, "kubernetes_prometheus_rules": "kubernetes_prometheus_rules", "add_security_context": "add_security_context", "delay_treatment": "delay_treatment"}, {"timestamp": 1737548732.528, "sum(rate(otelcol_exporter_send_failed_spans[1m]))": 0, "failed_spans": 0, "kubernetes_prometheus_rules": "kubernetes_prometheus_rules", "add_security_context": "add_security_context", "delay_treatment": "delay_treatment"}, {"timestamp": 1737548733.528, "sum(rate(otelcol_exporter_send_failed_spans[1m]))": 0, "failed_spans": 0, "kubernetes_prometheus_rules": "kubernetes_prometheus_rules", "add_security_context": "add_security_context", "delay_treatment": "delay_treatment"}, {"timestamp": 1737548734.528, "sum(rate(otelcol_exporter_send_failed_spans[1m]))": 0, "failed_spans": 0, "kubernetes_prometheus_rules": "kubernetes_prometheus_rules", "add_security_context": "add_security_context", "delay_treatment": "delay_treatment"}, {"timestamp": 1737548735.528, "sum(rate(otelcol_exporter_send_failed_spans[1m]))": 0, "failed_spans": 0, "kubernetes_prometheus_rules": "kubernetes_prometheus_rules", "add_security_context": "add_security_context", "delay_treatment": "delay_treatment"}, {"timestamp": 1737548736.528, "sum(rate(otelcol_exporter_send_failed_spans[1m]))": 0, "failed_spans": 0, "kubernetes_prometheus_rules": "kubernetes_prometheus_rules", "add_security_context": "add_security_context", "delay_treatment": "delay_treatment"}, {"timestamp": 1737548737.528, "sum(rate(otelcol_exporter_send_failed_spans[1m]))": 0, "failed_spans": 0, "kubernetes_prometheus_rules": "kubernetes_prometheus_rules", "add_security_context": "add_security_context", "delay_treatment": "delay_treatment"}, {"timestamp": 1737548738.528, "sum(rate(otelcol_exporter_send_failed_spans[1m]))": 0, "failed_spans": 0, "kubernetes_prometheus_rules": "kubernetes_prometheus_rules", "add_security_context": "add_security_context", "delay_treatment": "delay_treatment"}, {"timestamp": 1737548739.528, "sum(rate(otelcol_exporter_send_failed_spans[1m]))": 0, "failed_spans": 0, "kubernetes_prometheus_rules": "kubernetes_prometheus_rules", "add_security_context": "add_security_context", "delay_treatment": "delay_treatment"}, {"timestamp": 1737548740.528, "sum(rate(otelcol_exporter_send_failed_spans[1m]))": 0, "failed_spans": 0, "kubernetes_prometheus_rules": "kubernetes_prometheus_rules", "add_security_context": "add_security_context", "delay_treatment": "delay_treatment"}, {"timestamp": 1737548741.528, "sum(rate(otelcol_exporter_send_failed_spans[1m]))": 0, "failed_spans": 0, "kubernetes_prometheus_rules": "kubernetes_prometheus_rules", "add_security_context": "add_security_context", "delay_treatment": "delay_treatment"}, {"timestamp": 1737548742.528, "sum(rate(otelcol_exporter_send_failed_spans[1m]))": 0, "failed_spans": 0, "kubernetes_prometheus_rules": "kubernetes_prometheus_rules", "add_security_context": "add_security_context", "delay_treatment": "delay_treatment"}, {"timestamp": 1737548743.528, "sum(rate(otelcol_exporter_send_failed_spans[1m]))": 0, "failed_spans": 0, "kubernetes_prometheus_rules": "kubernetes_prometheus_rules", "add_security_context": "add_security_context", "delay_treatment": "delay_treatment"}, {"timestamp": 1737548744.528, "sum(rate(otelcol_exporter_send_failed_spans[1m]))": 0, "failed_spans": 0, "kubernetes_prometheus_rules": "kubernetes_prometheus_rules", "add_security_context": "add_security_context", "delay_treatment": "delay_treatment"}, {"timestamp": 1737548745.528, "sum(rate(otelcol_exporter_send_failed_spans[1m]))": 0, "failed_spans": 0, "kubernetes_prometheus_rules": "kubernetes_prometheus_rules", "add_security_context": "add_security_context", "delay_treatment": "delay_treatment"}, {"timestamp": 1737548746.528, "sum(rate(otelcol_exporter_send_failed_spans[1m]))": 0, "failed_spans": 0, "kubernetes_prometheus_rules": "kubernetes_prometheus_rules", "add_security_context": "add_security_context", "delay_treatment": "delay_treatment"}, {"timestamp": 1737548747.528, "sum(rate(otelcol_exporter_send_failed_spans[1m]))": 0, "failed_spans": 0, "kubernetes_prometheus_rules": "kubernetes_prometheus_rules", "add_security_context": "add_security_context", "delay_treatment": "delay_treatment"}, {"timestamp": 1737548748.528, "sum(rate(otelcol_exporter_send_failed_spans[1m]))": 0, "failed_spans": 0, "kubernetes_prometheus_rules": "kubernetes_prometheus_rules", "add_security_context": "add_security_context", "delay_treatment": "delay_treatment"}, {"timestamp": 1737548749.528, "sum(rate(otelcol_exporter_send_failed_spans[1m]))": 0, "failed_spans": 0, "kubernetes_prometheus_rules": "kubernetes_prometheus_rules", "add_security_context": "add_security_context", "delay_treatment": "delay_treatment"}, {"timestamp": 1737548750.528, "sum(rate(otelcol_exporter_send_failed_spans[1m]))": 0, "failed_spans": 0, "kubernetes_prometheus_rules": "kubernetes_prometheus_rules", "add_security_context": "add_security_context", "delay_treatment": "delay_treatment"}, {"timestamp": 1737548751.528, "sum(rate(otelcol_exporter_send_failed_spans[1m]))": 0, "failed_spans": 0, "kubernetes_prometheus_rules": "kubernetes_prometheus_rules", "add_security_context": "add_security_context", "delay_treatment": "delay_treatment"}, {"timestamp": 1737548752.528, "sum(rate(otelcol_exporter_send_failed_spans[1m]))": 0, "failed_spans": 0, "kubernetes_prometheus_rules": "kubernetes_prometheus_rules", "add_security_context": "add_security_context", "delay_treatment": "delay_treatment"}, {"timestamp": 1737548753.528, "sum(rate(otelcol_exporter_send_failed_spans[1m]))": 0, "failed_spans": 0, "kubernetes_prometheus_rules": "kubernetes_prometheus_rules", "add_security_context": "add_security_context", "delay_treatment": "delay_treatment"}, {"timestamp": 1737548754.528, "sum(rate(otelcol_exporter_send_failed_spans[1m]))": 0, "failed_spans": 0, "kubernetes_prometheus_rules": "kubernetes_prometheus_rules", "add_security_context": "add_security_context", "delay_treatment": "delay_treatment"}, {"timestamp": 1737548755.528, "sum(rate(otelcol_exporter_send_failed_spans[1m]))": 0, "failed_spans": 0, "kubernetes_prometheus_rules": "kubernetes_prometheus_rules", "add_security_context": "add_security_context", "delay_treatment": "delay_treatment"}, {"timestamp": 1737548756.528, "sum(rate(otelcol_exporter_send_failed_spans[1m]))": 0, "failed_spans": 0, "kubernetes_prometheus_rules": "kubernetes_prometheus_rules", "add_security_context": "add_security_context", "delay_treatment": "delay_treatment"}, {"timestamp": 1737548757.528, "sum(rate(otelcol_exporter_send_failed_spans[1m]))": 0, "failed_spans": 0, "kubernetes_prometheus_rules": "kubernetes_prometheus_rules", "add_security_context": "add_security_context", "delay_treatment": "delay_treatment"}, {"timestamp": 1737548758.528, "sum(rate(otelcol_exporter_send_failed_spans[1m]))": 0, "failed_spans": 0, "kubernetes_prometheus_rules": "kubernetes_prometheus_rules", "add_security_context": "add_security_context", "delay_treatment": "delay_treatment"}, {"timestamp": 1737548759.528, "sum(rate(otelcol_exporter_send_failed_spans[1m]))": 0, "failed_spans": 0, "kubernetes_prometheus_rules": "kubernetes_prometheus_rules", "add_security_context": "add_security_context", "delay_treatment": "delay_treatment"}, {"timestamp": 1737548760.528, "sum(rate(otelcol_exporter_send_failed_spans[1m]))": 0, "failed_spans": 0, "kubernetes_prometheus_rules": "kubernetes_prometheus_rules", "add_security_context": "add_security_context", "delay_treatment": "delay_treatment"}, {"timestamp": 1737548761.528, "sum(rate(otelcol_exporter_send_failed_spans[1m]))": 0, "failed_spans": 0, "kubernetes_prometheus_rules": "kubernetes_prometheus_rules", "add_security_context": "add_security_context", "delay_treatment": "delay_treatment"}, {"timestamp": 1737548762.528, "sum(rate(otelcol_exporter_send_failed_spans[1m]))": 0, "failed_spans": 0, "kubernetes_prometheus_rules": "kubernetes_prometheus_rules", "add_security_context": "add_security_context", "delay_treatment": "delay_treatment"}, {"timestamp": 1737548763.528, "sum(rate(otelcol_exporter_send_failed_spans[1m]))": 0, "failed_spans": 0, "kubernetes_prometheus_rules": "kubernetes_prometheus_rules", "add_security_context": "add_security_context", "delay_treatment": "delay_treatment"}, {"timestamp": 1737548764.528, "sum(rate(otelcol_exporter_send_failed_spans[1m]))": 0, "failed_spans": 0, "kubernetes_prometheus_rules": "kubernetes_prometheus_rules", "add_security_context": "add_security_context", "delay_treatment": "delay_treatment"}, {"timestamp": 1737548765.528, "sum(rate(otelcol_exporter_send_failed_spans[1m]))": 0, "failed_spans": 0, "kubernetes_prometheus_rules": "kubernetes_prometheus_rules", "add_security_context": "add_security_context", "delay_treatment": "delay_treatment"}, {"timestamp": 1737548766.528, "sum(rate(otelcol_exporter_send_failed_spans[1m]))": 0, "failed_spans": 0, "kubernetes_prometheus_rules": "kubernetes_prometheus_rules", "add_security_context": "add_security_context", "delay_treatment": "delay_treatment"}, {"timestamp": 1737548767.528, "sum(rate(otelcol_exporter_send_failed_spans[1m]))": 0, "failed_spans": 0, "kubernetes_prometheus_rules": "kubernetes_prometheus_rules", "add_security_context": "add_security_context", "delay_treatment": "delay_treatment"}, {"timestamp": 1737548768.528, "sum(rate(otelcol_exporter_send_failed_spans[1m]))": 0, "failed_spans": 0, "kubernetes_prometheus_rules": "kubernetes_prometheus_rules", "add_security_context": "add_security_context", "delay_treatment": "delay_treatment"}, {"timestamp": 1737548769.528, "sum(rate(otelcol_exporter_send_failed_spans[1m]))": 0, "failed_spans": 0, "kubernetes_prometheus_rules": "kubernetes_prometheus_rules", "add_security_context": "add_security_context", "delay_treatment": "delay_treatment"}, {"timestamp": 1737548770.528, "sum(rate(otelcol_exporter_send_failed_spans[1m]))": 0, "failed_spans": 0, "kubernetes_prometheus_rules": "kubernetes_prometheus_rules", "add_security_context": "add_security_context", "delay_treatment": "delay_treatment"}, {"timestamp": 1737548771.528, "sum(rate(otelcol_exporter_send_failed_spans[1m]))": 0, "failed_spans": 0, "kubernetes_prometheus_rules": "kubernetes_prometheus_rules", "add_security_context": "add_security_context", "delay_treatment": "delay_treatment"}, {"timestamp": 1737548772.528, "sum(rate(otelcol_exporter_send_failed_spans[1m]))": 0, "failed_spans": 0, "kubernetes_prometheus_rules": "kubernetes_prometheus_rules", "add_security_context": "add_security_context", "delay_treatment": "delay_treatment"}, {"timestamp": 1737548773.528, "sum(rate(otelcol_exporter_send_failed_spans[1m]))": 0, "failed_spans": 0, "kubernetes_prometheus_rules": "kubernetes_prometheus_rules", "add_security_context": "add_security_context", "delay_treatment": "delay_treatment"}, {"timestamp": 1737548774.528, "sum(rate(otelcol_exporter_send_failed_spans[1m]))": 0, "failed_spans": 0, "kubernetes_prometheus_rules": "kubernetes_prometheus_rules", "add_security_context": "add_security_context", "delay_treatment": "delay_treatment"}, {"timestamp": 1737548775.528, "sum(rate(otelcol_exporter_send_failed_spans[1m]))": 0, "failed_spans": 0, "kubernetes_prometheus_rules": "kubernetes_prometheus_rules", "add_security_context": "add_security_context", "delay_treatment": "delay_treatment"}, {"timestamp": 1737548776.528, "sum(rate(otelcol_exporter_send_failed_spans[1m]))": 0, "failed_spans": 0, "kubernetes_prometheus_rules": "kubernetes_prometheus_rules", "add_security_context": "add_security_context", "delay_treatment": "delay_treatment"}, {"timestamp": 1737548777.528, "sum(rate(otelcol_exporter_send_failed_spans[1m]))": 0, "failed_spans": 0, "kubernetes_prometheus_rules": "kubernetes_prometheus_rules", "add_security_context": "add_security_context", "delay_treatment": "delay_treatment"}, {"timestamp": 1737548778.528, "sum(rate(otelcol_exporter_send_failed_spans[1m]))": 0, "failed_spans": 0, "kubernetes_prometheus_rules": "kubernetes_prometheus_rules", "add_security_context": "add_security_context", "delay_treatment": "delay_treatment"}, {"timestamp": 1737548779.528, "sum(rate(otelcol_exporter_send_failed_spans[1m]))": 0, "failed_spans": 0, "kubernetes_prometheus_rules": "kubernetes_prometheus_rules", "add_security_context": "add_security_context", "delay_treatment": "delay_treatment"}, {"timestamp": 1737548780.528, "sum(rate(otelcol_exporter_send_failed_spans[1m]))": 0, "failed_spans": 0, "kubernetes_prometheus_rules": "kubernetes_prometheus_rules", "add_security_context": "add_security_context", "delay_treatment": "delay_treatment"}, {"timestamp": 1737548781.528, "sum(rate(otelcol_exporter_send_failed_spans[1m]))": 0, "failed_spans": 0, "kubernetes_prometheus_rules": "kubernetes_prometheus_rules", "add_security_context": "add_security_context", "delay_treatment": "delay_treatment"}, {"timestamp": 1737548782.528, "sum(rate(otelcol_exporter_send_failed_spans[1m]))": 0, "failed_spans": 0, "kubernetes_prometheus_rules": "kubernetes_prometheus_rules", "add_security_context": "add_security_context", "delay_treatment": "delay_treatment"}, {"timestamp": 1737548783.528, "sum(rate(otelcol_exporter_send_failed_spans[1m]))": 0, "failed_spans": 0, "kubernetes_prometheus_rules": "kubernetes_prometheus_rules", "add_security_context": "add_security_context", "delay_treatment": "delay_treatment"}, {"timestamp": 1737548784.528, "sum(rate(otelcol_exporter_send_failed_spans[1m]))": 0, "failed_spans": 0, "kubernetes_prometheus_rules": "kubernetes_prometheus_rules", "add_security_context": "add_security_context", "delay_treatment": "delay_treatment"}, {"timestamp": 1737548785.528, "sum(rate(otelcol_exporter_send_failed_spans[1m]))": 0, "failed_spans": 0, "kubernetes_prometheus_rules": "kubernetes_prometheus_rules", "add_security_context": "add_security_context", "delay_treatment": "delay_treatment"}, {"timestamp": 1737548786.528, "sum(rate(otelcol_exporter_send_failed_spans[1m]))": 0, "failed_spans": 0, "kubernetes_prometheus_rules": "kubernetes_prometheus_rules", "add_security_context": "add_security_context", "delay_treatment": "delay_treatment"}, {"timestamp": 1737548787.528, "sum(rate(otelcol_exporter_send_failed_spans[1m]))": 0, "failed_spans": 0, "kubernetes_prometheus_rules": "kubernetes_prometheus_rules", "add_security_context": "add_security_context", "delay_treatment": "delay_treatment"}, {"timestamp": 1737548788.528, "sum(rate(otelcol_exporter_send_failed_spans[1m]))": 0, "failed_spans": 0, "kubernetes_prometheus_rules": "kubernetes_prometheus_rules", "add_security_context": "add_security_context", "delay_treatment": "delay_treatment"}, {"timestamp": 1737548789.528, "sum(rate(otelcol_exporter_send_failed_spans[1m]))": 0, "failed_spans": 0, "kubernetes_prometheus_rules": "kubernetes_prometheus_rules", "add_security_context": "add_security_context", "delay_treatment": "delay_treatment"}, {"timestamp": 1737548790.528, "sum(rate(otelcol_exporter_send_failed_spans[1m]))": 0, "failed_spans": 0, "kubernetes_prometheus_rules": "kubernetes_prometheus_rules", "add_security_context": "add_security_context", "delay_treatment": "delay_treatment"}, {"timestamp": 1737548791.528, "sum(rate(otelcol_exporter_send_failed_spans[1m]))": 0, "failed_spans": 0, "kubernetes_prometheus_rules": "kubernetes_prometheus_rules", "add_security_context": "add_security_context", "delay_treatment": "delay_treatment"}, {"timestamp": 1737548792.528, "sum(rate(otelcol_exporter_send_failed_spans[1m]))": 0, "failed_spans": 0, "kubernetes_prometheus_rules": "kubernetes_prometheus_rules", "add_security_context": "add_security_context", "delay_treatment": "delay_treatment"}, {"timestamp": 1737548793.528, "sum(rate(otelcol_exporter_send_failed_spans[1m]))": 0, "failed_spans": 0, "kubernetes_prometheus_rules": "kubernetes_prometheus_rules", "add_security_context": "add_security_context", "delay_treatment": "delay_treatment"}, {"timestamp": 1737548794.528, "sum(rate(otelcol_exporter_send_failed_spans[1m]))": 0, "failed_spans": 0, "kubernetes_prometheus_rules": "kubernetes_prometheus_rules", "add_security_context": "add_security_context", "delay_treatment": "delay_treatment"}, {"timestamp": 1737548795.528, "sum(rate(otelcol_exporter_send_failed_spans[1m]))": 0, "failed_spans": 0, "kubernetes_prometheus_rules": "kubernetes_prometheus_rules", "add_security_context": "add_security_context", "delay_treatment": "delay_treatment"}, {"timestamp": 1737548796.528, "sum(rate(otelcol_exporter_send_failed_spans[1m]))": 0, "failed_spans": 0, "kubernetes_prometheus_rules": "kubernetes_prometheus_rules", "add_security_context": "add_security_context", "delay_treatment": "delay_treatment"}, {"timestamp": 1737548797.528, "sum(rate(otelcol_exporter_send_failed_spans[1m]))": 0, "failed_spans": 0, "kubernetes_prometheus_rules": "kubernetes_prometheus_rules", "add_security_context": "add_security_context", "delay_treatment": "delay_treatment"}, {"timestamp": 1737548798.528, "sum(rate(otelcol_exporter_send_failed_spans[1m]))": 0, "failed_spans": 0, "kubernetes_prometheus_rules": "kubernetes_prometheus_rules", "add_security_context": "add_security_context", "delay_treatment": "delay_treatment"}, {"timestamp": 1737548799.528, "sum(rate(otelcol_exporter_send_failed_spans[1m]))": 0, "failed_spans": 0, "kubernetes_prometheus_rules": "kubernetes_prometheus_rules", "add_security_context": "add_security_context", "delay_treatment": "delay_treatment"}, {"timestamp": 1737548800.528, "sum(rate(otelcol_exporter_send_failed_spans[1m]))": 0, "failed_spans": 0, "kubernetes_prometheus_rules": "kubernetes_prometheus_rules", "add_security_context": "add_security_context", "delay_treatment": "delay_treatment"}, {"timestamp": 1737548801.528, "sum(rate(otelcol_exporter_send_failed_spans[1m]))": 0, "failed_spans": 0, "kubernetes_prometheus_rules": "kubernetes_prometheus_rules", "add_security_context": "add_security_context", "delay_treatment": "delay_treatment"}, {"timestamp": 1737548802.528, "sum(rate(otelcol_exporter_send_failed_spans[1m]))": 0, "failed_spans": 0, "kubernetes_prometheus_rules": "kubernetes_prometheus_rules", "add_security_context": "add_security_context", "delay_treatment": "delay_treatment"}, {"timestamp": 1737548803.528, "sum(rate(otelcol_exporter_send_failed_spans[1m]))": 0, "failed_spans": 0, "kubernetes_prometheus_rules": "kubernetes_prometheus_rules", "add_security_context": "add_security_context", "delay_treatment": "delay_treatment"}, {"timestamp": 1737548804.528, "sum(rate(otelcol_exporter_send_failed_spans[1m]))": 0, "failed_spans": 0, "kubernetes_prometheus_rules": "kubernetes_prometheus_rules", "add_security_context": "add_security_context", "delay_treatment": "delay_treatment"}, {"timestamp": 1737548805.528, "sum(rate(otelcol_exporter_send_failed_spans[1m]))": 0, "failed_spans": 0, "kubernetes_prometheus_rules": "kubernetes_prometheus_rules", "add_security_context": "add_security_context", "delay_treatment": "delay_treatment"}, {"timestamp": 1737548806.528, "sum(rate(otelcol_exporter_send_failed_spans[1m]))": 0, "failed_spans": 0, "kubernetes_prometheus_rules": "kubernetes_prometheus_rules", "add_security_context": "add_security_context", "delay_treatment": "delay_treatment"}, {"timestamp": 1737548807.528, "sum(rate(otelcol_exporter_send_failed_spans[1m]))": 0, "failed_spans": 0, "kubernetes_prometheus_rules": "kubernetes_prometheus_rules", "add_security_context": "add_security_context", "delay_treatment": "delay_treatment"}, {"timestamp": 1737548808.528, "sum(rate(otelcol_exporter_send_failed_spans[1m]))": 0, "failed_spans": 0, "kubernetes_prometheus_rules": "kubernetes_prometheus_rules", "add_security_context": "add_security_context", "delay_treatment": "delay_treatment"}, {"timestamp": 1737548809.528, "sum(rate(otelcol_exporter_send_failed_spans[1m]))": 0, "failed_spans": 0, "kubernetes_prometheus_rules": "kubernetes_prometheus_rules", "add_security_context": "add_security_context", "delay_treatment": "delay_treatment"}, {"timestamp": 1737548810.528, "sum(rate(otelcol_exporter_send_failed_spans[1m]))": 0, "failed_spans": 0, "kubernetes_prometheus_rules": "kubernetes_prometheus_rules", "add_security_context": "add_security_context", "delay_treatment": "delay_treatment"}, {"timestamp": 1737548811.528, "sum(rate(otelcol_exporter_send_failed_spans[1m]))": 0, "failed_spans": 0, "kubernetes_prometheus_rules": "kubernetes_prometheus_rules", "add_security_context": "add_security_context", "delay_treatment": "delay_treatment"}, {"timestamp": 1737548812.528, "sum(rate(otelcol_exporter_send_failed_spans[1m]))": 0, "failed_spans": 0, "kubernetes_prometheus_rules": "kubernetes_prometheus_rules", "add_security_context": "add_security_context", "delay_treatment": "delay_treatment"}, {"timestamp": 1737548813.528, "sum(rate(otelcol_exporter_send_failed_spans[1m]))": 0, "failed_spans": 0, "kubernetes_prometheus_rules": "kubernetes_prometheus_rules", "add_security_context": "add_security_context", "delay_treatment": "delay_treatment"}, {"timestamp": 1737548814.528, "sum(rate(otelcol_exporter_send_failed_spans[1m]))": 0, "failed_spans": 0, "kubernetes_prometheus_rules": "kubernetes_prometheus_rules", "add_security_context": "add_security_context", "delay_treatment": "delay_treatment"}, {"timestamp": 1737548815.528, "sum(rate(otelcol_exporter_send_failed_spans[1m]))": 0, "failed_spans": 0, "kubernetes_prometheus_rules": "kubernetes_prometheus_rules", "add_security_context": "add_security_context", "delay_treatment": "delay_treatment"}, {"timestamp": 1737548816.528, "sum(rate(otelcol_exporter_send_failed_spans[1m]))": 0, "failed_spans": 0, "kubernetes_prometheus_rules": "kubernetes_prometheus_rules", "add_security_context": "add_security_context", "delay_treatment": "delay_treatment"}, {"timestamp": 1737548817.528, "sum(rate(otelcol_exporter_send_failed_spans[1m]))": 0, "failed_spans": 0, "kubernetes_prometheus_rules": "kubernetes_prometheus_rules", "add_security_context": "add_security_context", "delay_treatment": "delay_treatment"}, {"timestamp": 1737548818.528, "sum(rate(otelcol_exporter_send_failed_spans[1m]))": 0, "failed_spans": 0, "kubernetes_prometheus_rules": "kubernetes_prometheus_rules", "add_security_context": "add_security_context", "delay_treatment": "delay_treatment"}, {"timestamp": 1737548819.528, "sum(rate(otelcol_exporter_send_failed_spans[1m]))": 0, "failed_spans": 0, "kubernetes_prometheus_rules": "kubernetes_prometheus_rules", "add_security_context": "add_security_context", "delay_treatment": "delay_treatment"}, {"timestamp": 1737548820.528, "sum(rate(otelcol_exporter_send_failed_spans[1m]))": 0, "failed_spans": 0, "kubernetes_prometheus_rules": "kubernetes_prometheus_rules", "add_security_context": "add_security_context", "delay_treatment": "delay_treatment"}, {"timestamp": 1737548821.528, "sum(rate(otelcol_exporter_send_failed_spans[1m]))": 0, "failed_spans": 0, "kubernetes_prometheus_rules": "kubernetes_prometheus_rules", "add_security_context": "add_security_context", "delay_treatment": "delay_treatment"}, {"timestamp": 1737548822.528, "sum(rate(otelcol_exporter_send_failed_spans[1m]))": 0, "failed_spans": 0, "kubernetes_prometheus_rules": "kubernetes_prometheus_rules", "add_security_context": "add_security_context", "delay_treatment": "delay_treatment"}, {"timestamp": 1737548823.528, "sum(rate(otelcol_exporter_send_failed_spans[1m]))": 0, "failed_spans": 0, "kubernetes_prometheus_rules": "kubernetes_prometheus_rules", "add_security_context": "add_security_context", "delay_treatment": "delay_treatment"}, {"timestamp": 1737548824.528, "sum(rate(otelcol_exporter_send_failed_spans[1m]))": 0, "failed_spans": 0, "kubernetes_prometheus_rules": "kubernetes_prometheus_rules", "add_security_context": "add_security_context", "delay_treatment": "delay_treatment"}, {"timestamp": 1737548825.528, "sum(rate(otelcol_exporter_send_failed_spans[1m]))": 0, "failed_spans": 0, "kubernetes_prometheus_rules": "kubernetes_prometheus_rules", "add_security_context": "add_security_context", "delay_treatment": "delay_treatment"}, {"timestamp": 1737548826.528, "sum(rate(otelcol_exporter_send_failed_spans[1m]))": 0, "failed_spans": 0, "kubernetes_prometheus_rules": "NoTreatment", "add_security_context": "NoTreatment", "delay_treatment": "NoTreatment"}, {"timestamp": 1737548827.528, "sum(rate(otelcol_exporter_send_failed_spans[1m]))": 0, "failed_spans": 0, "kubernetes_prometheus_rules": "NoTreatment", "add_security_context": "NoTreatment", "delay_treatment": "NoTreatment"}, {"timestamp": 1737548828.528, "sum(rate(otelcol_exporter_send_failed_spans[1m]))": 0, "failed_spans": 0, "kubernetes_prometheus_rules": "NoTreatment", "add_security_context": "NoTreatment", "delay_treatment": "NoTreatment"}, {"timestamp": 1737548829.528, "sum(rate(otelcol_exporter_send_failed_spans[1m]))": 0, "failed_spans": 0, "kubernetes_prometheus_rules": "NoTreatment", "add_security_context": "NoTreatment", "delay_treatment": "NoTreatment"}, {"timestamp": 1737548830.528, "sum(rate(otelcol_exporter_send_failed_spans[1m]))": 0, "failed_spans": 0, "kubernetes_prometheus_rules": "NoTreatment", "add_security_context": "NoTreatment", "delay_treatment": "NoTreatment"}, {"timestamp": 1737548831.528, "sum(rate(otelcol_exporter_send_failed_spans[1m]))": 0, "failed_spans": 0, "kubernetes_prometheus_rules": "NoTreatment", "add_security_context": "NoTreatment", "delay_treatment": "NoTreatment"}, {"timestamp": 1737548832.528, "sum(rate(otelcol_exporter_send_failed_spans[1m]))": 0, "failed_spans": 0, "kubernetes_prometheus_rules": "NoTreatment", "add_security_context": "NoTreatment", "delay_treatment": "NoTreatment"}, {"timestamp": 1737548833.528, "sum(rate(otelcol_exporter_send_failed_spans[1m]))": 0, "failed_spans": 0, "kubernetes_prometheus_rules": "NoTreatment", "add_security_context": "NoTreatment", "delay_treatment": "NoTreatment"}, {"timestamp": 1737548834.528, "sum(rate(otelcol_exporter_send_failed_spans[1m]))": 0, "failed_spans": 0, "kubernetes_prometheus_rules": "NoTreatment", "add_security_context": "NoTreatment", "delay_treatment": "NoTreatment"}, {"timestamp": 1737548835.528, "sum(rate(otelcol_exporter_send_failed_spans[1m]))": 0, "failed_spans": 0, "kubernetes_prometheus_rules": "NoTreatment", "add_security_context": "NoTreatment", "delay_treatment": "NoTreatment"}]