[{"instance": "kube-prometheus-prometheus-node-exporter.oxn-external-monitoring.svc:9100", "timestamp": 1737551305.674, "sum(rate(node_network_receive_drop_total[1m]) + rate(node_network_transmit_drop_total[1m])) by (instance)": 0, "network_drops": 0, "kubernetes_prometheus_rules": "kubernetes_prometheus_rules", "add_security_context": "NoTreatment", "delay_treatment": "NoTreatment"}, {"instance": "kube-prometheus-prometheus-node-exporter.oxn-external-monitoring.svc:9100", "timestamp": 1737551306.674, "sum(rate(node_network_receive_drop_total[1m]) + rate(node_network_transmit_drop_total[1m])) by (instance)": 0, "network_drops": 0, "kubernetes_prometheus_rules": "kubernetes_prometheus_rules", "add_security_context": "NoTreatment", "delay_treatment": "NoTreatment"}, {"instance": "kube-prometheus-prometheus-node-exporter.oxn-external-monitoring.svc:9100", "timestamp": 1737551307.674, "sum(rate(node_network_receive_drop_total[1m]) + rate(node_network_transmit_drop_total[1m])) by (instance)": 0, "network_drops": 0, "kubernetes_prometheus_rules": "kubernetes_prometheus_rules", "add_security_context": "NoTreatment", "delay_treatment": "NoTreatment"}, {"instance": "kube-prometheus-prometheus-node-exporter.oxn-external-monitoring.svc:9100", "timestamp": 1737551308.674, "sum(rate(node_network_receive_drop_total[1m]) + rate(node_network_transmit_drop_total[1m])) by (instance)": 0, "network_drops": 0, "kubernetes_prometheus_rules": "kubernetes_prometheus_rules", "add_security_context": "NoTreatment", "delay_treatment": "NoTreatment"}, {"instance": "kube-prometheus-prometheus-node-exporter.oxn-external-monitoring.svc:9100", "timestamp": 1737551309.674, "sum(rate(node_network_receive_drop_total[1m]) + rate(node_network_transmit_drop_total[1m])) by (instance)": 0, "network_drops": 0, "kubernetes_prometheus_rules": "kubernetes_prometheus_rules", "add_security_context": "NoTreatment", "delay_treatment": "NoTreatment"}, {"instance": "kube-prometheus-prometheus-node-exporter.oxn-external-monitoring.svc:9100", "timestamp": 1737551310.674, "sum(rate(node_network_receive_drop_total[1m]) + rate(node_network_transmit_drop_total[1m])) by (instance)": 0, "network_drops": 0, "kubernetes_prometheus_rules": "kubernetes_prometheus_rules", "add_security_context": "NoTreatment", "delay_treatment": "NoTreatment"}, {"instance": "kube-prometheus-prometheus-node-exporter.oxn-external-monitoring.svc:9100", "timestamp": 1737551311.674, "sum(rate(node_network_receive_drop_total[1m]) + rate(node_network_transmit_drop_total[1m])) by (instance)": 0, "network_drops": 0, "kubernetes_prometheus_rules": "kubernetes_prometheus_rules", "add_security_context": "NoTreatment", "delay_treatment": "NoTreatment"}, {"instance": "kube-prometheus-prometheus-node-exporter.oxn-external-monitoring.svc:9100", "timestamp": 1737551312.674, "sum(rate(node_network_receive_drop_total[1m]) + rate(node_network_transmit_drop_total[1m])) by (instance)": 0, "network_drops": 0, "kubernetes_prometheus_rules": "kubernetes_prometheus_rules", "add_security_context": "NoTreatment", "delay_treatment": "NoTreatment"}, {"instance": "kube-prometheus-prometheus-node-exporter.oxn-external-monitoring.svc:9100", "timestamp": 1737551313.674, "sum(rate(node_network_receive_drop_total[1m]) + rate(node_network_transmit_drop_total[1m])) by (instance)": 0, "network_drops": 0, "kubernetes_prometheus_rules": "kubernetes_prometheus_rules", "add_security_context": "NoTreatment", "delay_treatment": "NoTreatment"}, {"instance": "kube-prometheus-prometheus-node-exporter.oxn-external-monitoring.svc:9100", "timestamp": 1737551314.674, "sum(rate(node_network_receive_drop_total[1m]) + rate(node_network_transmit_drop_total[1m])) by (instance)": 0, "network_drops": 0, "kubernetes_prometheus_rules": "kubernetes_prometheus_rules", "add_security_context": "NoTreatment", "delay_treatment": "NoTreatment"}, {"instance": "kube-prometheus-prometheus-node-exporter.oxn-external-monitoring.svc:9100", "timestamp": 1737551315.674, "sum(rate(node_network_receive_drop_total[1m]) + rate(node_network_transmit_drop_total[1m])) by (instance)": 0, "network_drops": 0, "kubernetes_prometheus_rules": "kubernetes_prometheus_rules", "add_security_context": "add_security_context", "delay_treatment": "NoTreatment"}, {"instance": "kube-prometheus-prometheus-node-exporter.oxn-external-monitoring.svc:9100", "timestamp": 1737551316.674, "sum(rate(node_network_receive_drop_total[1m]) + rate(node_network_transmit_drop_total[1m])) by (instance)": 0, "network_drops": 0, "kubernetes_prometheus_rules": "kubernetes_prometheus_rules", "add_security_context": "add_security_context", "delay_treatment": "delay_treatment"}, {"instance": "kube-prometheus-prometheus-node-exporter.oxn-external-monitoring.svc:9100", "timestamp": 1737551317.674, "sum(rate(node_network_receive_drop_total[1m]) + rate(node_network_transmit_drop_total[1m])) by (instance)": 0, "network_drops": 0, "kubernetes_prometheus_rules": "kubernetes_prometheus_rules", "add_security_context": "add_security_context", "delay_treatment": "delay_treatment"}, {"instance": "kube-prometheus-prometheus-node-exporter.oxn-external-monitoring.svc:9100", "timestamp": 1737551318.674, "sum(rate(node_network_receive_drop_total[1m]) + rate(node_network_transmit_drop_total[1m])) by (instance)": 0, "network_drops": 0, "kubernetes_prometheus_rules": "kubernetes_prometheus_rules", "add_security_context": "add_security_context", "delay_treatment": "delay_treatment"}, {"instance": "kube-prometheus-prometheus-node-exporter.oxn-external-monitoring.svc:9100", "timestamp": 1737551319.674, "sum(rate(node_network_receive_drop_total[1m]) + rate(node_network_transmit_drop_total[1m])) by (instance)": 0, "network_drops": 0, "kubernetes_prometheus_rules": "kubernetes_prometheus_rules", "add_security_context": "add_security_context", "delay_treatment": "delay_treatment"}, {"instance": "kube-prometheus-prometheus-node-exporter.oxn-external-monitoring.svc:9100", "timestamp": 1737551320.674, "sum(rate(node_network_receive_drop_total[1m]) + rate(node_network_transmit_drop_total[1m])) by (instance)": 0, "network_drops": 0, "kubernetes_prometheus_rules": "kubernetes_prometheus_rules", "add_security_context": "add_security_context", "delay_treatment": "delay_treatment"}, {"instance": "kube-prometheus-prometheus-node-exporter.oxn-external-monitoring.svc:9100", "timestamp": 1737551321.674, "sum(rate(node_network_receive_drop_total[1m]) + rate(node_network_transmit_drop_total[1m])) by (instance)": 0, "network_drops": 0, "kubernetes_prometheus_rules": "kubernetes_prometheus_rules", "add_security_context": "add_security_context", "delay_treatment": "delay_treatment"}, {"instance": "kube-prometheus-prometheus-node-exporter.oxn-external-monitoring.svc:9100", "timestamp": 1737551322.674, "sum(rate(node_network_receive_drop_total[1m]) + rate(node_network_transmit_drop_total[1m])) by (instance)": 0, "network_drops": 0, "kubernetes_prometheus_rules": "kubernetes_prometheus_rules", "add_security_context": "add_security_context", "delay_treatment": "delay_treatment"}, {"instance": "kube-prometheus-prometheus-node-exporter.oxn-external-monitoring.svc:9100", "timestamp": 1737551323.674, "sum(rate(node_network_receive_drop_total[1m]) + rate(node_network_transmit_drop_total[1m])) by (instance)": 0, "network_drops": 0, "kubernetes_prometheus_rules": "kubernetes_prometheus_rules", "add_security_context": "add_security_context", "delay_treatment": "delay_treatment"}, {"instance": "kube-prometheus-prometheus-node-exporter.oxn-external-monitoring.svc:9100", "timestamp": 1737551324.674, "sum(rate(node_network_receive_drop_total[1m]) + rate(node_network_transmit_drop_total[1m])) by (instance)": 0, "network_drops": 0, "kubernetes_prometheus_rules": "kubernetes_prometheus_rules", "add_security_context": "add_security_context", "delay_treatment": "delay_treatment"}, {"instance": "kube-prometheus-prometheus-node-exporter.oxn-external-monitoring.svc:9100", "timestamp": 1737551325.674, "sum(rate(node_network_receive_drop_total[1m]) + rate(node_network_transmit_drop_total[1m])) by (instance)": 0, "network_drops": 0, "kubernetes_prometheus_rules": "kubernetes_prometheus_rules", "add_security_context": "add_security_context", "delay_treatment": "delay_treatment"}, {"instance": "kube-prometheus-prometheus-node-exporter.oxn-external-monitoring.svc:9100", "timestamp": 1737551326.674, "sum(rate(node_network_receive_drop_total[1m]) + rate(node_network_transmit_drop_total[1m])) by (instance)": 0, "network_drops": 0, "kubernetes_prometheus_rules": "kubernetes_prometheus_rules", "add_security_context": "add_security_context", "delay_treatment": "delay_treatment"}, {"instance": "kube-prometheus-prometheus-node-exporter.oxn-external-monitoring.svc:9100", "timestamp": 1737551327.674, "sum(rate(node_network_receive_drop_total[1m]) + rate(node_network_transmit_drop_total[1m])) by (instance)": 0, "network_drops": 0, "kubernetes_prometheus_rules": "kubernetes_prometheus_rules", "add_security_context": "add_security_context", "delay_treatment": "delay_treatment"}, {"instance": "kube-prometheus-prometheus-node-exporter.oxn-external-monitoring.svc:9100", "timestamp": 1737551328.674, "sum(rate(node_network_receive_drop_total[1m]) + rate(node_network_transmit_drop_total[1m])) by (instance)": 0, "network_drops": 0, "kubernetes_prometheus_rules": "kubernetes_prometheus_rules", "add_security_context": "add_security_context", "delay_treatment": "delay_treatment"}, {"instance": "kube-prometheus-prometheus-node-exporter.oxn-external-monitoring.svc:9100", "timestamp": 1737551329.674, "sum(rate(node_network_receive_drop_total[1m]) + rate(node_network_transmit_drop_total[1m])) by (instance)": 0, "network_drops": 0, "kubernetes_prometheus_rules": "kubernetes_prometheus_rules", "add_security_context": "add_security_context", "delay_treatment": "delay_treatment"}, {"instance": "kube-prometheus-prometheus-node-exporter.oxn-external-monitoring.svc:9100", "timestamp": 1737551330.674, "sum(rate(node_network_receive_drop_total[1m]) + rate(node_network_transmit_drop_total[1m])) by (instance)": 0, "network_drops": 0, "kubernetes_prometheus_rules": "kubernetes_prometheus_rules", "add_security_context": "add_security_context", "delay_treatment": "delay_treatment"}, {"instance": "kube-prometheus-prometheus-node-exporter.oxn-external-monitoring.svc:9100", "timestamp": 1737551331.674, "sum(rate(node_network_receive_drop_total[1m]) + rate(node_network_transmit_drop_total[1m])) by (instance)": 0, "network_drops": 0, "kubernetes_prometheus_rules": "kubernetes_prometheus_rules", "add_security_context": "add_security_context", "delay_treatment": "delay_treatment"}, {"instance": "kube-prometheus-prometheus-node-exporter.oxn-external-monitoring.svc:9100", "timestamp": 1737551332.674, "sum(rate(node_network_receive_drop_total[1m]) + rate(node_network_transmit_drop_total[1m])) by (instance)": 0, "network_drops": 0, "kubernetes_prometheus_rules": "kubernetes_prometheus_rules", "add_security_context": "add_security_context", "delay_treatment": "delay_treatment"}, {"instance": "kube-prometheus-prometheus-node-exporter.oxn-external-monitoring.svc:9100", "timestamp": 1737551333.674, "sum(rate(node_network_receive_drop_total[1m]) + rate(node_network_transmit_drop_total[1m])) by (instance)": 0, "network_drops": 0, "kubernetes_prometheus_rules": "kubernetes_prometheus_rules", "add_security_context": "add_security_context", "delay_treatment": "delay_treatment"}, {"instance": "kube-prometheus-prometheus-node-exporter.oxn-external-monitoring.svc:9100", "timestamp": 1737551334.674, "sum(rate(node_network_receive_drop_total[1m]) + rate(node_network_transmit_drop_total[1m])) by (instance)": 0, "network_drops": 0, "kubernetes_prometheus_rules": "kubernetes_prometheus_rules", "add_security_context": "add_security_context", "delay_treatment": "delay_treatment"}, {"instance": "kube-prometheus-prometheus-node-exporter.oxn-external-monitoring.svc:9100", "timestamp": 1737551335.674, "sum(rate(node_network_receive_drop_total[1m]) + rate(node_network_transmit_drop_total[1m])) by (instance)": 0, "network_drops": 0, "kubernetes_prometheus_rules": "kubernetes_prometheus_rules", "add_security_context": "add_security_context", "delay_treatment": "delay_treatment"}, {"instance": "kube-prometheus-prometheus-node-exporter.oxn-external-monitoring.svc:9100", "timestamp": 1737551336.674, "sum(rate(node_network_receive_drop_total[1m]) + rate(node_network_transmit_drop_total[1m])) by (instance)": 0, "network_drops": 0, "kubernetes_prometheus_rules": "kubernetes_prometheus_rules", "add_security_context": "add_security_context", "delay_treatment": "delay_treatment"}, {"instance": "kube-prometheus-prometheus-node-exporter.oxn-external-monitoring.svc:9100", "timestamp": 1737551337.674, "sum(rate(node_network_receive_drop_total[1m]) + rate(node_network_transmit_drop_total[1m])) by (instance)": 0, "network_drops": 0, "kubernetes_prometheus_rules": "kubernetes_prometheus_rules", "add_security_context": "add_security_context", "delay_treatment": "delay_treatment"}, {"instance": "kube-prometheus-prometheus-node-exporter.oxn-external-monitoring.svc:9100", "timestamp": 1737551338.674, "sum(rate(node_network_receive_drop_total[1m]) + rate(node_network_transmit_drop_total[1m])) by (instance)": 0, "network_drops": 0, "kubernetes_prometheus_rules": "kubernetes_prometheus_rules", "add_security_context": "add_security_context", "delay_treatment": "delay_treatment"}, {"instance": "kube-prometheus-prometheus-node-exporter.oxn-external-monitoring.svc:9100", "timestamp": 1737551339.674, "sum(rate(node_network_receive_drop_total[1m]) + rate(node_network_transmit_drop_total[1m])) by (instance)": 0, "network_drops": 0, "kubernetes_prometheus_rules": "kubernetes_prometheus_rules", "add_security_context": "add_security_context", "delay_treatment": "delay_treatment"}, {"instance": "kube-prometheus-prometheus-node-exporter.oxn-external-monitoring.svc:9100", "timestamp": 1737551340.674, "sum(rate(node_network_receive_drop_total[1m]) + rate(node_network_transmit_drop_total[1m])) by (instance)": 0, "network_drops": 0, "kubernetes_prometheus_rules": "kubernetes_prometheus_rules", "add_security_context": "add_security_context", "delay_treatment": "delay_treatment"}, {"instance": "kube-prometheus-prometheus-node-exporter.oxn-external-monitoring.svc:9100", "timestamp": 1737551341.674, "sum(rate(node_network_receive_drop_total[1m]) + rate(node_network_transmit_drop_total[1m])) by (instance)": 0, "network_drops": 0, "kubernetes_prometheus_rules": "kubernetes_prometheus_rules", "add_security_context": "add_security_context", "delay_treatment": "delay_treatment"}, {"instance": "kube-prometheus-prometheus-node-exporter.oxn-external-monitoring.svc:9100", "timestamp": 1737551342.674, "sum(rate(node_network_receive_drop_total[1m]) + rate(node_network_transmit_drop_total[1m])) by (instance)": 0, "network_drops": 0, "kubernetes_prometheus_rules": "kubernetes_prometheus_rules", "add_security_context": "add_security_context", "delay_treatment": "delay_treatment"}, {"instance": "kube-prometheus-prometheus-node-exporter.oxn-external-monitoring.svc:9100", "timestamp": 1737551343.674, "sum(rate(node_network_receive_drop_total[1m]) + rate(node_network_transmit_drop_total[1m])) by (instance)": 0, "network_drops": 0, "kubernetes_prometheus_rules": "kubernetes_prometheus_rules", "add_security_context": "add_security_context", "delay_treatment": "delay_treatment"}, {"instance": "kube-prometheus-prometheus-node-exporter.oxn-external-monitoring.svc:9100", "timestamp": 1737551344.674, "sum(rate(node_network_receive_drop_total[1m]) + rate(node_network_transmit_drop_total[1m])) by (instance)": 0, "network_drops": 0, "kubernetes_prometheus_rules": "kubernetes_prometheus_rules", "add_security_context": "add_security_context", "delay_treatment": "delay_treatment"}, {"instance": "kube-prometheus-prometheus-node-exporter.oxn-external-monitoring.svc:9100", "timestamp": 1737551345.674, "sum(rate(node_network_receive_drop_total[1m]) + rate(node_network_transmit_drop_total[1m])) by (instance)": 0, "network_drops": 0, "kubernetes_prometheus_rules": "kubernetes_prometheus_rules", "add_security_context": "add_security_context", "delay_treatment": "delay_treatment"}, {"instance": "kube-prometheus-prometheus-node-exporter.oxn-external-monitoring.svc:9100", "timestamp": 1737551346.674, "sum(rate(node_network_receive_drop_total[1m]) + rate(node_network_transmit_drop_total[1m])) by (instance)": 0, "network_drops": 0, "kubernetes_prometheus_rules": "kubernetes_prometheus_rules", "add_security_context": "add_security_context", "delay_treatment": "delay_treatment"}, {"instance": "kube-prometheus-prometheus-node-exporter.oxn-external-monitoring.svc:9100", "timestamp": 1737551347.674, "sum(rate(node_network_receive_drop_total[1m]) + rate(node_network_transmit_drop_total[1m])) by (instance)": 0, "network_drops": 0, "kubernetes_prometheus_rules": "kubernetes_prometheus_rules", "add_security_context": "add_security_context", "delay_treatment": "delay_treatment"}, {"instance": "kube-prometheus-prometheus-node-exporter.oxn-external-monitoring.svc:9100", "timestamp": 1737551348.674, "sum(rate(node_network_receive_drop_total[1m]) + rate(node_network_transmit_drop_total[1m])) by (instance)": 0, "network_drops": 0, "kubernetes_prometheus_rules": "kubernetes_prometheus_rules", "add_security_context": "add_security_context", "delay_treatment": "delay_treatment"}, {"instance": "kube-prometheus-prometheus-node-exporter.oxn-external-monitoring.svc:9100", "timestamp": 1737551349.674, "sum(rate(node_network_receive_drop_total[1m]) + rate(node_network_transmit_drop_total[1m])) by (instance)": 0, "network_drops": 0, "kubernetes_prometheus_rules": "kubernetes_prometheus_rules", "add_security_context": "add_security_context", "delay_treatment": "delay_treatment"}, {"instance": "kube-prometheus-prometheus-node-exporter.oxn-external-monitoring.svc:9100", "timestamp": 1737551350.674, "sum(rate(node_network_receive_drop_total[1m]) + rate(node_network_transmit_drop_total[1m])) by (instance)": 0, "network_drops": 0, "kubernetes_prometheus_rules": "kubernetes_prometheus_rules", "add_security_context": "add_security_context", "delay_treatment": "delay_treatment"}, {"instance": "kube-prometheus-prometheus-node-exporter.oxn-external-monitoring.svc:9100", "timestamp": 1737551351.674, "sum(rate(node_network_receive_drop_total[1m]) + rate(node_network_transmit_drop_total[1m])) by (instance)": 0, "network_drops": 0, "kubernetes_prometheus_rules": "kubernetes_prometheus_rules", "add_security_context": "add_security_context", "delay_treatment": "delay_treatment"}, {"instance": "kube-prometheus-prometheus-node-exporter.oxn-external-monitoring.svc:9100", "timestamp": 1737551352.674, "sum(rate(node_network_receive_drop_total[1m]) + rate(node_network_transmit_drop_total[1m])) by (instance)": 0, "network_drops": 0, "kubernetes_prometheus_rules": "kubernetes_prometheus_rules", "add_security_context": "add_security_context", "delay_treatment": "delay_treatment"}, {"instance": "kube-prometheus-prometheus-node-exporter.oxn-external-monitoring.svc:9100", "timestamp": 1737551353.674, "sum(rate(node_network_receive_drop_total[1m]) + rate(node_network_transmit_drop_total[1m])) by (instance)": 0, "network_drops": 0, "kubernetes_prometheus_rules": "kubernetes_prometheus_rules", "add_security_context": "add_security_context", "delay_treatment": "delay_treatment"}, {"instance": "kube-prometheus-prometheus-node-exporter.oxn-external-monitoring.svc:9100", "timestamp": 1737551354.674, "sum(rate(node_network_receive_drop_total[1m]) + rate(node_network_transmit_drop_total[1m])) by (instance)": 0, "network_drops": 0, "kubernetes_prometheus_rules": "kubernetes_prometheus_rules", "add_security_context": "add_security_context", "delay_treatment": "delay_treatment"}, {"instance": "kube-prometheus-prometheus-node-exporter.oxn-external-monitoring.svc:9100", "timestamp": 1737551355.674, "sum(rate(node_network_receive_drop_total[1m]) + rate(node_network_transmit_drop_total[1m])) by (instance)": 0, "network_drops": 0, "kubernetes_prometheus_rules": "kubernetes_prometheus_rules", "add_security_context": "add_security_context", "delay_treatment": "delay_treatment"}, {"instance": "kube-prometheus-prometheus-node-exporter.oxn-external-monitoring.svc:9100", "timestamp": 1737551356.674, "sum(rate(node_network_receive_drop_total[1m]) + rate(node_network_transmit_drop_total[1m])) by (instance)": 0, "network_drops": 0, "kubernetes_prometheus_rules": "kubernetes_prometheus_rules", "add_security_context": "add_security_context", "delay_treatment": "delay_treatment"}, {"instance": "kube-prometheus-prometheus-node-exporter.oxn-external-monitoring.svc:9100", "timestamp": 1737551357.674, "sum(rate(node_network_receive_drop_total[1m]) + rate(node_network_transmit_drop_total[1m])) by (instance)": 0, "network_drops": 0, "kubernetes_prometheus_rules": "kubernetes_prometheus_rules", "add_security_context": "add_security_context", "delay_treatment": "delay_treatment"}, {"instance": "kube-prometheus-prometheus-node-exporter.oxn-external-monitoring.svc:9100", "timestamp": 1737551358.674, "sum(rate(node_network_receive_drop_total[1m]) + rate(node_network_transmit_drop_total[1m])) by (instance)": 0, "network_drops": 0, "kubernetes_prometheus_rules": "kubernetes_prometheus_rules", "add_security_context": "add_security_context", "delay_treatment": "delay_treatment"}, {"instance": "kube-prometheus-prometheus-node-exporter.oxn-external-monitoring.svc:9100", "timestamp": 1737551359.674, "sum(rate(node_network_receive_drop_total[1m]) + rate(node_network_transmit_drop_total[1m])) by (instance)": 0, "network_drops": 0, "kubernetes_prometheus_rules": "kubernetes_prometheus_rules", "add_security_context": "add_security_context", "delay_treatment": "delay_treatment"}, {"instance": "kube-prometheus-prometheus-node-exporter.oxn-external-monitoring.svc:9100", "timestamp": 1737551360.674, "sum(rate(node_network_receive_drop_total[1m]) + rate(node_network_transmit_drop_total[1m])) by (instance)": 0, "network_drops": 0, "kubernetes_prometheus_rules": "kubernetes_prometheus_rules", "add_security_context": "add_security_context", "delay_treatment": "delay_treatment"}, {"instance": "kube-prometheus-prometheus-node-exporter.oxn-external-monitoring.svc:9100", "timestamp": 1737551361.674, "sum(rate(node_network_receive_drop_total[1m]) + rate(node_network_transmit_drop_total[1m])) by (instance)": 0, "network_drops": 0, "kubernetes_prometheus_rules": "kubernetes_prometheus_rules", "add_security_context": "add_security_context", "delay_treatment": "delay_treatment"}, {"instance": "kube-prometheus-prometheus-node-exporter.oxn-external-monitoring.svc:9100", "timestamp": 1737551362.674, "sum(rate(node_network_receive_drop_total[1m]) + rate(node_network_transmit_drop_total[1m])) by (instance)": 0, "network_drops": 0, "kubernetes_prometheus_rules": "kubernetes_prometheus_rules", "add_security_context": "add_security_context", "delay_treatment": "delay_treatment"}, {"instance": "kube-prometheus-prometheus-node-exporter.oxn-external-monitoring.svc:9100", "timestamp": 1737551363.674, "sum(rate(node_network_receive_drop_total[1m]) + rate(node_network_transmit_drop_total[1m])) by (instance)": 0, "network_drops": 0, "kubernetes_prometheus_rules": "kubernetes_prometheus_rules", "add_security_context": "add_security_context", "delay_treatment": "delay_treatment"}, {"instance": "kube-prometheus-prometheus-node-exporter.oxn-external-monitoring.svc:9100", "timestamp": 1737551364.674, "sum(rate(node_network_receive_drop_total[1m]) + rate(node_network_transmit_drop_total[1m])) by (instance)": 0, "network_drops": 0, "kubernetes_prometheus_rules": "kubernetes_prometheus_rules", "add_security_context": "add_security_context", "delay_treatment": "delay_treatment"}, {"instance": "kube-prometheus-prometheus-node-exporter.oxn-external-monitoring.svc:9100", "timestamp": 1737551365.674, "sum(rate(node_network_receive_drop_total[1m]) + rate(node_network_transmit_drop_total[1m])) by (instance)": 0, "network_drops": 0, "kubernetes_prometheus_rules": "kubernetes_prometheus_rules", "add_security_context": "add_security_context", "delay_treatment": "delay_treatment"}, {"instance": "kube-prometheus-prometheus-node-exporter.oxn-external-monitoring.svc:9100", "timestamp": 1737551366.674, "sum(rate(node_network_receive_drop_total[1m]) + rate(node_network_transmit_drop_total[1m])) by (instance)": 0, "network_drops": 0, "kubernetes_prometheus_rules": "kubernetes_prometheus_rules", "add_security_context": "add_security_context", "delay_treatment": "delay_treatment"}, {"instance": "kube-prometheus-prometheus-node-exporter.oxn-external-monitoring.svc:9100", "timestamp": 1737551367.674, "sum(rate(node_network_receive_drop_total[1m]) + rate(node_network_transmit_drop_total[1m])) by (instance)": 0, "network_drops": 0, "kubernetes_prometheus_rules": "kubernetes_prometheus_rules", "add_security_context": "add_security_context", "delay_treatment": "delay_treatment"}, {"instance": "kube-prometheus-prometheus-node-exporter.oxn-external-monitoring.svc:9100", "timestamp": 1737551368.674, "sum(rate(node_network_receive_drop_total[1m]) + rate(node_network_transmit_drop_total[1m])) by (instance)": 0, "network_drops": 0, "kubernetes_prometheus_rules": "kubernetes_prometheus_rules", "add_security_context": "add_security_context", "delay_treatment": "delay_treatment"}, {"instance": "kube-prometheus-prometheus-node-exporter.oxn-external-monitoring.svc:9100", "timestamp": 1737551369.674, "sum(rate(node_network_receive_drop_total[1m]) + rate(node_network_transmit_drop_total[1m])) by (instance)": 0, "network_drops": 0, "kubernetes_prometheus_rules": "kubernetes_prometheus_rules", "add_security_context": "add_security_context", "delay_treatment": "delay_treatment"}, {"instance": "kube-prometheus-prometheus-node-exporter.oxn-external-monitoring.svc:9100", "timestamp": 1737551370.674, "sum(rate(node_network_receive_drop_total[1m]) + rate(node_network_transmit_drop_total[1m])) by (instance)": 0, "network_drops": 0, "kubernetes_prometheus_rules": "kubernetes_prometheus_rules", "add_security_context": "add_security_context", "delay_treatment": "delay_treatment"}, {"instance": "kube-prometheus-prometheus-node-exporter.oxn-external-monitoring.svc:9100", "timestamp": 1737551371.674, "sum(rate(node_network_receive_drop_total[1m]) + rate(node_network_transmit_drop_total[1m])) by (instance)": 0, "network_drops": 0, "kubernetes_prometheus_rules": "kubernetes_prometheus_rules", "add_security_context": "add_security_context", "delay_treatment": "delay_treatment"}, {"instance": "kube-prometheus-prometheus-node-exporter.oxn-external-monitoring.svc:9100", "timestamp": 1737551372.674, "sum(rate(node_network_receive_drop_total[1m]) + rate(node_network_transmit_drop_total[1m])) by (instance)": 0, "network_drops": 0, "kubernetes_prometheus_rules": "kubernetes_prometheus_rules", "add_security_context": "add_security_context", "delay_treatment": "delay_treatment"}, {"instance": "kube-prometheus-prometheus-node-exporter.oxn-external-monitoring.svc:9100", "timestamp": 1737551373.674, "sum(rate(node_network_receive_drop_total[1m]) + rate(node_network_transmit_drop_total[1m])) by (instance)": 0, "network_drops": 0, "kubernetes_prometheus_rules": "kubernetes_prometheus_rules", "add_security_context": "add_security_context", "delay_treatment": "delay_treatment"}, {"instance": "kube-prometheus-prometheus-node-exporter.oxn-external-monitoring.svc:9100", "timestamp": 1737551374.674, "sum(rate(node_network_receive_drop_total[1m]) + rate(node_network_transmit_drop_total[1m])) by (instance)": 0, "network_drops": 0, "kubernetes_prometheus_rules": "kubernetes_prometheus_rules", "add_security_context": "add_security_context", "delay_treatment": "delay_treatment"}, {"instance": "kube-prometheus-prometheus-node-exporter.oxn-external-monitoring.svc:9100", "timestamp": 1737551375.674, "sum(rate(node_network_receive_drop_total[1m]) + rate(node_network_transmit_drop_total[1m])) by (instance)": 0, "network_drops": 0, "kubernetes_prometheus_rules": "kubernetes_prometheus_rules", "add_security_context": "add_security_context", "delay_treatment": "delay_treatment"}, {"instance": "kube-prometheus-prometheus-node-exporter.oxn-external-monitoring.svc:9100", "timestamp": 1737551376.674, "sum(rate(node_network_receive_drop_total[1m]) + rate(node_network_transmit_drop_total[1m])) by (instance)": 0, "network_drops": 0, "kubernetes_prometheus_rules": "kubernetes_prometheus_rules", "add_security_context": "add_security_context", "delay_treatment": "delay_treatment"}, {"instance": "kube-prometheus-prometheus-node-exporter.oxn-external-monitoring.svc:9100", "timestamp": 1737551377.674, "sum(rate(node_network_receive_drop_total[1m]) + rate(node_network_transmit_drop_total[1m])) by (instance)": 0, "network_drops": 0, "kubernetes_prometheus_rules": "kubernetes_prometheus_rules", "add_security_context": "add_security_context", "delay_treatment": "delay_treatment"}, {"instance": "kube-prometheus-prometheus-node-exporter.oxn-external-monitoring.svc:9100", "timestamp": 1737551378.674, "sum(rate(node_network_receive_drop_total[1m]) + rate(node_network_transmit_drop_total[1m])) by (instance)": 0, "network_drops": 0, "kubernetes_prometheus_rules": "kubernetes_prometheus_rules", "add_security_context": "add_security_context", "delay_treatment": "delay_treatment"}, {"instance": "kube-prometheus-prometheus-node-exporter.oxn-external-monitoring.svc:9100", "timestamp": 1737551379.674, "sum(rate(node_network_receive_drop_total[1m]) + rate(node_network_transmit_drop_total[1m])) by (instance)": 0, "network_drops": 0, "kubernetes_prometheus_rules": "kubernetes_prometheus_rules", "add_security_context": "add_security_context", "delay_treatment": "delay_treatment"}, {"instance": "kube-prometheus-prometheus-node-exporter.oxn-external-monitoring.svc:9100", "timestamp": 1737551380.674, "sum(rate(node_network_receive_drop_total[1m]) + rate(node_network_transmit_drop_total[1m])) by (instance)": 0, "network_drops": 0, "kubernetes_prometheus_rules": "kubernetes_prometheus_rules", "add_security_context": "add_security_context", "delay_treatment": "delay_treatment"}, {"instance": "kube-prometheus-prometheus-node-exporter.oxn-external-monitoring.svc:9100", "timestamp": 1737551381.674, "sum(rate(node_network_receive_drop_total[1m]) + rate(node_network_transmit_drop_total[1m])) by (instance)": 0, "network_drops": 0, "kubernetes_prometheus_rules": "kubernetes_prometheus_rules", "add_security_context": "add_security_context", "delay_treatment": "delay_treatment"}, {"instance": "kube-prometheus-prometheus-node-exporter.oxn-external-monitoring.svc:9100", "timestamp": 1737551382.674, "sum(rate(node_network_receive_drop_total[1m]) + rate(node_network_transmit_drop_total[1m])) by (instance)": 0, "network_drops": 0, "kubernetes_prometheus_rules": "kubernetes_prometheus_rules", "add_security_context": "add_security_context", "delay_treatment": "delay_treatment"}, {"instance": "kube-prometheus-prometheus-node-exporter.oxn-external-monitoring.svc:9100", "timestamp": 1737551383.674, "sum(rate(node_network_receive_drop_total[1m]) + rate(node_network_transmit_drop_total[1m])) by (instance)": 0, "network_drops": 0, "kubernetes_prometheus_rules": "kubernetes_prometheus_rules", "add_security_context": "add_security_context", "delay_treatment": "delay_treatment"}, {"instance": "kube-prometheus-prometheus-node-exporter.oxn-external-monitoring.svc:9100", "timestamp": 1737551384.674, "sum(rate(node_network_receive_drop_total[1m]) + rate(node_network_transmit_drop_total[1m])) by (instance)": 0, "network_drops": 0, "kubernetes_prometheus_rules": "kubernetes_prometheus_rules", "add_security_context": "add_security_context", "delay_treatment": "delay_treatment"}, {"instance": "kube-prometheus-prometheus-node-exporter.oxn-external-monitoring.svc:9100", "timestamp": 1737551385.674, "sum(rate(node_network_receive_drop_total[1m]) + rate(node_network_transmit_drop_total[1m])) by (instance)": 0, "network_drops": 0, "kubernetes_prometheus_rules": "kubernetes_prometheus_rules", "add_security_context": "add_security_context", "delay_treatment": "delay_treatment"}, {"instance": "kube-prometheus-prometheus-node-exporter.oxn-external-monitoring.svc:9100", "timestamp": 1737551386.674, "sum(rate(node_network_receive_drop_total[1m]) + rate(node_network_transmit_drop_total[1m])) by (instance)": 0, "network_drops": 0, "kubernetes_prometheus_rules": "kubernetes_prometheus_rules", "add_security_context": "add_security_context", "delay_treatment": "delay_treatment"}, {"instance": "kube-prometheus-prometheus-node-exporter.oxn-external-monitoring.svc:9100", "timestamp": 1737551387.674, "sum(rate(node_network_receive_drop_total[1m]) + rate(node_network_transmit_drop_total[1m])) by (instance)": 0, "network_drops": 0, "kubernetes_prometheus_rules": "kubernetes_prometheus_rules", "add_security_context": "add_security_context", "delay_treatment": "delay_treatment"}, {"instance": "kube-prometheus-prometheus-node-exporter.oxn-external-monitoring.svc:9100", "timestamp": 1737551388.674, "sum(rate(node_network_receive_drop_total[1m]) + rate(node_network_transmit_drop_total[1m])) by (instance)": 0, "network_drops": 0, "kubernetes_prometheus_rules": "kubernetes_prometheus_rules", "add_security_context": "add_security_context", "delay_treatment": "delay_treatment"}, {"instance": "kube-prometheus-prometheus-node-exporter.oxn-external-monitoring.svc:9100", "timestamp": 1737551389.674, "sum(rate(node_network_receive_drop_total[1m]) + rate(node_network_transmit_drop_total[1m])) by (instance)": 0, "network_drops": 0, "kubernetes_prometheus_rules": "kubernetes_prometheus_rules", "add_security_context": "add_security_context", "delay_treatment": "delay_treatment"}, {"instance": "kube-prometheus-prometheus-node-exporter.oxn-external-monitoring.svc:9100", "timestamp": 1737551390.674, "sum(rate(node_network_receive_drop_total[1m]) + rate(node_network_transmit_drop_total[1m])) by (instance)": 0, "network_drops": 0, "kubernetes_prometheus_rules": "kubernetes_prometheus_rules", "add_security_context": "add_security_context", "delay_treatment": "delay_treatment"}, {"instance": "kube-prometheus-prometheus-node-exporter.oxn-external-monitoring.svc:9100", "timestamp": 1737551391.674, "sum(rate(node_network_receive_drop_total[1m]) + rate(node_network_transmit_drop_total[1m])) by (instance)": 0, "network_drops": 0, "kubernetes_prometheus_rules": "kubernetes_prometheus_rules", "add_security_context": "add_security_context", "delay_treatment": "delay_treatment"}, {"instance": "kube-prometheus-prometheus-node-exporter.oxn-external-monitoring.svc:9100", "timestamp": 1737551392.674, "sum(rate(node_network_receive_drop_total[1m]) + rate(node_network_transmit_drop_total[1m])) by (instance)": 0, "network_drops": 0, "kubernetes_prometheus_rules": "kubernetes_prometheus_rules", "add_security_context": "add_security_context", "delay_treatment": "delay_treatment"}, {"instance": "kube-prometheus-prometheus-node-exporter.oxn-external-monitoring.svc:9100", "timestamp": 1737551393.674, "sum(rate(node_network_receive_drop_total[1m]) + rate(node_network_transmit_drop_total[1m])) by (instance)": 0, "network_drops": 0, "kubernetes_prometheus_rules": "kubernetes_prometheus_rules", "add_security_context": "add_security_context", "delay_treatment": "delay_treatment"}, {"instance": "kube-prometheus-prometheus-node-exporter.oxn-external-monitoring.svc:9100", "timestamp": 1737551394.674, "sum(rate(node_network_receive_drop_total[1m]) + rate(node_network_transmit_drop_total[1m])) by (instance)": 0, "network_drops": 0, "kubernetes_prometheus_rules": "kubernetes_prometheus_rules", "add_security_context": "add_security_context", "delay_treatment": "delay_treatment"}, {"instance": "kube-prometheus-prometheus-node-exporter.oxn-external-monitoring.svc:9100", "timestamp": 1737551395.674, "sum(rate(node_network_receive_drop_total[1m]) + rate(node_network_transmit_drop_total[1m])) by (instance)": 0, "network_drops": 0, "kubernetes_prometheus_rules": "kubernetes_prometheus_rules", "add_security_context": "add_security_context", "delay_treatment": "delay_treatment"}, {"instance": "kube-prometheus-prometheus-node-exporter.oxn-external-monitoring.svc:9100", "timestamp": 1737551396.674, "sum(rate(node_network_receive_drop_total[1m]) + rate(node_network_transmit_drop_total[1m])) by (instance)": 0, "network_drops": 0, "kubernetes_prometheus_rules": "kubernetes_prometheus_rules", "add_security_context": "add_security_context", "delay_treatment": "delay_treatment"}, {"instance": "kube-prometheus-prometheus-node-exporter.oxn-external-monitoring.svc:9100", "timestamp": 1737551397.674, "sum(rate(node_network_receive_drop_total[1m]) + rate(node_network_transmit_drop_total[1m])) by (instance)": 0, "network_drops": 0, "kubernetes_prometheus_rules": "kubernetes_prometheus_rules", "add_security_context": "add_security_context", "delay_treatment": "delay_treatment"}, {"instance": "kube-prometheus-prometheus-node-exporter.oxn-external-monitoring.svc:9100", "timestamp": 1737551398.674, "sum(rate(node_network_receive_drop_total[1m]) + rate(node_network_transmit_drop_total[1m])) by (instance)": 0, "network_drops": 0, "kubernetes_prometheus_rules": "kubernetes_prometheus_rules", "add_security_context": "add_security_context", "delay_treatment": "delay_treatment"}, {"instance": "kube-prometheus-prometheus-node-exporter.oxn-external-monitoring.svc:9100", "timestamp": 1737551399.674, "sum(rate(node_network_receive_drop_total[1m]) + rate(node_network_transmit_drop_total[1m])) by (instance)": 0, "network_drops": 0, "kubernetes_prometheus_rules": "kubernetes_prometheus_rules", "add_security_context": "add_security_context", "delay_treatment": "delay_treatment"}, {"instance": "kube-prometheus-prometheus-node-exporter.oxn-external-monitoring.svc:9100", "timestamp": 1737551400.674, "sum(rate(node_network_receive_drop_total[1m]) + rate(node_network_transmit_drop_total[1m])) by (instance)": 0, "network_drops": 0, "kubernetes_prometheus_rules": "kubernetes_prometheus_rules", "add_security_context": "add_security_context", "delay_treatment": "delay_treatment"}, {"instance": "kube-prometheus-prometheus-node-exporter.oxn-external-monitoring.svc:9100", "timestamp": 1737551401.674, "sum(rate(node_network_receive_drop_total[1m]) + rate(node_network_transmit_drop_total[1m])) by (instance)": 0, "network_drops": 0, "kubernetes_prometheus_rules": "kubernetes_prometheus_rules", "add_security_context": "add_security_context", "delay_treatment": "delay_treatment"}, {"instance": "kube-prometheus-prometheus-node-exporter.oxn-external-monitoring.svc:9100", "timestamp": 1737551402.674, "sum(rate(node_network_receive_drop_total[1m]) + rate(node_network_transmit_drop_total[1m])) by (instance)": 0, "network_drops": 0, "kubernetes_prometheus_rules": "kubernetes_prometheus_rules", "add_security_context": "add_security_context", "delay_treatment": "delay_treatment"}, {"instance": "kube-prometheus-prometheus-node-exporter.oxn-external-monitoring.svc:9100", "timestamp": 1737551403.674, "sum(rate(node_network_receive_drop_total[1m]) + rate(node_network_transmit_drop_total[1m])) by (instance)": 0, "network_drops": 0, "kubernetes_prometheus_rules": "kubernetes_prometheus_rules", "add_security_context": "add_security_context", "delay_treatment": "delay_treatment"}, {"instance": "kube-prometheus-prometheus-node-exporter.oxn-external-monitoring.svc:9100", "timestamp": 1737551404.674, "sum(rate(node_network_receive_drop_total[1m]) + rate(node_network_transmit_drop_total[1m])) by (instance)": 0, "network_drops": 0, "kubernetes_prometheus_rules": "kubernetes_prometheus_rules", "add_security_context": "add_security_context", "delay_treatment": "delay_treatment"}, {"instance": "kube-prometheus-prometheus-node-exporter.oxn-external-monitoring.svc:9100", "timestamp": 1737551405.674, "sum(rate(node_network_receive_drop_total[1m]) + rate(node_network_transmit_drop_total[1m])) by (instance)": 0, "network_drops": 0, "kubernetes_prometheus_rules": "kubernetes_prometheus_rules", "add_security_context": "add_security_context", "delay_treatment": "delay_treatment"}, {"instance": "kube-prometheus-prometheus-node-exporter.oxn-external-monitoring.svc:9100", "timestamp": 1737551406.674, "sum(rate(node_network_receive_drop_total[1m]) + rate(node_network_transmit_drop_total[1m])) by (instance)": 0, "network_drops": 0, "kubernetes_prometheus_rules": "kubernetes_prometheus_rules", "add_security_context": "add_security_context", "delay_treatment": "delay_treatment"}, {"instance": "kube-prometheus-prometheus-node-exporter.oxn-external-monitoring.svc:9100", "timestamp": 1737551407.674, "sum(rate(node_network_receive_drop_total[1m]) + rate(node_network_transmit_drop_total[1m])) by (instance)": 0, "network_drops": 0, "kubernetes_prometheus_rules": "kubernetes_prometheus_rules", "add_security_context": "add_security_context", "delay_treatment": "delay_treatment"}, {"instance": "kube-prometheus-prometheus-node-exporter.oxn-external-monitoring.svc:9100", "timestamp": 1737551408.674, "sum(rate(node_network_receive_drop_total[1m]) + rate(node_network_transmit_drop_total[1m])) by (instance)": 0, "network_drops": 0, "kubernetes_prometheus_rules": "kubernetes_prometheus_rules", "add_security_context": "add_security_context", "delay_treatment": "delay_treatment"}, {"instance": "kube-prometheus-prometheus-node-exporter.oxn-external-monitoring.svc:9100", "timestamp": 1737551409.674, "sum(rate(node_network_receive_drop_total[1m]) + rate(node_network_transmit_drop_total[1m])) by (instance)": 0, "network_drops": 0, "kubernetes_prometheus_rules": "kubernetes_prometheus_rules", "add_security_context": "add_security_context", "delay_treatment": "delay_treatment"}, {"instance": "kube-prometheus-prometheus-node-exporter.oxn-external-monitoring.svc:9100", "timestamp": 1737551410.674, "sum(rate(node_network_receive_drop_total[1m]) + rate(node_network_transmit_drop_total[1m])) by (instance)": 0, "network_drops": 0, "kubernetes_prometheus_rules": "kubernetes_prometheus_rules", "add_security_context": "add_security_context", "delay_treatment": "delay_treatment"}, {"instance": "kube-prometheus-prometheus-node-exporter.oxn-external-monitoring.svc:9100", "timestamp": 1737551411.674, "sum(rate(node_network_receive_drop_total[1m]) + rate(node_network_transmit_drop_total[1m])) by (instance)": 0, "network_drops": 0, "kubernetes_prometheus_rules": "kubernetes_prometheus_rules", "add_security_context": "add_security_context", "delay_treatment": "delay_treatment"}, {"instance": "kube-prometheus-prometheus-node-exporter.oxn-external-monitoring.svc:9100", "timestamp": 1737551412.674, "sum(rate(node_network_receive_drop_total[1m]) + rate(node_network_transmit_drop_total[1m])) by (instance)": 0, "network_drops": 0, "kubernetes_prometheus_rules": "kubernetes_prometheus_rules", "add_security_context": "add_security_context", "delay_treatment": "delay_treatment"}, {"instance": "kube-prometheus-prometheus-node-exporter.oxn-external-monitoring.svc:9100", "timestamp": 1737551413.674, "sum(rate(node_network_receive_drop_total[1m]) + rate(node_network_transmit_drop_total[1m])) by (instance)": 0, "network_drops": 0, "kubernetes_prometheus_rules": "kubernetes_prometheus_rules", "add_security_context": "add_security_context", "delay_treatment": "delay_treatment"}, {"instance": "kube-prometheus-prometheus-node-exporter.oxn-external-monitoring.svc:9100", "timestamp": 1737551414.674, "sum(rate(node_network_receive_drop_total[1m]) + rate(node_network_transmit_drop_total[1m])) by (instance)": 0, "network_drops": 0, "kubernetes_prometheus_rules": "kubernetes_prometheus_rules", "add_security_context": "add_security_context", "delay_treatment": "delay_treatment"}, {"instance": "kube-prometheus-prometheus-node-exporter.oxn-external-monitoring.svc:9100", "timestamp": 1737551415.674, "sum(rate(node_network_receive_drop_total[1m]) + rate(node_network_transmit_drop_total[1m])) by (instance)": 0, "network_drops": 0, "kubernetes_prometheus_rules": "kubernetes_prometheus_rules", "add_security_context": "add_security_context", "delay_treatment": "delay_treatment"}, {"instance": "kube-prometheus-prometheus-node-exporter.oxn-external-monitoring.svc:9100", "timestamp": 1737551416.674, "sum(rate(node_network_receive_drop_total[1m]) + rate(node_network_transmit_drop_total[1m])) by (instance)": 0, "network_drops": 0, "kubernetes_prometheus_rules": "kubernetes_prometheus_rules", "add_security_context": "add_security_context", "delay_treatment": "delay_treatment"}, {"instance": "kube-prometheus-prometheus-node-exporter.oxn-external-monitoring.svc:9100", "timestamp": 1737551417.674, "sum(rate(node_network_receive_drop_total[1m]) + rate(node_network_transmit_drop_total[1m])) by (instance)": 0, "network_drops": 0, "kubernetes_prometheus_rules": "kubernetes_prometheus_rules", "add_security_context": "add_security_context", "delay_treatment": "delay_treatment"}, {"instance": "kube-prometheus-prometheus-node-exporter.oxn-external-monitoring.svc:9100", "timestamp": 1737551418.674, "sum(rate(node_network_receive_drop_total[1m]) + rate(node_network_transmit_drop_total[1m])) by (instance)": 0, "network_drops": 0, "kubernetes_prometheus_rules": "kubernetes_prometheus_rules", "add_security_context": "add_security_context", "delay_treatment": "delay_treatment"}, {"instance": "kube-prometheus-prometheus-node-exporter.oxn-external-monitoring.svc:9100", "timestamp": 1737551419.674, "sum(rate(node_network_receive_drop_total[1m]) + rate(node_network_transmit_drop_total[1m])) by (instance)": 0, "network_drops": 0, "kubernetes_prometheus_rules": "kubernetes_prometheus_rules", "add_security_context": "add_security_context", "delay_treatment": "delay_treatment"}, {"instance": "kube-prometheus-prometheus-node-exporter.oxn-external-monitoring.svc:9100", "timestamp": 1737551420.674, "sum(rate(node_network_receive_drop_total[1m]) + rate(node_network_transmit_drop_total[1m])) by (instance)": 0, "network_drops": 0, "kubernetes_prometheus_rules": "kubernetes_prometheus_rules", "add_security_context": "add_security_context", "delay_treatment": "delay_treatment"}, {"instance": "kube-prometheus-prometheus-node-exporter.oxn-external-monitoring.svc:9100", "timestamp": 1737551421.674, "sum(rate(node_network_receive_drop_total[1m]) + rate(node_network_transmit_drop_total[1m])) by (instance)": 0, "network_drops": 0, "kubernetes_prometheus_rules": "kubernetes_prometheus_rules", "add_security_context": "add_security_context", "delay_treatment": "delay_treatment"}, {"instance": "kube-prometheus-prometheus-node-exporter.oxn-external-monitoring.svc:9100", "timestamp": 1737551422.674, "sum(rate(node_network_receive_drop_total[1m]) + rate(node_network_transmit_drop_total[1m])) by (instance)": 0, "network_drops": 0, "kubernetes_prometheus_rules": "kubernetes_prometheus_rules", "add_security_context": "add_security_context", "delay_treatment": "delay_treatment"}, {"instance": "kube-prometheus-prometheus-node-exporter.oxn-external-monitoring.svc:9100", "timestamp": 1737551423.674, "sum(rate(node_network_receive_drop_total[1m]) + rate(node_network_transmit_drop_total[1m])) by (instance)": 0, "network_drops": 0, "kubernetes_prometheus_rules": "kubernetes_prometheus_rules", "add_security_context": "add_security_context", "delay_treatment": "delay_treatment"}, {"instance": "kube-prometheus-prometheus-node-exporter.oxn-external-monitoring.svc:9100", "timestamp": 1737551424.674, "sum(rate(node_network_receive_drop_total[1m]) + rate(node_network_transmit_drop_total[1m])) by (instance)": 0, "network_drops": 0, "kubernetes_prometheus_rules": "kubernetes_prometheus_rules", "add_security_context": "add_security_context", "delay_treatment": "delay_treatment"}, {"instance": "kube-prometheus-prometheus-node-exporter.oxn-external-monitoring.svc:9100", "timestamp": 1737551425.674, "sum(rate(node_network_receive_drop_total[1m]) + rate(node_network_transmit_drop_total[1m])) by (instance)": 0, "network_drops": 0, "kubernetes_prometheus_rules": "kubernetes_prometheus_rules", "add_security_context": "add_security_context", "delay_treatment": "delay_treatment"}, {"instance": "kube-prometheus-prometheus-node-exporter.oxn-external-monitoring.svc:9100", "timestamp": 1737551426.674, "sum(rate(node_network_receive_drop_total[1m]) + rate(node_network_transmit_drop_total[1m])) by (instance)": 0, "network_drops": 0, "kubernetes_prometheus_rules": "kubernetes_prometheus_rules", "add_security_context": "add_security_context", "delay_treatment": "delay_treatment"}, {"instance": "kube-prometheus-prometheus-node-exporter.oxn-external-monitoring.svc:9100", "timestamp": 1737551427.674, "sum(rate(node_network_receive_drop_total[1m]) + rate(node_network_transmit_drop_total[1m])) by (instance)": 0, "network_drops": 0, "kubernetes_prometheus_rules": "kubernetes_prometheus_rules", "add_security_context": "add_security_context", "delay_treatment": "delay_treatment"}, {"instance": "kube-prometheus-prometheus-node-exporter.oxn-external-monitoring.svc:9100", "timestamp": 1737551428.674, "sum(rate(node_network_receive_drop_total[1m]) + rate(node_network_transmit_drop_total[1m])) by (instance)": 0, "network_drops": 0, "kubernetes_prometheus_rules": "kubernetes_prometheus_rules", "add_security_context": "add_security_context", "delay_treatment": "delay_treatment"}, {"instance": "kube-prometheus-prometheus-node-exporter.oxn-external-monitoring.svc:9100", "timestamp": 1737551429.674, "sum(rate(node_network_receive_drop_total[1m]) + rate(node_network_transmit_drop_total[1m])) by (instance)": 0, "network_drops": 0, "kubernetes_prometheus_rules": "kubernetes_prometheus_rules", "add_security_context": "add_security_context", "delay_treatment": "delay_treatment"}, {"instance": "kube-prometheus-prometheus-node-exporter.oxn-external-monitoring.svc:9100", "timestamp": 1737551430.674, "sum(rate(node_network_receive_drop_total[1m]) + rate(node_network_transmit_drop_total[1m])) by (instance)": 0, "network_drops": 0, "kubernetes_prometheus_rules": "kubernetes_prometheus_rules", "add_security_context": "add_security_context", "delay_treatment": "delay_treatment"}, {"instance": "kube-prometheus-prometheus-node-exporter.oxn-external-monitoring.svc:9100", "timestamp": 1737551431.674, "sum(rate(node_network_receive_drop_total[1m]) + rate(node_network_transmit_drop_total[1m])) by (instance)": 0, "network_drops": 0, "kubernetes_prometheus_rules": "kubernetes_prometheus_rules", "add_security_context": "add_security_context", "delay_treatment": "delay_treatment"}, {"instance": "kube-prometheus-prometheus-node-exporter.oxn-external-monitoring.svc:9100", "timestamp": 1737551432.674, "sum(rate(node_network_receive_drop_total[1m]) + rate(node_network_transmit_drop_total[1m])) by (instance)": 0, "network_drops": 0, "kubernetes_prometheus_rules": "kubernetes_prometheus_rules", "add_security_context": "add_security_context", "delay_treatment": "delay_treatment"}, {"instance": "kube-prometheus-prometheus-node-exporter.oxn-external-monitoring.svc:9100", "timestamp": 1737551433.674, "sum(rate(node_network_receive_drop_total[1m]) + rate(node_network_transmit_drop_total[1m])) by (instance)": 0, "network_drops": 0, "kubernetes_prometheus_rules": "kubernetes_prometheus_rules", "add_security_context": "add_security_context", "delay_treatment": "delay_treatment"}, {"instance": "kube-prometheus-prometheus-node-exporter.oxn-external-monitoring.svc:9100", "timestamp": 1737551434.674, "sum(rate(node_network_receive_drop_total[1m]) + rate(node_network_transmit_drop_total[1m])) by (instance)": 0, "network_drops": 0, "kubernetes_prometheus_rules": "kubernetes_prometheus_rules", "add_security_context": "add_security_context", "delay_treatment": "delay_treatment"}, {"instance": "kube-prometheus-prometheus-node-exporter.oxn-external-monitoring.svc:9100", "timestamp": 1737551435.674, "sum(rate(node_network_receive_drop_total[1m]) + rate(node_network_transmit_drop_total[1m])) by (instance)": 0, "network_drops": 0, "kubernetes_prometheus_rules": "kubernetes_prometheus_rules", "add_security_context": "add_security_context", "delay_treatment": "delay_treatment"}, {"instance": "kube-prometheus-prometheus-node-exporter.oxn-external-monitoring.svc:9100", "timestamp": 1737551436.674, "sum(rate(node_network_receive_drop_total[1m]) + rate(node_network_transmit_drop_total[1m])) by (instance)": 0, "network_drops": 0, "kubernetes_prometheus_rules": "kubernetes_prometheus_rules", "add_security_context": "add_security_context", "delay_treatment": "delay_treatment"}, {"instance": "kube-prometheus-prometheus-node-exporter.oxn-external-monitoring.svc:9100", "timestamp": 1737551437.674, "sum(rate(node_network_receive_drop_total[1m]) + rate(node_network_transmit_drop_total[1m])) by (instance)": 0, "network_drops": 0, "kubernetes_prometheus_rules": "kubernetes_prometheus_rules", "add_security_context": "add_security_context", "delay_treatment": "delay_treatment"}, {"instance": "kube-prometheus-prometheus-node-exporter.oxn-external-monitoring.svc:9100", "timestamp": 1737551438.674, "sum(rate(node_network_receive_drop_total[1m]) + rate(node_network_transmit_drop_total[1m])) by (instance)": 0, "network_drops": 0, "kubernetes_prometheus_rules": "kubernetes_prometheus_rules", "add_security_context": "add_security_context", "delay_treatment": "delay_treatment"}, {"instance": "kube-prometheus-prometheus-node-exporter.oxn-external-monitoring.svc:9100", "timestamp": 1737551439.674, "sum(rate(node_network_receive_drop_total[1m]) + rate(node_network_transmit_drop_total[1m])) by (instance)": 0, "network_drops": 0, "kubernetes_prometheus_rules": "kubernetes_prometheus_rules", "add_security_context": "add_security_context", "delay_treatment": "delay_treatment"}, {"instance": "kube-prometheus-prometheus-node-exporter.oxn-external-monitoring.svc:9100", "timestamp": 1737551440.674, "sum(rate(node_network_receive_drop_total[1m]) + rate(node_network_transmit_drop_total[1m])) by (instance)": 0, "network_drops": 0, "kubernetes_prometheus_rules": "kubernetes_prometheus_rules", "add_security_context": "add_security_context", "delay_treatment": "delay_treatment"}, {"instance": "kube-prometheus-prometheus-node-exporter.oxn-external-monitoring.svc:9100", "timestamp": 1737551441.674, "sum(rate(node_network_receive_drop_total[1m]) + rate(node_network_transmit_drop_total[1m])) by (instance)": 0, "network_drops": 0, "kubernetes_prometheus_rules": "kubernetes_prometheus_rules", "add_security_context": "add_security_context", "delay_treatment": "delay_treatment"}, {"instance": "kube-prometheus-prometheus-node-exporter.oxn-external-monitoring.svc:9100", "timestamp": 1737551442.674, "sum(rate(node_network_receive_drop_total[1m]) + rate(node_network_transmit_drop_total[1m])) by (instance)": 0, "network_drops": 0, "kubernetes_prometheus_rules": "kubernetes_prometheus_rules", "add_security_context": "add_security_context", "delay_treatment": "delay_treatment"}, {"instance": "kube-prometheus-prometheus-node-exporter.oxn-external-monitoring.svc:9100", "timestamp": 1737551443.674, "sum(rate(node_network_receive_drop_total[1m]) + rate(node_network_transmit_drop_total[1m])) by (instance)": 0, "network_drops": 0, "kubernetes_prometheus_rules": "kubernetes_prometheus_rules", "add_security_context": "add_security_context", "delay_treatment": "delay_treatment"}, {"instance": "kube-prometheus-prometheus-node-exporter.oxn-external-monitoring.svc:9100", "timestamp": 1737551444.674, "sum(rate(node_network_receive_drop_total[1m]) + rate(node_network_transmit_drop_total[1m])) by (instance)": 0, "network_drops": 0, "kubernetes_prometheus_rules": "kubernetes_prometheus_rules", "add_security_context": "add_security_context", "delay_treatment": "delay_treatment"}, {"instance": "kube-prometheus-prometheus-node-exporter.oxn-external-monitoring.svc:9100", "timestamp": 1737551445.674, "sum(rate(node_network_receive_drop_total[1m]) + rate(node_network_transmit_drop_total[1m])) by (instance)": 0, "network_drops": 0, "kubernetes_prometheus_rules": "kubernetes_prometheus_rules", "add_security_context": "add_security_context", "delay_treatment": "delay_treatment"}, {"instance": "kube-prometheus-prometheus-node-exporter.oxn-external-monitoring.svc:9100", "timestamp": 1737551446.674, "sum(rate(node_network_receive_drop_total[1m]) + rate(node_network_transmit_drop_total[1m])) by (instance)": 0, "network_drops": 0, "kubernetes_prometheus_rules": "kubernetes_prometheus_rules", "add_security_context": "add_security_context", "delay_treatment": "delay_treatment"}, {"instance": "kube-prometheus-prometheus-node-exporter.oxn-external-monitoring.svc:9100", "timestamp": 1737551447.674, "sum(rate(node_network_receive_drop_total[1m]) + rate(node_network_transmit_drop_total[1m])) by (instance)": 0, "network_drops": 0, "kubernetes_prometheus_rules": "kubernetes_prometheus_rules", "add_security_context": "add_security_context", "delay_treatment": "delay_treatment"}, {"instance": "kube-prometheus-prometheus-node-exporter.oxn-external-monitoring.svc:9100", "timestamp": 1737551448.674, "sum(rate(node_network_receive_drop_total[1m]) + rate(node_network_transmit_drop_total[1m])) by (instance)": 0, "network_drops": 0, "kubernetes_prometheus_rules": "kubernetes_prometheus_rules", "add_security_context": "add_security_context", "delay_treatment": "delay_treatment"}, {"instance": "kube-prometheus-prometheus-node-exporter.oxn-external-monitoring.svc:9100", "timestamp": 1737551449.674, "sum(rate(node_network_receive_drop_total[1m]) + rate(node_network_transmit_drop_total[1m])) by (instance)": 0, "network_drops": 0, "kubernetes_prometheus_rules": "kubernetes_prometheus_rules", "add_security_context": "add_security_context", "delay_treatment": "delay_treatment"}, {"instance": "kube-prometheus-prometheus-node-exporter.oxn-external-monitoring.svc:9100", "timestamp": 1737551450.674, "sum(rate(node_network_receive_drop_total[1m]) + rate(node_network_transmit_drop_total[1m])) by (instance)": 0, "network_drops": 0, "kubernetes_prometheus_rules": "kubernetes_prometheus_rules", "add_security_context": "add_security_context", "delay_treatment": "delay_treatment"}, {"instance": "kube-prometheus-prometheus-node-exporter.oxn-external-monitoring.svc:9100", "timestamp": 1737551451.674, "sum(rate(node_network_receive_drop_total[1m]) + rate(node_network_transmit_drop_total[1m])) by (instance)": 0, "network_drops": 0, "kubernetes_prometheus_rules": "kubernetes_prometheus_rules", "add_security_context": "add_security_context", "delay_treatment": "delay_treatment"}, {"instance": "kube-prometheus-prometheus-node-exporter.oxn-external-monitoring.svc:9100", "timestamp": 1737551452.674, "sum(rate(node_network_receive_drop_total[1m]) + rate(node_network_transmit_drop_total[1m])) by (instance)": 0, "network_drops": 0, "kubernetes_prometheus_rules": "kubernetes_prometheus_rules", "add_security_context": "add_security_context", "delay_treatment": "delay_treatment"}, {"instance": "kube-prometheus-prometheus-node-exporter.oxn-external-monitoring.svc:9100", "timestamp": 1737551453.674, "sum(rate(node_network_receive_drop_total[1m]) + rate(node_network_transmit_drop_total[1m])) by (instance)": 0, "network_drops": 0, "kubernetes_prometheus_rules": "kubernetes_prometheus_rules", "add_security_context": "add_security_context", "delay_treatment": "delay_treatment"}, {"instance": "kube-prometheus-prometheus-node-exporter.oxn-external-monitoring.svc:9100", "timestamp": 1737551454.674, "sum(rate(node_network_receive_drop_total[1m]) + rate(node_network_transmit_drop_total[1m])) by (instance)": 0, "network_drops": 0, "kubernetes_prometheus_rules": "kubernetes_prometheus_rules", "add_security_context": "add_security_context", "delay_treatment": "delay_treatment"}, {"instance": "kube-prometheus-prometheus-node-exporter.oxn-external-monitoring.svc:9100", "timestamp": 1737551455.674, "sum(rate(node_network_receive_drop_total[1m]) + rate(node_network_transmit_drop_total[1m])) by (instance)": 0, "network_drops": 0, "kubernetes_prometheus_rules": "kubernetes_prometheus_rules", "add_security_context": "add_security_context", "delay_treatment": "delay_treatment"}, {"instance": "kube-prometheus-prometheus-node-exporter.oxn-external-monitoring.svc:9100", "timestamp": 1737551456.674, "sum(rate(node_network_receive_drop_total[1m]) + rate(node_network_transmit_drop_total[1m])) by (instance)": 0, "network_drops": 0, "kubernetes_prometheus_rules": "kubernetes_prometheus_rules", "add_security_context": "add_security_context", "delay_treatment": "delay_treatment"}, {"instance": "kube-prometheus-prometheus-node-exporter.oxn-external-monitoring.svc:9100", "timestamp": 1737551457.674, "sum(rate(node_network_receive_drop_total[1m]) + rate(node_network_transmit_drop_total[1m])) by (instance)": 0, "network_drops": 0, "kubernetes_prometheus_rules": "kubernetes_prometheus_rules", "add_security_context": "add_security_context", "delay_treatment": "delay_treatment"}, {"instance": "kube-prometheus-prometheus-node-exporter.oxn-external-monitoring.svc:9100", "timestamp": 1737551458.674, "sum(rate(node_network_receive_drop_total[1m]) + rate(node_network_transmit_drop_total[1m])) by (instance)": 0, "network_drops": 0, "kubernetes_prometheus_rules": "kubernetes_prometheus_rules", "add_security_context": "add_security_context", "delay_treatment": "delay_treatment"}, {"instance": "kube-prometheus-prometheus-node-exporter.oxn-external-monitoring.svc:9100", "timestamp": 1737551459.674, "sum(rate(node_network_receive_drop_total[1m]) + rate(node_network_transmit_drop_total[1m])) by (instance)": 0, "network_drops": 0, "kubernetes_prometheus_rules": "kubernetes_prometheus_rules", "add_security_context": "add_security_context", "delay_treatment": "delay_treatment"}, {"instance": "kube-prometheus-prometheus-node-exporter.oxn-external-monitoring.svc:9100", "timestamp": 1737551460.674, "sum(rate(node_network_receive_drop_total[1m]) + rate(node_network_transmit_drop_total[1m])) by (instance)": 0, "network_drops": 0, "kubernetes_prometheus_rules": "kubernetes_prometheus_rules", "add_security_context": "add_security_context", "delay_treatment": "delay_treatment"}, {"instance": "kube-prometheus-prometheus-node-exporter.oxn-external-monitoring.svc:9100", "timestamp": 1737551461.674, "sum(rate(node_network_receive_drop_total[1m]) + rate(node_network_transmit_drop_total[1m])) by (instance)": 0, "network_drops": 0, "kubernetes_prometheus_rules": "kubernetes_prometheus_rules", "add_security_context": "add_security_context", "delay_treatment": "delay_treatment"}, {"instance": "kube-prometheus-prometheus-node-exporter.oxn-external-monitoring.svc:9100", "timestamp": 1737551462.674, "sum(rate(node_network_receive_drop_total[1m]) + rate(node_network_transmit_drop_total[1m])) by (instance)": 0, "network_drops": 0, "kubernetes_prometheus_rules": "kubernetes_prometheus_rules", "add_security_context": "add_security_context", "delay_treatment": "delay_treatment"}, {"instance": "kube-prometheus-prometheus-node-exporter.oxn-external-monitoring.svc:9100", "timestamp": 1737551463.674, "sum(rate(node_network_receive_drop_total[1m]) + rate(node_network_transmit_drop_total[1m])) by (instance)": 0, "network_drops": 0, "kubernetes_prometheus_rules": "kubernetes_prometheus_rules", "add_security_context": "add_security_context", "delay_treatment": "delay_treatment"}, {"instance": "kube-prometheus-prometheus-node-exporter.oxn-external-monitoring.svc:9100", "timestamp": 1737551464.674, "sum(rate(node_network_receive_drop_total[1m]) + rate(node_network_transmit_drop_total[1m])) by (instance)": 0, "network_drops": 0, "kubernetes_prometheus_rules": "kubernetes_prometheus_rules", "add_security_context": "add_security_context", "delay_treatment": "delay_treatment"}, {"instance": "kube-prometheus-prometheus-node-exporter.oxn-external-monitoring.svc:9100", "timestamp": 1737551465.674, "sum(rate(node_network_receive_drop_total[1m]) + rate(node_network_transmit_drop_total[1m])) by (instance)": 0, "network_drops": 0, "kubernetes_prometheus_rules": "kubernetes_prometheus_rules", "add_security_context": "add_security_context", "delay_treatment": "delay_treatment"}, {"instance": "kube-prometheus-prometheus-node-exporter.oxn-external-monitoring.svc:9100", "timestamp": 1737551466.674, "sum(rate(node_network_receive_drop_total[1m]) + rate(node_network_transmit_drop_total[1m])) by (instance)": 0, "network_drops": 0, "kubernetes_prometheus_rules": "kubernetes_prometheus_rules", "add_security_context": "add_security_context", "delay_treatment": "delay_treatment"}, {"instance": "kube-prometheus-prometheus-node-exporter.oxn-external-monitoring.svc:9100", "timestamp": 1737551467.674, "sum(rate(node_network_receive_drop_total[1m]) + rate(node_network_transmit_drop_total[1m])) by (instance)": 0, "network_drops": 0, "kubernetes_prometheus_rules": "kubernetes_prometheus_rules", "add_security_context": "add_security_context", "delay_treatment": "delay_treatment"}, {"instance": "kube-prometheus-prometheus-node-exporter.oxn-external-monitoring.svc:9100", "timestamp": 1737551468.674, "sum(rate(node_network_receive_drop_total[1m]) + rate(node_network_transmit_drop_total[1m])) by (instance)": 0, "network_drops": 0, "kubernetes_prometheus_rules": "kubernetes_prometheus_rules", "add_security_context": "add_security_context", "delay_treatment": "delay_treatment"}, {"instance": "kube-prometheus-prometheus-node-exporter.oxn-external-monitoring.svc:9100", "timestamp": 1737551469.674, "sum(rate(node_network_receive_drop_total[1m]) + rate(node_network_transmit_drop_total[1m])) by (instance)": 0, "network_drops": 0, "kubernetes_prometheus_rules": "kubernetes_prometheus_rules", "add_security_context": "add_security_context", "delay_treatment": "delay_treatment"}, {"instance": "kube-prometheus-prometheus-node-exporter.oxn-external-monitoring.svc:9100", "timestamp": 1737551470.674, "sum(rate(node_network_receive_drop_total[1m]) + rate(node_network_transmit_drop_total[1m])) by (instance)": 0, "network_drops": 0, "kubernetes_prometheus_rules": "kubernetes_prometheus_rules", "add_security_context": "add_security_context", "delay_treatment": "delay_treatment"}, {"instance": "kube-prometheus-prometheus-node-exporter.oxn-external-monitoring.svc:9100", "timestamp": 1737551471.674, "sum(rate(node_network_receive_drop_total[1m]) + rate(node_network_transmit_drop_total[1m])) by (instance)": 0, "network_drops": 0, "kubernetes_prometheus_rules": "kubernetes_prometheus_rules", "add_security_context": "add_security_context", "delay_treatment": "delay_treatment"}, {"instance": "kube-prometheus-prometheus-node-exporter.oxn-external-monitoring.svc:9100", "timestamp": 1737551472.674, "sum(rate(node_network_receive_drop_total[1m]) + rate(node_network_transmit_drop_total[1m])) by (instance)": 0, "network_drops": 0, "kubernetes_prometheus_rules": "kubernetes_prometheus_rules", "add_security_context": "add_security_context", "delay_treatment": "delay_treatment"}, {"instance": "kube-prometheus-prometheus-node-exporter.oxn-external-monitoring.svc:9100", "timestamp": 1737551473.674, "sum(rate(node_network_receive_drop_total[1m]) + rate(node_network_transmit_drop_total[1m])) by (instance)": 0, "network_drops": 0, "kubernetes_prometheus_rules": "kubernetes_prometheus_rules", "add_security_context": "add_security_context", "delay_treatment": "delay_treatment"}, {"instance": "kube-prometheus-prometheus-node-exporter.oxn-external-monitoring.svc:9100", "timestamp": 1737551474.674, "sum(rate(node_network_receive_drop_total[1m]) + rate(node_network_transmit_drop_total[1m])) by (instance)": 0, "network_drops": 0, "kubernetes_prometheus_rules": "kubernetes_prometheus_rules", "add_security_context": "add_security_context", "delay_treatment": "delay_treatment"}, {"instance": "kube-prometheus-prometheus-node-exporter.oxn-external-monitoring.svc:9100", "timestamp": 1737551475.674, "sum(rate(node_network_receive_drop_total[1m]) + rate(node_network_transmit_drop_total[1m])) by (instance)": 0, "network_drops": 0, "kubernetes_prometheus_rules": "kubernetes_prometheus_rules", "add_security_context": "add_security_context", "delay_treatment": "delay_treatment"}, {"instance": "kube-prometheus-prometheus-node-exporter.oxn-external-monitoring.svc:9100", "timestamp": 1737551476.674, "sum(rate(node_network_receive_drop_total[1m]) + rate(node_network_transmit_drop_total[1m])) by (instance)": 0, "network_drops": 0, "kubernetes_prometheus_rules": "kubernetes_prometheus_rules", "add_security_context": "add_security_context", "delay_treatment": "delay_treatment"}, {"instance": "kube-prometheus-prometheus-node-exporter.oxn-external-monitoring.svc:9100", "timestamp": 1737551477.674, "sum(rate(node_network_receive_drop_total[1m]) + rate(node_network_transmit_drop_total[1m])) by (instance)": 0, "network_drops": 0, "kubernetes_prometheus_rules": "kubernetes_prometheus_rules", "add_security_context": "add_security_context", "delay_treatment": "delay_treatment"}, {"instance": "kube-prometheus-prometheus-node-exporter.oxn-external-monitoring.svc:9100", "timestamp": 1737551478.674, "sum(rate(node_network_receive_drop_total[1m]) + rate(node_network_transmit_drop_total[1m])) by (instance)": 0, "network_drops": 0, "kubernetes_prometheus_rules": "kubernetes_prometheus_rules", "add_security_context": "add_security_context", "delay_treatment": "delay_treatment"}, {"instance": "kube-prometheus-prometheus-node-exporter.oxn-external-monitoring.svc:9100", "timestamp": 1737551479.674, "sum(rate(node_network_receive_drop_total[1m]) + rate(node_network_transmit_drop_total[1m])) by (instance)": 0, "network_drops": 0, "kubernetes_prometheus_rules": "kubernetes_prometheus_rules", "add_security_context": "add_security_context", "delay_treatment": "delay_treatment"}, {"instance": "kube-prometheus-prometheus-node-exporter.oxn-external-monitoring.svc:9100", "timestamp": 1737551480.674, "sum(rate(node_network_receive_drop_total[1m]) + rate(node_network_transmit_drop_total[1m])) by (instance)": 0, "network_drops": 0, "kubernetes_prometheus_rules": "kubernetes_prometheus_rules", "add_security_context": "add_security_context", "delay_treatment": "delay_treatment"}, {"instance": "kube-prometheus-prometheus-node-exporter.oxn-external-monitoring.svc:9100", "timestamp": 1737551481.674, "sum(rate(node_network_receive_drop_total[1m]) + rate(node_network_transmit_drop_total[1m])) by (instance)": 0, "network_drops": 0, "kubernetes_prometheus_rules": "kubernetes_prometheus_rules", "add_security_context": "add_security_context", "delay_treatment": "delay_treatment"}, {"instance": "kube-prometheus-prometheus-node-exporter.oxn-external-monitoring.svc:9100", "timestamp": 1737551482.674, "sum(rate(node_network_receive_drop_total[1m]) + rate(node_network_transmit_drop_total[1m])) by (instance)": 0, "network_drops": 0, "kubernetes_prometheus_rules": "kubernetes_prometheus_rules", "add_security_context": "add_security_context", "delay_treatment": "delay_treatment"}, {"instance": "kube-prometheus-prometheus-node-exporter.oxn-external-monitoring.svc:9100", "timestamp": 1737551483.674, "sum(rate(node_network_receive_drop_total[1m]) + rate(node_network_transmit_drop_total[1m])) by (instance)": 0, "network_drops": 0, "kubernetes_prometheus_rules": "kubernetes_prometheus_rules", "add_security_context": "add_security_context", "delay_treatment": "delay_treatment"}, {"instance": "kube-prometheus-prometheus-node-exporter.oxn-external-monitoring.svc:9100", "timestamp": 1737551484.674, "sum(rate(node_network_receive_drop_total[1m]) + rate(node_network_transmit_drop_total[1m])) by (instance)": 0, "network_drops": 0, "kubernetes_prometheus_rules": "kubernetes_prometheus_rules", "add_security_context": "add_security_context", "delay_treatment": "delay_treatment"}, {"instance": "kube-prometheus-prometheus-node-exporter.oxn-external-monitoring.svc:9100", "timestamp": 1737551485.674, "sum(rate(node_network_receive_drop_total[1m]) + rate(node_network_transmit_drop_total[1m])) by (instance)": 0, "network_drops": 0, "kubernetes_prometheus_rules": "kubernetes_prometheus_rules", "add_security_context": "add_security_context", "delay_treatment": "delay_treatment"}, {"instance": "kube-prometheus-prometheus-node-exporter.oxn-external-monitoring.svc:9100", "timestamp": 1737551486.674, "sum(rate(node_network_receive_drop_total[1m]) + rate(node_network_transmit_drop_total[1m])) by (instance)": 0, "network_drops": 0, "kubernetes_prometheus_rules": "kubernetes_prometheus_rules", "add_security_context": "add_security_context", "delay_treatment": "delay_treatment"}, {"instance": "kube-prometheus-prometheus-node-exporter.oxn-external-monitoring.svc:9100", "timestamp": 1737551487.674, "sum(rate(node_network_receive_drop_total[1m]) + rate(node_network_transmit_drop_total[1m])) by (instance)": 0, "network_drops": 0, "kubernetes_prometheus_rules": "kubernetes_prometheus_rules", "add_security_context": "add_security_context", "delay_treatment": "delay_treatment"}, {"instance": "kube-prometheus-prometheus-node-exporter.oxn-external-monitoring.svc:9100", "timestamp": 1737551488.674, "sum(rate(node_network_receive_drop_total[1m]) + rate(node_network_transmit_drop_total[1m])) by (instance)": 0, "network_drops": 0, "kubernetes_prometheus_rules": "kubernetes_prometheus_rules", "add_security_context": "add_security_context", "delay_treatment": "delay_treatment"}, {"instance": "kube-prometheus-prometheus-node-exporter.oxn-external-monitoring.svc:9100", "timestamp": 1737551489.674, "sum(rate(node_network_receive_drop_total[1m]) + rate(node_network_transmit_drop_total[1m])) by (instance)": 0, "network_drops": 0, "kubernetes_prometheus_rules": "kubernetes_prometheus_rules", "add_security_context": "add_security_context", "delay_treatment": "delay_treatment"}, {"instance": "kube-prometheus-prometheus-node-exporter.oxn-external-monitoring.svc:9100", "timestamp": 1737551490.674, "sum(rate(node_network_receive_drop_total[1m]) + rate(node_network_transmit_drop_total[1m])) by (instance)": 0, "network_drops": 0, "kubernetes_prometheus_rules": "kubernetes_prometheus_rules", "add_security_context": "add_security_context", "delay_treatment": "delay_treatment"}, {"instance": "kube-prometheus-prometheus-node-exporter.oxn-external-monitoring.svc:9100", "timestamp": 1737551491.674, "sum(rate(node_network_receive_drop_total[1m]) + rate(node_network_transmit_drop_total[1m])) by (instance)": 0, "network_drops": 0, "kubernetes_prometheus_rules": "kubernetes_prometheus_rules", "add_security_context": "add_security_context", "delay_treatment": "delay_treatment"}, {"instance": "kube-prometheus-prometheus-node-exporter.oxn-external-monitoring.svc:9100", "timestamp": 1737551492.674, "sum(rate(node_network_receive_drop_total[1m]) + rate(node_network_transmit_drop_total[1m])) by (instance)": 0, "network_drops": 0, "kubernetes_prometheus_rules": "kubernetes_prometheus_rules", "add_security_context": "add_security_context", "delay_treatment": "delay_treatment"}, {"instance": "kube-prometheus-prometheus-node-exporter.oxn-external-monitoring.svc:9100", "timestamp": 1737551493.674, "sum(rate(node_network_receive_drop_total[1m]) + rate(node_network_transmit_drop_total[1m])) by (instance)": 0, "network_drops": 0, "kubernetes_prometheus_rules": "kubernetes_prometheus_rules", "add_security_context": "add_security_context", "delay_treatment": "delay_treatment"}, {"instance": "kube-prometheus-prometheus-node-exporter.oxn-external-monitoring.svc:9100", "timestamp": 1737551494.674, "sum(rate(node_network_receive_drop_total[1m]) + rate(node_network_transmit_drop_total[1m])) by (instance)": 0, "network_drops": 0, "kubernetes_prometheus_rules": "kubernetes_prometheus_rules", "add_security_context": "add_security_context", "delay_treatment": "delay_treatment"}, {"instance": "kube-prometheus-prometheus-node-exporter.oxn-external-monitoring.svc:9100", "timestamp": 1737551495.674, "sum(rate(node_network_receive_drop_total[1m]) + rate(node_network_transmit_drop_total[1m])) by (instance)": 0, "network_drops": 0, "kubernetes_prometheus_rules": "kubernetes_prometheus_rules", "add_security_context": "add_security_context", "delay_treatment": "delay_treatment"}, {"instance": "kube-prometheus-prometheus-node-exporter.oxn-external-monitoring.svc:9100", "timestamp": 1737551496.674, "sum(rate(node_network_receive_drop_total[1m]) + rate(node_network_transmit_drop_total[1m])) by (instance)": 0, "network_drops": 0, "kubernetes_prometheus_rules": "NoTreatment", "add_security_context": "NoTreatment", "delay_treatment": "NoTreatment"}, {"instance": "kube-prometheus-prometheus-node-exporter.oxn-external-monitoring.svc:9100", "timestamp": 1737551497.674, "sum(rate(node_network_receive_drop_total[1m]) + rate(node_network_transmit_drop_total[1m])) by (instance)": 0, "network_drops": 0, "kubernetes_prometheus_rules": "NoTreatment", "add_security_context": "NoTreatment", "delay_treatment": "NoTreatment"}, {"instance": "kube-prometheus-prometheus-node-exporter.oxn-external-monitoring.svc:9100", "timestamp": 1737551498.674, "sum(rate(node_network_receive_drop_total[1m]) + rate(node_network_transmit_drop_total[1m])) by (instance)": 0, "network_drops": 0, "kubernetes_prometheus_rules": "NoTreatment", "add_security_context": "NoTreatment", "delay_treatment": "NoTreatment"}, {"instance": "kube-prometheus-prometheus-node-exporter.oxn-external-monitoring.svc:9100", "timestamp": 1737551499.674, "sum(rate(node_network_receive_drop_total[1m]) + rate(node_network_transmit_drop_total[1m])) by (instance)": 0, "network_drops": 0, "kubernetes_prometheus_rules": "NoTreatment", "add_security_context": "NoTreatment", "delay_treatment": "NoTreatment"}, {"instance": "kube-prometheus-prometheus-node-exporter.oxn-external-monitoring.svc:9100", "timestamp": 1737551500.674, "sum(rate(node_network_receive_drop_total[1m]) + rate(node_network_transmit_drop_total[1m])) by (instance)": 0, "network_drops": 0, "kubernetes_prometheus_rules": "NoTreatment", "add_security_context": "NoTreatment", "delay_treatment": "NoTreatment"}, {"instance": "kube-prometheus-prometheus-node-exporter.oxn-external-monitoring.svc:9100", "timestamp": 1737551501.674, "sum(rate(node_network_receive_drop_total[1m]) + rate(node_network_transmit_drop_total[1m])) by (instance)": 0, "network_drops": 0, "kubernetes_prometheus_rules": "NoTreatment", "add_security_context": "NoTreatment", "delay_treatment": "NoTreatment"}, {"instance": "kube-prometheus-prometheus-node-exporter.oxn-external-monitoring.svc:9100", "timestamp": 1737551502.674, "sum(rate(node_network_receive_drop_total[1m]) + rate(node_network_transmit_drop_total[1m])) by (instance)": 0, "network_drops": 0, "kubernetes_prometheus_rules": "NoTreatment", "add_security_context": "NoTreatment", "delay_treatment": "NoTreatment"}, {"instance": "kube-prometheus-prometheus-node-exporter.oxn-external-monitoring.svc:9100", "timestamp": 1737551503.674, "sum(rate(node_network_receive_drop_total[1m]) + rate(node_network_transmit_drop_total[1m])) by (instance)": 0, "network_drops": 0, "kubernetes_prometheus_rules": "NoTreatment", "add_security_context": "NoTreatment", "delay_treatment": "NoTreatment"}, {"instance": "kube-prometheus-prometheus-node-exporter.oxn-external-monitoring.svc:9100", "timestamp": 1737551504.674, "sum(rate(node_network_receive_drop_total[1m]) + rate(node_network_transmit_drop_total[1m])) by (instance)": 0, "network_drops": 0, "kubernetes_prometheus_rules": "NoTreatment", "add_security_context": "NoTreatment", "delay_treatment": "NoTreatment"}, {"instance": "kube-prometheus-prometheus-node-exporter.oxn-external-monitoring.svc:9100", "timestamp": 1737551505.674, "sum(rate(node_network_receive_drop_total[1m]) + rate(node_network_transmit_drop_total[1m])) by (instance)": 0, "network_drops": 0, "kubernetes_prometheus_rules": "NoTreatment", "add_security_context": "NoTreatment", "delay_treatment": "NoTreatment"}]