[{"rpc_method": "GetProduct", "timestamp": 1737549796.989, "histogram_quantile(0.95, sum(rate(rpc_server_duration_milliseconds_bucket{job=\"opentelemetry-demo/productcatalogservice\"}[90s])) by (rpc_method, le))": 9.431293302540421, "product_catalog_latency": 9.431293302540421, "kubernetes_prometheus_rules": "kubernetes_prometheus_rules", "add_security_context": "NoTreatment", "delay_treatment": "NoTreatment"}, {"rpc_method": "GetProduct", "timestamp": 1737549797.989, "histogram_quantile(0.95, sum(rate(rpc_server_duration_milliseconds_bucket{job=\"opentelemetry-demo/productcatalogservice\"}[90s])) by (rpc_method, le))": 9.431293302540421, "product_catalog_latency": 9.431293302540421, "kubernetes_prometheus_rules": "kubernetes_prometheus_rules", "add_security_context": "NoTreatment", "delay_treatment": "NoTreatment"}, {"rpc_method": "GetProduct", "timestamp": 1737549798.989, "histogram_quantile(0.95, sum(rate(rpc_server_duration_milliseconds_bucket{job=\"opentelemetry-demo/productcatalogservice\"}[90s])) by (rpc_method, le))": 9.431293302540421, "product_catalog_latency": 9.431293302540421, "kubernetes_prometheus_rules": "kubernetes_prometheus_rules", "add_security_context": "NoTreatment", "delay_treatment": "NoTreatment"}, {"rpc_method": "GetProduct", "timestamp": 1737549799.989, "histogram_quantile(0.95, sum(rate(rpc_server_duration_milliseconds_bucket{job=\"opentelemetry-demo/productcatalogservice\"}[90s])) by (rpc_method, le))": 9.431293302540421, "product_catalog_latency": 9.431293302540421, "kubernetes_prometheus_rules": "kubernetes_prometheus_rules", "add_security_context": "NoTreatment", "delay_treatment": "NoTreatment"}, {"rpc_method": "GetProduct", "timestamp": 1737549800.989, "histogram_quantile(0.95, sum(rate(rpc_server_duration_milliseconds_bucket{job=\"opentelemetry-demo/productcatalogservice\"}[90s])) by (rpc_method, le))": 9.431293302540421, "product_catalog_latency": 9.431293302540421, "kubernetes_prometheus_rules": "kubernetes_prometheus_rules", "add_security_context": "NoTreatment", "delay_treatment": "NoTreatment"}, {"rpc_method": "GetProduct", "timestamp": 1737549801.989, "histogram_quantile(0.95, sum(rate(rpc_server_duration_milliseconds_bucket{job=\"opentelemetry-demo/productcatalogservice\"}[90s])) by (rpc_method, le))": 9.431293302540421, "product_catalog_latency": 9.431293302540421, "kubernetes_prometheus_rules": "kubernetes_prometheus_rules", "add_security_context": "NoTreatment", "delay_treatment": "NoTreatment"}, {"rpc_method": "GetProduct", "timestamp": 1737549802.989, "histogram_quantile(0.95, sum(rate(rpc_server_duration_milliseconds_bucket{job=\"opentelemetry-demo/productcatalogservice\"}[90s])) by (rpc_method, le))": 9.431293302540421, "product_catalog_latency": 9.431293302540421, "kubernetes_prometheus_rules": "kubernetes_prometheus_rules", "add_security_context": "NoTreatment", "delay_treatment": "NoTreatment"}, {"rpc_method": "GetProduct", "timestamp": 1737549803.989, "histogram_quantile(0.95, sum(rate(rpc_server_duration_milliseconds_bucket{job=\"opentelemetry-demo/productcatalogservice\"}[90s])) by (rpc_method, le))": 9.431293302540421, "product_catalog_latency": 9.431293302540421, "kubernetes_prometheus_rules": "kubernetes_prometheus_rules", "add_security_context": "NoTreatment", "delay_treatment": "NoTreatment"}, {"rpc_method": "GetProduct", "timestamp": 1737549804.989, "histogram_quantile(0.95, sum(rate(rpc_server_duration_milliseconds_bucket{job=\"opentelemetry-demo/productcatalogservice\"}[90s])) by (rpc_method, le))": 9.431293302540421, "product_catalog_latency": 9.431293302540421, "kubernetes_prometheus_rules": "kubernetes_prometheus_rules", "add_security_context": "NoTreatment", "delay_treatment": "NoTreatment"}, {"rpc_method": "GetProduct", "timestamp": 1737549805.989, "histogram_quantile(0.95, sum(rate(rpc_server_duration_milliseconds_bucket{job=\"opentelemetry-demo/productcatalogservice\"}[90s])) by (rpc_method, le))": 9.431293302540421, "product_catalog_latency": 9.431293302540421, "kubernetes_prometheus_rules": "kubernetes_prometheus_rules", "add_security_context": "NoTreatment", "delay_treatment": "NoTreatment"}, {"rpc_method": "GetProduct", "timestamp": 1737549806.989, "histogram_quantile(0.95, sum(rate(rpc_server_duration_milliseconds_bucket{job=\"opentelemetry-demo/productcatalogservice\"}[90s])) by (rpc_method, le))": 9.431293302540421, "product_catalog_latency": 9.431293302540421, "kubernetes_prometheus_rules": "kubernetes_prometheus_rules", "add_security_context": "add_security_context", "delay_treatment": "NoTreatment"}, {"rpc_method": "GetProduct", "timestamp": 1737549837.989, "histogram_quantile(0.95, sum(rate(rpc_server_duration_milliseconds_bucket{job=\"opentelemetry-demo/productcatalogservice\"}[90s])) by (rpc_method, le))": 4.837240212663122, "product_catalog_latency": 4.837240212663122, "kubernetes_prometheus_rules": "kubernetes_prometheus_rules", "add_security_context": "add_security_context", "delay_treatment": "delay_treatment"}, {"rpc_method": "GetProduct", "timestamp": 1737549838.989, "histogram_quantile(0.95, sum(rate(rpc_server_duration_milliseconds_bucket{job=\"opentelemetry-demo/productcatalogservice\"}[90s])) by (rpc_method, le))": 4.837240212663122, "product_catalog_latency": 4.837240212663122, "kubernetes_prometheus_rules": "kubernetes_prometheus_rules", "add_security_context": "add_security_context", "delay_treatment": "delay_treatment"}, {"rpc_method": "GetProduct", "timestamp": 1737549839.989, "histogram_quantile(0.95, sum(rate(rpc_server_duration_milliseconds_bucket{job=\"opentelemetry-demo/productcatalogservice\"}[90s])) by (rpc_method, le))": 4.837240212663122, "product_catalog_latency": 4.837240212663122, "kubernetes_prometheus_rules": "kubernetes_prometheus_rules", "add_security_context": "add_security_context", "delay_treatment": "delay_treatment"}, {"rpc_method": "GetProduct", "timestamp": 1737549840.989, "histogram_quantile(0.95, sum(rate(rpc_server_duration_milliseconds_bucket{job=\"opentelemetry-demo/productcatalogservice\"}[90s])) by (rpc_method, le))": 4.837240212663122, "product_catalog_latency": 4.837240212663122, "kubernetes_prometheus_rules": "kubernetes_prometheus_rules", "add_security_context": "add_security_context", "delay_treatment": "delay_treatment"}, {"rpc_method": "GetProduct", "timestamp": 1737549841.989, "histogram_quantile(0.95, sum(rate(rpc_server_duration_milliseconds_bucket{job=\"opentelemetry-demo/productcatalogservice\"}[90s])) by (rpc_method, le))": 4.837240212663122, "product_catalog_latency": 4.837240212663122, "kubernetes_prometheus_rules": "kubernetes_prometheus_rules", "add_security_context": "add_security_context", "delay_treatment": "delay_treatment"}, {"rpc_method": "GetProduct", "timestamp": 1737549842.989, "histogram_quantile(0.95, sum(rate(rpc_server_duration_milliseconds_bucket{job=\"opentelemetry-demo/productcatalogservice\"}[90s])) by (rpc_method, le))": 4.837240212663122, "product_catalog_latency": 4.837240212663122, "kubernetes_prometheus_rules": "kubernetes_prometheus_rules", "add_security_context": "add_security_context", "delay_treatment": "delay_treatment"}, {"rpc_method": "GetProduct", "timestamp": 1737549843.989, "histogram_quantile(0.95, sum(rate(rpc_server_duration_milliseconds_bucket{job=\"opentelemetry-demo/productcatalogservice\"}[90s])) by (rpc_method, le))": 4.837240212663122, "product_catalog_latency": 4.837240212663122, "kubernetes_prometheus_rules": "kubernetes_prometheus_rules", "add_security_context": "add_security_context", "delay_treatment": "delay_treatment"}, {"rpc_method": "GetProduct", "timestamp": 1737549844.989, "histogram_quantile(0.95, sum(rate(rpc_server_duration_milliseconds_bucket{job=\"opentelemetry-demo/productcatalogservice\"}[90s])) by (rpc_method, le))": 4.837240212663122, "product_catalog_latency": 4.837240212663122, "kubernetes_prometheus_rules": "kubernetes_prometheus_rules", "add_security_context": "add_security_context", "delay_treatment": "delay_treatment"}, {"rpc_method": "GetProduct", "timestamp": 1737549845.989, "histogram_quantile(0.95, sum(rate(rpc_server_duration_milliseconds_bucket{job=\"opentelemetry-demo/productcatalogservice\"}[90s])) by (rpc_method, le))": 4.837240212663122, "product_catalog_latency": 4.837240212663122, "kubernetes_prometheus_rules": "kubernetes_prometheus_rules", "add_security_context": "add_security_context", "delay_treatment": "delay_treatment"}, {"rpc_method": "GetProduct", "timestamp": 1737549846.989, "histogram_quantile(0.95, sum(rate(rpc_server_duration_milliseconds_bucket{job=\"opentelemetry-demo/productcatalogservice\"}[90s])) by (rpc_method, le))": 4.837240212663122, "product_catalog_latency": 4.837240212663122, "kubernetes_prometheus_rules": "kubernetes_prometheus_rules", "add_security_context": "add_security_context", "delay_treatment": "delay_treatment"}, {"rpc_method": "GetProduct", "timestamp": 1737549847.989, "histogram_quantile(0.95, sum(rate(rpc_server_duration_milliseconds_bucket{job=\"opentelemetry-demo/productcatalogservice\"}[90s])) by (rpc_method, le))": 4.837240212663122, "product_catalog_latency": 4.837240212663122, "kubernetes_prometheus_rules": "kubernetes_prometheus_rules", "add_security_context": "add_security_context", "delay_treatment": "delay_treatment"}, {"rpc_method": "GetProduct", "timestamp": 1737549848.989, "histogram_quantile(0.95, sum(rate(rpc_server_duration_milliseconds_bucket{job=\"opentelemetry-demo/productcatalogservice\"}[90s])) by (rpc_method, le))": 4.837240212663122, "product_catalog_latency": 4.837240212663122, "kubernetes_prometheus_rules": "kubernetes_prometheus_rules", "add_security_context": "add_security_context", "delay_treatment": "delay_treatment"}, {"rpc_method": "GetProduct", "timestamp": 1737549849.989, "histogram_quantile(0.95, sum(rate(rpc_server_duration_milliseconds_bucket{job=\"opentelemetry-demo/productcatalogservice\"}[90s])) by (rpc_method, le))": 4.837240212663122, "product_catalog_latency": 4.837240212663122, "kubernetes_prometheus_rules": "kubernetes_prometheus_rules", "add_security_context": "add_security_context", "delay_treatment": "delay_treatment"}, {"rpc_method": "GetProduct", "timestamp": 1737549850.989, "histogram_quantile(0.95, sum(rate(rpc_server_duration_milliseconds_bucket{job=\"opentelemetry-demo/productcatalogservice\"}[90s])) by (rpc_method, le))": 4.837240212663122, "product_catalog_latency": 4.837240212663122, "kubernetes_prometheus_rules": "kubernetes_prometheus_rules", "add_security_context": "add_security_context", "delay_treatment": "delay_treatment"}, {"rpc_method": "GetProduct", "timestamp": 1737549851.989, "histogram_quantile(0.95, sum(rate(rpc_server_duration_milliseconds_bucket{job=\"opentelemetry-demo/productcatalogservice\"}[90s])) by (rpc_method, le))": 4.837240212663122, "product_catalog_latency": 4.837240212663122, "kubernetes_prometheus_rules": "kubernetes_prometheus_rules", "add_security_context": "add_security_context", "delay_treatment": "delay_treatment"}, {"rpc_method": "GetProduct", "timestamp": 1737549852.989, "histogram_quantile(0.95, sum(rate(rpc_server_duration_milliseconds_bucket{job=\"opentelemetry-demo/productcatalogservice\"}[90s])) by (rpc_method, le))": 4.837240212663122, "product_catalog_latency": 4.837240212663122, "kubernetes_prometheus_rules": "kubernetes_prometheus_rules", "add_security_context": "add_security_context", "delay_treatment": "delay_treatment"}, {"rpc_method": "GetProduct", "timestamp": 1737549853.989, "histogram_quantile(0.95, sum(rate(rpc_server_duration_milliseconds_bucket{job=\"opentelemetry-demo/productcatalogservice\"}[90s])) by (rpc_method, le))": 4.837240212663122, "product_catalog_latency": 4.837240212663122, "kubernetes_prometheus_rules": "kubernetes_prometheus_rules", "add_security_context": "add_security_context", "delay_treatment": "delay_treatment"}, {"rpc_method": "GetProduct", "timestamp": 1737549854.989, "histogram_quantile(0.95, sum(rate(rpc_server_duration_milliseconds_bucket{job=\"opentelemetry-demo/productcatalogservice\"}[90s])) by (rpc_method, le))": 4.837240212663122, "product_catalog_latency": 4.837240212663122, "kubernetes_prometheus_rules": "kubernetes_prometheus_rules", "add_security_context": "add_security_context", "delay_treatment": "delay_treatment"}, {"rpc_method": "GetProduct", "timestamp": 1737549855.989, "histogram_quantile(0.95, sum(rate(rpc_server_duration_milliseconds_bucket{job=\"opentelemetry-demo/productcatalogservice\"}[90s])) by (rpc_method, le))": 4.837240212663122, "product_catalog_latency": 4.837240212663122, "kubernetes_prometheus_rules": "kubernetes_prometheus_rules", "add_security_context": "add_security_context", "delay_treatment": "delay_treatment"}, {"rpc_method": "GetProduct", "timestamp": 1737549856.989, "histogram_quantile(0.95, sum(rate(rpc_server_duration_milliseconds_bucket{job=\"opentelemetry-demo/productcatalogservice\"}[90s])) by (rpc_method, le))": 4.837240212663122, "product_catalog_latency": 4.837240212663122, "kubernetes_prometheus_rules": "kubernetes_prometheus_rules", "add_security_context": "add_security_context", "delay_treatment": "delay_treatment"}, {"rpc_method": "GetProduct", "timestamp": 1737549857.989, "histogram_quantile(0.95, sum(rate(rpc_server_duration_milliseconds_bucket{job=\"opentelemetry-demo/productcatalogservice\"}[90s])) by (rpc_method, le))": 4.837240212663122, "product_catalog_latency": 4.837240212663122, "kubernetes_prometheus_rules": "kubernetes_prometheus_rules", "add_security_context": "add_security_context", "delay_treatment": "delay_treatment"}, {"rpc_method": "GetProduct", "timestamp": 1737549858.989, "histogram_quantile(0.95, sum(rate(rpc_server_duration_milliseconds_bucket{job=\"opentelemetry-demo/productcatalogservice\"}[90s])) by (rpc_method, le))": 4.837240212663122, "product_catalog_latency": 4.837240212663122, "kubernetes_prometheus_rules": "kubernetes_prometheus_rules", "add_security_context": "add_security_context", "delay_treatment": "delay_treatment"}, {"rpc_method": "GetProduct", "timestamp": 1737549859.989, "histogram_quantile(0.95, sum(rate(rpc_server_duration_milliseconds_bucket{job=\"opentelemetry-demo/productcatalogservice\"}[90s])) by (rpc_method, le))": 4.837240212663122, "product_catalog_latency": 4.837240212663122, "kubernetes_prometheus_rules": "kubernetes_prometheus_rules", "add_security_context": "add_security_context", "delay_treatment": "delay_treatment"}, {"rpc_method": "GetProduct", "timestamp": 1737549860.989, "histogram_quantile(0.95, sum(rate(rpc_server_duration_milliseconds_bucket{job=\"opentelemetry-demo/productcatalogservice\"}[90s])) by (rpc_method, le))": 4.837240212663122, "product_catalog_latency": 4.837240212663122, "kubernetes_prometheus_rules": "kubernetes_prometheus_rules", "add_security_context": "add_security_context", "delay_treatment": "delay_treatment"}, {"rpc_method": "GetProduct", "timestamp": 1737549861.989, "histogram_quantile(0.95, sum(rate(rpc_server_duration_milliseconds_bucket{job=\"opentelemetry-demo/productcatalogservice\"}[90s])) by (rpc_method, le))": 4.837240212663122, "product_catalog_latency": 4.837240212663122, "kubernetes_prometheus_rules": "kubernetes_prometheus_rules", "add_security_context": "add_security_context", "delay_treatment": "delay_treatment"}, {"rpc_method": "GetProduct", "timestamp": 1737549862.989, "histogram_quantile(0.95, sum(rate(rpc_server_duration_milliseconds_bucket{job=\"opentelemetry-demo/productcatalogservice\"}[90s])) by (rpc_method, le))": 4.837240212663122, "product_catalog_latency": 4.837240212663122, "kubernetes_prometheus_rules": "kubernetes_prometheus_rules", "add_security_context": "add_security_context", "delay_treatment": "delay_treatment"}, {"rpc_method": "GetProduct", "timestamp": 1737549863.989, "histogram_quantile(0.95, sum(rate(rpc_server_duration_milliseconds_bucket{job=\"opentelemetry-demo/productcatalogservice\"}[90s])) by (rpc_method, le))": 4.837240212663122, "product_catalog_latency": 4.837240212663122, "kubernetes_prometheus_rules": "kubernetes_prometheus_rules", "add_security_context": "add_security_context", "delay_treatment": "delay_treatment"}, {"rpc_method": "GetProduct", "timestamp": 1737549864.989, "histogram_quantile(0.95, sum(rate(rpc_server_duration_milliseconds_bucket{job=\"opentelemetry-demo/productcatalogservice\"}[90s])) by (rpc_method, le))": 4.837240212663122, "product_catalog_latency": 4.837240212663122, "kubernetes_prometheus_rules": "kubernetes_prometheus_rules", "add_security_context": "add_security_context", "delay_treatment": "delay_treatment"}, {"rpc_method": "GetProduct", "timestamp": 1737549865.989, "histogram_quantile(0.95, sum(rate(rpc_server_duration_milliseconds_bucket{job=\"opentelemetry-demo/productcatalogservice\"}[90s])) by (rpc_method, le))": 4.837240212663122, "product_catalog_latency": 4.837240212663122, "kubernetes_prometheus_rules": "kubernetes_prometheus_rules", "add_security_context": "add_security_context", "delay_treatment": "delay_treatment"}, {"rpc_method": "GetProduct", "timestamp": 1737549866.989, "histogram_quantile(0.95, sum(rate(rpc_server_duration_milliseconds_bucket{job=\"opentelemetry-demo/productcatalogservice\"}[90s])) by (rpc_method, le))": 4.837240212663122, "product_catalog_latency": 4.837240212663122, "kubernetes_prometheus_rules": "kubernetes_prometheus_rules", "add_security_context": "add_security_context", "delay_treatment": "delay_treatment"}, {"rpc_method": "GetProduct", "timestamp": 1737549897.989, "histogram_quantile(0.95, sum(rate(rpc_server_duration_milliseconds_bucket{job=\"opentelemetry-demo/productcatalogservice\"}[90s])) by (rpc_method, le))": 4.800249779606229, "product_catalog_latency": 4.800249779606229, "kubernetes_prometheus_rules": "kubernetes_prometheus_rules", "add_security_context": "add_security_context", "delay_treatment": "delay_treatment"}, {"rpc_method": "GetProduct", "timestamp": 1737549898.989, "histogram_quantile(0.95, sum(rate(rpc_server_duration_milliseconds_bucket{job=\"opentelemetry-demo/productcatalogservice\"}[90s])) by (rpc_method, le))": 4.800249779606229, "product_catalog_latency": 4.800249779606229, "kubernetes_prometheus_rules": "kubernetes_prometheus_rules", "add_security_context": "add_security_context", "delay_treatment": "delay_treatment"}, {"rpc_method": "GetProduct", "timestamp": 1737549899.989, "histogram_quantile(0.95, sum(rate(rpc_server_duration_milliseconds_bucket{job=\"opentelemetry-demo/productcatalogservice\"}[90s])) by (rpc_method, le))": 4.800249779606229, "product_catalog_latency": 4.800249779606229, "kubernetes_prometheus_rules": "kubernetes_prometheus_rules", "add_security_context": "add_security_context", "delay_treatment": "delay_treatment"}, {"rpc_method": "GetProduct", "timestamp": 1737549900.989, "histogram_quantile(0.95, sum(rate(rpc_server_duration_milliseconds_bucket{job=\"opentelemetry-demo/productcatalogservice\"}[90s])) by (rpc_method, le))": 4.800249779606229, "product_catalog_latency": 4.800249779606229, "kubernetes_prometheus_rules": "kubernetes_prometheus_rules", "add_security_context": "add_security_context", "delay_treatment": "delay_treatment"}, {"rpc_method": "GetProduct", "timestamp": 1737549901.989, "histogram_quantile(0.95, sum(rate(rpc_server_duration_milliseconds_bucket{job=\"opentelemetry-demo/productcatalogservice\"}[90s])) by (rpc_method, le))": 4.800249779606229, "product_catalog_latency": 4.800249779606229, "kubernetes_prometheus_rules": "kubernetes_prometheus_rules", "add_security_context": "add_security_context", "delay_treatment": "delay_treatment"}, {"rpc_method": "GetProduct", "timestamp": 1737549902.989, "histogram_quantile(0.95, sum(rate(rpc_server_duration_milliseconds_bucket{job=\"opentelemetry-demo/productcatalogservice\"}[90s])) by (rpc_method, le))": 4.800249779606229, "product_catalog_latency": 4.800249779606229, "kubernetes_prometheus_rules": "kubernetes_prometheus_rules", "add_security_context": "add_security_context", "delay_treatment": "delay_treatment"}, {"rpc_method": "GetProduct", "timestamp": 1737549903.989, "histogram_quantile(0.95, sum(rate(rpc_server_duration_milliseconds_bucket{job=\"opentelemetry-demo/productcatalogservice\"}[90s])) by (rpc_method, le))": 4.800249779606229, "product_catalog_latency": 4.800249779606229, "kubernetes_prometheus_rules": "kubernetes_prometheus_rules", "add_security_context": "add_security_context", "delay_treatment": "delay_treatment"}, {"rpc_method": "GetProduct", "timestamp": 1737549904.989, "histogram_quantile(0.95, sum(rate(rpc_server_duration_milliseconds_bucket{job=\"opentelemetry-demo/productcatalogservice\"}[90s])) by (rpc_method, le))": 4.800249779606229, "product_catalog_latency": 4.800249779606229, "kubernetes_prometheus_rules": "kubernetes_prometheus_rules", "add_security_context": "add_security_context", "delay_treatment": "delay_treatment"}, {"rpc_method": "GetProduct", "timestamp": 1737549905.989, "histogram_quantile(0.95, sum(rate(rpc_server_duration_milliseconds_bucket{job=\"opentelemetry-demo/productcatalogservice\"}[90s])) by (rpc_method, le))": 4.800249779606229, "product_catalog_latency": 4.800249779606229, "kubernetes_prometheus_rules": "kubernetes_prometheus_rules", "add_security_context": "add_security_context", "delay_treatment": "delay_treatment"}, {"rpc_method": "GetProduct", "timestamp": 1737549906.989, "histogram_quantile(0.95, sum(rate(rpc_server_duration_milliseconds_bucket{job=\"opentelemetry-demo/productcatalogservice\"}[90s])) by (rpc_method, le))": 4.800249779606229, "product_catalog_latency": 4.800249779606229, "kubernetes_prometheus_rules": "kubernetes_prometheus_rules", "add_security_context": "add_security_context", "delay_treatment": "delay_treatment"}, {"rpc_method": "GetProduct", "timestamp": 1737549907.989, "histogram_quantile(0.95, sum(rate(rpc_server_duration_milliseconds_bucket{job=\"opentelemetry-demo/productcatalogservice\"}[90s])) by (rpc_method, le))": 4.800249779606229, "product_catalog_latency": 4.800249779606229, "kubernetes_prometheus_rules": "kubernetes_prometheus_rules", "add_security_context": "add_security_context", "delay_treatment": "delay_treatment"}, {"rpc_method": "GetProduct", "timestamp": 1737549908.989, "histogram_quantile(0.95, sum(rate(rpc_server_duration_milliseconds_bucket{job=\"opentelemetry-demo/productcatalogservice\"}[90s])) by (rpc_method, le))": 4.800249779606229, "product_catalog_latency": 4.800249779606229, "kubernetes_prometheus_rules": "kubernetes_prometheus_rules", "add_security_context": "add_security_context", "delay_treatment": "delay_treatment"}, {"rpc_method": "GetProduct", "timestamp": 1737549909.989, "histogram_quantile(0.95, sum(rate(rpc_server_duration_milliseconds_bucket{job=\"opentelemetry-demo/productcatalogservice\"}[90s])) by (rpc_method, le))": 4.800249779606229, "product_catalog_latency": 4.800249779606229, "kubernetes_prometheus_rules": "kubernetes_prometheus_rules", "add_security_context": "add_security_context", "delay_treatment": "delay_treatment"}, {"rpc_method": "GetProduct", "timestamp": 1737549910.989, "histogram_quantile(0.95, sum(rate(rpc_server_duration_milliseconds_bucket{job=\"opentelemetry-demo/productcatalogservice\"}[90s])) by (rpc_method, le))": 4.800249779606229, "product_catalog_latency": 4.800249779606229, "kubernetes_prometheus_rules": "kubernetes_prometheus_rules", "add_security_context": "add_security_context", "delay_treatment": "delay_treatment"}, {"rpc_method": "GetProduct", "timestamp": 1737549911.989, "histogram_quantile(0.95, sum(rate(rpc_server_duration_milliseconds_bucket{job=\"opentelemetry-demo/productcatalogservice\"}[90s])) by (rpc_method, le))": 4.800249779606229, "product_catalog_latency": 4.800249779606229, "kubernetes_prometheus_rules": "kubernetes_prometheus_rules", "add_security_context": "add_security_context", "delay_treatment": "delay_treatment"}, {"rpc_method": "GetProduct", "timestamp": 1737549912.989, "histogram_quantile(0.95, sum(rate(rpc_server_duration_milliseconds_bucket{job=\"opentelemetry-demo/productcatalogservice\"}[90s])) by (rpc_method, le))": 4.800249779606229, "product_catalog_latency": 4.800249779606229, "kubernetes_prometheus_rules": "kubernetes_prometheus_rules", "add_security_context": "add_security_context", "delay_treatment": "delay_treatment"}, {"rpc_method": "GetProduct", "timestamp": 1737549913.989, "histogram_quantile(0.95, sum(rate(rpc_server_duration_milliseconds_bucket{job=\"opentelemetry-demo/productcatalogservice\"}[90s])) by (rpc_method, le))": 4.800249779606229, "product_catalog_latency": 4.800249779606229, "kubernetes_prometheus_rules": "kubernetes_prometheus_rules", "add_security_context": "add_security_context", "delay_treatment": "delay_treatment"}, {"rpc_method": "GetProduct", "timestamp": 1737549914.989, "histogram_quantile(0.95, sum(rate(rpc_server_duration_milliseconds_bucket{job=\"opentelemetry-demo/productcatalogservice\"}[90s])) by (rpc_method, le))": 4.800249779606229, "product_catalog_latency": 4.800249779606229, "kubernetes_prometheus_rules": "kubernetes_prometheus_rules", "add_security_context": "add_security_context", "delay_treatment": "delay_treatment"}, {"rpc_method": "GetProduct", "timestamp": 1737549915.989, "histogram_quantile(0.95, sum(rate(rpc_server_duration_milliseconds_bucket{job=\"opentelemetry-demo/productcatalogservice\"}[90s])) by (rpc_method, le))": 4.800249779606229, "product_catalog_latency": 4.800249779606229, "kubernetes_prometheus_rules": "kubernetes_prometheus_rules", "add_security_context": "add_security_context", "delay_treatment": "delay_treatment"}, {"rpc_method": "GetProduct", "timestamp": 1737549916.989, "histogram_quantile(0.95, sum(rate(rpc_server_duration_milliseconds_bucket{job=\"opentelemetry-demo/productcatalogservice\"}[90s])) by (rpc_method, le))": 4.800249779606229, "product_catalog_latency": 4.800249779606229, "kubernetes_prometheus_rules": "kubernetes_prometheus_rules", "add_security_context": "add_security_context", "delay_treatment": "delay_treatment"}, {"rpc_method": "GetProduct", "timestamp": 1737549917.989, "histogram_quantile(0.95, sum(rate(rpc_server_duration_milliseconds_bucket{job=\"opentelemetry-demo/productcatalogservice\"}[90s])) by (rpc_method, le))": 4.800249779606229, "product_catalog_latency": 4.800249779606229, "kubernetes_prometheus_rules": "kubernetes_prometheus_rules", "add_security_context": "add_security_context", "delay_treatment": "delay_treatment"}, {"rpc_method": "GetProduct", "timestamp": 1737549918.989, "histogram_quantile(0.95, sum(rate(rpc_server_duration_milliseconds_bucket{job=\"opentelemetry-demo/productcatalogservice\"}[90s])) by (rpc_method, le))": 4.800249779606229, "product_catalog_latency": 4.800249779606229, "kubernetes_prometheus_rules": "kubernetes_prometheus_rules", "add_security_context": "add_security_context", "delay_treatment": "delay_treatment"}, {"rpc_method": "GetProduct", "timestamp": 1737549919.989, "histogram_quantile(0.95, sum(rate(rpc_server_duration_milliseconds_bucket{job=\"opentelemetry-demo/productcatalogservice\"}[90s])) by (rpc_method, le))": 4.800249779606229, "product_catalog_latency": 4.800249779606229, "kubernetes_prometheus_rules": "kubernetes_prometheus_rules", "add_security_context": "add_security_context", "delay_treatment": "delay_treatment"}, {"rpc_method": "GetProduct", "timestamp": 1737549920.989, "histogram_quantile(0.95, sum(rate(rpc_server_duration_milliseconds_bucket{job=\"opentelemetry-demo/productcatalogservice\"}[90s])) by (rpc_method, le))": 4.800249779606229, "product_catalog_latency": 4.800249779606229, "kubernetes_prometheus_rules": "kubernetes_prometheus_rules", "add_security_context": "add_security_context", "delay_treatment": "delay_treatment"}, {"rpc_method": "GetProduct", "timestamp": 1737549921.989, "histogram_quantile(0.95, sum(rate(rpc_server_duration_milliseconds_bucket{job=\"opentelemetry-demo/productcatalogservice\"}[90s])) by (rpc_method, le))": 4.800249779606229, "product_catalog_latency": 4.800249779606229, "kubernetes_prometheus_rules": "kubernetes_prometheus_rules", "add_security_context": "add_security_context", "delay_treatment": "delay_treatment"}, {"rpc_method": "GetProduct", "timestamp": 1737549922.989, "histogram_quantile(0.95, sum(rate(rpc_server_duration_milliseconds_bucket{job=\"opentelemetry-demo/productcatalogservice\"}[90s])) by (rpc_method, le))": 4.800249779606229, "product_catalog_latency": 4.800249779606229, "kubernetes_prometheus_rules": "kubernetes_prometheus_rules", "add_security_context": "add_security_context", "delay_treatment": "delay_treatment"}, {"rpc_method": "GetProduct", "timestamp": 1737549923.989, "histogram_quantile(0.95, sum(rate(rpc_server_duration_milliseconds_bucket{job=\"opentelemetry-demo/productcatalogservice\"}[90s])) by (rpc_method, le))": 4.800249779606229, "product_catalog_latency": 4.800249779606229, "kubernetes_prometheus_rules": "kubernetes_prometheus_rules", "add_security_context": "add_security_context", "delay_treatment": "delay_treatment"}, {"rpc_method": "GetProduct", "timestamp": 1737549924.989, "histogram_quantile(0.95, sum(rate(rpc_server_duration_milliseconds_bucket{job=\"opentelemetry-demo/productcatalogservice\"}[90s])) by (rpc_method, le))": 4.800249779606229, "product_catalog_latency": 4.800249779606229, "kubernetes_prometheus_rules": "kubernetes_prometheus_rules", "add_security_context": "add_security_context", "delay_treatment": "delay_treatment"}, {"rpc_method": "GetProduct", "timestamp": 1737549925.989, "histogram_quantile(0.95, sum(rate(rpc_server_duration_milliseconds_bucket{job=\"opentelemetry-demo/productcatalogservice\"}[90s])) by (rpc_method, le))": 4.800249779606229, "product_catalog_latency": 4.800249779606229, "kubernetes_prometheus_rules": "kubernetes_prometheus_rules", "add_security_context": "add_security_context", "delay_treatment": "delay_treatment"}, {"rpc_method": "GetProduct", "timestamp": 1737549926.989, "histogram_quantile(0.95, sum(rate(rpc_server_duration_milliseconds_bucket{job=\"opentelemetry-demo/productcatalogservice\"}[90s])) by (rpc_method, le))": 4.800249779606229, "product_catalog_latency": 4.800249779606229, "kubernetes_prometheus_rules": "kubernetes_prometheus_rules", "add_security_context": "add_security_context", "delay_treatment": "delay_treatment"}, {"rpc_method": "GetProduct", "timestamp": 1737549957.989, "histogram_quantile(0.95, sum(rate(rpc_server_duration_milliseconds_bucket{job=\"opentelemetry-demo/productcatalogservice\"}[90s])) by (rpc_method, le))": 4.788370473537603, "product_catalog_latency": 4.788370473537603, "kubernetes_prometheus_rules": "kubernetes_prometheus_rules", "add_security_context": "add_security_context", "delay_treatment": "delay_treatment"}, {"rpc_method": "GetProduct", "timestamp": 1737549958.989, "histogram_quantile(0.95, sum(rate(rpc_server_duration_milliseconds_bucket{job=\"opentelemetry-demo/productcatalogservice\"}[90s])) by (rpc_method, le))": 4.788370473537603, "product_catalog_latency": 4.788370473537603, "kubernetes_prometheus_rules": "kubernetes_prometheus_rules", "add_security_context": "add_security_context", "delay_treatment": "delay_treatment"}, {"rpc_method": "GetProduct", "timestamp": 1737549959.989, "histogram_quantile(0.95, sum(rate(rpc_server_duration_milliseconds_bucket{job=\"opentelemetry-demo/productcatalogservice\"}[90s])) by (rpc_method, le))": 4.788370473537603, "product_catalog_latency": 4.788370473537603, "kubernetes_prometheus_rules": "kubernetes_prometheus_rules", "add_security_context": "add_security_context", "delay_treatment": "delay_treatment"}, {"rpc_method": "GetProduct", "timestamp": 1737549960.989, "histogram_quantile(0.95, sum(rate(rpc_server_duration_milliseconds_bucket{job=\"opentelemetry-demo/productcatalogservice\"}[90s])) by (rpc_method, le))": 4.788370473537603, "product_catalog_latency": 4.788370473537603, "kubernetes_prometheus_rules": "kubernetes_prometheus_rules", "add_security_context": "add_security_context", "delay_treatment": "delay_treatment"}, {"rpc_method": "GetProduct", "timestamp": 1737549961.989, "histogram_quantile(0.95, sum(rate(rpc_server_duration_milliseconds_bucket{job=\"opentelemetry-demo/productcatalogservice\"}[90s])) by (rpc_method, le))": 4.788370473537603, "product_catalog_latency": 4.788370473537603, "kubernetes_prometheus_rules": "kubernetes_prometheus_rules", "add_security_context": "add_security_context", "delay_treatment": "delay_treatment"}, {"rpc_method": "GetProduct", "timestamp": 1737549962.989, "histogram_quantile(0.95, sum(rate(rpc_server_duration_milliseconds_bucket{job=\"opentelemetry-demo/productcatalogservice\"}[90s])) by (rpc_method, le))": 4.788370473537603, "product_catalog_latency": 4.788370473537603, "kubernetes_prometheus_rules": "kubernetes_prometheus_rules", "add_security_context": "add_security_context", "delay_treatment": "delay_treatment"}, {"rpc_method": "GetProduct", "timestamp": 1737549963.989, "histogram_quantile(0.95, sum(rate(rpc_server_duration_milliseconds_bucket{job=\"opentelemetry-demo/productcatalogservice\"}[90s])) by (rpc_method, le))": 4.788370473537603, "product_catalog_latency": 4.788370473537603, "kubernetes_prometheus_rules": "kubernetes_prometheus_rules", "add_security_context": "add_security_context", "delay_treatment": "delay_treatment"}, {"rpc_method": "GetProduct", "timestamp": 1737549964.989, "histogram_quantile(0.95, sum(rate(rpc_server_duration_milliseconds_bucket{job=\"opentelemetry-demo/productcatalogservice\"}[90s])) by (rpc_method, le))": 4.788370473537603, "product_catalog_latency": 4.788370473537603, "kubernetes_prometheus_rules": "kubernetes_prometheus_rules", "add_security_context": "add_security_context", "delay_treatment": "delay_treatment"}, {"rpc_method": "GetProduct", "timestamp": 1737549965.989, "histogram_quantile(0.95, sum(rate(rpc_server_duration_milliseconds_bucket{job=\"opentelemetry-demo/productcatalogservice\"}[90s])) by (rpc_method, le))": 4.788370473537603, "product_catalog_latency": 4.788370473537603, "kubernetes_prometheus_rules": "kubernetes_prometheus_rules", "add_security_context": "add_security_context", "delay_treatment": "delay_treatment"}, {"rpc_method": "GetProduct", "timestamp": 1737549966.989, "histogram_quantile(0.95, sum(rate(rpc_server_duration_milliseconds_bucket{job=\"opentelemetry-demo/productcatalogservice\"}[90s])) by (rpc_method, le))": 4.788370473537603, "product_catalog_latency": 4.788370473537603, "kubernetes_prometheus_rules": "kubernetes_prometheus_rules", "add_security_context": "add_security_context", "delay_treatment": "delay_treatment"}, {"rpc_method": "GetProduct", "timestamp": 1737549967.989, "histogram_quantile(0.95, sum(rate(rpc_server_duration_milliseconds_bucket{job=\"opentelemetry-demo/productcatalogservice\"}[90s])) by (rpc_method, le))": 4.788370473537603, "product_catalog_latency": 4.788370473537603, "kubernetes_prometheus_rules": "kubernetes_prometheus_rules", "add_security_context": "add_security_context", "delay_treatment": "delay_treatment"}, {"rpc_method": "GetProduct", "timestamp": 1737549968.989, "histogram_quantile(0.95, sum(rate(rpc_server_duration_milliseconds_bucket{job=\"opentelemetry-demo/productcatalogservice\"}[90s])) by (rpc_method, le))": 4.788370473537603, "product_catalog_latency": 4.788370473537603, "kubernetes_prometheus_rules": "kubernetes_prometheus_rules", "add_security_context": "add_security_context", "delay_treatment": "delay_treatment"}, {"rpc_method": "GetProduct", "timestamp": 1737549969.989, "histogram_quantile(0.95, sum(rate(rpc_server_duration_milliseconds_bucket{job=\"opentelemetry-demo/productcatalogservice\"}[90s])) by (rpc_method, le))": 4.788370473537603, "product_catalog_latency": 4.788370473537603, "kubernetes_prometheus_rules": "kubernetes_prometheus_rules", "add_security_context": "add_security_context", "delay_treatment": "delay_treatment"}, {"rpc_method": "GetProduct", "timestamp": 1737549970.989, "histogram_quantile(0.95, sum(rate(rpc_server_duration_milliseconds_bucket{job=\"opentelemetry-demo/productcatalogservice\"}[90s])) by (rpc_method, le))": 4.788370473537603, "product_catalog_latency": 4.788370473537603, "kubernetes_prometheus_rules": "kubernetes_prometheus_rules", "add_security_context": "add_security_context", "delay_treatment": "delay_treatment"}, {"rpc_method": "GetProduct", "timestamp": 1737549971.989, "histogram_quantile(0.95, sum(rate(rpc_server_duration_milliseconds_bucket{job=\"opentelemetry-demo/productcatalogservice\"}[90s])) by (rpc_method, le))": 4.788370473537603, "product_catalog_latency": 4.788370473537603, "kubernetes_prometheus_rules": "kubernetes_prometheus_rules", "add_security_context": "add_security_context", "delay_treatment": "delay_treatment"}, {"rpc_method": "GetProduct", "timestamp": 1737549972.989, "histogram_quantile(0.95, sum(rate(rpc_server_duration_milliseconds_bucket{job=\"opentelemetry-demo/productcatalogservice\"}[90s])) by (rpc_method, le))": 4.788370473537603, "product_catalog_latency": 4.788370473537603, "kubernetes_prometheus_rules": "kubernetes_prometheus_rules", "add_security_context": "add_security_context", "delay_treatment": "delay_treatment"}, {"rpc_method": "GetProduct", "timestamp": 1737549973.989, "histogram_quantile(0.95, sum(rate(rpc_server_duration_milliseconds_bucket{job=\"opentelemetry-demo/productcatalogservice\"}[90s])) by (rpc_method, le))": 4.788370473537603, "product_catalog_latency": 4.788370473537603, "kubernetes_prometheus_rules": "kubernetes_prometheus_rules", "add_security_context": "add_security_context", "delay_treatment": "delay_treatment"}, {"rpc_method": "GetProduct", "timestamp": 1737549974.989, "histogram_quantile(0.95, sum(rate(rpc_server_duration_milliseconds_bucket{job=\"opentelemetry-demo/productcatalogservice\"}[90s])) by (rpc_method, le))": 4.788370473537603, "product_catalog_latency": 4.788370473537603, "kubernetes_prometheus_rules": "kubernetes_prometheus_rules", "add_security_context": "add_security_context", "delay_treatment": "delay_treatment"}, {"rpc_method": "GetProduct", "timestamp": 1737549975.989, "histogram_quantile(0.95, sum(rate(rpc_server_duration_milliseconds_bucket{job=\"opentelemetry-demo/productcatalogservice\"}[90s])) by (rpc_method, le))": 4.788370473537603, "product_catalog_latency": 4.788370473537603, "kubernetes_prometheus_rules": "kubernetes_prometheus_rules", "add_security_context": "add_security_context", "delay_treatment": "delay_treatment"}, {"rpc_method": "GetProduct", "timestamp": 1737549976.989, "histogram_quantile(0.95, sum(rate(rpc_server_duration_milliseconds_bucket{job=\"opentelemetry-demo/productcatalogservice\"}[90s])) by (rpc_method, le))": 4.788370473537603, "product_catalog_latency": 4.788370473537603, "kubernetes_prometheus_rules": "kubernetes_prometheus_rules", "add_security_context": "add_security_context", "delay_treatment": "delay_treatment"}, {"rpc_method": "GetProduct", "timestamp": 1737549977.989, "histogram_quantile(0.95, sum(rate(rpc_server_duration_milliseconds_bucket{job=\"opentelemetry-demo/productcatalogservice\"}[90s])) by (rpc_method, le))": 4.788370473537603, "product_catalog_latency": 4.788370473537603, "kubernetes_prometheus_rules": "kubernetes_prometheus_rules", "add_security_context": "add_security_context", "delay_treatment": "delay_treatment"}, {"rpc_method": "GetProduct", "timestamp": 1737549978.989, "histogram_quantile(0.95, sum(rate(rpc_server_duration_milliseconds_bucket{job=\"opentelemetry-demo/productcatalogservice\"}[90s])) by (rpc_method, le))": 4.788370473537603, "product_catalog_latency": 4.788370473537603, "kubernetes_prometheus_rules": "kubernetes_prometheus_rules", "add_security_context": "add_security_context", "delay_treatment": "delay_treatment"}, {"rpc_method": "GetProduct", "timestamp": 1737549979.989, "histogram_quantile(0.95, sum(rate(rpc_server_duration_milliseconds_bucket{job=\"opentelemetry-demo/productcatalogservice\"}[90s])) by (rpc_method, le))": 4.788370473537603, "product_catalog_latency": 4.788370473537603, "kubernetes_prometheus_rules": "kubernetes_prometheus_rules", "add_security_context": "add_security_context", "delay_treatment": "delay_treatment"}, {"rpc_method": "GetProduct", "timestamp": 1737549980.989, "histogram_quantile(0.95, sum(rate(rpc_server_duration_milliseconds_bucket{job=\"opentelemetry-demo/productcatalogservice\"}[90s])) by (rpc_method, le))": 4.788370473537603, "product_catalog_latency": 4.788370473537603, "kubernetes_prometheus_rules": "kubernetes_prometheus_rules", "add_security_context": "add_security_context", "delay_treatment": "delay_treatment"}, {"rpc_method": "GetProduct", "timestamp": 1737549981.989, "histogram_quantile(0.95, sum(rate(rpc_server_duration_milliseconds_bucket{job=\"opentelemetry-demo/productcatalogservice\"}[90s])) by (rpc_method, le))": 4.788370473537603, "product_catalog_latency": 4.788370473537603, "kubernetes_prometheus_rules": "kubernetes_prometheus_rules", "add_security_context": "add_security_context", "delay_treatment": "delay_treatment"}, {"rpc_method": "GetProduct", "timestamp": 1737549982.989, "histogram_quantile(0.95, sum(rate(rpc_server_duration_milliseconds_bucket{job=\"opentelemetry-demo/productcatalogservice\"}[90s])) by (rpc_method, le))": 4.788370473537603, "product_catalog_latency": 4.788370473537603, "kubernetes_prometheus_rules": "kubernetes_prometheus_rules", "add_security_context": "add_security_context", "delay_treatment": "delay_treatment"}, {"rpc_method": "GetProduct", "timestamp": 1737549983.989, "histogram_quantile(0.95, sum(rate(rpc_server_duration_milliseconds_bucket{job=\"opentelemetry-demo/productcatalogservice\"}[90s])) by (rpc_method, le))": 4.788370473537603, "product_catalog_latency": 4.788370473537603, "kubernetes_prometheus_rules": "kubernetes_prometheus_rules", "add_security_context": "add_security_context", "delay_treatment": "delay_treatment"}, {"rpc_method": "GetProduct", "timestamp": 1737549984.989, "histogram_quantile(0.95, sum(rate(rpc_server_duration_milliseconds_bucket{job=\"opentelemetry-demo/productcatalogservice\"}[90s])) by (rpc_method, le))": 4.788370473537603, "product_catalog_latency": 4.788370473537603, "kubernetes_prometheus_rules": "kubernetes_prometheus_rules", "add_security_context": "add_security_context", "delay_treatment": "delay_treatment"}, {"rpc_method": "GetProduct", "timestamp": 1737549985.989, "histogram_quantile(0.95, sum(rate(rpc_server_duration_milliseconds_bucket{job=\"opentelemetry-demo/productcatalogservice\"}[90s])) by (rpc_method, le))": 4.788370473537603, "product_catalog_latency": 4.788370473537603, "kubernetes_prometheus_rules": "kubernetes_prometheus_rules", "add_security_context": "add_security_context", "delay_treatment": "delay_treatment"}, {"rpc_method": "GetProduct", "timestamp": 1737549986.989, "histogram_quantile(0.95, sum(rate(rpc_server_duration_milliseconds_bucket{job=\"opentelemetry-demo/productcatalogservice\"}[90s])) by (rpc_method, le))": 4.788370473537603, "product_catalog_latency": 4.788370473537603, "kubernetes_prometheus_rules": "kubernetes_prometheus_rules", "add_security_context": "add_security_context", "delay_treatment": "delay_treatment"}, {"rpc_method": "ListProducts", "timestamp": 1737549796.989, "histogram_quantile(0.95, sum(rate(rpc_server_duration_milliseconds_bucket{job=\"opentelemetry-demo/productcatalogservice\"}[90s])) by (rpc_method, le))": 4.773399014778326, "product_catalog_latency": 4.773399014778326, "kubernetes_prometheus_rules": "kubernetes_prometheus_rules", "add_security_context": "NoTreatment", "delay_treatment": "NoTreatment"}, {"rpc_method": "ListProducts", "timestamp": 1737549797.989, "histogram_quantile(0.95, sum(rate(rpc_server_duration_milliseconds_bucket{job=\"opentelemetry-demo/productcatalogservice\"}[90s])) by (rpc_method, le))": 4.773399014778326, "product_catalog_latency": 4.773399014778326, "kubernetes_prometheus_rules": "kubernetes_prometheus_rules", "add_security_context": "NoTreatment", "delay_treatment": "NoTreatment"}, {"rpc_method": "ListProducts", "timestamp": 1737549798.989, "histogram_quantile(0.95, sum(rate(rpc_server_duration_milliseconds_bucket{job=\"opentelemetry-demo/productcatalogservice\"}[90s])) by (rpc_method, le))": 4.773399014778326, "product_catalog_latency": 4.773399014778326, "kubernetes_prometheus_rules": "kubernetes_prometheus_rules", "add_security_context": "NoTreatment", "delay_treatment": "NoTreatment"}, {"rpc_method": "ListProducts", "timestamp": 1737549799.989, "histogram_quantile(0.95, sum(rate(rpc_server_duration_milliseconds_bucket{job=\"opentelemetry-demo/productcatalogservice\"}[90s])) by (rpc_method, le))": 4.773399014778326, "product_catalog_latency": 4.773399014778326, "kubernetes_prometheus_rules": "kubernetes_prometheus_rules", "add_security_context": "NoTreatment", "delay_treatment": "NoTreatment"}, {"rpc_method": "ListProducts", "timestamp": 1737549800.989, "histogram_quantile(0.95, sum(rate(rpc_server_duration_milliseconds_bucket{job=\"opentelemetry-demo/productcatalogservice\"}[90s])) by (rpc_method, le))": 4.773399014778326, "product_catalog_latency": 4.773399014778326, "kubernetes_prometheus_rules": "kubernetes_prometheus_rules", "add_security_context": "NoTreatment", "delay_treatment": "NoTreatment"}, {"rpc_method": "ListProducts", "timestamp": 1737549801.989, "histogram_quantile(0.95, sum(rate(rpc_server_duration_milliseconds_bucket{job=\"opentelemetry-demo/productcatalogservice\"}[90s])) by (rpc_method, le))": 4.773399014778326, "product_catalog_latency": 4.773399014778326, "kubernetes_prometheus_rules": "kubernetes_prometheus_rules", "add_security_context": "NoTreatment", "delay_treatment": "NoTreatment"}, {"rpc_method": "ListProducts", "timestamp": 1737549802.989, "histogram_quantile(0.95, sum(rate(rpc_server_duration_milliseconds_bucket{job=\"opentelemetry-demo/productcatalogservice\"}[90s])) by (rpc_method, le))": 4.773399014778326, "product_catalog_latency": 4.773399014778326, "kubernetes_prometheus_rules": "kubernetes_prometheus_rules", "add_security_context": "NoTreatment", "delay_treatment": "NoTreatment"}, {"rpc_method": "ListProducts", "timestamp": 1737549803.989, "histogram_quantile(0.95, sum(rate(rpc_server_duration_milliseconds_bucket{job=\"opentelemetry-demo/productcatalogservice\"}[90s])) by (rpc_method, le))": 4.773399014778326, "product_catalog_latency": 4.773399014778326, "kubernetes_prometheus_rules": "kubernetes_prometheus_rules", "add_security_context": "NoTreatment", "delay_treatment": "NoTreatment"}, {"rpc_method": "ListProducts", "timestamp": 1737549804.989, "histogram_quantile(0.95, sum(rate(rpc_server_duration_milliseconds_bucket{job=\"opentelemetry-demo/productcatalogservice\"}[90s])) by (rpc_method, le))": 4.773399014778326, "product_catalog_latency": 4.773399014778326, "kubernetes_prometheus_rules": "kubernetes_prometheus_rules", "add_security_context": "NoTreatment", "delay_treatment": "NoTreatment"}, {"rpc_method": "ListProducts", "timestamp": 1737549805.989, "histogram_quantile(0.95, sum(rate(rpc_server_duration_milliseconds_bucket{job=\"opentelemetry-demo/productcatalogservice\"}[90s])) by (rpc_method, le))": 4.773399014778326, "product_catalog_latency": 4.773399014778326, "kubernetes_prometheus_rules": "kubernetes_prometheus_rules", "add_security_context": "NoTreatment", "delay_treatment": "NoTreatment"}, {"rpc_method": "ListProducts", "timestamp": 1737549806.989, "histogram_quantile(0.95, sum(rate(rpc_server_duration_milliseconds_bucket{job=\"opentelemetry-demo/productcatalogservice\"}[90s])) by (rpc_method, le))": 4.773399014778326, "product_catalog_latency": 4.773399014778326, "kubernetes_prometheus_rules": "kubernetes_prometheus_rules", "add_security_context": "add_security_context", "delay_treatment": "NoTreatment"}, {"rpc_method": "ListProducts", "timestamp": 1737549837.989, "histogram_quantile(0.95, sum(rate(rpc_server_duration_milliseconds_bucket{job=\"opentelemetry-demo/productcatalogservice\"}[90s])) by (rpc_method, le))": 4.749999999999999, "product_catalog_latency": 4.749999999999999, "kubernetes_prometheus_rules": "kubernetes_prometheus_rules", "add_security_context": "add_security_context", "delay_treatment": "delay_treatment"}, {"rpc_method": "ListProducts", "timestamp": 1737549838.989, "histogram_quantile(0.95, sum(rate(rpc_server_duration_milliseconds_bucket{job=\"opentelemetry-demo/productcatalogservice\"}[90s])) by (rpc_method, le))": 4.749999999999999, "product_catalog_latency": 4.749999999999999, "kubernetes_prometheus_rules": "kubernetes_prometheus_rules", "add_security_context": "add_security_context", "delay_treatment": "delay_treatment"}, {"rpc_method": "ListProducts", "timestamp": 1737549839.989, "histogram_quantile(0.95, sum(rate(rpc_server_duration_milliseconds_bucket{job=\"opentelemetry-demo/productcatalogservice\"}[90s])) by (rpc_method, le))": 4.749999999999999, "product_catalog_latency": 4.749999999999999, "kubernetes_prometheus_rules": "kubernetes_prometheus_rules", "add_security_context": "add_security_context", "delay_treatment": "delay_treatment"}, {"rpc_method": "ListProducts", "timestamp": 1737549840.989, "histogram_quantile(0.95, sum(rate(rpc_server_duration_milliseconds_bucket{job=\"opentelemetry-demo/productcatalogservice\"}[90s])) by (rpc_method, le))": 4.749999999999999, "product_catalog_latency": 4.749999999999999, "kubernetes_prometheus_rules": "kubernetes_prometheus_rules", "add_security_context": "add_security_context", "delay_treatment": "delay_treatment"}, {"rpc_method": "ListProducts", "timestamp": 1737549841.989, "histogram_quantile(0.95, sum(rate(rpc_server_duration_milliseconds_bucket{job=\"opentelemetry-demo/productcatalogservice\"}[90s])) by (rpc_method, le))": 4.749999999999999, "product_catalog_latency": 4.749999999999999, "kubernetes_prometheus_rules": "kubernetes_prometheus_rules", "add_security_context": "add_security_context", "delay_treatment": "delay_treatment"}, {"rpc_method": "ListProducts", "timestamp": 1737549842.989, "histogram_quantile(0.95, sum(rate(rpc_server_duration_milliseconds_bucket{job=\"opentelemetry-demo/productcatalogservice\"}[90s])) by (rpc_method, le))": 4.749999999999999, "product_catalog_latency": 4.749999999999999, "kubernetes_prometheus_rules": "kubernetes_prometheus_rules", "add_security_context": "add_security_context", "delay_treatment": "delay_treatment"}, {"rpc_method": "ListProducts", "timestamp": 1737549843.989, "histogram_quantile(0.95, sum(rate(rpc_server_duration_milliseconds_bucket{job=\"opentelemetry-demo/productcatalogservice\"}[90s])) by (rpc_method, le))": 4.749999999999999, "product_catalog_latency": 4.749999999999999, "kubernetes_prometheus_rules": "kubernetes_prometheus_rules", "add_security_context": "add_security_context", "delay_treatment": "delay_treatment"}, {"rpc_method": "ListProducts", "timestamp": 1737549844.989, "histogram_quantile(0.95, sum(rate(rpc_server_duration_milliseconds_bucket{job=\"opentelemetry-demo/productcatalogservice\"}[90s])) by (rpc_method, le))": 4.749999999999999, "product_catalog_latency": 4.749999999999999, "kubernetes_prometheus_rules": "kubernetes_prometheus_rules", "add_security_context": "add_security_context", "delay_treatment": "delay_treatment"}, {"rpc_method": "ListProducts", "timestamp": 1737549845.989, "histogram_quantile(0.95, sum(rate(rpc_server_duration_milliseconds_bucket{job=\"opentelemetry-demo/productcatalogservice\"}[90s])) by (rpc_method, le))": 4.749999999999999, "product_catalog_latency": 4.749999999999999, "kubernetes_prometheus_rules": "kubernetes_prometheus_rules", "add_security_context": "add_security_context", "delay_treatment": "delay_treatment"}, {"rpc_method": "ListProducts", "timestamp": 1737549846.989, "histogram_quantile(0.95, sum(rate(rpc_server_duration_milliseconds_bucket{job=\"opentelemetry-demo/productcatalogservice\"}[90s])) by (rpc_method, le))": 4.749999999999999, "product_catalog_latency": 4.749999999999999, "kubernetes_prometheus_rules": "kubernetes_prometheus_rules", "add_security_context": "add_security_context", "delay_treatment": "delay_treatment"}, {"rpc_method": "ListProducts", "timestamp": 1737549847.989, "histogram_quantile(0.95, sum(rate(rpc_server_duration_milliseconds_bucket{job=\"opentelemetry-demo/productcatalogservice\"}[90s])) by (rpc_method, le))": 4.749999999999999, "product_catalog_latency": 4.749999999999999, "kubernetes_prometheus_rules": "kubernetes_prometheus_rules", "add_security_context": "add_security_context", "delay_treatment": "delay_treatment"}, {"rpc_method": "ListProducts", "timestamp": 1737549848.989, "histogram_quantile(0.95, sum(rate(rpc_server_duration_milliseconds_bucket{job=\"opentelemetry-demo/productcatalogservice\"}[90s])) by (rpc_method, le))": 4.749999999999999, "product_catalog_latency": 4.749999999999999, "kubernetes_prometheus_rules": "kubernetes_prometheus_rules", "add_security_context": "add_security_context", "delay_treatment": "delay_treatment"}, {"rpc_method": "ListProducts", "timestamp": 1737549849.989, "histogram_quantile(0.95, sum(rate(rpc_server_duration_milliseconds_bucket{job=\"opentelemetry-demo/productcatalogservice\"}[90s])) by (rpc_method, le))": 4.749999999999999, "product_catalog_latency": 4.749999999999999, "kubernetes_prometheus_rules": "kubernetes_prometheus_rules", "add_security_context": "add_security_context", "delay_treatment": "delay_treatment"}, {"rpc_method": "ListProducts", "timestamp": 1737549850.989, "histogram_quantile(0.95, sum(rate(rpc_server_duration_milliseconds_bucket{job=\"opentelemetry-demo/productcatalogservice\"}[90s])) by (rpc_method, le))": 4.749999999999999, "product_catalog_latency": 4.749999999999999, "kubernetes_prometheus_rules": "kubernetes_prometheus_rules", "add_security_context": "add_security_context", "delay_treatment": "delay_treatment"}, {"rpc_method": "ListProducts", "timestamp": 1737549851.989, "histogram_quantile(0.95, sum(rate(rpc_server_duration_milliseconds_bucket{job=\"opentelemetry-demo/productcatalogservice\"}[90s])) by (rpc_method, le))": 4.749999999999999, "product_catalog_latency": 4.749999999999999, "kubernetes_prometheus_rules": "kubernetes_prometheus_rules", "add_security_context": "add_security_context", "delay_treatment": "delay_treatment"}, {"rpc_method": "ListProducts", "timestamp": 1737549852.989, "histogram_quantile(0.95, sum(rate(rpc_server_duration_milliseconds_bucket{job=\"opentelemetry-demo/productcatalogservice\"}[90s])) by (rpc_method, le))": 4.749999999999999, "product_catalog_latency": 4.749999999999999, "kubernetes_prometheus_rules": "kubernetes_prometheus_rules", "add_security_context": "add_security_context", "delay_treatment": "delay_treatment"}, {"rpc_method": "ListProducts", "timestamp": 1737549853.989, "histogram_quantile(0.95, sum(rate(rpc_server_duration_milliseconds_bucket{job=\"opentelemetry-demo/productcatalogservice\"}[90s])) by (rpc_method, le))": 4.749999999999999, "product_catalog_latency": 4.749999999999999, "kubernetes_prometheus_rules": "kubernetes_prometheus_rules", "add_security_context": "add_security_context", "delay_treatment": "delay_treatment"}, {"rpc_method": "ListProducts", "timestamp": 1737549854.989, "histogram_quantile(0.95, sum(rate(rpc_server_duration_milliseconds_bucket{job=\"opentelemetry-demo/productcatalogservice\"}[90s])) by (rpc_method, le))": 4.749999999999999, "product_catalog_latency": 4.749999999999999, "kubernetes_prometheus_rules": "kubernetes_prometheus_rules", "add_security_context": "add_security_context", "delay_treatment": "delay_treatment"}, {"rpc_method": "ListProducts", "timestamp": 1737549855.989, "histogram_quantile(0.95, sum(rate(rpc_server_duration_milliseconds_bucket{job=\"opentelemetry-demo/productcatalogservice\"}[90s])) by (rpc_method, le))": 4.749999999999999, "product_catalog_latency": 4.749999999999999, "kubernetes_prometheus_rules": "kubernetes_prometheus_rules", "add_security_context": "add_security_context", "delay_treatment": "delay_treatment"}, {"rpc_method": "ListProducts", "timestamp": 1737549856.989, "histogram_quantile(0.95, sum(rate(rpc_server_duration_milliseconds_bucket{job=\"opentelemetry-demo/productcatalogservice\"}[90s])) by (rpc_method, le))": 4.749999999999999, "product_catalog_latency": 4.749999999999999, "kubernetes_prometheus_rules": "kubernetes_prometheus_rules", "add_security_context": "add_security_context", "delay_treatment": "delay_treatment"}, {"rpc_method": "ListProducts", "timestamp": 1737549857.989, "histogram_quantile(0.95, sum(rate(rpc_server_duration_milliseconds_bucket{job=\"opentelemetry-demo/productcatalogservice\"}[90s])) by (rpc_method, le))": 4.749999999999999, "product_catalog_latency": 4.749999999999999, "kubernetes_prometheus_rules": "kubernetes_prometheus_rules", "add_security_context": "add_security_context", "delay_treatment": "delay_treatment"}, {"rpc_method": "ListProducts", "timestamp": 1737549858.989, "histogram_quantile(0.95, sum(rate(rpc_server_duration_milliseconds_bucket{job=\"opentelemetry-demo/productcatalogservice\"}[90s])) by (rpc_method, le))": 4.749999999999999, "product_catalog_latency": 4.749999999999999, "kubernetes_prometheus_rules": "kubernetes_prometheus_rules", "add_security_context": "add_security_context", "delay_treatment": "delay_treatment"}, {"rpc_method": "ListProducts", "timestamp": 1737549859.989, "histogram_quantile(0.95, sum(rate(rpc_server_duration_milliseconds_bucket{job=\"opentelemetry-demo/productcatalogservice\"}[90s])) by (rpc_method, le))": 4.749999999999999, "product_catalog_latency": 4.749999999999999, "kubernetes_prometheus_rules": "kubernetes_prometheus_rules", "add_security_context": "add_security_context", "delay_treatment": "delay_treatment"}, {"rpc_method": "ListProducts", "timestamp": 1737549860.989, "histogram_quantile(0.95, sum(rate(rpc_server_duration_milliseconds_bucket{job=\"opentelemetry-demo/productcatalogservice\"}[90s])) by (rpc_method, le))": 4.749999999999999, "product_catalog_latency": 4.749999999999999, "kubernetes_prometheus_rules": "kubernetes_prometheus_rules", "add_security_context": "add_security_context", "delay_treatment": "delay_treatment"}, {"rpc_method": "ListProducts", "timestamp": 1737549861.989, "histogram_quantile(0.95, sum(rate(rpc_server_duration_milliseconds_bucket{job=\"opentelemetry-demo/productcatalogservice\"}[90s])) by (rpc_method, le))": 4.749999999999999, "product_catalog_latency": 4.749999999999999, "kubernetes_prometheus_rules": "kubernetes_prometheus_rules", "add_security_context": "add_security_context", "delay_treatment": "delay_treatment"}, {"rpc_method": "ListProducts", "timestamp": 1737549862.989, "histogram_quantile(0.95, sum(rate(rpc_server_duration_milliseconds_bucket{job=\"opentelemetry-demo/productcatalogservice\"}[90s])) by (rpc_method, le))": 4.749999999999999, "product_catalog_latency": 4.749999999999999, "kubernetes_prometheus_rules": "kubernetes_prometheus_rules", "add_security_context": "add_security_context", "delay_treatment": "delay_treatment"}, {"rpc_method": "ListProducts", "timestamp": 1737549863.989, "histogram_quantile(0.95, sum(rate(rpc_server_duration_milliseconds_bucket{job=\"opentelemetry-demo/productcatalogservice\"}[90s])) by (rpc_method, le))": 4.749999999999999, "product_catalog_latency": 4.749999999999999, "kubernetes_prometheus_rules": "kubernetes_prometheus_rules", "add_security_context": "add_security_context", "delay_treatment": "delay_treatment"}, {"rpc_method": "ListProducts", "timestamp": 1737549864.989, "histogram_quantile(0.95, sum(rate(rpc_server_duration_milliseconds_bucket{job=\"opentelemetry-demo/productcatalogservice\"}[90s])) by (rpc_method, le))": 4.749999999999999, "product_catalog_latency": 4.749999999999999, "kubernetes_prometheus_rules": "kubernetes_prometheus_rules", "add_security_context": "add_security_context", "delay_treatment": "delay_treatment"}, {"rpc_method": "ListProducts", "timestamp": 1737549865.989, "histogram_quantile(0.95, sum(rate(rpc_server_duration_milliseconds_bucket{job=\"opentelemetry-demo/productcatalogservice\"}[90s])) by (rpc_method, le))": 4.749999999999999, "product_catalog_latency": 4.749999999999999, "kubernetes_prometheus_rules": "kubernetes_prometheus_rules", "add_security_context": "add_security_context", "delay_treatment": "delay_treatment"}, {"rpc_method": "ListProducts", "timestamp": 1737549866.989, "histogram_quantile(0.95, sum(rate(rpc_server_duration_milliseconds_bucket{job=\"opentelemetry-demo/productcatalogservice\"}[90s])) by (rpc_method, le))": 4.749999999999999, "product_catalog_latency": 4.749999999999999, "kubernetes_prometheus_rules": "kubernetes_prometheus_rules", "add_security_context": "add_security_context", "delay_treatment": "delay_treatment"}, {"rpc_method": "ListProducts", "timestamp": 1737549897.989, "histogram_quantile(0.95, sum(rate(rpc_server_duration_milliseconds_bucket{job=\"opentelemetry-demo/productcatalogservice\"}[90s])) by (rpc_method, le))": 4.75, "product_catalog_latency": 4.75, "kubernetes_prometheus_rules": "kubernetes_prometheus_rules", "add_security_context": "add_security_context", "delay_treatment": "delay_treatment"}, {"rpc_method": "ListProducts", "timestamp": 1737549898.989, "histogram_quantile(0.95, sum(rate(rpc_server_duration_milliseconds_bucket{job=\"opentelemetry-demo/productcatalogservice\"}[90s])) by (rpc_method, le))": 4.75, "product_catalog_latency": 4.75, "kubernetes_prometheus_rules": "kubernetes_prometheus_rules", "add_security_context": "add_security_context", "delay_treatment": "delay_treatment"}, {"rpc_method": "ListProducts", "timestamp": 1737549899.989, "histogram_quantile(0.95, sum(rate(rpc_server_duration_milliseconds_bucket{job=\"opentelemetry-demo/productcatalogservice\"}[90s])) by (rpc_method, le))": 4.75, "product_catalog_latency": 4.75, "kubernetes_prometheus_rules": "kubernetes_prometheus_rules", "add_security_context": "add_security_context", "delay_treatment": "delay_treatment"}, {"rpc_method": "ListProducts", "timestamp": 1737549900.989, "histogram_quantile(0.95, sum(rate(rpc_server_duration_milliseconds_bucket{job=\"opentelemetry-demo/productcatalogservice\"}[90s])) by (rpc_method, le))": 4.75, "product_catalog_latency": 4.75, "kubernetes_prometheus_rules": "kubernetes_prometheus_rules", "add_security_context": "add_security_context", "delay_treatment": "delay_treatment"}, {"rpc_method": "ListProducts", "timestamp": 1737549901.989, "histogram_quantile(0.95, sum(rate(rpc_server_duration_milliseconds_bucket{job=\"opentelemetry-demo/productcatalogservice\"}[90s])) by (rpc_method, le))": 4.75, "product_catalog_latency": 4.75, "kubernetes_prometheus_rules": "kubernetes_prometheus_rules", "add_security_context": "add_security_context", "delay_treatment": "delay_treatment"}, {"rpc_method": "ListProducts", "timestamp": 1737549902.989, "histogram_quantile(0.95, sum(rate(rpc_server_duration_milliseconds_bucket{job=\"opentelemetry-demo/productcatalogservice\"}[90s])) by (rpc_method, le))": 4.75, "product_catalog_latency": 4.75, "kubernetes_prometheus_rules": "kubernetes_prometheus_rules", "add_security_context": "add_security_context", "delay_treatment": "delay_treatment"}, {"rpc_method": "ListProducts", "timestamp": 1737549903.989, "histogram_quantile(0.95, sum(rate(rpc_server_duration_milliseconds_bucket{job=\"opentelemetry-demo/productcatalogservice\"}[90s])) by (rpc_method, le))": 4.75, "product_catalog_latency": 4.75, "kubernetes_prometheus_rules": "kubernetes_prometheus_rules", "add_security_context": "add_security_context", "delay_treatment": "delay_treatment"}, {"rpc_method": "ListProducts", "timestamp": 1737549904.989, "histogram_quantile(0.95, sum(rate(rpc_server_duration_milliseconds_bucket{job=\"opentelemetry-demo/productcatalogservice\"}[90s])) by (rpc_method, le))": 4.75, "product_catalog_latency": 4.75, "kubernetes_prometheus_rules": "kubernetes_prometheus_rules", "add_security_context": "add_security_context", "delay_treatment": "delay_treatment"}, {"rpc_method": "ListProducts", "timestamp": 1737549905.989, "histogram_quantile(0.95, sum(rate(rpc_server_duration_milliseconds_bucket{job=\"opentelemetry-demo/productcatalogservice\"}[90s])) by (rpc_method, le))": 4.75, "product_catalog_latency": 4.75, "kubernetes_prometheus_rules": "kubernetes_prometheus_rules", "add_security_context": "add_security_context", "delay_treatment": "delay_treatment"}, {"rpc_method": "ListProducts", "timestamp": 1737549906.989, "histogram_quantile(0.95, sum(rate(rpc_server_duration_milliseconds_bucket{job=\"opentelemetry-demo/productcatalogservice\"}[90s])) by (rpc_method, le))": 4.75, "product_catalog_latency": 4.75, "kubernetes_prometheus_rules": "kubernetes_prometheus_rules", "add_security_context": "add_security_context", "delay_treatment": "delay_treatment"}, {"rpc_method": "ListProducts", "timestamp": 1737549907.989, "histogram_quantile(0.95, sum(rate(rpc_server_duration_milliseconds_bucket{job=\"opentelemetry-demo/productcatalogservice\"}[90s])) by (rpc_method, le))": 4.75, "product_catalog_latency": 4.75, "kubernetes_prometheus_rules": "kubernetes_prometheus_rules", "add_security_context": "add_security_context", "delay_treatment": "delay_treatment"}, {"rpc_method": "ListProducts", "timestamp": 1737549908.989, "histogram_quantile(0.95, sum(rate(rpc_server_duration_milliseconds_bucket{job=\"opentelemetry-demo/productcatalogservice\"}[90s])) by (rpc_method, le))": 4.75, "product_catalog_latency": 4.75, "kubernetes_prometheus_rules": "kubernetes_prometheus_rules", "add_security_context": "add_security_context", "delay_treatment": "delay_treatment"}, {"rpc_method": "ListProducts", "timestamp": 1737549909.989, "histogram_quantile(0.95, sum(rate(rpc_server_duration_milliseconds_bucket{job=\"opentelemetry-demo/productcatalogservice\"}[90s])) by (rpc_method, le))": 4.75, "product_catalog_latency": 4.75, "kubernetes_prometheus_rules": "kubernetes_prometheus_rules", "add_security_context": "add_security_context", "delay_treatment": "delay_treatment"}, {"rpc_method": "ListProducts", "timestamp": 1737549910.989, "histogram_quantile(0.95, sum(rate(rpc_server_duration_milliseconds_bucket{job=\"opentelemetry-demo/productcatalogservice\"}[90s])) by (rpc_method, le))": 4.75, "product_catalog_latency": 4.75, "kubernetes_prometheus_rules": "kubernetes_prometheus_rules", "add_security_context": "add_security_context", "delay_treatment": "delay_treatment"}, {"rpc_method": "ListProducts", "timestamp": 1737549911.989, "histogram_quantile(0.95, sum(rate(rpc_server_duration_milliseconds_bucket{job=\"opentelemetry-demo/productcatalogservice\"}[90s])) by (rpc_method, le))": 4.75, "product_catalog_latency": 4.75, "kubernetes_prometheus_rules": "kubernetes_prometheus_rules", "add_security_context": "add_security_context", "delay_treatment": "delay_treatment"}, {"rpc_method": "ListProducts", "timestamp": 1737549912.989, "histogram_quantile(0.95, sum(rate(rpc_server_duration_milliseconds_bucket{job=\"opentelemetry-demo/productcatalogservice\"}[90s])) by (rpc_method, le))": 4.75, "product_catalog_latency": 4.75, "kubernetes_prometheus_rules": "kubernetes_prometheus_rules", "add_security_context": "add_security_context", "delay_treatment": "delay_treatment"}, {"rpc_method": "ListProducts", "timestamp": 1737549913.989, "histogram_quantile(0.95, sum(rate(rpc_server_duration_milliseconds_bucket{job=\"opentelemetry-demo/productcatalogservice\"}[90s])) by (rpc_method, le))": 4.75, "product_catalog_latency": 4.75, "kubernetes_prometheus_rules": "kubernetes_prometheus_rules", "add_security_context": "add_security_context", "delay_treatment": "delay_treatment"}, {"rpc_method": "ListProducts", "timestamp": 1737549914.989, "histogram_quantile(0.95, sum(rate(rpc_server_duration_milliseconds_bucket{job=\"opentelemetry-demo/productcatalogservice\"}[90s])) by (rpc_method, le))": 4.75, "product_catalog_latency": 4.75, "kubernetes_prometheus_rules": "kubernetes_prometheus_rules", "add_security_context": "add_security_context", "delay_treatment": "delay_treatment"}, {"rpc_method": "ListProducts", "timestamp": 1737549915.989, "histogram_quantile(0.95, sum(rate(rpc_server_duration_milliseconds_bucket{job=\"opentelemetry-demo/productcatalogservice\"}[90s])) by (rpc_method, le))": 4.75, "product_catalog_latency": 4.75, "kubernetes_prometheus_rules": "kubernetes_prometheus_rules", "add_security_context": "add_security_context", "delay_treatment": "delay_treatment"}, {"rpc_method": "ListProducts", "timestamp": 1737549916.989, "histogram_quantile(0.95, sum(rate(rpc_server_duration_milliseconds_bucket{job=\"opentelemetry-demo/productcatalogservice\"}[90s])) by (rpc_method, le))": 4.75, "product_catalog_latency": 4.75, "kubernetes_prometheus_rules": "kubernetes_prometheus_rules", "add_security_context": "add_security_context", "delay_treatment": "delay_treatment"}, {"rpc_method": "ListProducts", "timestamp": 1737549917.989, "histogram_quantile(0.95, sum(rate(rpc_server_duration_milliseconds_bucket{job=\"opentelemetry-demo/productcatalogservice\"}[90s])) by (rpc_method, le))": 4.75, "product_catalog_latency": 4.75, "kubernetes_prometheus_rules": "kubernetes_prometheus_rules", "add_security_context": "add_security_context", "delay_treatment": "delay_treatment"}, {"rpc_method": "ListProducts", "timestamp": 1737549918.989, "histogram_quantile(0.95, sum(rate(rpc_server_duration_milliseconds_bucket{job=\"opentelemetry-demo/productcatalogservice\"}[90s])) by (rpc_method, le))": 4.75, "product_catalog_latency": 4.75, "kubernetes_prometheus_rules": "kubernetes_prometheus_rules", "add_security_context": "add_security_context", "delay_treatment": "delay_treatment"}, {"rpc_method": "ListProducts", "timestamp": 1737549919.989, "histogram_quantile(0.95, sum(rate(rpc_server_duration_milliseconds_bucket{job=\"opentelemetry-demo/productcatalogservice\"}[90s])) by (rpc_method, le))": 4.75, "product_catalog_latency": 4.75, "kubernetes_prometheus_rules": "kubernetes_prometheus_rules", "add_security_context": "add_security_context", "delay_treatment": "delay_treatment"}, {"rpc_method": "ListProducts", "timestamp": 1737549920.989, "histogram_quantile(0.95, sum(rate(rpc_server_duration_milliseconds_bucket{job=\"opentelemetry-demo/productcatalogservice\"}[90s])) by (rpc_method, le))": 4.75, "product_catalog_latency": 4.75, "kubernetes_prometheus_rules": "kubernetes_prometheus_rules", "add_security_context": "add_security_context", "delay_treatment": "delay_treatment"}, {"rpc_method": "ListProducts", "timestamp": 1737549921.989, "histogram_quantile(0.95, sum(rate(rpc_server_duration_milliseconds_bucket{job=\"opentelemetry-demo/productcatalogservice\"}[90s])) by (rpc_method, le))": 4.75, "product_catalog_latency": 4.75, "kubernetes_prometheus_rules": "kubernetes_prometheus_rules", "add_security_context": "add_security_context", "delay_treatment": "delay_treatment"}, {"rpc_method": "ListProducts", "timestamp": 1737549922.989, "histogram_quantile(0.95, sum(rate(rpc_server_duration_milliseconds_bucket{job=\"opentelemetry-demo/productcatalogservice\"}[90s])) by (rpc_method, le))": 4.75, "product_catalog_latency": 4.75, "kubernetes_prometheus_rules": "kubernetes_prometheus_rules", "add_security_context": "add_security_context", "delay_treatment": "delay_treatment"}, {"rpc_method": "ListProducts", "timestamp": 1737549923.989, "histogram_quantile(0.95, sum(rate(rpc_server_duration_milliseconds_bucket{job=\"opentelemetry-demo/productcatalogservice\"}[90s])) by (rpc_method, le))": 4.75, "product_catalog_latency": 4.75, "kubernetes_prometheus_rules": "kubernetes_prometheus_rules", "add_security_context": "add_security_context", "delay_treatment": "delay_treatment"}, {"rpc_method": "ListProducts", "timestamp": 1737549924.989, "histogram_quantile(0.95, sum(rate(rpc_server_duration_milliseconds_bucket{job=\"opentelemetry-demo/productcatalogservice\"}[90s])) by (rpc_method, le))": 4.75, "product_catalog_latency": 4.75, "kubernetes_prometheus_rules": "kubernetes_prometheus_rules", "add_security_context": "add_security_context", "delay_treatment": "delay_treatment"}, {"rpc_method": "ListProducts", "timestamp": 1737549925.989, "histogram_quantile(0.95, sum(rate(rpc_server_duration_milliseconds_bucket{job=\"opentelemetry-demo/productcatalogservice\"}[90s])) by (rpc_method, le))": 4.75, "product_catalog_latency": 4.75, "kubernetes_prometheus_rules": "kubernetes_prometheus_rules", "add_security_context": "add_security_context", "delay_treatment": "delay_treatment"}, {"rpc_method": "ListProducts", "timestamp": 1737549926.989, "histogram_quantile(0.95, sum(rate(rpc_server_duration_milliseconds_bucket{job=\"opentelemetry-demo/productcatalogservice\"}[90s])) by (rpc_method, le))": 4.75, "product_catalog_latency": 4.75, "kubernetes_prometheus_rules": "kubernetes_prometheus_rules", "add_security_context": "add_security_context", "delay_treatment": "delay_treatment"}, {"rpc_method": "ListProducts", "timestamp": 1737549957.989, "histogram_quantile(0.95, sum(rate(rpc_server_duration_milliseconds_bucket{job=\"opentelemetry-demo/productcatalogservice\"}[90s])) by (rpc_method, le))": 4.757686084142395, "product_catalog_latency": 4.757686084142395, "kubernetes_prometheus_rules": "kubernetes_prometheus_rules", "add_security_context": "add_security_context", "delay_treatment": "delay_treatment"}, {"rpc_method": "ListProducts", "timestamp": 1737549958.989, "histogram_quantile(0.95, sum(rate(rpc_server_duration_milliseconds_bucket{job=\"opentelemetry-demo/productcatalogservice\"}[90s])) by (rpc_method, le))": 4.757686084142395, "product_catalog_latency": 4.757686084142395, "kubernetes_prometheus_rules": "kubernetes_prometheus_rules", "add_security_context": "add_security_context", "delay_treatment": "delay_treatment"}, {"rpc_method": "ListProducts", "timestamp": 1737549959.989, "histogram_quantile(0.95, sum(rate(rpc_server_duration_milliseconds_bucket{job=\"opentelemetry-demo/productcatalogservice\"}[90s])) by (rpc_method, le))": 4.757686084142395, "product_catalog_latency": 4.757686084142395, "kubernetes_prometheus_rules": "kubernetes_prometheus_rules", "add_security_context": "add_security_context", "delay_treatment": "delay_treatment"}, {"rpc_method": "ListProducts", "timestamp": 1737549960.989, "histogram_quantile(0.95, sum(rate(rpc_server_duration_milliseconds_bucket{job=\"opentelemetry-demo/productcatalogservice\"}[90s])) by (rpc_method, le))": 4.757686084142395, "product_catalog_latency": 4.757686084142395, "kubernetes_prometheus_rules": "kubernetes_prometheus_rules", "add_security_context": "add_security_context", "delay_treatment": "delay_treatment"}, {"rpc_method": "ListProducts", "timestamp": 1737549961.989, "histogram_quantile(0.95, sum(rate(rpc_server_duration_milliseconds_bucket{job=\"opentelemetry-demo/productcatalogservice\"}[90s])) by (rpc_method, le))": 4.757686084142395, "product_catalog_latency": 4.757686084142395, "kubernetes_prometheus_rules": "kubernetes_prometheus_rules", "add_security_context": "add_security_context", "delay_treatment": "delay_treatment"}, {"rpc_method": "ListProducts", "timestamp": 1737549962.989, "histogram_quantile(0.95, sum(rate(rpc_server_duration_milliseconds_bucket{job=\"opentelemetry-demo/productcatalogservice\"}[90s])) by (rpc_method, le))": 4.757686084142395, "product_catalog_latency": 4.757686084142395, "kubernetes_prometheus_rules": "kubernetes_prometheus_rules", "add_security_context": "add_security_context", "delay_treatment": "delay_treatment"}, {"rpc_method": "ListProducts", "timestamp": 1737549963.989, "histogram_quantile(0.95, sum(rate(rpc_server_duration_milliseconds_bucket{job=\"opentelemetry-demo/productcatalogservice\"}[90s])) by (rpc_method, le))": 4.757686084142395, "product_catalog_latency": 4.757686084142395, "kubernetes_prometheus_rules": "kubernetes_prometheus_rules", "add_security_context": "add_security_context", "delay_treatment": "delay_treatment"}, {"rpc_method": "ListProducts", "timestamp": 1737549964.989, "histogram_quantile(0.95, sum(rate(rpc_server_duration_milliseconds_bucket{job=\"opentelemetry-demo/productcatalogservice\"}[90s])) by (rpc_method, le))": 4.757686084142395, "product_catalog_latency": 4.757686084142395, "kubernetes_prometheus_rules": "kubernetes_prometheus_rules", "add_security_context": "add_security_context", "delay_treatment": "delay_treatment"}, {"rpc_method": "ListProducts", "timestamp": 1737549965.989, "histogram_quantile(0.95, sum(rate(rpc_server_duration_milliseconds_bucket{job=\"opentelemetry-demo/productcatalogservice\"}[90s])) by (rpc_method, le))": 4.757686084142395, "product_catalog_latency": 4.757686084142395, "kubernetes_prometheus_rules": "kubernetes_prometheus_rules", "add_security_context": "add_security_context", "delay_treatment": "delay_treatment"}, {"rpc_method": "ListProducts", "timestamp": 1737549966.989, "histogram_quantile(0.95, sum(rate(rpc_server_duration_milliseconds_bucket{job=\"opentelemetry-demo/productcatalogservice\"}[90s])) by (rpc_method, le))": 4.757686084142395, "product_catalog_latency": 4.757686084142395, "kubernetes_prometheus_rules": "kubernetes_prometheus_rules", "add_security_context": "add_security_context", "delay_treatment": "delay_treatment"}, {"rpc_method": "ListProducts", "timestamp": 1737549967.989, "histogram_quantile(0.95, sum(rate(rpc_server_duration_milliseconds_bucket{job=\"opentelemetry-demo/productcatalogservice\"}[90s])) by (rpc_method, le))": 4.757686084142395, "product_catalog_latency": 4.757686084142395, "kubernetes_prometheus_rules": "kubernetes_prometheus_rules", "add_security_context": "add_security_context", "delay_treatment": "delay_treatment"}, {"rpc_method": "ListProducts", "timestamp": 1737549968.989, "histogram_quantile(0.95, sum(rate(rpc_server_duration_milliseconds_bucket{job=\"opentelemetry-demo/productcatalogservice\"}[90s])) by (rpc_method, le))": 4.757686084142395, "product_catalog_latency": 4.757686084142395, "kubernetes_prometheus_rules": "kubernetes_prometheus_rules", "add_security_context": "add_security_context", "delay_treatment": "delay_treatment"}, {"rpc_method": "ListProducts", "timestamp": 1737549969.989, "histogram_quantile(0.95, sum(rate(rpc_server_duration_milliseconds_bucket{job=\"opentelemetry-demo/productcatalogservice\"}[90s])) by (rpc_method, le))": 4.757686084142395, "product_catalog_latency": 4.757686084142395, "kubernetes_prometheus_rules": "kubernetes_prometheus_rules", "add_security_context": "add_security_context", "delay_treatment": "delay_treatment"}, {"rpc_method": "ListProducts", "timestamp": 1737549970.989, "histogram_quantile(0.95, sum(rate(rpc_server_duration_milliseconds_bucket{job=\"opentelemetry-demo/productcatalogservice\"}[90s])) by (rpc_method, le))": 4.757686084142395, "product_catalog_latency": 4.757686084142395, "kubernetes_prometheus_rules": "kubernetes_prometheus_rules", "add_security_context": "add_security_context", "delay_treatment": "delay_treatment"}, {"rpc_method": "ListProducts", "timestamp": 1737549971.989, "histogram_quantile(0.95, sum(rate(rpc_server_duration_milliseconds_bucket{job=\"opentelemetry-demo/productcatalogservice\"}[90s])) by (rpc_method, le))": 4.757686084142395, "product_catalog_latency": 4.757686084142395, "kubernetes_prometheus_rules": "kubernetes_prometheus_rules", "add_security_context": "add_security_context", "delay_treatment": "delay_treatment"}, {"rpc_method": "ListProducts", "timestamp": 1737549972.989, "histogram_quantile(0.95, sum(rate(rpc_server_duration_milliseconds_bucket{job=\"opentelemetry-demo/productcatalogservice\"}[90s])) by (rpc_method, le))": 4.757686084142395, "product_catalog_latency": 4.757686084142395, "kubernetes_prometheus_rules": "kubernetes_prometheus_rules", "add_security_context": "add_security_context", "delay_treatment": "delay_treatment"}, {"rpc_method": "ListProducts", "timestamp": 1737549973.989, "histogram_quantile(0.95, sum(rate(rpc_server_duration_milliseconds_bucket{job=\"opentelemetry-demo/productcatalogservice\"}[90s])) by (rpc_method, le))": 4.757686084142395, "product_catalog_latency": 4.757686084142395, "kubernetes_prometheus_rules": "kubernetes_prometheus_rules", "add_security_context": "add_security_context", "delay_treatment": "delay_treatment"}, {"rpc_method": "ListProducts", "timestamp": 1737549974.989, "histogram_quantile(0.95, sum(rate(rpc_server_duration_milliseconds_bucket{job=\"opentelemetry-demo/productcatalogservice\"}[90s])) by (rpc_method, le))": 4.757686084142395, "product_catalog_latency": 4.757686084142395, "kubernetes_prometheus_rules": "kubernetes_prometheus_rules", "add_security_context": "add_security_context", "delay_treatment": "delay_treatment"}, {"rpc_method": "ListProducts", "timestamp": 1737549975.989, "histogram_quantile(0.95, sum(rate(rpc_server_duration_milliseconds_bucket{job=\"opentelemetry-demo/productcatalogservice\"}[90s])) by (rpc_method, le))": 4.757686084142395, "product_catalog_latency": 4.757686084142395, "kubernetes_prometheus_rules": "kubernetes_prometheus_rules", "add_security_context": "add_security_context", "delay_treatment": "delay_treatment"}, {"rpc_method": "ListProducts", "timestamp": 1737549976.989, "histogram_quantile(0.95, sum(rate(rpc_server_duration_milliseconds_bucket{job=\"opentelemetry-demo/productcatalogservice\"}[90s])) by (rpc_method, le))": 4.757686084142395, "product_catalog_latency": 4.757686084142395, "kubernetes_prometheus_rules": "kubernetes_prometheus_rules", "add_security_context": "add_security_context", "delay_treatment": "delay_treatment"}, {"rpc_method": "ListProducts", "timestamp": 1737549977.989, "histogram_quantile(0.95, sum(rate(rpc_server_duration_milliseconds_bucket{job=\"opentelemetry-demo/productcatalogservice\"}[90s])) by (rpc_method, le))": 4.757686084142395, "product_catalog_latency": 4.757686084142395, "kubernetes_prometheus_rules": "kubernetes_prometheus_rules", "add_security_context": "add_security_context", "delay_treatment": "delay_treatment"}, {"rpc_method": "ListProducts", "timestamp": 1737549978.989, "histogram_quantile(0.95, sum(rate(rpc_server_duration_milliseconds_bucket{job=\"opentelemetry-demo/productcatalogservice\"}[90s])) by (rpc_method, le))": 4.757686084142395, "product_catalog_latency": 4.757686084142395, "kubernetes_prometheus_rules": "kubernetes_prometheus_rules", "add_security_context": "add_security_context", "delay_treatment": "delay_treatment"}, {"rpc_method": "ListProducts", "timestamp": 1737549979.989, "histogram_quantile(0.95, sum(rate(rpc_server_duration_milliseconds_bucket{job=\"opentelemetry-demo/productcatalogservice\"}[90s])) by (rpc_method, le))": 4.757686084142395, "product_catalog_latency": 4.757686084142395, "kubernetes_prometheus_rules": "kubernetes_prometheus_rules", "add_security_context": "add_security_context", "delay_treatment": "delay_treatment"}, {"rpc_method": "ListProducts", "timestamp": 1737549980.989, "histogram_quantile(0.95, sum(rate(rpc_server_duration_milliseconds_bucket{job=\"opentelemetry-demo/productcatalogservice\"}[90s])) by (rpc_method, le))": 4.757686084142395, "product_catalog_latency": 4.757686084142395, "kubernetes_prometheus_rules": "kubernetes_prometheus_rules", "add_security_context": "add_security_context", "delay_treatment": "delay_treatment"}, {"rpc_method": "ListProducts", "timestamp": 1737549981.989, "histogram_quantile(0.95, sum(rate(rpc_server_duration_milliseconds_bucket{job=\"opentelemetry-demo/productcatalogservice\"}[90s])) by (rpc_method, le))": 4.757686084142395, "product_catalog_latency": 4.757686084142395, "kubernetes_prometheus_rules": "kubernetes_prometheus_rules", "add_security_context": "add_security_context", "delay_treatment": "delay_treatment"}, {"rpc_method": "ListProducts", "timestamp": 1737549982.989, "histogram_quantile(0.95, sum(rate(rpc_server_duration_milliseconds_bucket{job=\"opentelemetry-demo/productcatalogservice\"}[90s])) by (rpc_method, le))": 4.757686084142395, "product_catalog_latency": 4.757686084142395, "kubernetes_prometheus_rules": "kubernetes_prometheus_rules", "add_security_context": "add_security_context", "delay_treatment": "delay_treatment"}, {"rpc_method": "ListProducts", "timestamp": 1737549983.989, "histogram_quantile(0.95, sum(rate(rpc_server_duration_milliseconds_bucket{job=\"opentelemetry-demo/productcatalogservice\"}[90s])) by (rpc_method, le))": 4.757686084142395, "product_catalog_latency": 4.757686084142395, "kubernetes_prometheus_rules": "kubernetes_prometheus_rules", "add_security_context": "add_security_context", "delay_treatment": "delay_treatment"}, {"rpc_method": "ListProducts", "timestamp": 1737549984.989, "histogram_quantile(0.95, sum(rate(rpc_server_duration_milliseconds_bucket{job=\"opentelemetry-demo/productcatalogservice\"}[90s])) by (rpc_method, le))": 4.757686084142395, "product_catalog_latency": 4.757686084142395, "kubernetes_prometheus_rules": "kubernetes_prometheus_rules", "add_security_context": "add_security_context", "delay_treatment": "delay_treatment"}, {"rpc_method": "ListProducts", "timestamp": 1737549985.989, "histogram_quantile(0.95, sum(rate(rpc_server_duration_milliseconds_bucket{job=\"opentelemetry-demo/productcatalogservice\"}[90s])) by (rpc_method, le))": 4.757686084142395, "product_catalog_latency": 4.757686084142395, "kubernetes_prometheus_rules": "kubernetes_prometheus_rules", "add_security_context": "add_security_context", "delay_treatment": "delay_treatment"}, {"rpc_method": "ListProducts", "timestamp": 1737549986.989, "histogram_quantile(0.95, sum(rate(rpc_server_duration_milliseconds_bucket{job=\"opentelemetry-demo/productcatalogservice\"}[90s])) by (rpc_method, le))": 4.757686084142395, "product_catalog_latency": 4.757686084142395, "kubernetes_prometheus_rules": "kubernetes_prometheus_rules", "add_security_context": "add_security_context", "delay_treatment": "delay_treatment"}]