[{"instance": "kube-prometheus-prometheus-node-exporter.oxn-external-monitoring.svc:9100", "timestamp": 1737550903.801, "sum(rate(node_network_receive_errs_total[1m]) + rate(node_network_transmit_errs_total[1m])) by (instance)": 0, "network_errors": 0, "kubernetes_prometheus_rules": "kubernetes_prometheus_rules", "add_security_context": "NoTreatment", "delay_treatment": "NoTreatment"}, {"instance": "kube-prometheus-prometheus-node-exporter.oxn-external-monitoring.svc:9100", "timestamp": 1737550904.801, "sum(rate(node_network_receive_errs_total[1m]) + rate(node_network_transmit_errs_total[1m])) by (instance)": 0, "network_errors": 0, "kubernetes_prometheus_rules": "kubernetes_prometheus_rules", "add_security_context": "NoTreatment", "delay_treatment": "NoTreatment"}, {"instance": "kube-prometheus-prometheus-node-exporter.oxn-external-monitoring.svc:9100", "timestamp": 1737550905.801, "sum(rate(node_network_receive_errs_total[1m]) + rate(node_network_transmit_errs_total[1m])) by (instance)": 0, "network_errors": 0, "kubernetes_prometheus_rules": "kubernetes_prometheus_rules", "add_security_context": "NoTreatment", "delay_treatment": "NoTreatment"}, {"instance": "kube-prometheus-prometheus-node-exporter.oxn-external-monitoring.svc:9100", "timestamp": 1737550906.801, "sum(rate(node_network_receive_errs_total[1m]) + rate(node_network_transmit_errs_total[1m])) by (instance)": 0, "network_errors": 0, "kubernetes_prometheus_rules": "kubernetes_prometheus_rules", "add_security_context": "NoTreatment", "delay_treatment": "NoTreatment"}, {"instance": "kube-prometheus-prometheus-node-exporter.oxn-external-monitoring.svc:9100", "timestamp": 1737550907.801, "sum(rate(node_network_receive_errs_total[1m]) + rate(node_network_transmit_errs_total[1m])) by (instance)": 0, "network_errors": 0, "kubernetes_prometheus_rules": "kubernetes_prometheus_rules", "add_security_context": "NoTreatment", "delay_treatment": "NoTreatment"}, {"instance": "kube-prometheus-prometheus-node-exporter.oxn-external-monitoring.svc:9100", "timestamp": 1737550908.801, "sum(rate(node_network_receive_errs_total[1m]) + rate(node_network_transmit_errs_total[1m])) by (instance)": 0, "network_errors": 0, "kubernetes_prometheus_rules": "kubernetes_prometheus_rules", "add_security_context": "NoTreatment", "delay_treatment": "NoTreatment"}, {"instance": "kube-prometheus-prometheus-node-exporter.oxn-external-monitoring.svc:9100", "timestamp": 1737550909.801, "sum(rate(node_network_receive_errs_total[1m]) + rate(node_network_transmit_errs_total[1m])) by (instance)": 0, "network_errors": 0, "kubernetes_prometheus_rules": "kubernetes_prometheus_rules", "add_security_context": "NoTreatment", "delay_treatment": "NoTreatment"}, {"instance": "kube-prometheus-prometheus-node-exporter.oxn-external-monitoring.svc:9100", "timestamp": 1737550910.801, "sum(rate(node_network_receive_errs_total[1m]) + rate(node_network_transmit_errs_total[1m])) by (instance)": 0, "network_errors": 0, "kubernetes_prometheus_rules": "kubernetes_prometheus_rules", "add_security_context": "NoTreatment", "delay_treatment": "NoTreatment"}, {"instance": "kube-prometheus-prometheus-node-exporter.oxn-external-monitoring.svc:9100", "timestamp": 1737550911.801, "sum(rate(node_network_receive_errs_total[1m]) + rate(node_network_transmit_errs_total[1m])) by (instance)": 0, "network_errors": 0, "kubernetes_prometheus_rules": "kubernetes_prometheus_rules", "add_security_context": "NoTreatment", "delay_treatment": "NoTreatment"}, {"instance": "kube-prometheus-prometheus-node-exporter.oxn-external-monitoring.svc:9100", "timestamp": 1737550912.801, "sum(rate(node_network_receive_errs_total[1m]) + rate(node_network_transmit_errs_total[1m])) by (instance)": 0, "network_errors": 0, "kubernetes_prometheus_rules": "kubernetes_prometheus_rules", "add_security_context": "NoTreatment", "delay_treatment": "NoTreatment"}, {"instance": "kube-prometheus-prometheus-node-exporter.oxn-external-monitoring.svc:9100", "timestamp": 1737550913.801, "sum(rate(node_network_receive_errs_total[1m]) + rate(node_network_transmit_errs_total[1m])) by (instance)": 0, "network_errors": 0, "kubernetes_prometheus_rules": "kubernetes_prometheus_rules", "add_security_context": "add_security_context", "delay_treatment": "NoTreatment"}, {"instance": "kube-prometheus-prometheus-node-exporter.oxn-external-monitoring.svc:9100", "timestamp": 1737550914.801, "sum(rate(node_network_receive_errs_total[1m]) + rate(node_network_transmit_errs_total[1m])) by (instance)": 0, "network_errors": 0, "kubernetes_prometheus_rules": "kubernetes_prometheus_rules", "add_security_context": "add_security_context", "delay_treatment": "delay_treatment"}, {"instance": "kube-prometheus-prometheus-node-exporter.oxn-external-monitoring.svc:9100", "timestamp": 1737550915.801, "sum(rate(node_network_receive_errs_total[1m]) + rate(node_network_transmit_errs_total[1m])) by (instance)": 0, "network_errors": 0, "kubernetes_prometheus_rules": "kubernetes_prometheus_rules", "add_security_context": "add_security_context", "delay_treatment": "delay_treatment"}, {"instance": "kube-prometheus-prometheus-node-exporter.oxn-external-monitoring.svc:9100", "timestamp": 1737550916.801, "sum(rate(node_network_receive_errs_total[1m]) + rate(node_network_transmit_errs_total[1m])) by (instance)": 0, "network_errors": 0, "kubernetes_prometheus_rules": "kubernetes_prometheus_rules", "add_security_context": "add_security_context", "delay_treatment": "delay_treatment"}, {"instance": "kube-prometheus-prometheus-node-exporter.oxn-external-monitoring.svc:9100", "timestamp": 1737550917.801, "sum(rate(node_network_receive_errs_total[1m]) + rate(node_network_transmit_errs_total[1m])) by (instance)": 0, "network_errors": 0, "kubernetes_prometheus_rules": "kubernetes_prometheus_rules", "add_security_context": "add_security_context", "delay_treatment": "delay_treatment"}, {"instance": "kube-prometheus-prometheus-node-exporter.oxn-external-monitoring.svc:9100", "timestamp": 1737550918.801, "sum(rate(node_network_receive_errs_total[1m]) + rate(node_network_transmit_errs_total[1m])) by (instance)": 0, "network_errors": 0, "kubernetes_prometheus_rules": "kubernetes_prometheus_rules", "add_security_context": "add_security_context", "delay_treatment": "delay_treatment"}, {"instance": "kube-prometheus-prometheus-node-exporter.oxn-external-monitoring.svc:9100", "timestamp": 1737550919.801, "sum(rate(node_network_receive_errs_total[1m]) + rate(node_network_transmit_errs_total[1m])) by (instance)": 0, "network_errors": 0, "kubernetes_prometheus_rules": "kubernetes_prometheus_rules", "add_security_context": "add_security_context", "delay_treatment": "delay_treatment"}, {"instance": "kube-prometheus-prometheus-node-exporter.oxn-external-monitoring.svc:9100", "timestamp": 1737550920.801, "sum(rate(node_network_receive_errs_total[1m]) + rate(node_network_transmit_errs_total[1m])) by (instance)": 0, "network_errors": 0, "kubernetes_prometheus_rules": "kubernetes_prometheus_rules", "add_security_context": "add_security_context", "delay_treatment": "delay_treatment"}, {"instance": "kube-prometheus-prometheus-node-exporter.oxn-external-monitoring.svc:9100", "timestamp": 1737550921.801, "sum(rate(node_network_receive_errs_total[1m]) + rate(node_network_transmit_errs_total[1m])) by (instance)": 0, "network_errors": 0, "kubernetes_prometheus_rules": "kubernetes_prometheus_rules", "add_security_context": "add_security_context", "delay_treatment": "delay_treatment"}, {"instance": "kube-prometheus-prometheus-node-exporter.oxn-external-monitoring.svc:9100", "timestamp": 1737550922.801, "sum(rate(node_network_receive_errs_total[1m]) + rate(node_network_transmit_errs_total[1m])) by (instance)": 0, "network_errors": 0, "kubernetes_prometheus_rules": "kubernetes_prometheus_rules", "add_security_context": "add_security_context", "delay_treatment": "delay_treatment"}, {"instance": "kube-prometheus-prometheus-node-exporter.oxn-external-monitoring.svc:9100", "timestamp": 1737550923.801, "sum(rate(node_network_receive_errs_total[1m]) + rate(node_network_transmit_errs_total[1m])) by (instance)": 0, "network_errors": 0, "kubernetes_prometheus_rules": "kubernetes_prometheus_rules", "add_security_context": "add_security_context", "delay_treatment": "delay_treatment"}, {"instance": "kube-prometheus-prometheus-node-exporter.oxn-external-monitoring.svc:9100", "timestamp": 1737550924.801, "sum(rate(node_network_receive_errs_total[1m]) + rate(node_network_transmit_errs_total[1m])) by (instance)": 0, "network_errors": 0, "kubernetes_prometheus_rules": "kubernetes_prometheus_rules", "add_security_context": "add_security_context", "delay_treatment": "delay_treatment"}, {"instance": "kube-prometheus-prometheus-node-exporter.oxn-external-monitoring.svc:9100", "timestamp": 1737550925.801, "sum(rate(node_network_receive_errs_total[1m]) + rate(node_network_transmit_errs_total[1m])) by (instance)": 0, "network_errors": 0, "kubernetes_prometheus_rules": "kubernetes_prometheus_rules", "add_security_context": "add_security_context", "delay_treatment": "delay_treatment"}, {"instance": "kube-prometheus-prometheus-node-exporter.oxn-external-monitoring.svc:9100", "timestamp": 1737550926.801, "sum(rate(node_network_receive_errs_total[1m]) + rate(node_network_transmit_errs_total[1m])) by (instance)": 0, "network_errors": 0, "kubernetes_prometheus_rules": "kubernetes_prometheus_rules", "add_security_context": "add_security_context", "delay_treatment": "delay_treatment"}, {"instance": "kube-prometheus-prometheus-node-exporter.oxn-external-monitoring.svc:9100", "timestamp": 1737550927.801, "sum(rate(node_network_receive_errs_total[1m]) + rate(node_network_transmit_errs_total[1m])) by (instance)": 0, "network_errors": 0, "kubernetes_prometheus_rules": "kubernetes_prometheus_rules", "add_security_context": "add_security_context", "delay_treatment": "delay_treatment"}, {"instance": "kube-prometheus-prometheus-node-exporter.oxn-external-monitoring.svc:9100", "timestamp": 1737550928.801, "sum(rate(node_network_receive_errs_total[1m]) + rate(node_network_transmit_errs_total[1m])) by (instance)": 0, "network_errors": 0, "kubernetes_prometheus_rules": "kubernetes_prometheus_rules", "add_security_context": "add_security_context", "delay_treatment": "delay_treatment"}, {"instance": "kube-prometheus-prometheus-node-exporter.oxn-external-monitoring.svc:9100", "timestamp": 1737550929.801, "sum(rate(node_network_receive_errs_total[1m]) + rate(node_network_transmit_errs_total[1m])) by (instance)": 0, "network_errors": 0, "kubernetes_prometheus_rules": "kubernetes_prometheus_rules", "add_security_context": "add_security_context", "delay_treatment": "delay_treatment"}, {"instance": "kube-prometheus-prometheus-node-exporter.oxn-external-monitoring.svc:9100", "timestamp": 1737550930.801, "sum(rate(node_network_receive_errs_total[1m]) + rate(node_network_transmit_errs_total[1m])) by (instance)": 0, "network_errors": 0, "kubernetes_prometheus_rules": "kubernetes_prometheus_rules", "add_security_context": "add_security_context", "delay_treatment": "delay_treatment"}, {"instance": "kube-prometheus-prometheus-node-exporter.oxn-external-monitoring.svc:9100", "timestamp": 1737550931.801, "sum(rate(node_network_receive_errs_total[1m]) + rate(node_network_transmit_errs_total[1m])) by (instance)": 0, "network_errors": 0, "kubernetes_prometheus_rules": "kubernetes_prometheus_rules", "add_security_context": "add_security_context", "delay_treatment": "delay_treatment"}, {"instance": "kube-prometheus-prometheus-node-exporter.oxn-external-monitoring.svc:9100", "timestamp": 1737550932.801, "sum(rate(node_network_receive_errs_total[1m]) + rate(node_network_transmit_errs_total[1m])) by (instance)": 0, "network_errors": 0, "kubernetes_prometheus_rules": "kubernetes_prometheus_rules", "add_security_context": "add_security_context", "delay_treatment": "delay_treatment"}, {"instance": "kube-prometheus-prometheus-node-exporter.oxn-external-monitoring.svc:9100", "timestamp": 1737550933.801, "sum(rate(node_network_receive_errs_total[1m]) + rate(node_network_transmit_errs_total[1m])) by (instance)": 0, "network_errors": 0, "kubernetes_prometheus_rules": "kubernetes_prometheus_rules", "add_security_context": "add_security_context", "delay_treatment": "delay_treatment"}, {"instance": "kube-prometheus-prometheus-node-exporter.oxn-external-monitoring.svc:9100", "timestamp": 1737550934.801, "sum(rate(node_network_receive_errs_total[1m]) + rate(node_network_transmit_errs_total[1m])) by (instance)": 0, "network_errors": 0, "kubernetes_prometheus_rules": "kubernetes_prometheus_rules", "add_security_context": "add_security_context", "delay_treatment": "delay_treatment"}, {"instance": "kube-prometheus-prometheus-node-exporter.oxn-external-monitoring.svc:9100", "timestamp": 1737550935.801, "sum(rate(node_network_receive_errs_total[1m]) + rate(node_network_transmit_errs_total[1m])) by (instance)": 0, "network_errors": 0, "kubernetes_prometheus_rules": "kubernetes_prometheus_rules", "add_security_context": "add_security_context", "delay_treatment": "delay_treatment"}, {"instance": "kube-prometheus-prometheus-node-exporter.oxn-external-monitoring.svc:9100", "timestamp": 1737550936.801, "sum(rate(node_network_receive_errs_total[1m]) + rate(node_network_transmit_errs_total[1m])) by (instance)": 0, "network_errors": 0, "kubernetes_prometheus_rules": "kubernetes_prometheus_rules", "add_security_context": "add_security_context", "delay_treatment": "delay_treatment"}, {"instance": "kube-prometheus-prometheus-node-exporter.oxn-external-monitoring.svc:9100", "timestamp": 1737550937.801, "sum(rate(node_network_receive_errs_total[1m]) + rate(node_network_transmit_errs_total[1m])) by (instance)": 0, "network_errors": 0, "kubernetes_prometheus_rules": "kubernetes_prometheus_rules", "add_security_context": "add_security_context", "delay_treatment": "delay_treatment"}, {"instance": "kube-prometheus-prometheus-node-exporter.oxn-external-monitoring.svc:9100", "timestamp": 1737550938.801, "sum(rate(node_network_receive_errs_total[1m]) + rate(node_network_transmit_errs_total[1m])) by (instance)": 0, "network_errors": 0, "kubernetes_prometheus_rules": "kubernetes_prometheus_rules", "add_security_context": "add_security_context", "delay_treatment": "delay_treatment"}, {"instance": "kube-prometheus-prometheus-node-exporter.oxn-external-monitoring.svc:9100", "timestamp": 1737550939.801, "sum(rate(node_network_receive_errs_total[1m]) + rate(node_network_transmit_errs_total[1m])) by (instance)": 0, "network_errors": 0, "kubernetes_prometheus_rules": "kubernetes_prometheus_rules", "add_security_context": "add_security_context", "delay_treatment": "delay_treatment"}, {"instance": "kube-prometheus-prometheus-node-exporter.oxn-external-monitoring.svc:9100", "timestamp": 1737550940.801, "sum(rate(node_network_receive_errs_total[1m]) + rate(node_network_transmit_errs_total[1m])) by (instance)": 0, "network_errors": 0, "kubernetes_prometheus_rules": "kubernetes_prometheus_rules", "add_security_context": "add_security_context", "delay_treatment": "delay_treatment"}, {"instance": "kube-prometheus-prometheus-node-exporter.oxn-external-monitoring.svc:9100", "timestamp": 1737550941.801, "sum(rate(node_network_receive_errs_total[1m]) + rate(node_network_transmit_errs_total[1m])) by (instance)": 0, "network_errors": 0, "kubernetes_prometheus_rules": "kubernetes_prometheus_rules", "add_security_context": "add_security_context", "delay_treatment": "delay_treatment"}, {"instance": "kube-prometheus-prometheus-node-exporter.oxn-external-monitoring.svc:9100", "timestamp": 1737550942.801, "sum(rate(node_network_receive_errs_total[1m]) + rate(node_network_transmit_errs_total[1m])) by (instance)": 0, "network_errors": 0, "kubernetes_prometheus_rules": "kubernetes_prometheus_rules", "add_security_context": "add_security_context", "delay_treatment": "delay_treatment"}, {"instance": "kube-prometheus-prometheus-node-exporter.oxn-external-monitoring.svc:9100", "timestamp": 1737550943.801, "sum(rate(node_network_receive_errs_total[1m]) + rate(node_network_transmit_errs_total[1m])) by (instance)": 0, "network_errors": 0, "kubernetes_prometheus_rules": "kubernetes_prometheus_rules", "add_security_context": "add_security_context", "delay_treatment": "delay_treatment"}, {"instance": "kube-prometheus-prometheus-node-exporter.oxn-external-monitoring.svc:9100", "timestamp": 1737550944.801, "sum(rate(node_network_receive_errs_total[1m]) + rate(node_network_transmit_errs_total[1m])) by (instance)": 0, "network_errors": 0, "kubernetes_prometheus_rules": "kubernetes_prometheus_rules", "add_security_context": "add_security_context", "delay_treatment": "delay_treatment"}, {"instance": "kube-prometheus-prometheus-node-exporter.oxn-external-monitoring.svc:9100", "timestamp": 1737550945.801, "sum(rate(node_network_receive_errs_total[1m]) + rate(node_network_transmit_errs_total[1m])) by (instance)": 0, "network_errors": 0, "kubernetes_prometheus_rules": "kubernetes_prometheus_rules", "add_security_context": "add_security_context", "delay_treatment": "delay_treatment"}, {"instance": "kube-prometheus-prometheus-node-exporter.oxn-external-monitoring.svc:9100", "timestamp": 1737550946.801, "sum(rate(node_network_receive_errs_total[1m]) + rate(node_network_transmit_errs_total[1m])) by (instance)": 0, "network_errors": 0, "kubernetes_prometheus_rules": "kubernetes_prometheus_rules", "add_security_context": "add_security_context", "delay_treatment": "delay_treatment"}, {"instance": "kube-prometheus-prometheus-node-exporter.oxn-external-monitoring.svc:9100", "timestamp": 1737550947.801, "sum(rate(node_network_receive_errs_total[1m]) + rate(node_network_transmit_errs_total[1m])) by (instance)": 0, "network_errors": 0, "kubernetes_prometheus_rules": "kubernetes_prometheus_rules", "add_security_context": "add_security_context", "delay_treatment": "delay_treatment"}, {"instance": "kube-prometheus-prometheus-node-exporter.oxn-external-monitoring.svc:9100", "timestamp": 1737550948.801, "sum(rate(node_network_receive_errs_total[1m]) + rate(node_network_transmit_errs_total[1m])) by (instance)": 0, "network_errors": 0, "kubernetes_prometheus_rules": "kubernetes_prometheus_rules", "add_security_context": "add_security_context", "delay_treatment": "delay_treatment"}, {"instance": "kube-prometheus-prometheus-node-exporter.oxn-external-monitoring.svc:9100", "timestamp": 1737550949.801, "sum(rate(node_network_receive_errs_total[1m]) + rate(node_network_transmit_errs_total[1m])) by (instance)": 0, "network_errors": 0, "kubernetes_prometheus_rules": "kubernetes_prometheus_rules", "add_security_context": "add_security_context", "delay_treatment": "delay_treatment"}, {"instance": "kube-prometheus-prometheus-node-exporter.oxn-external-monitoring.svc:9100", "timestamp": 1737550950.801, "sum(rate(node_network_receive_errs_total[1m]) + rate(node_network_transmit_errs_total[1m])) by (instance)": 0, "network_errors": 0, "kubernetes_prometheus_rules": "kubernetes_prometheus_rules", "add_security_context": "add_security_context", "delay_treatment": "delay_treatment"}, {"instance": "kube-prometheus-prometheus-node-exporter.oxn-external-monitoring.svc:9100", "timestamp": 1737550951.801, "sum(rate(node_network_receive_errs_total[1m]) + rate(node_network_transmit_errs_total[1m])) by (instance)": 0, "network_errors": 0, "kubernetes_prometheus_rules": "kubernetes_prometheus_rules", "add_security_context": "add_security_context", "delay_treatment": "delay_treatment"}, {"instance": "kube-prometheus-prometheus-node-exporter.oxn-external-monitoring.svc:9100", "timestamp": 1737550952.801, "sum(rate(node_network_receive_errs_total[1m]) + rate(node_network_transmit_errs_total[1m])) by (instance)": 0, "network_errors": 0, "kubernetes_prometheus_rules": "kubernetes_prometheus_rules", "add_security_context": "add_security_context", "delay_treatment": "delay_treatment"}, {"instance": "kube-prometheus-prometheus-node-exporter.oxn-external-monitoring.svc:9100", "timestamp": 1737550953.801, "sum(rate(node_network_receive_errs_total[1m]) + rate(node_network_transmit_errs_total[1m])) by (instance)": 0, "network_errors": 0, "kubernetes_prometheus_rules": "kubernetes_prometheus_rules", "add_security_context": "add_security_context", "delay_treatment": "delay_treatment"}, {"instance": "kube-prometheus-prometheus-node-exporter.oxn-external-monitoring.svc:9100", "timestamp": 1737550954.801, "sum(rate(node_network_receive_errs_total[1m]) + rate(node_network_transmit_errs_total[1m])) by (instance)": 0, "network_errors": 0, "kubernetes_prometheus_rules": "kubernetes_prometheus_rules", "add_security_context": "add_security_context", "delay_treatment": "delay_treatment"}, {"instance": "kube-prometheus-prometheus-node-exporter.oxn-external-monitoring.svc:9100", "timestamp": 1737550955.801, "sum(rate(node_network_receive_errs_total[1m]) + rate(node_network_transmit_errs_total[1m])) by (instance)": 0, "network_errors": 0, "kubernetes_prometheus_rules": "kubernetes_prometheus_rules", "add_security_context": "add_security_context", "delay_treatment": "delay_treatment"}, {"instance": "kube-prometheus-prometheus-node-exporter.oxn-external-monitoring.svc:9100", "timestamp": 1737550956.801, "sum(rate(node_network_receive_errs_total[1m]) + rate(node_network_transmit_errs_total[1m])) by (instance)": 0, "network_errors": 0, "kubernetes_prometheus_rules": "kubernetes_prometheus_rules", "add_security_context": "add_security_context", "delay_treatment": "delay_treatment"}, {"instance": "kube-prometheus-prometheus-node-exporter.oxn-external-monitoring.svc:9100", "timestamp": 1737550957.801, "sum(rate(node_network_receive_errs_total[1m]) + rate(node_network_transmit_errs_total[1m])) by (instance)": 0, "network_errors": 0, "kubernetes_prometheus_rules": "kubernetes_prometheus_rules", "add_security_context": "add_security_context", "delay_treatment": "delay_treatment"}, {"instance": "kube-prometheus-prometheus-node-exporter.oxn-external-monitoring.svc:9100", "timestamp": 1737550958.801, "sum(rate(node_network_receive_errs_total[1m]) + rate(node_network_transmit_errs_total[1m])) by (instance)": 0, "network_errors": 0, "kubernetes_prometheus_rules": "kubernetes_prometheus_rules", "add_security_context": "add_security_context", "delay_treatment": "delay_treatment"}, {"instance": "kube-prometheus-prometheus-node-exporter.oxn-external-monitoring.svc:9100", "timestamp": 1737550959.801, "sum(rate(node_network_receive_errs_total[1m]) + rate(node_network_transmit_errs_total[1m])) by (instance)": 0, "network_errors": 0, "kubernetes_prometheus_rules": "kubernetes_prometheus_rules", "add_security_context": "add_security_context", "delay_treatment": "delay_treatment"}, {"instance": "kube-prometheus-prometheus-node-exporter.oxn-external-monitoring.svc:9100", "timestamp": 1737550960.801, "sum(rate(node_network_receive_errs_total[1m]) + rate(node_network_transmit_errs_total[1m])) by (instance)": 0, "network_errors": 0, "kubernetes_prometheus_rules": "kubernetes_prometheus_rules", "add_security_context": "add_security_context", "delay_treatment": "delay_treatment"}, {"instance": "kube-prometheus-prometheus-node-exporter.oxn-external-monitoring.svc:9100", "timestamp": 1737550961.801, "sum(rate(node_network_receive_errs_total[1m]) + rate(node_network_transmit_errs_total[1m])) by (instance)": 0, "network_errors": 0, "kubernetes_prometheus_rules": "kubernetes_prometheus_rules", "add_security_context": "add_security_context", "delay_treatment": "delay_treatment"}, {"instance": "kube-prometheus-prometheus-node-exporter.oxn-external-monitoring.svc:9100", "timestamp": 1737550962.801, "sum(rate(node_network_receive_errs_total[1m]) + rate(node_network_transmit_errs_total[1m])) by (instance)": 0, "network_errors": 0, "kubernetes_prometheus_rules": "kubernetes_prometheus_rules", "add_security_context": "add_security_context", "delay_treatment": "delay_treatment"}, {"instance": "kube-prometheus-prometheus-node-exporter.oxn-external-monitoring.svc:9100", "timestamp": 1737550963.801, "sum(rate(node_network_receive_errs_total[1m]) + rate(node_network_transmit_errs_total[1m])) by (instance)": 0, "network_errors": 0, "kubernetes_prometheus_rules": "kubernetes_prometheus_rules", "add_security_context": "add_security_context", "delay_treatment": "delay_treatment"}, {"instance": "kube-prometheus-prometheus-node-exporter.oxn-external-monitoring.svc:9100", "timestamp": 1737550964.801, "sum(rate(node_network_receive_errs_total[1m]) + rate(node_network_transmit_errs_total[1m])) by (instance)": 0, "network_errors": 0, "kubernetes_prometheus_rules": "kubernetes_prometheus_rules", "add_security_context": "add_security_context", "delay_treatment": "delay_treatment"}, {"instance": "kube-prometheus-prometheus-node-exporter.oxn-external-monitoring.svc:9100", "timestamp": 1737550965.801, "sum(rate(node_network_receive_errs_total[1m]) + rate(node_network_transmit_errs_total[1m])) by (instance)": 0, "network_errors": 0, "kubernetes_prometheus_rules": "kubernetes_prometheus_rules", "add_security_context": "add_security_context", "delay_treatment": "delay_treatment"}, {"instance": "kube-prometheus-prometheus-node-exporter.oxn-external-monitoring.svc:9100", "timestamp": 1737550966.801, "sum(rate(node_network_receive_errs_total[1m]) + rate(node_network_transmit_errs_total[1m])) by (instance)": 0, "network_errors": 0, "kubernetes_prometheus_rules": "kubernetes_prometheus_rules", "add_security_context": "add_security_context", "delay_treatment": "delay_treatment"}, {"instance": "kube-prometheus-prometheus-node-exporter.oxn-external-monitoring.svc:9100", "timestamp": 1737550967.801, "sum(rate(node_network_receive_errs_total[1m]) + rate(node_network_transmit_errs_total[1m])) by (instance)": 0, "network_errors": 0, "kubernetes_prometheus_rules": "kubernetes_prometheus_rules", "add_security_context": "add_security_context", "delay_treatment": "delay_treatment"}, {"instance": "kube-prometheus-prometheus-node-exporter.oxn-external-monitoring.svc:9100", "timestamp": 1737550968.801, "sum(rate(node_network_receive_errs_total[1m]) + rate(node_network_transmit_errs_total[1m])) by (instance)": 0, "network_errors": 0, "kubernetes_prometheus_rules": "kubernetes_prometheus_rules", "add_security_context": "add_security_context", "delay_treatment": "delay_treatment"}, {"instance": "kube-prometheus-prometheus-node-exporter.oxn-external-monitoring.svc:9100", "timestamp": 1737550969.801, "sum(rate(node_network_receive_errs_total[1m]) + rate(node_network_transmit_errs_total[1m])) by (instance)": 0, "network_errors": 0, "kubernetes_prometheus_rules": "kubernetes_prometheus_rules", "add_security_context": "add_security_context", "delay_treatment": "delay_treatment"}, {"instance": "kube-prometheus-prometheus-node-exporter.oxn-external-monitoring.svc:9100", "timestamp": 1737550970.801, "sum(rate(node_network_receive_errs_total[1m]) + rate(node_network_transmit_errs_total[1m])) by (instance)": 0, "network_errors": 0, "kubernetes_prometheus_rules": "kubernetes_prometheus_rules", "add_security_context": "add_security_context", "delay_treatment": "delay_treatment"}, {"instance": "kube-prometheus-prometheus-node-exporter.oxn-external-monitoring.svc:9100", "timestamp": 1737550971.801, "sum(rate(node_network_receive_errs_total[1m]) + rate(node_network_transmit_errs_total[1m])) by (instance)": 0, "network_errors": 0, "kubernetes_prometheus_rules": "kubernetes_prometheus_rules", "add_security_context": "add_security_context", "delay_treatment": "delay_treatment"}, {"instance": "kube-prometheus-prometheus-node-exporter.oxn-external-monitoring.svc:9100", "timestamp": 1737550972.801, "sum(rate(node_network_receive_errs_total[1m]) + rate(node_network_transmit_errs_total[1m])) by (instance)": 0, "network_errors": 0, "kubernetes_prometheus_rules": "kubernetes_prometheus_rules", "add_security_context": "add_security_context", "delay_treatment": "delay_treatment"}, {"instance": "kube-prometheus-prometheus-node-exporter.oxn-external-monitoring.svc:9100", "timestamp": 1737550973.801, "sum(rate(node_network_receive_errs_total[1m]) + rate(node_network_transmit_errs_total[1m])) by (instance)": 0, "network_errors": 0, "kubernetes_prometheus_rules": "kubernetes_prometheus_rules", "add_security_context": "add_security_context", "delay_treatment": "delay_treatment"}, {"instance": "kube-prometheus-prometheus-node-exporter.oxn-external-monitoring.svc:9100", "timestamp": 1737550974.801, "sum(rate(node_network_receive_errs_total[1m]) + rate(node_network_transmit_errs_total[1m])) by (instance)": 0, "network_errors": 0, "kubernetes_prometheus_rules": "kubernetes_prometheus_rules", "add_security_context": "add_security_context", "delay_treatment": "delay_treatment"}, {"instance": "kube-prometheus-prometheus-node-exporter.oxn-external-monitoring.svc:9100", "timestamp": 1737550975.801, "sum(rate(node_network_receive_errs_total[1m]) + rate(node_network_transmit_errs_total[1m])) by (instance)": 0, "network_errors": 0, "kubernetes_prometheus_rules": "kubernetes_prometheus_rules", "add_security_context": "add_security_context", "delay_treatment": "delay_treatment"}, {"instance": "kube-prometheus-prometheus-node-exporter.oxn-external-monitoring.svc:9100", "timestamp": 1737550976.801, "sum(rate(node_network_receive_errs_total[1m]) + rate(node_network_transmit_errs_total[1m])) by (instance)": 0, "network_errors": 0, "kubernetes_prometheus_rules": "kubernetes_prometheus_rules", "add_security_context": "add_security_context", "delay_treatment": "delay_treatment"}, {"instance": "kube-prometheus-prometheus-node-exporter.oxn-external-monitoring.svc:9100", "timestamp": 1737550977.801, "sum(rate(node_network_receive_errs_total[1m]) + rate(node_network_transmit_errs_total[1m])) by (instance)": 0, "network_errors": 0, "kubernetes_prometheus_rules": "kubernetes_prometheus_rules", "add_security_context": "add_security_context", "delay_treatment": "delay_treatment"}, {"instance": "kube-prometheus-prometheus-node-exporter.oxn-external-monitoring.svc:9100", "timestamp": 1737550978.801, "sum(rate(node_network_receive_errs_total[1m]) + rate(node_network_transmit_errs_total[1m])) by (instance)": 0, "network_errors": 0, "kubernetes_prometheus_rules": "kubernetes_prometheus_rules", "add_security_context": "add_security_context", "delay_treatment": "delay_treatment"}, {"instance": "kube-prometheus-prometheus-node-exporter.oxn-external-monitoring.svc:9100", "timestamp": 1737550979.801, "sum(rate(node_network_receive_errs_total[1m]) + rate(node_network_transmit_errs_total[1m])) by (instance)": 0, "network_errors": 0, "kubernetes_prometheus_rules": "kubernetes_prometheus_rules", "add_security_context": "add_security_context", "delay_treatment": "delay_treatment"}, {"instance": "kube-prometheus-prometheus-node-exporter.oxn-external-monitoring.svc:9100", "timestamp": 1737550980.801, "sum(rate(node_network_receive_errs_total[1m]) + rate(node_network_transmit_errs_total[1m])) by (instance)": 0, "network_errors": 0, "kubernetes_prometheus_rules": "kubernetes_prometheus_rules", "add_security_context": "add_security_context", "delay_treatment": "delay_treatment"}, {"instance": "kube-prometheus-prometheus-node-exporter.oxn-external-monitoring.svc:9100", "timestamp": 1737550981.801, "sum(rate(node_network_receive_errs_total[1m]) + rate(node_network_transmit_errs_total[1m])) by (instance)": 0, "network_errors": 0, "kubernetes_prometheus_rules": "kubernetes_prometheus_rules", "add_security_context": "add_security_context", "delay_treatment": "delay_treatment"}, {"instance": "kube-prometheus-prometheus-node-exporter.oxn-external-monitoring.svc:9100", "timestamp": 1737550982.801, "sum(rate(node_network_receive_errs_total[1m]) + rate(node_network_transmit_errs_total[1m])) by (instance)": 0, "network_errors": 0, "kubernetes_prometheus_rules": "kubernetes_prometheus_rules", "add_security_context": "add_security_context", "delay_treatment": "delay_treatment"}, {"instance": "kube-prometheus-prometheus-node-exporter.oxn-external-monitoring.svc:9100", "timestamp": 1737550983.801, "sum(rate(node_network_receive_errs_total[1m]) + rate(node_network_transmit_errs_total[1m])) by (instance)": 0, "network_errors": 0, "kubernetes_prometheus_rules": "kubernetes_prometheus_rules", "add_security_context": "add_security_context", "delay_treatment": "delay_treatment"}, {"instance": "kube-prometheus-prometheus-node-exporter.oxn-external-monitoring.svc:9100", "timestamp": 1737550984.801, "sum(rate(node_network_receive_errs_total[1m]) + rate(node_network_transmit_errs_total[1m])) by (instance)": 0, "network_errors": 0, "kubernetes_prometheus_rules": "kubernetes_prometheus_rules", "add_security_context": "add_security_context", "delay_treatment": "delay_treatment"}, {"instance": "kube-prometheus-prometheus-node-exporter.oxn-external-monitoring.svc:9100", "timestamp": 1737550985.801, "sum(rate(node_network_receive_errs_total[1m]) + rate(node_network_transmit_errs_total[1m])) by (instance)": 0, "network_errors": 0, "kubernetes_prometheus_rules": "kubernetes_prometheus_rules", "add_security_context": "add_security_context", "delay_treatment": "delay_treatment"}, {"instance": "kube-prometheus-prometheus-node-exporter.oxn-external-monitoring.svc:9100", "timestamp": 1737550986.801, "sum(rate(node_network_receive_errs_total[1m]) + rate(node_network_transmit_errs_total[1m])) by (instance)": 0, "network_errors": 0, "kubernetes_prometheus_rules": "kubernetes_prometheus_rules", "add_security_context": "add_security_context", "delay_treatment": "delay_treatment"}, {"instance": "kube-prometheus-prometheus-node-exporter.oxn-external-monitoring.svc:9100", "timestamp": 1737550987.801, "sum(rate(node_network_receive_errs_total[1m]) + rate(node_network_transmit_errs_total[1m])) by (instance)": 0, "network_errors": 0, "kubernetes_prometheus_rules": "kubernetes_prometheus_rules", "add_security_context": "add_security_context", "delay_treatment": "delay_treatment"}, {"instance": "kube-prometheus-prometheus-node-exporter.oxn-external-monitoring.svc:9100", "timestamp": 1737550988.801, "sum(rate(node_network_receive_errs_total[1m]) + rate(node_network_transmit_errs_total[1m])) by (instance)": 0, "network_errors": 0, "kubernetes_prometheus_rules": "kubernetes_prometheus_rules", "add_security_context": "add_security_context", "delay_treatment": "delay_treatment"}, {"instance": "kube-prometheus-prometheus-node-exporter.oxn-external-monitoring.svc:9100", "timestamp": 1737550989.801, "sum(rate(node_network_receive_errs_total[1m]) + rate(node_network_transmit_errs_total[1m])) by (instance)": 0, "network_errors": 0, "kubernetes_prometheus_rules": "kubernetes_prometheus_rules", "add_security_context": "add_security_context", "delay_treatment": "delay_treatment"}, {"instance": "kube-prometheus-prometheus-node-exporter.oxn-external-monitoring.svc:9100", "timestamp": 1737550990.801, "sum(rate(node_network_receive_errs_total[1m]) + rate(node_network_transmit_errs_total[1m])) by (instance)": 0, "network_errors": 0, "kubernetes_prometheus_rules": "kubernetes_prometheus_rules", "add_security_context": "add_security_context", "delay_treatment": "delay_treatment"}, {"instance": "kube-prometheus-prometheus-node-exporter.oxn-external-monitoring.svc:9100", "timestamp": 1737550991.801, "sum(rate(node_network_receive_errs_total[1m]) + rate(node_network_transmit_errs_total[1m])) by (instance)": 0, "network_errors": 0, "kubernetes_prometheus_rules": "kubernetes_prometheus_rules", "add_security_context": "add_security_context", "delay_treatment": "delay_treatment"}, {"instance": "kube-prometheus-prometheus-node-exporter.oxn-external-monitoring.svc:9100", "timestamp": 1737550992.801, "sum(rate(node_network_receive_errs_total[1m]) + rate(node_network_transmit_errs_total[1m])) by (instance)": 0, "network_errors": 0, "kubernetes_prometheus_rules": "kubernetes_prometheus_rules", "add_security_context": "add_security_context", "delay_treatment": "delay_treatment"}, {"instance": "kube-prometheus-prometheus-node-exporter.oxn-external-monitoring.svc:9100", "timestamp": 1737550993.801, "sum(rate(node_network_receive_errs_total[1m]) + rate(node_network_transmit_errs_total[1m])) by (instance)": 0, "network_errors": 0, "kubernetes_prometheus_rules": "kubernetes_prometheus_rules", "add_security_context": "add_security_context", "delay_treatment": "delay_treatment"}, {"instance": "kube-prometheus-prometheus-node-exporter.oxn-external-monitoring.svc:9100", "timestamp": 1737550994.801, "sum(rate(node_network_receive_errs_total[1m]) + rate(node_network_transmit_errs_total[1m])) by (instance)": 0, "network_errors": 0, "kubernetes_prometheus_rules": "kubernetes_prometheus_rules", "add_security_context": "add_security_context", "delay_treatment": "delay_treatment"}, {"instance": "kube-prometheus-prometheus-node-exporter.oxn-external-monitoring.svc:9100", "timestamp": 1737550995.801, "sum(rate(node_network_receive_errs_total[1m]) + rate(node_network_transmit_errs_total[1m])) by (instance)": 0, "network_errors": 0, "kubernetes_prometheus_rules": "kubernetes_prometheus_rules", "add_security_context": "add_security_context", "delay_treatment": "delay_treatment"}, {"instance": "kube-prometheus-prometheus-node-exporter.oxn-external-monitoring.svc:9100", "timestamp": 1737550996.801, "sum(rate(node_network_receive_errs_total[1m]) + rate(node_network_transmit_errs_total[1m])) by (instance)": 0, "network_errors": 0, "kubernetes_prometheus_rules": "kubernetes_prometheus_rules", "add_security_context": "add_security_context", "delay_treatment": "delay_treatment"}, {"instance": "kube-prometheus-prometheus-node-exporter.oxn-external-monitoring.svc:9100", "timestamp": 1737550997.801, "sum(rate(node_network_receive_errs_total[1m]) + rate(node_network_transmit_errs_total[1m])) by (instance)": 0, "network_errors": 0, "kubernetes_prometheus_rules": "kubernetes_prometheus_rules", "add_security_context": "add_security_context", "delay_treatment": "delay_treatment"}, {"instance": "kube-prometheus-prometheus-node-exporter.oxn-external-monitoring.svc:9100", "timestamp": 1737550998.801, "sum(rate(node_network_receive_errs_total[1m]) + rate(node_network_transmit_errs_total[1m])) by (instance)": 0, "network_errors": 0, "kubernetes_prometheus_rules": "kubernetes_prometheus_rules", "add_security_context": "add_security_context", "delay_treatment": "delay_treatment"}, {"instance": "kube-prometheus-prometheus-node-exporter.oxn-external-monitoring.svc:9100", "timestamp": 1737550999.801, "sum(rate(node_network_receive_errs_total[1m]) + rate(node_network_transmit_errs_total[1m])) by (instance)": 0, "network_errors": 0, "kubernetes_prometheus_rules": "kubernetes_prometheus_rules", "add_security_context": "add_security_context", "delay_treatment": "delay_treatment"}, {"instance": "kube-prometheus-prometheus-node-exporter.oxn-external-monitoring.svc:9100", "timestamp": 1737551000.801, "sum(rate(node_network_receive_errs_total[1m]) + rate(node_network_transmit_errs_total[1m])) by (instance)": 0, "network_errors": 0, "kubernetes_prometheus_rules": "kubernetes_prometheus_rules", "add_security_context": "add_security_context", "delay_treatment": "delay_treatment"}, {"instance": "kube-prometheus-prometheus-node-exporter.oxn-external-monitoring.svc:9100", "timestamp": 1737551001.801, "sum(rate(node_network_receive_errs_total[1m]) + rate(node_network_transmit_errs_total[1m])) by (instance)": 0, "network_errors": 0, "kubernetes_prometheus_rules": "kubernetes_prometheus_rules", "add_security_context": "add_security_context", "delay_treatment": "delay_treatment"}, {"instance": "kube-prometheus-prometheus-node-exporter.oxn-external-monitoring.svc:9100", "timestamp": 1737551002.801, "sum(rate(node_network_receive_errs_total[1m]) + rate(node_network_transmit_errs_total[1m])) by (instance)": 0, "network_errors": 0, "kubernetes_prometheus_rules": "kubernetes_prometheus_rules", "add_security_context": "add_security_context", "delay_treatment": "delay_treatment"}, {"instance": "kube-prometheus-prometheus-node-exporter.oxn-external-monitoring.svc:9100", "timestamp": 1737551003.801, "sum(rate(node_network_receive_errs_total[1m]) + rate(node_network_transmit_errs_total[1m])) by (instance)": 0, "network_errors": 0, "kubernetes_prometheus_rules": "kubernetes_prometheus_rules", "add_security_context": "add_security_context", "delay_treatment": "delay_treatment"}, {"instance": "kube-prometheus-prometheus-node-exporter.oxn-external-monitoring.svc:9100", "timestamp": 1737551004.801, "sum(rate(node_network_receive_errs_total[1m]) + rate(node_network_transmit_errs_total[1m])) by (instance)": 0, "network_errors": 0, "kubernetes_prometheus_rules": "kubernetes_prometheus_rules", "add_security_context": "add_security_context", "delay_treatment": "delay_treatment"}, {"instance": "kube-prometheus-prometheus-node-exporter.oxn-external-monitoring.svc:9100", "timestamp": 1737551005.801, "sum(rate(node_network_receive_errs_total[1m]) + rate(node_network_transmit_errs_total[1m])) by (instance)": 0, "network_errors": 0, "kubernetes_prometheus_rules": "kubernetes_prometheus_rules", "add_security_context": "add_security_context", "delay_treatment": "delay_treatment"}, {"instance": "kube-prometheus-prometheus-node-exporter.oxn-external-monitoring.svc:9100", "timestamp": 1737551006.801, "sum(rate(node_network_receive_errs_total[1m]) + rate(node_network_transmit_errs_total[1m])) by (instance)": 0, "network_errors": 0, "kubernetes_prometheus_rules": "kubernetes_prometheus_rules", "add_security_context": "add_security_context", "delay_treatment": "delay_treatment"}, {"instance": "kube-prometheus-prometheus-node-exporter.oxn-external-monitoring.svc:9100", "timestamp": 1737551007.801, "sum(rate(node_network_receive_errs_total[1m]) + rate(node_network_transmit_errs_total[1m])) by (instance)": 0, "network_errors": 0, "kubernetes_prometheus_rules": "kubernetes_prometheus_rules", "add_security_context": "add_security_context", "delay_treatment": "delay_treatment"}, {"instance": "kube-prometheus-prometheus-node-exporter.oxn-external-monitoring.svc:9100", "timestamp": 1737551008.801, "sum(rate(node_network_receive_errs_total[1m]) + rate(node_network_transmit_errs_total[1m])) by (instance)": 0, "network_errors": 0, "kubernetes_prometheus_rules": "kubernetes_prometheus_rules", "add_security_context": "add_security_context", "delay_treatment": "delay_treatment"}, {"instance": "kube-prometheus-prometheus-node-exporter.oxn-external-monitoring.svc:9100", "timestamp": 1737551009.801, "sum(rate(node_network_receive_errs_total[1m]) + rate(node_network_transmit_errs_total[1m])) by (instance)": 0, "network_errors": 0, "kubernetes_prometheus_rules": "kubernetes_prometheus_rules", "add_security_context": "add_security_context", "delay_treatment": "delay_treatment"}, {"instance": "kube-prometheus-prometheus-node-exporter.oxn-external-monitoring.svc:9100", "timestamp": 1737551010.801, "sum(rate(node_network_receive_errs_total[1m]) + rate(node_network_transmit_errs_total[1m])) by (instance)": 0, "network_errors": 0, "kubernetes_prometheus_rules": "kubernetes_prometheus_rules", "add_security_context": "add_security_context", "delay_treatment": "delay_treatment"}, {"instance": "kube-prometheus-prometheus-node-exporter.oxn-external-monitoring.svc:9100", "timestamp": 1737551011.801, "sum(rate(node_network_receive_errs_total[1m]) + rate(node_network_transmit_errs_total[1m])) by (instance)": 0, "network_errors": 0, "kubernetes_prometheus_rules": "kubernetes_prometheus_rules", "add_security_context": "add_security_context", "delay_treatment": "delay_treatment"}, {"instance": "kube-prometheus-prometheus-node-exporter.oxn-external-monitoring.svc:9100", "timestamp": 1737551012.801, "sum(rate(node_network_receive_errs_total[1m]) + rate(node_network_transmit_errs_total[1m])) by (instance)": 0, "network_errors": 0, "kubernetes_prometheus_rules": "kubernetes_prometheus_rules", "add_security_context": "add_security_context", "delay_treatment": "delay_treatment"}, {"instance": "kube-prometheus-prometheus-node-exporter.oxn-external-monitoring.svc:9100", "timestamp": 1737551013.801, "sum(rate(node_network_receive_errs_total[1m]) + rate(node_network_transmit_errs_total[1m])) by (instance)": 0, "network_errors": 0, "kubernetes_prometheus_rules": "kubernetes_prometheus_rules", "add_security_context": "add_security_context", "delay_treatment": "delay_treatment"}, {"instance": "kube-prometheus-prometheus-node-exporter.oxn-external-monitoring.svc:9100", "timestamp": 1737551014.801, "sum(rate(node_network_receive_errs_total[1m]) + rate(node_network_transmit_errs_total[1m])) by (instance)": 0, "network_errors": 0, "kubernetes_prometheus_rules": "kubernetes_prometheus_rules", "add_security_context": "add_security_context", "delay_treatment": "delay_treatment"}, {"instance": "kube-prometheus-prometheus-node-exporter.oxn-external-monitoring.svc:9100", "timestamp": 1737551015.801, "sum(rate(node_network_receive_errs_total[1m]) + rate(node_network_transmit_errs_total[1m])) by (instance)": 0, "network_errors": 0, "kubernetes_prometheus_rules": "kubernetes_prometheus_rules", "add_security_context": "add_security_context", "delay_treatment": "delay_treatment"}, {"instance": "kube-prometheus-prometheus-node-exporter.oxn-external-monitoring.svc:9100", "timestamp": 1737551016.801, "sum(rate(node_network_receive_errs_total[1m]) + rate(node_network_transmit_errs_total[1m])) by (instance)": 0, "network_errors": 0, "kubernetes_prometheus_rules": "kubernetes_prometheus_rules", "add_security_context": "add_security_context", "delay_treatment": "delay_treatment"}, {"instance": "kube-prometheus-prometheus-node-exporter.oxn-external-monitoring.svc:9100", "timestamp": 1737551017.801, "sum(rate(node_network_receive_errs_total[1m]) + rate(node_network_transmit_errs_total[1m])) by (instance)": 0, "network_errors": 0, "kubernetes_prometheus_rules": "kubernetes_prometheus_rules", "add_security_context": "add_security_context", "delay_treatment": "delay_treatment"}, {"instance": "kube-prometheus-prometheus-node-exporter.oxn-external-monitoring.svc:9100", "timestamp": 1737551018.801, "sum(rate(node_network_receive_errs_total[1m]) + rate(node_network_transmit_errs_total[1m])) by (instance)": 0, "network_errors": 0, "kubernetes_prometheus_rules": "kubernetes_prometheus_rules", "add_security_context": "add_security_context", "delay_treatment": "delay_treatment"}, {"instance": "kube-prometheus-prometheus-node-exporter.oxn-external-monitoring.svc:9100", "timestamp": 1737551019.801, "sum(rate(node_network_receive_errs_total[1m]) + rate(node_network_transmit_errs_total[1m])) by (instance)": 0, "network_errors": 0, "kubernetes_prometheus_rules": "kubernetes_prometheus_rules", "add_security_context": "add_security_context", "delay_treatment": "delay_treatment"}, {"instance": "kube-prometheus-prometheus-node-exporter.oxn-external-monitoring.svc:9100", "timestamp": 1737551020.801, "sum(rate(node_network_receive_errs_total[1m]) + rate(node_network_transmit_errs_total[1m])) by (instance)": 0, "network_errors": 0, "kubernetes_prometheus_rules": "kubernetes_prometheus_rules", "add_security_context": "add_security_context", "delay_treatment": "delay_treatment"}, {"instance": "kube-prometheus-prometheus-node-exporter.oxn-external-monitoring.svc:9100", "timestamp": 1737551021.801, "sum(rate(node_network_receive_errs_total[1m]) + rate(node_network_transmit_errs_total[1m])) by (instance)": 0, "network_errors": 0, "kubernetes_prometheus_rules": "kubernetes_prometheus_rules", "add_security_context": "add_security_context", "delay_treatment": "delay_treatment"}, {"instance": "kube-prometheus-prometheus-node-exporter.oxn-external-monitoring.svc:9100", "timestamp": 1737551022.801, "sum(rate(node_network_receive_errs_total[1m]) + rate(node_network_transmit_errs_total[1m])) by (instance)": 0, "network_errors": 0, "kubernetes_prometheus_rules": "kubernetes_prometheus_rules", "add_security_context": "add_security_context", "delay_treatment": "delay_treatment"}, {"instance": "kube-prometheus-prometheus-node-exporter.oxn-external-monitoring.svc:9100", "timestamp": 1737551023.801, "sum(rate(node_network_receive_errs_total[1m]) + rate(node_network_transmit_errs_total[1m])) by (instance)": 0, "network_errors": 0, "kubernetes_prometheus_rules": "kubernetes_prometheus_rules", "add_security_context": "add_security_context", "delay_treatment": "delay_treatment"}, {"instance": "kube-prometheus-prometheus-node-exporter.oxn-external-monitoring.svc:9100", "timestamp": 1737551024.801, "sum(rate(node_network_receive_errs_total[1m]) + rate(node_network_transmit_errs_total[1m])) by (instance)": 0, "network_errors": 0, "kubernetes_prometheus_rules": "kubernetes_prometheus_rules", "add_security_context": "add_security_context", "delay_treatment": "delay_treatment"}, {"instance": "kube-prometheus-prometheus-node-exporter.oxn-external-monitoring.svc:9100", "timestamp": 1737551025.801, "sum(rate(node_network_receive_errs_total[1m]) + rate(node_network_transmit_errs_total[1m])) by (instance)": 0, "network_errors": 0, "kubernetes_prometheus_rules": "kubernetes_prometheus_rules", "add_security_context": "add_security_context", "delay_treatment": "delay_treatment"}, {"instance": "kube-prometheus-prometheus-node-exporter.oxn-external-monitoring.svc:9100", "timestamp": 1737551026.801, "sum(rate(node_network_receive_errs_total[1m]) + rate(node_network_transmit_errs_total[1m])) by (instance)": 0, "network_errors": 0, "kubernetes_prometheus_rules": "kubernetes_prometheus_rules", "add_security_context": "add_security_context", "delay_treatment": "delay_treatment"}, {"instance": "kube-prometheus-prometheus-node-exporter.oxn-external-monitoring.svc:9100", "timestamp": 1737551027.801, "sum(rate(node_network_receive_errs_total[1m]) + rate(node_network_transmit_errs_total[1m])) by (instance)": 0, "network_errors": 0, "kubernetes_prometheus_rules": "kubernetes_prometheus_rules", "add_security_context": "add_security_context", "delay_treatment": "delay_treatment"}, {"instance": "kube-prometheus-prometheus-node-exporter.oxn-external-monitoring.svc:9100", "timestamp": 1737551028.801, "sum(rate(node_network_receive_errs_total[1m]) + rate(node_network_transmit_errs_total[1m])) by (instance)": 0, "network_errors": 0, "kubernetes_prometheus_rules": "kubernetes_prometheus_rules", "add_security_context": "add_security_context", "delay_treatment": "delay_treatment"}, {"instance": "kube-prometheus-prometheus-node-exporter.oxn-external-monitoring.svc:9100", "timestamp": 1737551029.801, "sum(rate(node_network_receive_errs_total[1m]) + rate(node_network_transmit_errs_total[1m])) by (instance)": 0, "network_errors": 0, "kubernetes_prometheus_rules": "kubernetes_prometheus_rules", "add_security_context": "add_security_context", "delay_treatment": "delay_treatment"}, {"instance": "kube-prometheus-prometheus-node-exporter.oxn-external-monitoring.svc:9100", "timestamp": 1737551030.801, "sum(rate(node_network_receive_errs_total[1m]) + rate(node_network_transmit_errs_total[1m])) by (instance)": 0, "network_errors": 0, "kubernetes_prometheus_rules": "kubernetes_prometheus_rules", "add_security_context": "add_security_context", "delay_treatment": "delay_treatment"}, {"instance": "kube-prometheus-prometheus-node-exporter.oxn-external-monitoring.svc:9100", "timestamp": 1737551031.801, "sum(rate(node_network_receive_errs_total[1m]) + rate(node_network_transmit_errs_total[1m])) by (instance)": 0, "network_errors": 0, "kubernetes_prometheus_rules": "kubernetes_prometheus_rules", "add_security_context": "add_security_context", "delay_treatment": "delay_treatment"}, {"instance": "kube-prometheus-prometheus-node-exporter.oxn-external-monitoring.svc:9100", "timestamp": 1737551032.801, "sum(rate(node_network_receive_errs_total[1m]) + rate(node_network_transmit_errs_total[1m])) by (instance)": 0, "network_errors": 0, "kubernetes_prometheus_rules": "kubernetes_prometheus_rules", "add_security_context": "add_security_context", "delay_treatment": "delay_treatment"}, {"instance": "kube-prometheus-prometheus-node-exporter.oxn-external-monitoring.svc:9100", "timestamp": 1737551033.801, "sum(rate(node_network_receive_errs_total[1m]) + rate(node_network_transmit_errs_total[1m])) by (instance)": 0, "network_errors": 0, "kubernetes_prometheus_rules": "kubernetes_prometheus_rules", "add_security_context": "add_security_context", "delay_treatment": "delay_treatment"}, {"instance": "kube-prometheus-prometheus-node-exporter.oxn-external-monitoring.svc:9100", "timestamp": 1737551034.801, "sum(rate(node_network_receive_errs_total[1m]) + rate(node_network_transmit_errs_total[1m])) by (instance)": 0, "network_errors": 0, "kubernetes_prometheus_rules": "kubernetes_prometheus_rules", "add_security_context": "add_security_context", "delay_treatment": "delay_treatment"}, {"instance": "kube-prometheus-prometheus-node-exporter.oxn-external-monitoring.svc:9100", "timestamp": 1737551035.801, "sum(rate(node_network_receive_errs_total[1m]) + rate(node_network_transmit_errs_total[1m])) by (instance)": 0, "network_errors": 0, "kubernetes_prometheus_rules": "kubernetes_prometheus_rules", "add_security_context": "add_security_context", "delay_treatment": "delay_treatment"}, {"instance": "kube-prometheus-prometheus-node-exporter.oxn-external-monitoring.svc:9100", "timestamp": 1737551036.801, "sum(rate(node_network_receive_errs_total[1m]) + rate(node_network_transmit_errs_total[1m])) by (instance)": 0, "network_errors": 0, "kubernetes_prometheus_rules": "kubernetes_prometheus_rules", "add_security_context": "add_security_context", "delay_treatment": "delay_treatment"}, {"instance": "kube-prometheus-prometheus-node-exporter.oxn-external-monitoring.svc:9100", "timestamp": 1737551037.801, "sum(rate(node_network_receive_errs_total[1m]) + rate(node_network_transmit_errs_total[1m])) by (instance)": 0, "network_errors": 0, "kubernetes_prometheus_rules": "kubernetes_prometheus_rules", "add_security_context": "add_security_context", "delay_treatment": "delay_treatment"}, {"instance": "kube-prometheus-prometheus-node-exporter.oxn-external-monitoring.svc:9100", "timestamp": 1737551038.801, "sum(rate(node_network_receive_errs_total[1m]) + rate(node_network_transmit_errs_total[1m])) by (instance)": 0, "network_errors": 0, "kubernetes_prometheus_rules": "kubernetes_prometheus_rules", "add_security_context": "add_security_context", "delay_treatment": "delay_treatment"}, {"instance": "kube-prometheus-prometheus-node-exporter.oxn-external-monitoring.svc:9100", "timestamp": 1737551039.801, "sum(rate(node_network_receive_errs_total[1m]) + rate(node_network_transmit_errs_total[1m])) by (instance)": 0, "network_errors": 0, "kubernetes_prometheus_rules": "kubernetes_prometheus_rules", "add_security_context": "add_security_context", "delay_treatment": "delay_treatment"}, {"instance": "kube-prometheus-prometheus-node-exporter.oxn-external-monitoring.svc:9100", "timestamp": 1737551040.801, "sum(rate(node_network_receive_errs_total[1m]) + rate(node_network_transmit_errs_total[1m])) by (instance)": 0, "network_errors": 0, "kubernetes_prometheus_rules": "kubernetes_prometheus_rules", "add_security_context": "add_security_context", "delay_treatment": "delay_treatment"}, {"instance": "kube-prometheus-prometheus-node-exporter.oxn-external-monitoring.svc:9100", "timestamp": 1737551041.801, "sum(rate(node_network_receive_errs_total[1m]) + rate(node_network_transmit_errs_total[1m])) by (instance)": 0, "network_errors": 0, "kubernetes_prometheus_rules": "kubernetes_prometheus_rules", "add_security_context": "add_security_context", "delay_treatment": "delay_treatment"}, {"instance": "kube-prometheus-prometheus-node-exporter.oxn-external-monitoring.svc:9100", "timestamp": 1737551042.801, "sum(rate(node_network_receive_errs_total[1m]) + rate(node_network_transmit_errs_total[1m])) by (instance)": 0, "network_errors": 0, "kubernetes_prometheus_rules": "kubernetes_prometheus_rules", "add_security_context": "add_security_context", "delay_treatment": "delay_treatment"}, {"instance": "kube-prometheus-prometheus-node-exporter.oxn-external-monitoring.svc:9100", "timestamp": 1737551043.801, "sum(rate(node_network_receive_errs_total[1m]) + rate(node_network_transmit_errs_total[1m])) by (instance)": 0, "network_errors": 0, "kubernetes_prometheus_rules": "kubernetes_prometheus_rules", "add_security_context": "add_security_context", "delay_treatment": "delay_treatment"}, {"instance": "kube-prometheus-prometheus-node-exporter.oxn-external-monitoring.svc:9100", "timestamp": 1737551044.801, "sum(rate(node_network_receive_errs_total[1m]) + rate(node_network_transmit_errs_total[1m])) by (instance)": 0, "network_errors": 0, "kubernetes_prometheus_rules": "kubernetes_prometheus_rules", "add_security_context": "add_security_context", "delay_treatment": "delay_treatment"}, {"instance": "kube-prometheus-prometheus-node-exporter.oxn-external-monitoring.svc:9100", "timestamp": 1737551045.801, "sum(rate(node_network_receive_errs_total[1m]) + rate(node_network_transmit_errs_total[1m])) by (instance)": 0, "network_errors": 0, "kubernetes_prometheus_rules": "kubernetes_prometheus_rules", "add_security_context": "add_security_context", "delay_treatment": "delay_treatment"}, {"instance": "kube-prometheus-prometheus-node-exporter.oxn-external-monitoring.svc:9100", "timestamp": 1737551046.801, "sum(rate(node_network_receive_errs_total[1m]) + rate(node_network_transmit_errs_total[1m])) by (instance)": 0, "network_errors": 0, "kubernetes_prometheus_rules": "kubernetes_prometheus_rules", "add_security_context": "add_security_context", "delay_treatment": "delay_treatment"}, {"instance": "kube-prometheus-prometheus-node-exporter.oxn-external-monitoring.svc:9100", "timestamp": 1737551047.801, "sum(rate(node_network_receive_errs_total[1m]) + rate(node_network_transmit_errs_total[1m])) by (instance)": 0, "network_errors": 0, "kubernetes_prometheus_rules": "kubernetes_prometheus_rules", "add_security_context": "add_security_context", "delay_treatment": "delay_treatment"}, {"instance": "kube-prometheus-prometheus-node-exporter.oxn-external-monitoring.svc:9100", "timestamp": 1737551048.801, "sum(rate(node_network_receive_errs_total[1m]) + rate(node_network_transmit_errs_total[1m])) by (instance)": 0, "network_errors": 0, "kubernetes_prometheus_rules": "kubernetes_prometheus_rules", "add_security_context": "add_security_context", "delay_treatment": "delay_treatment"}, {"instance": "kube-prometheus-prometheus-node-exporter.oxn-external-monitoring.svc:9100", "timestamp": 1737551049.801, "sum(rate(node_network_receive_errs_total[1m]) + rate(node_network_transmit_errs_total[1m])) by (instance)": 0, "network_errors": 0, "kubernetes_prometheus_rules": "kubernetes_prometheus_rules", "add_security_context": "add_security_context", "delay_treatment": "delay_treatment"}, {"instance": "kube-prometheus-prometheus-node-exporter.oxn-external-monitoring.svc:9100", "timestamp": 1737551050.801, "sum(rate(node_network_receive_errs_total[1m]) + rate(node_network_transmit_errs_total[1m])) by (instance)": 0, "network_errors": 0, "kubernetes_prometheus_rules": "kubernetes_prometheus_rules", "add_security_context": "add_security_context", "delay_treatment": "delay_treatment"}, {"instance": "kube-prometheus-prometheus-node-exporter.oxn-external-monitoring.svc:9100", "timestamp": 1737551051.801, "sum(rate(node_network_receive_errs_total[1m]) + rate(node_network_transmit_errs_total[1m])) by (instance)": 0, "network_errors": 0, "kubernetes_prometheus_rules": "kubernetes_prometheus_rules", "add_security_context": "add_security_context", "delay_treatment": "delay_treatment"}, {"instance": "kube-prometheus-prometheus-node-exporter.oxn-external-monitoring.svc:9100", "timestamp": 1737551052.801, "sum(rate(node_network_receive_errs_total[1m]) + rate(node_network_transmit_errs_total[1m])) by (instance)": 0, "network_errors": 0, "kubernetes_prometheus_rules": "kubernetes_prometheus_rules", "add_security_context": "add_security_context", "delay_treatment": "delay_treatment"}, {"instance": "kube-prometheus-prometheus-node-exporter.oxn-external-monitoring.svc:9100", "timestamp": 1737551053.801, "sum(rate(node_network_receive_errs_total[1m]) + rate(node_network_transmit_errs_total[1m])) by (instance)": 0, "network_errors": 0, "kubernetes_prometheus_rules": "kubernetes_prometheus_rules", "add_security_context": "add_security_context", "delay_treatment": "delay_treatment"}, {"instance": "kube-prometheus-prometheus-node-exporter.oxn-external-monitoring.svc:9100", "timestamp": 1737551054.801, "sum(rate(node_network_receive_errs_total[1m]) + rate(node_network_transmit_errs_total[1m])) by (instance)": 0, "network_errors": 0, "kubernetes_prometheus_rules": "kubernetes_prometheus_rules", "add_security_context": "add_security_context", "delay_treatment": "delay_treatment"}, {"instance": "kube-prometheus-prometheus-node-exporter.oxn-external-monitoring.svc:9100", "timestamp": 1737551055.801, "sum(rate(node_network_receive_errs_total[1m]) + rate(node_network_transmit_errs_total[1m])) by (instance)": 0, "network_errors": 0, "kubernetes_prometheus_rules": "kubernetes_prometheus_rules", "add_security_context": "add_security_context", "delay_treatment": "delay_treatment"}, {"instance": "kube-prometheus-prometheus-node-exporter.oxn-external-monitoring.svc:9100", "timestamp": 1737551056.801, "sum(rate(node_network_receive_errs_total[1m]) + rate(node_network_transmit_errs_total[1m])) by (instance)": 0, "network_errors": 0, "kubernetes_prometheus_rules": "kubernetes_prometheus_rules", "add_security_context": "add_security_context", "delay_treatment": "delay_treatment"}, {"instance": "kube-prometheus-prometheus-node-exporter.oxn-external-monitoring.svc:9100", "timestamp": 1737551057.801, "sum(rate(node_network_receive_errs_total[1m]) + rate(node_network_transmit_errs_total[1m])) by (instance)": 0, "network_errors": 0, "kubernetes_prometheus_rules": "kubernetes_prometheus_rules", "add_security_context": "add_security_context", "delay_treatment": "delay_treatment"}, {"instance": "kube-prometheus-prometheus-node-exporter.oxn-external-monitoring.svc:9100", "timestamp": 1737551058.801, "sum(rate(node_network_receive_errs_total[1m]) + rate(node_network_transmit_errs_total[1m])) by (instance)": 0, "network_errors": 0, "kubernetes_prometheus_rules": "kubernetes_prometheus_rules", "add_security_context": "add_security_context", "delay_treatment": "delay_treatment"}, {"instance": "kube-prometheus-prometheus-node-exporter.oxn-external-monitoring.svc:9100", "timestamp": 1737551059.801, "sum(rate(node_network_receive_errs_total[1m]) + rate(node_network_transmit_errs_total[1m])) by (instance)": 0, "network_errors": 0, "kubernetes_prometheus_rules": "kubernetes_prometheus_rules", "add_security_context": "add_security_context", "delay_treatment": "delay_treatment"}, {"instance": "kube-prometheus-prometheus-node-exporter.oxn-external-monitoring.svc:9100", "timestamp": 1737551060.801, "sum(rate(node_network_receive_errs_total[1m]) + rate(node_network_transmit_errs_total[1m])) by (instance)": 0, "network_errors": 0, "kubernetes_prometheus_rules": "kubernetes_prometheus_rules", "add_security_context": "add_security_context", "delay_treatment": "delay_treatment"}, {"instance": "kube-prometheus-prometheus-node-exporter.oxn-external-monitoring.svc:9100", "timestamp": 1737551061.801, "sum(rate(node_network_receive_errs_total[1m]) + rate(node_network_transmit_errs_total[1m])) by (instance)": 0, "network_errors": 0, "kubernetes_prometheus_rules": "kubernetes_prometheus_rules", "add_security_context": "add_security_context", "delay_treatment": "delay_treatment"}, {"instance": "kube-prometheus-prometheus-node-exporter.oxn-external-monitoring.svc:9100", "timestamp": 1737551062.801, "sum(rate(node_network_receive_errs_total[1m]) + rate(node_network_transmit_errs_total[1m])) by (instance)": 0, "network_errors": 0, "kubernetes_prometheus_rules": "kubernetes_prometheus_rules", "add_security_context": "add_security_context", "delay_treatment": "delay_treatment"}, {"instance": "kube-prometheus-prometheus-node-exporter.oxn-external-monitoring.svc:9100", "timestamp": 1737551063.801, "sum(rate(node_network_receive_errs_total[1m]) + rate(node_network_transmit_errs_total[1m])) by (instance)": 0, "network_errors": 0, "kubernetes_prometheus_rules": "kubernetes_prometheus_rules", "add_security_context": "add_security_context", "delay_treatment": "delay_treatment"}, {"instance": "kube-prometheus-prometheus-node-exporter.oxn-external-monitoring.svc:9100", "timestamp": 1737551064.801, "sum(rate(node_network_receive_errs_total[1m]) + rate(node_network_transmit_errs_total[1m])) by (instance)": 0, "network_errors": 0, "kubernetes_prometheus_rules": "kubernetes_prometheus_rules", "add_security_context": "add_security_context", "delay_treatment": "delay_treatment"}, {"instance": "kube-prometheus-prometheus-node-exporter.oxn-external-monitoring.svc:9100", "timestamp": 1737551065.801, "sum(rate(node_network_receive_errs_total[1m]) + rate(node_network_transmit_errs_total[1m])) by (instance)": 0, "network_errors": 0, "kubernetes_prometheus_rules": "kubernetes_prometheus_rules", "add_security_context": "add_security_context", "delay_treatment": "delay_treatment"}, {"instance": "kube-prometheus-prometheus-node-exporter.oxn-external-monitoring.svc:9100", "timestamp": 1737551066.801, "sum(rate(node_network_receive_errs_total[1m]) + rate(node_network_transmit_errs_total[1m])) by (instance)": 0, "network_errors": 0, "kubernetes_prometheus_rules": "kubernetes_prometheus_rules", "add_security_context": "add_security_context", "delay_treatment": "delay_treatment"}, {"instance": "kube-prometheus-prometheus-node-exporter.oxn-external-monitoring.svc:9100", "timestamp": 1737551067.801, "sum(rate(node_network_receive_errs_total[1m]) + rate(node_network_transmit_errs_total[1m])) by (instance)": 0, "network_errors": 0, "kubernetes_prometheus_rules": "kubernetes_prometheus_rules", "add_security_context": "add_security_context", "delay_treatment": "delay_treatment"}, {"instance": "kube-prometheus-prometheus-node-exporter.oxn-external-monitoring.svc:9100", "timestamp": 1737551068.801, "sum(rate(node_network_receive_errs_total[1m]) + rate(node_network_transmit_errs_total[1m])) by (instance)": 0, "network_errors": 0, "kubernetes_prometheus_rules": "kubernetes_prometheus_rules", "add_security_context": "add_security_context", "delay_treatment": "delay_treatment"}, {"instance": "kube-prometheus-prometheus-node-exporter.oxn-external-monitoring.svc:9100", "timestamp": 1737551069.801, "sum(rate(node_network_receive_errs_total[1m]) + rate(node_network_transmit_errs_total[1m])) by (instance)": 0, "network_errors": 0, "kubernetes_prometheus_rules": "kubernetes_prometheus_rules", "add_security_context": "add_security_context", "delay_treatment": "delay_treatment"}, {"instance": "kube-prometheus-prometheus-node-exporter.oxn-external-monitoring.svc:9100", "timestamp": 1737551070.801, "sum(rate(node_network_receive_errs_total[1m]) + rate(node_network_transmit_errs_total[1m])) by (instance)": 0, "network_errors": 0, "kubernetes_prometheus_rules": "kubernetes_prometheus_rules", "add_security_context": "add_security_context", "delay_treatment": "delay_treatment"}, {"instance": "kube-prometheus-prometheus-node-exporter.oxn-external-monitoring.svc:9100", "timestamp": 1737551071.801, "sum(rate(node_network_receive_errs_total[1m]) + rate(node_network_transmit_errs_total[1m])) by (instance)": 0, "network_errors": 0, "kubernetes_prometheus_rules": "kubernetes_prometheus_rules", "add_security_context": "add_security_context", "delay_treatment": "delay_treatment"}, {"instance": "kube-prometheus-prometheus-node-exporter.oxn-external-monitoring.svc:9100", "timestamp": 1737551072.801, "sum(rate(node_network_receive_errs_total[1m]) + rate(node_network_transmit_errs_total[1m])) by (instance)": 0, "network_errors": 0, "kubernetes_prometheus_rules": "kubernetes_prometheus_rules", "add_security_context": "add_security_context", "delay_treatment": "delay_treatment"}, {"instance": "kube-prometheus-prometheus-node-exporter.oxn-external-monitoring.svc:9100", "timestamp": 1737551073.801, "sum(rate(node_network_receive_errs_total[1m]) + rate(node_network_transmit_errs_total[1m])) by (instance)": 0, "network_errors": 0, "kubernetes_prometheus_rules": "kubernetes_prometheus_rules", "add_security_context": "add_security_context", "delay_treatment": "delay_treatment"}, {"instance": "kube-prometheus-prometheus-node-exporter.oxn-external-monitoring.svc:9100", "timestamp": 1737551074.801, "sum(rate(node_network_receive_errs_total[1m]) + rate(node_network_transmit_errs_total[1m])) by (instance)": 0, "network_errors": 0, "kubernetes_prometheus_rules": "kubernetes_prometheus_rules", "add_security_context": "add_security_context", "delay_treatment": "delay_treatment"}, {"instance": "kube-prometheus-prometheus-node-exporter.oxn-external-monitoring.svc:9100", "timestamp": 1737551075.801, "sum(rate(node_network_receive_errs_total[1m]) + rate(node_network_transmit_errs_total[1m])) by (instance)": 0, "network_errors": 0, "kubernetes_prometheus_rules": "kubernetes_prometheus_rules", "add_security_context": "add_security_context", "delay_treatment": "delay_treatment"}, {"instance": "kube-prometheus-prometheus-node-exporter.oxn-external-monitoring.svc:9100", "timestamp": 1737551076.801, "sum(rate(node_network_receive_errs_total[1m]) + rate(node_network_transmit_errs_total[1m])) by (instance)": 0, "network_errors": 0, "kubernetes_prometheus_rules": "kubernetes_prometheus_rules", "add_security_context": "add_security_context", "delay_treatment": "delay_treatment"}, {"instance": "kube-prometheus-prometheus-node-exporter.oxn-external-monitoring.svc:9100", "timestamp": 1737551077.801, "sum(rate(node_network_receive_errs_total[1m]) + rate(node_network_transmit_errs_total[1m])) by (instance)": 0, "network_errors": 0, "kubernetes_prometheus_rules": "kubernetes_prometheus_rules", "add_security_context": "add_security_context", "delay_treatment": "delay_treatment"}, {"instance": "kube-prometheus-prometheus-node-exporter.oxn-external-monitoring.svc:9100", "timestamp": 1737551078.801, "sum(rate(node_network_receive_errs_total[1m]) + rate(node_network_transmit_errs_total[1m])) by (instance)": 0, "network_errors": 0, "kubernetes_prometheus_rules": "kubernetes_prometheus_rules", "add_security_context": "add_security_context", "delay_treatment": "delay_treatment"}, {"instance": "kube-prometheus-prometheus-node-exporter.oxn-external-monitoring.svc:9100", "timestamp": 1737551079.801, "sum(rate(node_network_receive_errs_total[1m]) + rate(node_network_transmit_errs_total[1m])) by (instance)": 0, "network_errors": 0, "kubernetes_prometheus_rules": "kubernetes_prometheus_rules", "add_security_context": "add_security_context", "delay_treatment": "delay_treatment"}, {"instance": "kube-prometheus-prometheus-node-exporter.oxn-external-monitoring.svc:9100", "timestamp": 1737551080.801, "sum(rate(node_network_receive_errs_total[1m]) + rate(node_network_transmit_errs_total[1m])) by (instance)": 0, "network_errors": 0, "kubernetes_prometheus_rules": "kubernetes_prometheus_rules", "add_security_context": "add_security_context", "delay_treatment": "delay_treatment"}, {"instance": "kube-prometheus-prometheus-node-exporter.oxn-external-monitoring.svc:9100", "timestamp": 1737551081.801, "sum(rate(node_network_receive_errs_total[1m]) + rate(node_network_transmit_errs_total[1m])) by (instance)": 0, "network_errors": 0, "kubernetes_prometheus_rules": "kubernetes_prometheus_rules", "add_security_context": "add_security_context", "delay_treatment": "delay_treatment"}, {"instance": "kube-prometheus-prometheus-node-exporter.oxn-external-monitoring.svc:9100", "timestamp": 1737551082.801, "sum(rate(node_network_receive_errs_total[1m]) + rate(node_network_transmit_errs_total[1m])) by (instance)": 0, "network_errors": 0, "kubernetes_prometheus_rules": "kubernetes_prometheus_rules", "add_security_context": "add_security_context", "delay_treatment": "delay_treatment"}, {"instance": "kube-prometheus-prometheus-node-exporter.oxn-external-monitoring.svc:9100", "timestamp": 1737551083.801, "sum(rate(node_network_receive_errs_total[1m]) + rate(node_network_transmit_errs_total[1m])) by (instance)": 0, "network_errors": 0, "kubernetes_prometheus_rules": "kubernetes_prometheus_rules", "add_security_context": "add_security_context", "delay_treatment": "delay_treatment"}, {"instance": "kube-prometheus-prometheus-node-exporter.oxn-external-monitoring.svc:9100", "timestamp": 1737551084.801, "sum(rate(node_network_receive_errs_total[1m]) + rate(node_network_transmit_errs_total[1m])) by (instance)": 0, "network_errors": 0, "kubernetes_prometheus_rules": "kubernetes_prometheus_rules", "add_security_context": "add_security_context", "delay_treatment": "delay_treatment"}, {"instance": "kube-prometheus-prometheus-node-exporter.oxn-external-monitoring.svc:9100", "timestamp": 1737551085.801, "sum(rate(node_network_receive_errs_total[1m]) + rate(node_network_transmit_errs_total[1m])) by (instance)": 0, "network_errors": 0, "kubernetes_prometheus_rules": "kubernetes_prometheus_rules", "add_security_context": "add_security_context", "delay_treatment": "delay_treatment"}, {"instance": "kube-prometheus-prometheus-node-exporter.oxn-external-monitoring.svc:9100", "timestamp": 1737551086.801, "sum(rate(node_network_receive_errs_total[1m]) + rate(node_network_transmit_errs_total[1m])) by (instance)": 0, "network_errors": 0, "kubernetes_prometheus_rules": "kubernetes_prometheus_rules", "add_security_context": "add_security_context", "delay_treatment": "delay_treatment"}, {"instance": "kube-prometheus-prometheus-node-exporter.oxn-external-monitoring.svc:9100", "timestamp": 1737551087.801, "sum(rate(node_network_receive_errs_total[1m]) + rate(node_network_transmit_errs_total[1m])) by (instance)": 0, "network_errors": 0, "kubernetes_prometheus_rules": "kubernetes_prometheus_rules", "add_security_context": "add_security_context", "delay_treatment": "delay_treatment"}, {"instance": "kube-prometheus-prometheus-node-exporter.oxn-external-monitoring.svc:9100", "timestamp": 1737551088.801, "sum(rate(node_network_receive_errs_total[1m]) + rate(node_network_transmit_errs_total[1m])) by (instance)": 0, "network_errors": 0, "kubernetes_prometheus_rules": "kubernetes_prometheus_rules", "add_security_context": "add_security_context", "delay_treatment": "delay_treatment"}, {"instance": "kube-prometheus-prometheus-node-exporter.oxn-external-monitoring.svc:9100", "timestamp": 1737551089.801, "sum(rate(node_network_receive_errs_total[1m]) + rate(node_network_transmit_errs_total[1m])) by (instance)": 0, "network_errors": 0, "kubernetes_prometheus_rules": "kubernetes_prometheus_rules", "add_security_context": "add_security_context", "delay_treatment": "delay_treatment"}, {"instance": "kube-prometheus-prometheus-node-exporter.oxn-external-monitoring.svc:9100", "timestamp": 1737551090.801, "sum(rate(node_network_receive_errs_total[1m]) + rate(node_network_transmit_errs_total[1m])) by (instance)": 0, "network_errors": 0, "kubernetes_prometheus_rules": "kubernetes_prometheus_rules", "add_security_context": "add_security_context", "delay_treatment": "delay_treatment"}, {"instance": "kube-prometheus-prometheus-node-exporter.oxn-external-monitoring.svc:9100", "timestamp": 1737551091.801, "sum(rate(node_network_receive_errs_total[1m]) + rate(node_network_transmit_errs_total[1m])) by (instance)": 0, "network_errors": 0, "kubernetes_prometheus_rules": "kubernetes_prometheus_rules", "add_security_context": "add_security_context", "delay_treatment": "delay_treatment"}, {"instance": "kube-prometheus-prometheus-node-exporter.oxn-external-monitoring.svc:9100", "timestamp": 1737551092.801, "sum(rate(node_network_receive_errs_total[1m]) + rate(node_network_transmit_errs_total[1m])) by (instance)": 0, "network_errors": 0, "kubernetes_prometheus_rules": "kubernetes_prometheus_rules", "add_security_context": "add_security_context", "delay_treatment": "delay_treatment"}, {"instance": "kube-prometheus-prometheus-node-exporter.oxn-external-monitoring.svc:9100", "timestamp": 1737551093.801, "sum(rate(node_network_receive_errs_total[1m]) + rate(node_network_transmit_errs_total[1m])) by (instance)": 0, "network_errors": 0, "kubernetes_prometheus_rules": "kubernetes_prometheus_rules", "add_security_context": "add_security_context", "delay_treatment": "delay_treatment"}, {"instance": "kube-prometheus-prometheus-node-exporter.oxn-external-monitoring.svc:9100", "timestamp": 1737551094.801, "sum(rate(node_network_receive_errs_total[1m]) + rate(node_network_transmit_errs_total[1m])) by (instance)": 0, "network_errors": 0, "kubernetes_prometheus_rules": "kubernetes_prometheus_rules", "add_security_context": "add_security_context", "delay_treatment": "delay_treatment"}, {"instance": "kube-prometheus-prometheus-node-exporter.oxn-external-monitoring.svc:9100", "timestamp": 1737551095.801, "sum(rate(node_network_receive_errs_total[1m]) + rate(node_network_transmit_errs_total[1m])) by (instance)": 0, "network_errors": 0, "kubernetes_prometheus_rules": "NoTreatment", "add_security_context": "NoTreatment", "delay_treatment": "NoTreatment"}, {"instance": "kube-prometheus-prometheus-node-exporter.oxn-external-monitoring.svc:9100", "timestamp": 1737551096.801, "sum(rate(node_network_receive_errs_total[1m]) + rate(node_network_transmit_errs_total[1m])) by (instance)": 0, "network_errors": 0, "kubernetes_prometheus_rules": "NoTreatment", "add_security_context": "NoTreatment", "delay_treatment": "NoTreatment"}, {"instance": "kube-prometheus-prometheus-node-exporter.oxn-external-monitoring.svc:9100", "timestamp": 1737551097.801, "sum(rate(node_network_receive_errs_total[1m]) + rate(node_network_transmit_errs_total[1m])) by (instance)": 0, "network_errors": 0, "kubernetes_prometheus_rules": "NoTreatment", "add_security_context": "NoTreatment", "delay_treatment": "NoTreatment"}, {"instance": "kube-prometheus-prometheus-node-exporter.oxn-external-monitoring.svc:9100", "timestamp": 1737551098.801, "sum(rate(node_network_receive_errs_total[1m]) + rate(node_network_transmit_errs_total[1m])) by (instance)": 0, "network_errors": 0, "kubernetes_prometheus_rules": "NoTreatment", "add_security_context": "NoTreatment", "delay_treatment": "NoTreatment"}, {"instance": "kube-prometheus-prometheus-node-exporter.oxn-external-monitoring.svc:9100", "timestamp": 1737551099.801, "sum(rate(node_network_receive_errs_total[1m]) + rate(node_network_transmit_errs_total[1m])) by (instance)": 0, "network_errors": 0, "kubernetes_prometheus_rules": "NoTreatment", "add_security_context": "NoTreatment", "delay_treatment": "NoTreatment"}, {"instance": "kube-prometheus-prometheus-node-exporter.oxn-external-monitoring.svc:9100", "timestamp": 1737551100.801, "sum(rate(node_network_receive_errs_total[1m]) + rate(node_network_transmit_errs_total[1m])) by (instance)": 0, "network_errors": 0, "kubernetes_prometheus_rules": "NoTreatment", "add_security_context": "NoTreatment", "delay_treatment": "NoTreatment"}, {"instance": "kube-prometheus-prometheus-node-exporter.oxn-external-monitoring.svc:9100", "timestamp": 1737551101.801, "sum(rate(node_network_receive_errs_total[1m]) + rate(node_network_transmit_errs_total[1m])) by (instance)": 0, "network_errors": 0, "kubernetes_prometheus_rules": "NoTreatment", "add_security_context": "NoTreatment", "delay_treatment": "NoTreatment"}, {"instance": "kube-prometheus-prometheus-node-exporter.oxn-external-monitoring.svc:9100", "timestamp": 1737551102.801, "sum(rate(node_network_receive_errs_total[1m]) + rate(node_network_transmit_errs_total[1m])) by (instance)": 0, "network_errors": 0, "kubernetes_prometheus_rules": "NoTreatment", "add_security_context": "NoTreatment", "delay_treatment": "NoTreatment"}, {"instance": "kube-prometheus-prometheus-node-exporter.oxn-external-monitoring.svc:9100", "timestamp": 1737551103.801, "sum(rate(node_network_receive_errs_total[1m]) + rate(node_network_transmit_errs_total[1m])) by (instance)": 0, "network_errors": 0, "kubernetes_prometheus_rules": "NoTreatment", "add_security_context": "NoTreatment", "delay_treatment": "NoTreatment"}, {"instance": "kube-prometheus-prometheus-node-exporter.oxn-external-monitoring.svc:9100", "timestamp": 1737551104.801, "sum(rate(node_network_receive_errs_total[1m]) + rate(node_network_transmit_errs_total[1m])) by (instance)": 0, "network_errors": 0, "kubernetes_prometheus_rules": "NoTreatment", "add_security_context": "NoTreatment", "delay_treatment": "NoTreatment"}]