[{"instance": "kube-prometheus-prometheus-node-exporter.oxn-external-monitoring.svc:9100", "timestamp": 1737548233.676, "sum(rate(node_network_receive_bytes_total[1m]) + rate(node_network_transmit_bytes_total[1m])) by (instance)": 267953683.9022285, "network_bytes": 267953683.9022285, "kubernetes_prometheus_rules": "kubernetes_prometheus_rules", "add_security_context": "NoTreatment", "delay_treatment": "NoTreatment"}, {"instance": "kube-prometheus-prometheus-node-exporter.oxn-external-monitoring.svc:9100", "timestamp": 1737548234.676, "sum(rate(node_network_receive_bytes_total[1m]) + rate(node_network_transmit_bytes_total[1m])) by (instance)": 285351235.3451251, "network_bytes": 285351235.3451251, "kubernetes_prometheus_rules": "kubernetes_prometheus_rules", "add_security_context": "NoTreatment", "delay_treatment": "NoTreatment"}, {"instance": "kube-prometheus-prometheus-node-exporter.oxn-external-monitoring.svc:9100", "timestamp": 1737548235.676, "sum(rate(node_network_receive_bytes_total[1m]) + rate(node_network_transmit_bytes_total[1m])) by (instance)": 287572391.46269906, "network_bytes": 287572391.46269906, "kubernetes_prometheus_rules": "kubernetes_prometheus_rules", "add_security_context": "NoTreatment", "delay_treatment": "NoTreatment"}, {"instance": "kube-prometheus-prometheus-node-exporter.oxn-external-monitoring.svc:9100", "timestamp": 1737548236.676, "sum(rate(node_network_receive_bytes_total[1m]) + rate(node_network_transmit_bytes_total[1m])) by (instance)": 289793547.580273, "network_bytes": 289793547.580273, "kubernetes_prometheus_rules": "kubernetes_prometheus_rules", "add_security_context": "NoTreatment", "delay_treatment": "NoTreatment"}, {"instance": "kube-prometheus-prometheus-node-exporter.oxn-external-monitoring.svc:9100", "timestamp": 1737548237.676, "sum(rate(node_network_receive_bytes_total[1m]) + rate(node_network_transmit_bytes_total[1m])) by (instance)": 292014703.69784683, "network_bytes": 292014703.69784683, "kubernetes_prometheus_rules": "kubernetes_prometheus_rules", "add_security_context": "NoTreatment", "delay_treatment": "NoTreatment"}, {"instance": "kube-prometheus-prometheus-node-exporter.oxn-external-monitoring.svc:9100", "timestamp": 1737548238.676, "sum(rate(node_network_receive_bytes_total[1m]) + rate(node_network_transmit_bytes_total[1m])) by (instance)": 268008997.76815122, "network_bytes": 268008997.76815122, "kubernetes_prometheus_rules": "kubernetes_prometheus_rules", "add_security_context": "NoTreatment", "delay_treatment": "NoTreatment"}, {"instance": "kube-prometheus-prometheus-node-exporter.oxn-external-monitoring.svc:9100", "timestamp": 1737548239.676, "sum(rate(node_network_receive_bytes_total[1m]) + rate(node_network_transmit_bytes_total[1m])) by (instance)": 285404827.5034901, "network_bytes": 285404827.5034901, "kubernetes_prometheus_rules": "kubernetes_prometheus_rules", "add_security_context": "NoTreatment", "delay_treatment": "NoTreatment"}, {"instance": "kube-prometheus-prometheus-node-exporter.oxn-external-monitoring.svc:9100", "timestamp": 1737548240.676, "sum(rate(node_network_receive_bytes_total[1m]) + rate(node_network_transmit_bytes_total[1m])) by (instance)": 287627233.2066755, "network_bytes": 287627233.2066755, "kubernetes_prometheus_rules": "kubernetes_prometheus_rules", "add_security_context": "NoTreatment", "delay_treatment": "NoTreatment"}, {"instance": "kube-prometheus-prometheus-node-exporter.oxn-external-monitoring.svc:9100", "timestamp": 1737548241.676, "sum(rate(node_network_receive_bytes_total[1m]) + rate(node_network_transmit_bytes_total[1m])) by (instance)": 289849638.90986097, "network_bytes": 289849638.90986097, "kubernetes_prometheus_rules": "kubernetes_prometheus_rules", "add_security_context": "NoTreatment", "delay_treatment": "NoTreatment"}, {"instance": "kube-prometheus-prometheus-node-exporter.oxn-external-monitoring.svc:9100", "timestamp": 1737548242.676, "sum(rate(node_network_receive_bytes_total[1m]) + rate(node_network_transmit_bytes_total[1m])) by (instance)": 292072044.6130464, "network_bytes": 292072044.6130464, "kubernetes_prometheus_rules": "kubernetes_prometheus_rules", "add_security_context": "NoTreatment", "delay_treatment": "NoTreatment"}, {"instance": "kube-prometheus-prometheus-node-exporter.oxn-external-monitoring.svc:9100", "timestamp": 1737548243.676, "sum(rate(node_network_receive_bytes_total[1m]) + rate(node_network_transmit_bytes_total[1m])) by (instance)": 268063956.16226906, "network_bytes": 268063956.16226906, "kubernetes_prometheus_rules": "kubernetes_prometheus_rules", "add_security_context": "add_security_context", "delay_treatment": "NoTreatment"}, {"instance": "kube-prometheus-prometheus-node-exporter.oxn-external-monitoring.svc:9100", "timestamp": 1737548244.676, "sum(rate(node_network_receive_bytes_total[1m]) + rate(node_network_transmit_bytes_total[1m])) by (instance)": 285460451.98113525, "network_bytes": 285460451.98113525, "kubernetes_prometheus_rules": "kubernetes_prometheus_rules", "add_security_context": "add_security_context", "delay_treatment": "delay_treatment"}, {"instance": "kube-prometheus-prometheus-node-exporter.oxn-external-monitoring.svc:9100", "timestamp": 1737548245.676, "sum(rate(node_network_receive_bytes_total[1m]) + rate(node_network_transmit_bytes_total[1m])) by (instance)": 287684043.4245272, "network_bytes": 287684043.4245272, "kubernetes_prometheus_rules": "kubernetes_prometheus_rules", "add_security_context": "add_security_context", "delay_treatment": "delay_treatment"}, {"instance": "kube-prometheus-prometheus-node-exporter.oxn-external-monitoring.svc:9100", "timestamp": 1737548246.676, "sum(rate(node_network_receive_bytes_total[1m]) + rate(node_network_transmit_bytes_total[1m])) by (instance)": 289907634.86791927, "network_bytes": 289907634.86791927, "kubernetes_prometheus_rules": "kubernetes_prometheus_rules", "add_security_context": "add_security_context", "delay_treatment": "delay_treatment"}, {"instance": "kube-prometheus-prometheus-node-exporter.oxn-external-monitoring.svc:9100", "timestamp": 1737548247.676, "sum(rate(node_network_receive_bytes_total[1m]) + rate(node_network_transmit_bytes_total[1m])) by (instance)": 292131226.3113113, "network_bytes": 292131226.3113113, "kubernetes_prometheus_rules": "kubernetes_prometheus_rules", "add_security_context": "add_security_context", "delay_treatment": "delay_treatment"}, {"instance": "kube-prometheus-prometheus-node-exporter.oxn-external-monitoring.svc:9100", "timestamp": 1737548248.676, "sum(rate(node_network_receive_bytes_total[1m]) + rate(node_network_transmit_bytes_total[1m])) by (instance)": 268124932.53593865, "network_bytes": 268124932.53593865, "kubernetes_prometheus_rules": "kubernetes_prometheus_rules", "add_security_context": "add_security_context", "delay_treatment": "delay_treatment"}, {"instance": "kube-prometheus-prometheus-node-exporter.oxn-external-monitoring.svc:9100", "timestamp": 1737548249.676, "sum(rate(node_network_receive_bytes_total[1m]) + rate(node_network_transmit_bytes_total[1m])) by (instance)": 285450463.1339345, "network_bytes": 285450463.1339345, "kubernetes_prometheus_rules": "kubernetes_prometheus_rules", "add_security_context": "add_security_context", "delay_treatment": "delay_treatment"}, {"instance": "kube-prometheus-prometheus-node-exporter.oxn-external-monitoring.svc:9100", "timestamp": 1737548250.676, "sum(rate(node_network_receive_bytes_total[1m]) + rate(node_network_transmit_bytes_total[1m])) by (instance)": 287684955.26240003, "network_bytes": 287684955.26240003, "kubernetes_prometheus_rules": "kubernetes_prometheus_rules", "add_security_context": "add_security_context", "delay_treatment": "delay_treatment"}, {"instance": "kube-prometheus-prometheus-node-exporter.oxn-external-monitoring.svc:9100", "timestamp": 1737548251.676, "sum(rate(node_network_receive_bytes_total[1m]) + rate(node_network_transmit_bytes_total[1m])) by (instance)": 289919447.39086556, "network_bytes": 289919447.39086556, "kubernetes_prometheus_rules": "kubernetes_prometheus_rules", "add_security_context": "add_security_context", "delay_treatment": "delay_treatment"}, {"instance": "kube-prometheus-prometheus-node-exporter.oxn-external-monitoring.svc:9100", "timestamp": 1737548252.676, "sum(rate(node_network_receive_bytes_total[1m]) + rate(node_network_transmit_bytes_total[1m])) by (instance)": 292153939.51933104, "network_bytes": 292153939.51933104, "kubernetes_prometheus_rules": "kubernetes_prometheus_rules", "add_security_context": "add_security_context", "delay_treatment": "delay_treatment"}, {"instance": "kube-prometheus-prometheus-node-exporter.oxn-external-monitoring.svc:9100", "timestamp": 1737548253.676, "sum(rate(node_network_receive_bytes_total[1m]) + rate(node_network_transmit_bytes_total[1m])) by (instance)": 268165543.59170428, "network_bytes": 268165543.59170428, "kubernetes_prometheus_rules": "kubernetes_prometheus_rules", "add_security_context": "add_security_context", "delay_treatment": "delay_treatment"}, {"instance": "kube-prometheus-prometheus-node-exporter.oxn-external-monitoring.svc:9100", "timestamp": 1737548254.676, "sum(rate(node_network_receive_bytes_total[1m]) + rate(node_network_transmit_bytes_total[1m])) by (instance)": 1815736.7749470833, "network_bytes": 1815736.7749470833, "kubernetes_prometheus_rules": "kubernetes_prometheus_rules", "add_security_context": "add_security_context", "delay_treatment": "delay_treatment"}, {"instance": "kube-prometheus-prometheus-node-exporter.oxn-external-monitoring.svc:9100", "timestamp": 1737548255.676, "sum(rate(node_network_receive_bytes_total[1m]) + rate(node_network_transmit_bytes_total[1m])) by (instance)": 1856616.0953637504, "network_bytes": 1856616.0953637504, "kubernetes_prometheus_rules": "kubernetes_prometheus_rules", "add_security_context": "add_security_context", "delay_treatment": "delay_treatment"}, {"instance": "kube-prometheus-prometheus-node-exporter.oxn-external-monitoring.svc:9100", "timestamp": 1737548256.676, "sum(rate(node_network_receive_bytes_total[1m]) + rate(node_network_transmit_bytes_total[1m])) by (instance)": 1897495.415780417, "network_bytes": 1897495.415780417, "kubernetes_prometheus_rules": "kubernetes_prometheus_rules", "add_security_context": "add_security_context", "delay_treatment": "delay_treatment"}, {"instance": "kube-prometheus-prometheus-node-exporter.oxn-external-monitoring.svc:9100", "timestamp": 1737548257.676, "sum(rate(node_network_receive_bytes_total[1m]) + rate(node_network_transmit_bytes_total[1m])) by (instance)": 1938374.736197083, "network_bytes": 1938374.736197083, "kubernetes_prometheus_rules": "kubernetes_prometheus_rules", "add_security_context": "add_security_context", "delay_treatment": "delay_treatment"}, {"instance": "kube-prometheus-prometheus-node-exporter.oxn-external-monitoring.svc:9100", "timestamp": 1737548258.676, "sum(rate(node_network_receive_bytes_total[1m]) + rate(node_network_transmit_bytes_total[1m])) by (instance)": 1991109.7099755558, "network_bytes": 1991109.7099755558, "kubernetes_prometheus_rules": "kubernetes_prometheus_rules", "add_security_context": "add_security_context", "delay_treatment": "delay_treatment"}, {"instance": "kube-prometheus-prometheus-node-exporter.oxn-external-monitoring.svc:9100", "timestamp": 1737548259.676, "sum(rate(node_network_receive_bytes_total[1m]) + rate(node_network_transmit_bytes_total[1m])) by (instance)": 2032233.8959014814, "network_bytes": 2032233.8959014814, "kubernetes_prometheus_rules": "kubernetes_prometheus_rules", "add_security_context": "add_security_context", "delay_treatment": "delay_treatment"}, {"instance": "kube-prometheus-prometheus-node-exporter.oxn-external-monitoring.svc:9100", "timestamp": 1737548260.676, "sum(rate(node_network_receive_bytes_total[1m]) + rate(node_network_transmit_bytes_total[1m])) by (instance)": 2073358.0818274075, "network_bytes": 2073358.0818274075, "kubernetes_prometheus_rules": "kubernetes_prometheus_rules", "add_security_context": "add_security_context", "delay_treatment": "delay_treatment"}, {"instance": "kube-prometheus-prometheus-node-exporter.oxn-external-monitoring.svc:9100", "timestamp": 1737548261.676, "sum(rate(node_network_receive_bytes_total[1m]) + rate(node_network_transmit_bytes_total[1m])) by (instance)": 2114482.2677533333, "network_bytes": 2114482.2677533333, "kubernetes_prometheus_rules": "kubernetes_prometheus_rules", "add_security_context": "add_security_context", "delay_treatment": "delay_treatment"}, {"instance": "kube-prometheus-prometheus-node-exporter.oxn-external-monitoring.svc:9100", "timestamp": 1737548262.676, "sum(rate(node_network_receive_bytes_total[1m]) + rate(node_network_transmit_bytes_total[1m])) by (instance)": 2155606.453679259, "network_bytes": 2155606.453679259, "kubernetes_prometheus_rules": "kubernetes_prometheus_rules", "add_security_context": "add_security_context", "delay_treatment": "delay_treatment"}, {"instance": "kube-prometheus-prometheus-node-exporter.oxn-external-monitoring.svc:9100", "timestamp": 1737548263.676, "sum(rate(node_network_receive_bytes_total[1m]) + rate(node_network_transmit_bytes_total[1m])) by (instance)": 2230444.676278, "network_bytes": 2230444.676278, "kubernetes_prometheus_rules": "kubernetes_prometheus_rules", "add_security_context": "add_security_context", "delay_treatment": "delay_treatment"}, {"instance": "kube-prometheus-prometheus-node-exporter.oxn-external-monitoring.svc:9100", "timestamp": 1737548264.676, "sum(rate(node_network_receive_bytes_total[1m]) + rate(node_network_transmit_bytes_total[1m])) by (instance)": 2272200.0102780005, "network_bytes": 2272200.0102780005, "kubernetes_prometheus_rules": "kubernetes_prometheus_rules", "add_security_context": "add_security_context", "delay_treatment": "delay_treatment"}, {"instance": "kube-prometheus-prometheus-node-exporter.oxn-external-monitoring.svc:9100", "timestamp": 1737548265.676, "sum(rate(node_network_receive_bytes_total[1m]) + rate(node_network_transmit_bytes_total[1m])) by (instance)": 2313955.344278, "network_bytes": 2313955.344278, "kubernetes_prometheus_rules": "kubernetes_prometheus_rules", "add_security_context": "add_security_context", "delay_treatment": "delay_treatment"}, {"instance": "kube-prometheus-prometheus-node-exporter.oxn-external-monitoring.svc:9100", "timestamp": 1737548266.676, "sum(rate(node_network_receive_bytes_total[1m]) + rate(node_network_transmit_bytes_total[1m])) by (instance)": 2355710.678278, "network_bytes": 2355710.678278, "kubernetes_prometheus_rules": "kubernetes_prometheus_rules", "add_security_context": "add_security_context", "delay_treatment": "delay_treatment"}, {"instance": "kube-prometheus-prometheus-node-exporter.oxn-external-monitoring.svc:9100", "timestamp": 1737548267.676, "sum(rate(node_network_receive_bytes_total[1m]) + rate(node_network_transmit_bytes_total[1m])) by (instance)": 2492943.5272656665, "network_bytes": 2492943.5272656665, "kubernetes_prometheus_rules": "kubernetes_prometheus_rules", "add_security_context": "add_security_context", "delay_treatment": "delay_treatment"}, {"instance": "kube-prometheus-prometheus-node-exporter.oxn-external-monitoring.svc:9100", "timestamp": 1737548268.676, "sum(rate(node_network_receive_bytes_total[1m]) + rate(node_network_transmit_bytes_total[1m])) by (instance)": 2529376.8545454545, "network_bytes": 2529376.8545454545, "kubernetes_prometheus_rules": "kubernetes_prometheus_rules", "add_security_context": "add_security_context", "delay_treatment": "delay_treatment"}, {"instance": "kube-prometheus-prometheus-node-exporter.oxn-external-monitoring.svc:9100", "timestamp": 1737548269.676, "sum(rate(node_network_receive_bytes_total[1m]) + rate(node_network_transmit_bytes_total[1m])) by (instance)": 2529376.8545454545, "network_bytes": 2529376.8545454545, "kubernetes_prometheus_rules": "kubernetes_prometheus_rules", "add_security_context": "add_security_context", "delay_treatment": "delay_treatment"}, {"instance": "kube-prometheus-prometheus-node-exporter.oxn-external-monitoring.svc:9100", "timestamp": 1737548270.676, "sum(rate(node_network_receive_bytes_total[1m]) + rate(node_network_transmit_bytes_total[1m])) by (instance)": 2529376.8545454545, "network_bytes": 2529376.8545454545, "kubernetes_prometheus_rules": "kubernetes_prometheus_rules", "add_security_context": "add_security_context", "delay_treatment": "delay_treatment"}, {"instance": "kube-prometheus-prometheus-node-exporter.oxn-external-monitoring.svc:9100", "timestamp": 1737548271.676, "sum(rate(node_network_receive_bytes_total[1m]) + rate(node_network_transmit_bytes_total[1m])) by (instance)": 2529376.8545454545, "network_bytes": 2529376.8545454545, "kubernetes_prometheus_rules": "kubernetes_prometheus_rules", "add_security_context": "add_security_context", "delay_treatment": "delay_treatment"}, {"instance": "kube-prometheus-prometheus-node-exporter.oxn-external-monitoring.svc:9100", "timestamp": 1737548272.676, "sum(rate(node_network_receive_bytes_total[1m]) + rate(node_network_transmit_bytes_total[1m])) by (instance)": 2529376.8545454545, "network_bytes": 2529376.8545454545, "kubernetes_prometheus_rules": "kubernetes_prometheus_rules", "add_security_context": "add_security_context", "delay_treatment": "delay_treatment"}, {"instance": "kube-prometheus-prometheus-node-exporter.oxn-external-monitoring.svc:9100", "timestamp": 1737548273.676, "sum(rate(node_network_receive_bytes_total[1m]) + rate(node_network_transmit_bytes_total[1m])) by (instance)": 2573602.690909091, "network_bytes": 2573602.690909091, "kubernetes_prometheus_rules": "kubernetes_prometheus_rules", "add_security_context": "add_security_context", "delay_treatment": "delay_treatment"}, {"instance": "kube-prometheus-prometheus-node-exporter.oxn-external-monitoring.svc:9100", "timestamp": 1737548274.676, "sum(rate(node_network_receive_bytes_total[1m]) + rate(node_network_transmit_bytes_total[1m])) by (instance)": 2573602.690909091, "network_bytes": 2573602.690909091, "kubernetes_prometheus_rules": "kubernetes_prometheus_rules", "add_security_context": "add_security_context", "delay_treatment": "delay_treatment"}, {"instance": "kube-prometheus-prometheus-node-exporter.oxn-external-monitoring.svc:9100", "timestamp": 1737548275.676, "sum(rate(node_network_receive_bytes_total[1m]) + rate(node_network_transmit_bytes_total[1m])) by (instance)": 2573602.690909091, "network_bytes": 2573602.690909091, "kubernetes_prometheus_rules": "kubernetes_prometheus_rules", "add_security_context": "add_security_context", "delay_treatment": "delay_treatment"}, {"instance": "kube-prometheus-prometheus-node-exporter.oxn-external-monitoring.svc:9100", "timestamp": 1737548276.676, "sum(rate(node_network_receive_bytes_total[1m]) + rate(node_network_transmit_bytes_total[1m])) by (instance)": 2573602.690909091, "network_bytes": 2573602.690909091, "kubernetes_prometheus_rules": "kubernetes_prometheus_rules", "add_security_context": "add_security_context", "delay_treatment": "delay_treatment"}, {"instance": "kube-prometheus-prometheus-node-exporter.oxn-external-monitoring.svc:9100", "timestamp": 1737548277.676, "sum(rate(node_network_receive_bytes_total[1m]) + rate(node_network_transmit_bytes_total[1m])) by (instance)": 2573602.690909091, "network_bytes": 2573602.690909091, "kubernetes_prometheus_rules": "kubernetes_prometheus_rules", "add_security_context": "add_security_context", "delay_treatment": "delay_treatment"}, {"instance": "kube-prometheus-prometheus-node-exporter.oxn-external-monitoring.svc:9100", "timestamp": 1737548278.676, "sum(rate(node_network_receive_bytes_total[1m]) + rate(node_network_transmit_bytes_total[1m])) by (instance)": 2634365.8727272726, "network_bytes": 2634365.8727272726, "kubernetes_prometheus_rules": "kubernetes_prometheus_rules", "add_security_context": "add_security_context", "delay_treatment": "delay_treatment"}, {"instance": "kube-prometheus-prometheus-node-exporter.oxn-external-monitoring.svc:9100", "timestamp": 1737548279.676, "sum(rate(node_network_receive_bytes_total[1m]) + rate(node_network_transmit_bytes_total[1m])) by (instance)": 2634365.8727272726, "network_bytes": 2634365.8727272726, "kubernetes_prometheus_rules": "kubernetes_prometheus_rules", "add_security_context": "add_security_context", "delay_treatment": "delay_treatment"}, {"instance": "kube-prometheus-prometheus-node-exporter.oxn-external-monitoring.svc:9100", "timestamp": 1737548280.676, "sum(rate(node_network_receive_bytes_total[1m]) + rate(node_network_transmit_bytes_total[1m])) by (instance)": 2634365.8727272726, "network_bytes": 2634365.8727272726, "kubernetes_prometheus_rules": "kubernetes_prometheus_rules", "add_security_context": "add_security_context", "delay_treatment": "delay_treatment"}, {"instance": "kube-prometheus-prometheus-node-exporter.oxn-external-monitoring.svc:9100", "timestamp": 1737548281.676, "sum(rate(node_network_receive_bytes_total[1m]) + rate(node_network_transmit_bytes_total[1m])) by (instance)": 2634365.8727272726, "network_bytes": 2634365.8727272726, "kubernetes_prometheus_rules": "kubernetes_prometheus_rules", "add_security_context": "add_security_context", "delay_treatment": "delay_treatment"}, {"instance": "kube-prometheus-prometheus-node-exporter.oxn-external-monitoring.svc:9100", "timestamp": 1737548282.676, "sum(rate(node_network_receive_bytes_total[1m]) + rate(node_network_transmit_bytes_total[1m])) by (instance)": 2634365.8727272726, "network_bytes": 2634365.8727272726, "kubernetes_prometheus_rules": "kubernetes_prometheus_rules", "add_security_context": "add_security_context", "delay_treatment": "delay_treatment"}, {"instance": "kube-prometheus-prometheus-node-exporter.oxn-external-monitoring.svc:9100", "timestamp": 1737548283.676, "sum(rate(node_network_receive_bytes_total[1m]) + rate(node_network_transmit_bytes_total[1m])) by (instance)": 2691068.3818181814, "network_bytes": 2691068.3818181814, "kubernetes_prometheus_rules": "kubernetes_prometheus_rules", "add_security_context": "add_security_context", "delay_treatment": "delay_treatment"}, {"instance": "kube-prometheus-prometheus-node-exporter.oxn-external-monitoring.svc:9100", "timestamp": 1737548284.676, "sum(rate(node_network_receive_bytes_total[1m]) + rate(node_network_transmit_bytes_total[1m])) by (instance)": 2691068.3818181814, "network_bytes": 2691068.3818181814, "kubernetes_prometheus_rules": "kubernetes_prometheus_rules", "add_security_context": "add_security_context", "delay_treatment": "delay_treatment"}, {"instance": "kube-prometheus-prometheus-node-exporter.oxn-external-monitoring.svc:9100", "timestamp": 1737548285.676, "sum(rate(node_network_receive_bytes_total[1m]) + rate(node_network_transmit_bytes_total[1m])) by (instance)": 2691068.3818181814, "network_bytes": 2691068.3818181814, "kubernetes_prometheus_rules": "kubernetes_prometheus_rules", "add_security_context": "add_security_context", "delay_treatment": "delay_treatment"}, {"instance": "kube-prometheus-prometheus-node-exporter.oxn-external-monitoring.svc:9100", "timestamp": 1737548286.676, "sum(rate(node_network_receive_bytes_total[1m]) + rate(node_network_transmit_bytes_total[1m])) by (instance)": 2691068.3818181814, "network_bytes": 2691068.3818181814, "kubernetes_prometheus_rules": "kubernetes_prometheus_rules", "add_security_context": "add_security_context", "delay_treatment": "delay_treatment"}, {"instance": "kube-prometheus-prometheus-node-exporter.oxn-external-monitoring.svc:9100", "timestamp": 1737548287.676, "sum(rate(node_network_receive_bytes_total[1m]) + rate(node_network_transmit_bytes_total[1m])) by (instance)": 2691068.3818181814, "network_bytes": 2691068.3818181814, "kubernetes_prometheus_rules": "kubernetes_prometheus_rules", "add_security_context": "add_security_context", "delay_treatment": "delay_treatment"}, {"instance": "kube-prometheus-prometheus-node-exporter.oxn-external-monitoring.svc:9100", "timestamp": 1737548288.676, "sum(rate(node_network_receive_bytes_total[1m]) + rate(node_network_transmit_bytes_total[1m])) by (instance)": 2748521.727272727, "network_bytes": 2748521.727272727, "kubernetes_prometheus_rules": "kubernetes_prometheus_rules", "add_security_context": "add_security_context", "delay_treatment": "delay_treatment"}, {"instance": "kube-prometheus-prometheus-node-exporter.oxn-external-monitoring.svc:9100", "timestamp": 1737548289.676, "sum(rate(node_network_receive_bytes_total[1m]) + rate(node_network_transmit_bytes_total[1m])) by (instance)": 2748521.727272727, "network_bytes": 2748521.727272727, "kubernetes_prometheus_rules": "kubernetes_prometheus_rules", "add_security_context": "add_security_context", "delay_treatment": "delay_treatment"}, {"instance": "kube-prometheus-prometheus-node-exporter.oxn-external-monitoring.svc:9100", "timestamp": 1737548290.676, "sum(rate(node_network_receive_bytes_total[1m]) + rate(node_network_transmit_bytes_total[1m])) by (instance)": 2748521.727272727, "network_bytes": 2748521.727272727, "kubernetes_prometheus_rules": "kubernetes_prometheus_rules", "add_security_context": "add_security_context", "delay_treatment": "delay_treatment"}, {"instance": "kube-prometheus-prometheus-node-exporter.oxn-external-monitoring.svc:9100", "timestamp": 1737548291.676, "sum(rate(node_network_receive_bytes_total[1m]) + rate(node_network_transmit_bytes_total[1m])) by (instance)": 2748521.727272727, "network_bytes": 2748521.727272727, "kubernetes_prometheus_rules": "kubernetes_prometheus_rules", "add_security_context": "add_security_context", "delay_treatment": "delay_treatment"}, {"instance": "kube-prometheus-prometheus-node-exporter.oxn-external-monitoring.svc:9100", "timestamp": 1737548292.676, "sum(rate(node_network_receive_bytes_total[1m]) + rate(node_network_transmit_bytes_total[1m])) by (instance)": 2748521.727272727, "network_bytes": 2748521.727272727, "kubernetes_prometheus_rules": "kubernetes_prometheus_rules", "add_security_context": "add_security_context", "delay_treatment": "delay_treatment"}, {"instance": "kube-prometheus-prometheus-node-exporter.oxn-external-monitoring.svc:9100", "timestamp": 1737548293.676, "sum(rate(node_network_receive_bytes_total[1m]) + rate(node_network_transmit_bytes_total[1m])) by (instance)": 2814282.5454545454, "network_bytes": 2814282.5454545454, "kubernetes_prometheus_rules": "kubernetes_prometheus_rules", "add_security_context": "add_security_context", "delay_treatment": "delay_treatment"}, {"instance": "kube-prometheus-prometheus-node-exporter.oxn-external-monitoring.svc:9100", "timestamp": 1737548294.676, "sum(rate(node_network_receive_bytes_total[1m]) + rate(node_network_transmit_bytes_total[1m])) by (instance)": 2814282.5454545454, "network_bytes": 2814282.5454545454, "kubernetes_prometheus_rules": "kubernetes_prometheus_rules", "add_security_context": "add_security_context", "delay_treatment": "delay_treatment"}, {"instance": "kube-prometheus-prometheus-node-exporter.oxn-external-monitoring.svc:9100", "timestamp": 1737548295.676, "sum(rate(node_network_receive_bytes_total[1m]) + rate(node_network_transmit_bytes_total[1m])) by (instance)": 2814282.5454545454, "network_bytes": 2814282.5454545454, "kubernetes_prometheus_rules": "kubernetes_prometheus_rules", "add_security_context": "add_security_context", "delay_treatment": "delay_treatment"}, {"instance": "kube-prometheus-prometheus-node-exporter.oxn-external-monitoring.svc:9100", "timestamp": 1737548296.676, "sum(rate(node_network_receive_bytes_total[1m]) + rate(node_network_transmit_bytes_total[1m])) by (instance)": 2814282.5454545454, "network_bytes": 2814282.5454545454, "kubernetes_prometheus_rules": "kubernetes_prometheus_rules", "add_security_context": "add_security_context", "delay_treatment": "delay_treatment"}, {"instance": "kube-prometheus-prometheus-node-exporter.oxn-external-monitoring.svc:9100", "timestamp": 1737548297.676, "sum(rate(node_network_receive_bytes_total[1m]) + rate(node_network_transmit_bytes_total[1m])) by (instance)": 2814282.5454545454, "network_bytes": 2814282.5454545454, "kubernetes_prometheus_rules": "kubernetes_prometheus_rules", "add_security_context": "add_security_context", "delay_treatment": "delay_treatment"}, {"instance": "kube-prometheus-prometheus-node-exporter.oxn-external-monitoring.svc:9100", "timestamp": 1737548298.676, "sum(rate(node_network_receive_bytes_total[1m]) + rate(node_network_transmit_bytes_total[1m])) by (instance)": 2871108.0727272723, "network_bytes": 2871108.0727272723, "kubernetes_prometheus_rules": "kubernetes_prometheus_rules", "add_security_context": "add_security_context", "delay_treatment": "delay_treatment"}, {"instance": "kube-prometheus-prometheus-node-exporter.oxn-external-monitoring.svc:9100", "timestamp": 1737548299.676, "sum(rate(node_network_receive_bytes_total[1m]) + rate(node_network_transmit_bytes_total[1m])) by (instance)": 2871108.0727272723, "network_bytes": 2871108.0727272723, "kubernetes_prometheus_rules": "kubernetes_prometheus_rules", "add_security_context": "add_security_context", "delay_treatment": "delay_treatment"}, {"instance": "kube-prometheus-prometheus-node-exporter.oxn-external-monitoring.svc:9100", "timestamp": 1737548300.676, "sum(rate(node_network_receive_bytes_total[1m]) + rate(node_network_transmit_bytes_total[1m])) by (instance)": 2871108.0727272723, "network_bytes": 2871108.0727272723, "kubernetes_prometheus_rules": "kubernetes_prometheus_rules", "add_security_context": "add_security_context", "delay_treatment": "delay_treatment"}, {"instance": "kube-prometheus-prometheus-node-exporter.oxn-external-monitoring.svc:9100", "timestamp": 1737548301.676, "sum(rate(node_network_receive_bytes_total[1m]) + rate(node_network_transmit_bytes_total[1m])) by (instance)": 2871108.0727272723, "network_bytes": 2871108.0727272723, "kubernetes_prometheus_rules": "kubernetes_prometheus_rules", "add_security_context": "add_security_context", "delay_treatment": "delay_treatment"}, {"instance": "kube-prometheus-prometheus-node-exporter.oxn-external-monitoring.svc:9100", "timestamp": 1737548302.676, "sum(rate(node_network_receive_bytes_total[1m]) + rate(node_network_transmit_bytes_total[1m])) by (instance)": 2871108.0727272723, "network_bytes": 2871108.0727272723, "kubernetes_prometheus_rules": "kubernetes_prometheus_rules", "add_security_context": "add_security_context", "delay_treatment": "delay_treatment"}, {"instance": "kube-prometheus-prometheus-node-exporter.oxn-external-monitoring.svc:9100", "timestamp": 1737548303.676, "sum(rate(node_network_receive_bytes_total[1m]) + rate(node_network_transmit_bytes_total[1m])) by (instance)": 2928289.036363636, "network_bytes": 2928289.036363636, "kubernetes_prometheus_rules": "kubernetes_prometheus_rules", "add_security_context": "add_security_context", "delay_treatment": "delay_treatment"}, {"instance": "kube-prometheus-prometheus-node-exporter.oxn-external-monitoring.svc:9100", "timestamp": 1737548304.676, "sum(rate(node_network_receive_bytes_total[1m]) + rate(node_network_transmit_bytes_total[1m])) by (instance)": 2928289.036363636, "network_bytes": 2928289.036363636, "kubernetes_prometheus_rules": "kubernetes_prometheus_rules", "add_security_context": "add_security_context", "delay_treatment": "delay_treatment"}, {"instance": "kube-prometheus-prometheus-node-exporter.oxn-external-monitoring.svc:9100", "timestamp": 1737548305.676, "sum(rate(node_network_receive_bytes_total[1m]) + rate(node_network_transmit_bytes_total[1m])) by (instance)": 2928289.036363636, "network_bytes": 2928289.036363636, "kubernetes_prometheus_rules": "kubernetes_prometheus_rules", "add_security_context": "add_security_context", "delay_treatment": "delay_treatment"}, {"instance": "kube-prometheus-prometheus-node-exporter.oxn-external-monitoring.svc:9100", "timestamp": 1737548306.676, "sum(rate(node_network_receive_bytes_total[1m]) + rate(node_network_transmit_bytes_total[1m])) by (instance)": 2928289.036363636, "network_bytes": 2928289.036363636, "kubernetes_prometheus_rules": "kubernetes_prometheus_rules", "add_security_context": "add_security_context", "delay_treatment": "delay_treatment"}, {"instance": "kube-prometheus-prometheus-node-exporter.oxn-external-monitoring.svc:9100", "timestamp": 1737548307.676, "sum(rate(node_network_receive_bytes_total[1m]) + rate(node_network_transmit_bytes_total[1m])) by (instance)": 2928289.036363636, "network_bytes": 2928289.036363636, "kubernetes_prometheus_rules": "kubernetes_prometheus_rules", "add_security_context": "add_security_context", "delay_treatment": "delay_treatment"}, {"instance": "kube-prometheus-prometheus-node-exporter.oxn-external-monitoring.svc:9100", "timestamp": 1737548308.676, "sum(rate(node_network_receive_bytes_total[1m]) + rate(node_network_transmit_bytes_total[1m])) by (instance)": 2975754.5272727273, "network_bytes": 2975754.5272727273, "kubernetes_prometheus_rules": "kubernetes_prometheus_rules", "add_security_context": "add_security_context", "delay_treatment": "delay_treatment"}, {"instance": "kube-prometheus-prometheus-node-exporter.oxn-external-monitoring.svc:9100", "timestamp": 1737548309.676, "sum(rate(node_network_receive_bytes_total[1m]) + rate(node_network_transmit_bytes_total[1m])) by (instance)": 2975754.5272727273, "network_bytes": 2975754.5272727273, "kubernetes_prometheus_rules": "kubernetes_prometheus_rules", "add_security_context": "add_security_context", "delay_treatment": "delay_treatment"}, {"instance": "kube-prometheus-prometheus-node-exporter.oxn-external-monitoring.svc:9100", "timestamp": 1737548310.676, "sum(rate(node_network_receive_bytes_total[1m]) + rate(node_network_transmit_bytes_total[1m])) by (instance)": 2975754.5272727273, "network_bytes": 2975754.5272727273, "kubernetes_prometheus_rules": "kubernetes_prometheus_rules", "add_security_context": "add_security_context", "delay_treatment": "delay_treatment"}, {"instance": "kube-prometheus-prometheus-node-exporter.oxn-external-monitoring.svc:9100", "timestamp": 1737548311.676, "sum(rate(node_network_receive_bytes_total[1m]) + rate(node_network_transmit_bytes_total[1m])) by (instance)": 2975754.5272727273, "network_bytes": 2975754.5272727273, "kubernetes_prometheus_rules": "kubernetes_prometheus_rules", "add_security_context": "add_security_context", "delay_treatment": "delay_treatment"}, {"instance": "kube-prometheus-prometheus-node-exporter.oxn-external-monitoring.svc:9100", "timestamp": 1737548312.676, "sum(rate(node_network_receive_bytes_total[1m]) + rate(node_network_transmit_bytes_total[1m])) by (instance)": 2975754.5272727273, "network_bytes": 2975754.5272727273, "kubernetes_prometheus_rules": "kubernetes_prometheus_rules", "add_security_context": "add_security_context", "delay_treatment": "delay_treatment"}, {"instance": "kube-prometheus-prometheus-node-exporter.oxn-external-monitoring.svc:9100", "timestamp": 1737548313.676, "sum(rate(node_network_receive_bytes_total[1m]) + rate(node_network_transmit_bytes_total[1m])) by (instance)": 3023038.5454545454, "network_bytes": 3023038.5454545454, "kubernetes_prometheus_rules": "kubernetes_prometheus_rules", "add_security_context": "add_security_context", "delay_treatment": "delay_treatment"}, {"instance": "kube-prometheus-prometheus-node-exporter.oxn-external-monitoring.svc:9100", "timestamp": 1737548314.676, "sum(rate(node_network_receive_bytes_total[1m]) + rate(node_network_transmit_bytes_total[1m])) by (instance)": 3023038.5454545454, "network_bytes": 3023038.5454545454, "kubernetes_prometheus_rules": "kubernetes_prometheus_rules", "add_security_context": "add_security_context", "delay_treatment": "delay_treatment"}, {"instance": "kube-prometheus-prometheus-node-exporter.oxn-external-monitoring.svc:9100", "timestamp": 1737548315.676, "sum(rate(node_network_receive_bytes_total[1m]) + rate(node_network_transmit_bytes_total[1m])) by (instance)": 3023038.5454545454, "network_bytes": 3023038.5454545454, "kubernetes_prometheus_rules": "kubernetes_prometheus_rules", "add_security_context": "add_security_context", "delay_treatment": "delay_treatment"}, {"instance": "kube-prometheus-prometheus-node-exporter.oxn-external-monitoring.svc:9100", "timestamp": 1737548316.676, "sum(rate(node_network_receive_bytes_total[1m]) + rate(node_network_transmit_bytes_total[1m])) by (instance)": 3023038.5454545454, "network_bytes": 3023038.5454545454, "kubernetes_prometheus_rules": "kubernetes_prometheus_rules", "add_security_context": "add_security_context", "delay_treatment": "delay_treatment"}, {"instance": "kube-prometheus-prometheus-node-exporter.oxn-external-monitoring.svc:9100", "timestamp": 1737548317.676, "sum(rate(node_network_receive_bytes_total[1m]) + rate(node_network_transmit_bytes_total[1m])) by (instance)": 3023038.5454545454, "network_bytes": 3023038.5454545454, "kubernetes_prometheus_rules": "kubernetes_prometheus_rules", "add_security_context": "add_security_context", "delay_treatment": "delay_treatment"}, {"instance": "kube-prometheus-prometheus-node-exporter.oxn-external-monitoring.svc:9100", "timestamp": 1737548318.676, "sum(rate(node_network_receive_bytes_total[1m]) + rate(node_network_transmit_bytes_total[1m])) by (instance)": 3054093.709090909, "network_bytes": 3054093.709090909, "kubernetes_prometheus_rules": "kubernetes_prometheus_rules", "add_security_context": "add_security_context", "delay_treatment": "delay_treatment"}, {"instance": "kube-prometheus-prometheus-node-exporter.oxn-external-monitoring.svc:9100", "timestamp": 1737548319.676, "sum(rate(node_network_receive_bytes_total[1m]) + rate(node_network_transmit_bytes_total[1m])) by (instance)": 3054093.709090909, "network_bytes": 3054093.709090909, "kubernetes_prometheus_rules": "kubernetes_prometheus_rules", "add_security_context": "add_security_context", "delay_treatment": "delay_treatment"}, {"instance": "kube-prometheus-prometheus-node-exporter.oxn-external-monitoring.svc:9100", "timestamp": 1737548320.676, "sum(rate(node_network_receive_bytes_total[1m]) + rate(node_network_transmit_bytes_total[1m])) by (instance)": 3054093.709090909, "network_bytes": 3054093.709090909, "kubernetes_prometheus_rules": "kubernetes_prometheus_rules", "add_security_context": "add_security_context", "delay_treatment": "delay_treatment"}, {"instance": "kube-prometheus-prometheus-node-exporter.oxn-external-monitoring.svc:9100", "timestamp": 1737548321.676, "sum(rate(node_network_receive_bytes_total[1m]) + rate(node_network_transmit_bytes_total[1m])) by (instance)": 3054093.709090909, "network_bytes": 3054093.709090909, "kubernetes_prometheus_rules": "kubernetes_prometheus_rules", "add_security_context": "add_security_context", "delay_treatment": "delay_treatment"}, {"instance": "kube-prometheus-prometheus-node-exporter.oxn-external-monitoring.svc:9100", "timestamp": 1737548322.676, "sum(rate(node_network_receive_bytes_total[1m]) + rate(node_network_transmit_bytes_total[1m])) by (instance)": 3054093.709090909, "network_bytes": 3054093.709090909, "kubernetes_prometheus_rules": "kubernetes_prometheus_rules", "add_security_context": "add_security_context", "delay_treatment": "delay_treatment"}, {"instance": "kube-prometheus-prometheus-node-exporter.oxn-external-monitoring.svc:9100", "timestamp": 1737548323.676, "sum(rate(node_network_receive_bytes_total[1m]) + rate(node_network_transmit_bytes_total[1m])) by (instance)": 3086477.8545454545, "network_bytes": 3086477.8545454545, "kubernetes_prometheus_rules": "kubernetes_prometheus_rules", "add_security_context": "add_security_context", "delay_treatment": "delay_treatment"}, {"instance": "kube-prometheus-prometheus-node-exporter.oxn-external-monitoring.svc:9100", "timestamp": 1737548324.676, "sum(rate(node_network_receive_bytes_total[1m]) + rate(node_network_transmit_bytes_total[1m])) by (instance)": 3086477.8545454545, "network_bytes": 3086477.8545454545, "kubernetes_prometheus_rules": "kubernetes_prometheus_rules", "add_security_context": "add_security_context", "delay_treatment": "delay_treatment"}, {"instance": "kube-prometheus-prometheus-node-exporter.oxn-external-monitoring.svc:9100", "timestamp": 1737548325.676, "sum(rate(node_network_receive_bytes_total[1m]) + rate(node_network_transmit_bytes_total[1m])) by (instance)": 3086477.8545454545, "network_bytes": 3086477.8545454545, "kubernetes_prometheus_rules": "kubernetes_prometheus_rules", "add_security_context": "add_security_context", "delay_treatment": "delay_treatment"}, {"instance": "kube-prometheus-prometheus-node-exporter.oxn-external-monitoring.svc:9100", "timestamp": 1737548326.676, "sum(rate(node_network_receive_bytes_total[1m]) + rate(node_network_transmit_bytes_total[1m])) by (instance)": 3086477.8545454545, "network_bytes": 3086477.8545454545, "kubernetes_prometheus_rules": "kubernetes_prometheus_rules", "add_security_context": "add_security_context", "delay_treatment": "delay_treatment"}, {"instance": "kube-prometheus-prometheus-node-exporter.oxn-external-monitoring.svc:9100", "timestamp": 1737548327.676, "sum(rate(node_network_receive_bytes_total[1m]) + rate(node_network_transmit_bytes_total[1m])) by (instance)": 3086477.8545454545, "network_bytes": 3086477.8545454545, "kubernetes_prometheus_rules": "kubernetes_prometheus_rules", "add_security_context": "add_security_context", "delay_treatment": "delay_treatment"}, {"instance": "kube-prometheus-prometheus-node-exporter.oxn-external-monitoring.svc:9100", "timestamp": 1737548328.676, "sum(rate(node_network_receive_bytes_total[1m]) + rate(node_network_transmit_bytes_total[1m])) by (instance)": 3108585.054545454, "network_bytes": 3108585.054545454, "kubernetes_prometheus_rules": "kubernetes_prometheus_rules", "add_security_context": "add_security_context", "delay_treatment": "delay_treatment"}, {"instance": "kube-prometheus-prometheus-node-exporter.oxn-external-monitoring.svc:9100", "timestamp": 1737548329.676, "sum(rate(node_network_receive_bytes_total[1m]) + rate(node_network_transmit_bytes_total[1m])) by (instance)": 3108585.054545454, "network_bytes": 3108585.054545454, "kubernetes_prometheus_rules": "kubernetes_prometheus_rules", "add_security_context": "add_security_context", "delay_treatment": "delay_treatment"}, {"instance": "kube-prometheus-prometheus-node-exporter.oxn-external-monitoring.svc:9100", "timestamp": 1737548330.676, "sum(rate(node_network_receive_bytes_total[1m]) + rate(node_network_transmit_bytes_total[1m])) by (instance)": 3108585.054545454, "network_bytes": 3108585.054545454, "kubernetes_prometheus_rules": "kubernetes_prometheus_rules", "add_security_context": "add_security_context", "delay_treatment": "delay_treatment"}, {"instance": "kube-prometheus-prometheus-node-exporter.oxn-external-monitoring.svc:9100", "timestamp": 1737548331.676, "sum(rate(node_network_receive_bytes_total[1m]) + rate(node_network_transmit_bytes_total[1m])) by (instance)": 3108585.054545454, "network_bytes": 3108585.054545454, "kubernetes_prometheus_rules": "kubernetes_prometheus_rules", "add_security_context": "add_security_context", "delay_treatment": "delay_treatment"}, {"instance": "kube-prometheus-prometheus-node-exporter.oxn-external-monitoring.svc:9100", "timestamp": 1737548332.676, "sum(rate(node_network_receive_bytes_total[1m]) + rate(node_network_transmit_bytes_total[1m])) by (instance)": 3108585.054545454, "network_bytes": 3108585.054545454, "kubernetes_prometheus_rules": "kubernetes_prometheus_rules", "add_security_context": "add_security_context", "delay_treatment": "delay_treatment"}, {"instance": "kube-prometheus-prometheus-node-exporter.oxn-external-monitoring.svc:9100", "timestamp": 1737548333.676, "sum(rate(node_network_receive_bytes_total[1m]) + rate(node_network_transmit_bytes_total[1m])) by (instance)": 3105070.618181818, "network_bytes": 3105070.618181818, "kubernetes_prometheus_rules": "kubernetes_prometheus_rules", "add_security_context": "add_security_context", "delay_treatment": "delay_treatment"}, {"instance": "kube-prometheus-prometheus-node-exporter.oxn-external-monitoring.svc:9100", "timestamp": 1737548334.676, "sum(rate(node_network_receive_bytes_total[1m]) + rate(node_network_transmit_bytes_total[1m])) by (instance)": 3105070.618181818, "network_bytes": 3105070.618181818, "kubernetes_prometheus_rules": "kubernetes_prometheus_rules", "add_security_context": "add_security_context", "delay_treatment": "delay_treatment"}, {"instance": "kube-prometheus-prometheus-node-exporter.oxn-external-monitoring.svc:9100", "timestamp": 1737548335.676, "sum(rate(node_network_receive_bytes_total[1m]) + rate(node_network_transmit_bytes_total[1m])) by (instance)": 3105070.618181818, "network_bytes": 3105070.618181818, "kubernetes_prometheus_rules": "kubernetes_prometheus_rules", "add_security_context": "add_security_context", "delay_treatment": "delay_treatment"}, {"instance": "kube-prometheus-prometheus-node-exporter.oxn-external-monitoring.svc:9100", "timestamp": 1737548336.676, "sum(rate(node_network_receive_bytes_total[1m]) + rate(node_network_transmit_bytes_total[1m])) by (instance)": 3105070.618181818, "network_bytes": 3105070.618181818, "kubernetes_prometheus_rules": "kubernetes_prometheus_rules", "add_security_context": "add_security_context", "delay_treatment": "delay_treatment"}, {"instance": "kube-prometheus-prometheus-node-exporter.oxn-external-monitoring.svc:9100", "timestamp": 1737548337.676, "sum(rate(node_network_receive_bytes_total[1m]) + rate(node_network_transmit_bytes_total[1m])) by (instance)": 3105070.618181818, "network_bytes": 3105070.618181818, "kubernetes_prometheus_rules": "kubernetes_prometheus_rules", "add_security_context": "add_security_context", "delay_treatment": "delay_treatment"}, {"instance": "kube-prometheus-prometheus-node-exporter.oxn-external-monitoring.svc:9100", "timestamp": 1737548338.676, "sum(rate(node_network_receive_bytes_total[1m]) + rate(node_network_transmit_bytes_total[1m])) by (instance)": 3062745.327272727, "network_bytes": 3062745.327272727, "kubernetes_prometheus_rules": "kubernetes_prometheus_rules", "add_security_context": "add_security_context", "delay_treatment": "delay_treatment"}, {"instance": "kube-prometheus-prometheus-node-exporter.oxn-external-monitoring.svc:9100", "timestamp": 1737548339.676, "sum(rate(node_network_receive_bytes_total[1m]) + rate(node_network_transmit_bytes_total[1m])) by (instance)": 3062745.327272727, "network_bytes": 3062745.327272727, "kubernetes_prometheus_rules": "kubernetes_prometheus_rules", "add_security_context": "add_security_context", "delay_treatment": "delay_treatment"}, {"instance": "kube-prometheus-prometheus-node-exporter.oxn-external-monitoring.svc:9100", "timestamp": 1737548340.676, "sum(rate(node_network_receive_bytes_total[1m]) + rate(node_network_transmit_bytes_total[1m])) by (instance)": 3062745.327272727, "network_bytes": 3062745.327272727, "kubernetes_prometheus_rules": "kubernetes_prometheus_rules", "add_security_context": "add_security_context", "delay_treatment": "delay_treatment"}, {"instance": "kube-prometheus-prometheus-node-exporter.oxn-external-monitoring.svc:9100", "timestamp": 1737548341.676, "sum(rate(node_network_receive_bytes_total[1m]) + rate(node_network_transmit_bytes_total[1m])) by (instance)": 3062745.327272727, "network_bytes": 3062745.327272727, "kubernetes_prometheus_rules": "kubernetes_prometheus_rules", "add_security_context": "add_security_context", "delay_treatment": "delay_treatment"}, {"instance": "kube-prometheus-prometheus-node-exporter.oxn-external-monitoring.svc:9100", "timestamp": 1737548342.676, "sum(rate(node_network_receive_bytes_total[1m]) + rate(node_network_transmit_bytes_total[1m])) by (instance)": 3062745.327272727, "network_bytes": 3062745.327272727, "kubernetes_prometheus_rules": "kubernetes_prometheus_rules", "add_security_context": "add_security_context", "delay_treatment": "delay_treatment"}, {"instance": "kube-prometheus-prometheus-node-exporter.oxn-external-monitoring.svc:9100", "timestamp": 1737548343.676, "sum(rate(node_network_receive_bytes_total[1m]) + rate(node_network_transmit_bytes_total[1m])) by (instance)": 3067505.527272727, "network_bytes": 3067505.527272727, "kubernetes_prometheus_rules": "kubernetes_prometheus_rules", "add_security_context": "add_security_context", "delay_treatment": "delay_treatment"}, {"instance": "kube-prometheus-prometheus-node-exporter.oxn-external-monitoring.svc:9100", "timestamp": 1737548344.676, "sum(rate(node_network_receive_bytes_total[1m]) + rate(node_network_transmit_bytes_total[1m])) by (instance)": 3067505.527272727, "network_bytes": 3067505.527272727, "kubernetes_prometheus_rules": "kubernetes_prometheus_rules", "add_security_context": "add_security_context", "delay_treatment": "delay_treatment"}, {"instance": "kube-prometheus-prometheus-node-exporter.oxn-external-monitoring.svc:9100", "timestamp": 1737548345.676, "sum(rate(node_network_receive_bytes_total[1m]) + rate(node_network_transmit_bytes_total[1m])) by (instance)": 3067505.527272727, "network_bytes": 3067505.527272727, "kubernetes_prometheus_rules": "kubernetes_prometheus_rules", "add_security_context": "add_security_context", "delay_treatment": "delay_treatment"}, {"instance": "kube-prometheus-prometheus-node-exporter.oxn-external-monitoring.svc:9100", "timestamp": 1737548346.676, "sum(rate(node_network_receive_bytes_total[1m]) + rate(node_network_transmit_bytes_total[1m])) by (instance)": 3067505.527272727, "network_bytes": 3067505.527272727, "kubernetes_prometheus_rules": "kubernetes_prometheus_rules", "add_security_context": "add_security_context", "delay_treatment": "delay_treatment"}, {"instance": "kube-prometheus-prometheus-node-exporter.oxn-external-monitoring.svc:9100", "timestamp": 1737548347.676, "sum(rate(node_network_receive_bytes_total[1m]) + rate(node_network_transmit_bytes_total[1m])) by (instance)": 3067505.527272727, "network_bytes": 3067505.527272727, "kubernetes_prometheus_rules": "kubernetes_prometheus_rules", "add_security_context": "add_security_context", "delay_treatment": "delay_treatment"}, {"instance": "kube-prometheus-prometheus-node-exporter.oxn-external-monitoring.svc:9100", "timestamp": 1737548348.676, "sum(rate(node_network_receive_bytes_total[1m]) + rate(node_network_transmit_bytes_total[1m])) by (instance)": 3064265.1999999997, "network_bytes": 3064265.1999999997, "kubernetes_prometheus_rules": "kubernetes_prometheus_rules", "add_security_context": "add_security_context", "delay_treatment": "delay_treatment"}, {"instance": "kube-prometheus-prometheus-node-exporter.oxn-external-monitoring.svc:9100", "timestamp": 1737548349.676, "sum(rate(node_network_receive_bytes_total[1m]) + rate(node_network_transmit_bytes_total[1m])) by (instance)": 3064265.1999999997, "network_bytes": 3064265.1999999997, "kubernetes_prometheus_rules": "kubernetes_prometheus_rules", "add_security_context": "add_security_context", "delay_treatment": "delay_treatment"}, {"instance": "kube-prometheus-prometheus-node-exporter.oxn-external-monitoring.svc:9100", "timestamp": 1737548350.676, "sum(rate(node_network_receive_bytes_total[1m]) + rate(node_network_transmit_bytes_total[1m])) by (instance)": 3064265.1999999997, "network_bytes": 3064265.1999999997, "kubernetes_prometheus_rules": "kubernetes_prometheus_rules", "add_security_context": "add_security_context", "delay_treatment": "delay_treatment"}, {"instance": "kube-prometheus-prometheus-node-exporter.oxn-external-monitoring.svc:9100", "timestamp": 1737548351.676, "sum(rate(node_network_receive_bytes_total[1m]) + rate(node_network_transmit_bytes_total[1m])) by (instance)": 3064265.1999999997, "network_bytes": 3064265.1999999997, "kubernetes_prometheus_rules": "kubernetes_prometheus_rules", "add_security_context": "add_security_context", "delay_treatment": "delay_treatment"}, {"instance": "kube-prometheus-prometheus-node-exporter.oxn-external-monitoring.svc:9100", "timestamp": 1737548352.676, "sum(rate(node_network_receive_bytes_total[1m]) + rate(node_network_transmit_bytes_total[1m])) by (instance)": 3064265.1999999997, "network_bytes": 3064265.1999999997, "kubernetes_prometheus_rules": "kubernetes_prometheus_rules", "add_security_context": "add_security_context", "delay_treatment": "delay_treatment"}, {"instance": "kube-prometheus-prometheus-node-exporter.oxn-external-monitoring.svc:9100", "timestamp": 1737548353.676, "sum(rate(node_network_receive_bytes_total[1m]) + rate(node_network_transmit_bytes_total[1m])) by (instance)": 3068619.6727272724, "network_bytes": 3068619.6727272724, "kubernetes_prometheus_rules": "kubernetes_prometheus_rules", "add_security_context": "add_security_context", "delay_treatment": "delay_treatment"}, {"instance": "kube-prometheus-prometheus-node-exporter.oxn-external-monitoring.svc:9100", "timestamp": 1737548354.676, "sum(rate(node_network_receive_bytes_total[1m]) + rate(node_network_transmit_bytes_total[1m])) by (instance)": 3068619.6727272724, "network_bytes": 3068619.6727272724, "kubernetes_prometheus_rules": "kubernetes_prometheus_rules", "add_security_context": "add_security_context", "delay_treatment": "delay_treatment"}, {"instance": "kube-prometheus-prometheus-node-exporter.oxn-external-monitoring.svc:9100", "timestamp": 1737548355.676, "sum(rate(node_network_receive_bytes_total[1m]) + rate(node_network_transmit_bytes_total[1m])) by (instance)": 3068619.6727272724, "network_bytes": 3068619.6727272724, "kubernetes_prometheus_rules": "kubernetes_prometheus_rules", "add_security_context": "add_security_context", "delay_treatment": "delay_treatment"}, {"instance": "kube-prometheus-prometheus-node-exporter.oxn-external-monitoring.svc:9100", "timestamp": 1737548356.676, "sum(rate(node_network_receive_bytes_total[1m]) + rate(node_network_transmit_bytes_total[1m])) by (instance)": 3068619.6727272724, "network_bytes": 3068619.6727272724, "kubernetes_prometheus_rules": "kubernetes_prometheus_rules", "add_security_context": "add_security_context", "delay_treatment": "delay_treatment"}, {"instance": "kube-prometheus-prometheus-node-exporter.oxn-external-monitoring.svc:9100", "timestamp": 1737548357.676, "sum(rate(node_network_receive_bytes_total[1m]) + rate(node_network_transmit_bytes_total[1m])) by (instance)": 3068619.6727272724, "network_bytes": 3068619.6727272724, "kubernetes_prometheus_rules": "kubernetes_prometheus_rules", "add_security_context": "add_security_context", "delay_treatment": "delay_treatment"}, {"instance": "kube-prometheus-prometheus-node-exporter.oxn-external-monitoring.svc:9100", "timestamp": 1737548358.676, "sum(rate(node_network_receive_bytes_total[1m]) + rate(node_network_transmit_bytes_total[1m])) by (instance)": 3062737.472727272, "network_bytes": 3062737.472727272, "kubernetes_prometheus_rules": "kubernetes_prometheus_rules", "add_security_context": "add_security_context", "delay_treatment": "delay_treatment"}, {"instance": "kube-prometheus-prometheus-node-exporter.oxn-external-monitoring.svc:9100", "timestamp": 1737548359.676, "sum(rate(node_network_receive_bytes_total[1m]) + rate(node_network_transmit_bytes_total[1m])) by (instance)": 3062737.472727272, "network_bytes": 3062737.472727272, "kubernetes_prometheus_rules": "kubernetes_prometheus_rules", "add_security_context": "add_security_context", "delay_treatment": "delay_treatment"}, {"instance": "kube-prometheus-prometheus-node-exporter.oxn-external-monitoring.svc:9100", "timestamp": 1737548360.676, "sum(rate(node_network_receive_bytes_total[1m]) + rate(node_network_transmit_bytes_total[1m])) by (instance)": 3062737.472727272, "network_bytes": 3062737.472727272, "kubernetes_prometheus_rules": "kubernetes_prometheus_rules", "add_security_context": "add_security_context", "delay_treatment": "delay_treatment"}, {"instance": "kube-prometheus-prometheus-node-exporter.oxn-external-monitoring.svc:9100", "timestamp": 1737548361.676, "sum(rate(node_network_receive_bytes_total[1m]) + rate(node_network_transmit_bytes_total[1m])) by (instance)": 3062737.472727272, "network_bytes": 3062737.472727272, "kubernetes_prometheus_rules": "kubernetes_prometheus_rules", "add_security_context": "add_security_context", "delay_treatment": "delay_treatment"}, {"instance": "kube-prometheus-prometheus-node-exporter.oxn-external-monitoring.svc:9100", "timestamp": 1737548362.676, "sum(rate(node_network_receive_bytes_total[1m]) + rate(node_network_transmit_bytes_total[1m])) by (instance)": 3062737.472727272, "network_bytes": 3062737.472727272, "kubernetes_prometheus_rules": "kubernetes_prometheus_rules", "add_security_context": "add_security_context", "delay_treatment": "delay_treatment"}, {"instance": "kube-prometheus-prometheus-node-exporter.oxn-external-monitoring.svc:9100", "timestamp": 1737548363.676, "sum(rate(node_network_receive_bytes_total[1m]) + rate(node_network_transmit_bytes_total[1m])) by (instance)": 3065258.145454545, "network_bytes": 3065258.145454545, "kubernetes_prometheus_rules": "kubernetes_prometheus_rules", "add_security_context": "add_security_context", "delay_treatment": "delay_treatment"}, {"instance": "kube-prometheus-prometheus-node-exporter.oxn-external-monitoring.svc:9100", "timestamp": 1737548364.676, "sum(rate(node_network_receive_bytes_total[1m]) + rate(node_network_transmit_bytes_total[1m])) by (instance)": 3065258.145454545, "network_bytes": 3065258.145454545, "kubernetes_prometheus_rules": "kubernetes_prometheus_rules", "add_security_context": "add_security_context", "delay_treatment": "delay_treatment"}, {"instance": "kube-prometheus-prometheus-node-exporter.oxn-external-monitoring.svc:9100", "timestamp": 1737548365.676, "sum(rate(node_network_receive_bytes_total[1m]) + rate(node_network_transmit_bytes_total[1m])) by (instance)": 3065258.145454545, "network_bytes": 3065258.145454545, "kubernetes_prometheus_rules": "kubernetes_prometheus_rules", "add_security_context": "add_security_context", "delay_treatment": "delay_treatment"}, {"instance": "kube-prometheus-prometheus-node-exporter.oxn-external-monitoring.svc:9100", "timestamp": 1737548366.676, "sum(rate(node_network_receive_bytes_total[1m]) + rate(node_network_transmit_bytes_total[1m])) by (instance)": 3065258.145454545, "network_bytes": 3065258.145454545, "kubernetes_prometheus_rules": "kubernetes_prometheus_rules", "add_security_context": "add_security_context", "delay_treatment": "delay_treatment"}, {"instance": "kube-prometheus-prometheus-node-exporter.oxn-external-monitoring.svc:9100", "timestamp": 1737548367.676, "sum(rate(node_network_receive_bytes_total[1m]) + rate(node_network_transmit_bytes_total[1m])) by (instance)": 3065258.145454545, "network_bytes": 3065258.145454545, "kubernetes_prometheus_rules": "kubernetes_prometheus_rules", "add_security_context": "add_security_context", "delay_treatment": "delay_treatment"}, {"instance": "kube-prometheus-prometheus-node-exporter.oxn-external-monitoring.svc:9100", "timestamp": 1737548368.676, "sum(rate(node_network_receive_bytes_total[1m]) + rate(node_network_transmit_bytes_total[1m])) by (instance)": 3058251.6545454543, "network_bytes": 3058251.6545454543, "kubernetes_prometheus_rules": "kubernetes_prometheus_rules", "add_security_context": "add_security_context", "delay_treatment": "delay_treatment"}, {"instance": "kube-prometheus-prometheus-node-exporter.oxn-external-monitoring.svc:9100", "timestamp": 1737548369.676, "sum(rate(node_network_receive_bytes_total[1m]) + rate(node_network_transmit_bytes_total[1m])) by (instance)": 3058251.6545454543, "network_bytes": 3058251.6545454543, "kubernetes_prometheus_rules": "kubernetes_prometheus_rules", "add_security_context": "add_security_context", "delay_treatment": "delay_treatment"}, {"instance": "kube-prometheus-prometheus-node-exporter.oxn-external-monitoring.svc:9100", "timestamp": 1737548370.676, "sum(rate(node_network_receive_bytes_total[1m]) + rate(node_network_transmit_bytes_total[1m])) by (instance)": 3058251.6545454543, "network_bytes": 3058251.6545454543, "kubernetes_prometheus_rules": "kubernetes_prometheus_rules", "add_security_context": "add_security_context", "delay_treatment": "delay_treatment"}, {"instance": "kube-prometheus-prometheus-node-exporter.oxn-external-monitoring.svc:9100", "timestamp": 1737548371.676, "sum(rate(node_network_receive_bytes_total[1m]) + rate(node_network_transmit_bytes_total[1m])) by (instance)": 3058251.6545454543, "network_bytes": 3058251.6545454543, "kubernetes_prometheus_rules": "kubernetes_prometheus_rules", "add_security_context": "add_security_context", "delay_treatment": "delay_treatment"}, {"instance": "kube-prometheus-prometheus-node-exporter.oxn-external-monitoring.svc:9100", "timestamp": 1737548372.676, "sum(rate(node_network_receive_bytes_total[1m]) + rate(node_network_transmit_bytes_total[1m])) by (instance)": 3058251.6545454543, "network_bytes": 3058251.6545454543, "kubernetes_prometheus_rules": "kubernetes_prometheus_rules", "add_security_context": "add_security_context", "delay_treatment": "delay_treatment"}, {"instance": "kube-prometheus-prometheus-node-exporter.oxn-external-monitoring.svc:9100", "timestamp": 1737548373.676, "sum(rate(node_network_receive_bytes_total[1m]) + rate(node_network_transmit_bytes_total[1m])) by (instance)": 3056173.8181818184, "network_bytes": 3056173.8181818184, "kubernetes_prometheus_rules": "kubernetes_prometheus_rules", "add_security_context": "add_security_context", "delay_treatment": "delay_treatment"}, {"instance": "kube-prometheus-prometheus-node-exporter.oxn-external-monitoring.svc:9100", "timestamp": 1737548374.676, "sum(rate(node_network_receive_bytes_total[1m]) + rate(node_network_transmit_bytes_total[1m])) by (instance)": 3056173.8181818184, "network_bytes": 3056173.8181818184, "kubernetes_prometheus_rules": "kubernetes_prometheus_rules", "add_security_context": "add_security_context", "delay_treatment": "delay_treatment"}, {"instance": "kube-prometheus-prometheus-node-exporter.oxn-external-monitoring.svc:9100", "timestamp": 1737548375.676, "sum(rate(node_network_receive_bytes_total[1m]) + rate(node_network_transmit_bytes_total[1m])) by (instance)": 3056173.8181818184, "network_bytes": 3056173.8181818184, "kubernetes_prometheus_rules": "kubernetes_prometheus_rules", "add_security_context": "add_security_context", "delay_treatment": "delay_treatment"}, {"instance": "kube-prometheus-prometheus-node-exporter.oxn-external-monitoring.svc:9100", "timestamp": 1737548376.676, "sum(rate(node_network_receive_bytes_total[1m]) + rate(node_network_transmit_bytes_total[1m])) by (instance)": 3056173.8181818184, "network_bytes": 3056173.8181818184, "kubernetes_prometheus_rules": "kubernetes_prometheus_rules", "add_security_context": "add_security_context", "delay_treatment": "delay_treatment"}, {"instance": "kube-prometheus-prometheus-node-exporter.oxn-external-monitoring.svc:9100", "timestamp": 1737548377.676, "sum(rate(node_network_receive_bytes_total[1m]) + rate(node_network_transmit_bytes_total[1m])) by (instance)": 3056173.8181818184, "network_bytes": 3056173.8181818184, "kubernetes_prometheus_rules": "kubernetes_prometheus_rules", "add_security_context": "add_security_context", "delay_treatment": "delay_treatment"}, {"instance": "kube-prometheus-prometheus-node-exporter.oxn-external-monitoring.svc:9100", "timestamp": 1737548378.676, "sum(rate(node_network_receive_bytes_total[1m]) + rate(node_network_transmit_bytes_total[1m])) by (instance)": 3053852.727272727, "network_bytes": 3053852.727272727, "kubernetes_prometheus_rules": "kubernetes_prometheus_rules", "add_security_context": "add_security_context", "delay_treatment": "delay_treatment"}, {"instance": "kube-prometheus-prometheus-node-exporter.oxn-external-monitoring.svc:9100", "timestamp": 1737548379.676, "sum(rate(node_network_receive_bytes_total[1m]) + rate(node_network_transmit_bytes_total[1m])) by (instance)": 3053852.727272727, "network_bytes": 3053852.727272727, "kubernetes_prometheus_rules": "kubernetes_prometheus_rules", "add_security_context": "add_security_context", "delay_treatment": "delay_treatment"}, {"instance": "kube-prometheus-prometheus-node-exporter.oxn-external-monitoring.svc:9100", "timestamp": 1737548380.676, "sum(rate(node_network_receive_bytes_total[1m]) + rate(node_network_transmit_bytes_total[1m])) by (instance)": 3053852.727272727, "network_bytes": 3053852.727272727, "kubernetes_prometheus_rules": "kubernetes_prometheus_rules", "add_security_context": "add_security_context", "delay_treatment": "delay_treatment"}, {"instance": "kube-prometheus-prometheus-node-exporter.oxn-external-monitoring.svc:9100", "timestamp": 1737548381.676, "sum(rate(node_network_receive_bytes_total[1m]) + rate(node_network_transmit_bytes_total[1m])) by (instance)": 3053852.727272727, "network_bytes": 3053852.727272727, "kubernetes_prometheus_rules": "kubernetes_prometheus_rules", "add_security_context": "add_security_context", "delay_treatment": "delay_treatment"}, {"instance": "kube-prometheus-prometheus-node-exporter.oxn-external-monitoring.svc:9100", "timestamp": 1737548382.676, "sum(rate(node_network_receive_bytes_total[1m]) + rate(node_network_transmit_bytes_total[1m])) by (instance)": 3053852.727272727, "network_bytes": 3053852.727272727, "kubernetes_prometheus_rules": "kubernetes_prometheus_rules", "add_security_context": "add_security_context", "delay_treatment": "delay_treatment"}, {"instance": "kube-prometheus-prometheus-node-exporter.oxn-external-monitoring.svc:9100", "timestamp": 1737548383.676, "sum(rate(node_network_receive_bytes_total[1m]) + rate(node_network_transmit_bytes_total[1m])) by (instance)": 3047827.2181818183, "network_bytes": 3047827.2181818183, "kubernetes_prometheus_rules": "kubernetes_prometheus_rules", "add_security_context": "add_security_context", "delay_treatment": "delay_treatment"}, {"instance": "kube-prometheus-prometheus-node-exporter.oxn-external-monitoring.svc:9100", "timestamp": 1737548384.676, "sum(rate(node_network_receive_bytes_total[1m]) + rate(node_network_transmit_bytes_total[1m])) by (instance)": 3047827.2181818183, "network_bytes": 3047827.2181818183, "kubernetes_prometheus_rules": "kubernetes_prometheus_rules", "add_security_context": "add_security_context", "delay_treatment": "delay_treatment"}, {"instance": "kube-prometheus-prometheus-node-exporter.oxn-external-monitoring.svc:9100", "timestamp": 1737548385.676, "sum(rate(node_network_receive_bytes_total[1m]) + rate(node_network_transmit_bytes_total[1m])) by (instance)": 3047827.2181818183, "network_bytes": 3047827.2181818183, "kubernetes_prometheus_rules": "kubernetes_prometheus_rules", "add_security_context": "add_security_context", "delay_treatment": "delay_treatment"}, {"instance": "kube-prometheus-prometheus-node-exporter.oxn-external-monitoring.svc:9100", "timestamp": 1737548386.676, "sum(rate(node_network_receive_bytes_total[1m]) + rate(node_network_transmit_bytes_total[1m])) by (instance)": 3047827.2181818183, "network_bytes": 3047827.2181818183, "kubernetes_prometheus_rules": "kubernetes_prometheus_rules", "add_security_context": "add_security_context", "delay_treatment": "delay_treatment"}, {"instance": "kube-prometheus-prometheus-node-exporter.oxn-external-monitoring.svc:9100", "timestamp": 1737548387.676, "sum(rate(node_network_receive_bytes_total[1m]) + rate(node_network_transmit_bytes_total[1m])) by (instance)": 3047827.2181818183, "network_bytes": 3047827.2181818183, "kubernetes_prometheus_rules": "kubernetes_prometheus_rules", "add_security_context": "add_security_context", "delay_treatment": "delay_treatment"}, {"instance": "kube-prometheus-prometheus-node-exporter.oxn-external-monitoring.svc:9100", "timestamp": 1737548388.676, "sum(rate(node_network_receive_bytes_total[1m]) + rate(node_network_transmit_bytes_total[1m])) by (instance)": 3054824.9636363634, "network_bytes": 3054824.9636363634, "kubernetes_prometheus_rules": "kubernetes_prometheus_rules", "add_security_context": "add_security_context", "delay_treatment": "delay_treatment"}, {"instance": "kube-prometheus-prometheus-node-exporter.oxn-external-monitoring.svc:9100", "timestamp": 1737548389.676, "sum(rate(node_network_receive_bytes_total[1m]) + rate(node_network_transmit_bytes_total[1m])) by (instance)": 3054824.9636363634, "network_bytes": 3054824.9636363634, "kubernetes_prometheus_rules": "kubernetes_prometheus_rules", "add_security_context": "add_security_context", "delay_treatment": "delay_treatment"}, {"instance": "kube-prometheus-prometheus-node-exporter.oxn-external-monitoring.svc:9100", "timestamp": 1737548390.676, "sum(rate(node_network_receive_bytes_total[1m]) + rate(node_network_transmit_bytes_total[1m])) by (instance)": 3054824.9636363634, "network_bytes": 3054824.9636363634, "kubernetes_prometheus_rules": "kubernetes_prometheus_rules", "add_security_context": "add_security_context", "delay_treatment": "delay_treatment"}, {"instance": "kube-prometheus-prometheus-node-exporter.oxn-external-monitoring.svc:9100", "timestamp": 1737548391.676, "sum(rate(node_network_receive_bytes_total[1m]) + rate(node_network_transmit_bytes_total[1m])) by (instance)": 3054824.9636363634, "network_bytes": 3054824.9636363634, "kubernetes_prometheus_rules": "kubernetes_prometheus_rules", "add_security_context": "add_security_context", "delay_treatment": "delay_treatment"}, {"instance": "kube-prometheus-prometheus-node-exporter.oxn-external-monitoring.svc:9100", "timestamp": 1737548392.676, "sum(rate(node_network_receive_bytes_total[1m]) + rate(node_network_transmit_bytes_total[1m])) by (instance)": 3054824.9636363634, "network_bytes": 3054824.9636363634, "kubernetes_prometheus_rules": "kubernetes_prometheus_rules", "add_security_context": "add_security_context", "delay_treatment": "delay_treatment"}, {"instance": "kube-prometheus-prometheus-node-exporter.oxn-external-monitoring.svc:9100", "timestamp": 1737548393.676, "sum(rate(node_network_receive_bytes_total[1m]) + rate(node_network_transmit_bytes_total[1m])) by (instance)": 3104266.527272727, "network_bytes": 3104266.527272727, "kubernetes_prometheus_rules": "kubernetes_prometheus_rules", "add_security_context": "add_security_context", "delay_treatment": "delay_treatment"}, {"instance": "kube-prometheus-prometheus-node-exporter.oxn-external-monitoring.svc:9100", "timestamp": 1737548394.676, "sum(rate(node_network_receive_bytes_total[1m]) + rate(node_network_transmit_bytes_total[1m])) by (instance)": 3104266.527272727, "network_bytes": 3104266.527272727, "kubernetes_prometheus_rules": "kubernetes_prometheus_rules", "add_security_context": "add_security_context", "delay_treatment": "delay_treatment"}, {"instance": "kube-prometheus-prometheus-node-exporter.oxn-external-monitoring.svc:9100", "timestamp": 1737548395.676, "sum(rate(node_network_receive_bytes_total[1m]) + rate(node_network_transmit_bytes_total[1m])) by (instance)": 3104266.527272727, "network_bytes": 3104266.527272727, "kubernetes_prometheus_rules": "kubernetes_prometheus_rules", "add_security_context": "add_security_context", "delay_treatment": "delay_treatment"}, {"instance": "kube-prometheus-prometheus-node-exporter.oxn-external-monitoring.svc:9100", "timestamp": 1737548396.676, "sum(rate(node_network_receive_bytes_total[1m]) + rate(node_network_transmit_bytes_total[1m])) by (instance)": 3104266.527272727, "network_bytes": 3104266.527272727, "kubernetes_prometheus_rules": "kubernetes_prometheus_rules", "add_security_context": "add_security_context", "delay_treatment": "delay_treatment"}, {"instance": "kube-prometheus-prometheus-node-exporter.oxn-external-monitoring.svc:9100", "timestamp": 1737548397.676, "sum(rate(node_network_receive_bytes_total[1m]) + rate(node_network_transmit_bytes_total[1m])) by (instance)": 3104266.527272727, "network_bytes": 3104266.527272727, "kubernetes_prometheus_rules": "kubernetes_prometheus_rules", "add_security_context": "add_security_context", "delay_treatment": "delay_treatment"}, {"instance": "kube-prometheus-prometheus-node-exporter.oxn-external-monitoring.svc:9100", "timestamp": 1737548398.676, "sum(rate(node_network_receive_bytes_total[1m]) + rate(node_network_transmit_bytes_total[1m])) by (instance)": 3109013.9818181815, "network_bytes": 3109013.9818181815, "kubernetes_prometheus_rules": "kubernetes_prometheus_rules", "add_security_context": "add_security_context", "delay_treatment": "delay_treatment"}, {"instance": "kube-prometheus-prometheus-node-exporter.oxn-external-monitoring.svc:9100", "timestamp": 1737548399.676, "sum(rate(node_network_receive_bytes_total[1m]) + rate(node_network_transmit_bytes_total[1m])) by (instance)": 3109013.9818181815, "network_bytes": 3109013.9818181815, "kubernetes_prometheus_rules": "kubernetes_prometheus_rules", "add_security_context": "add_security_context", "delay_treatment": "delay_treatment"}, {"instance": "kube-prometheus-prometheus-node-exporter.oxn-external-monitoring.svc:9100", "timestamp": 1737548400.676, "sum(rate(node_network_receive_bytes_total[1m]) + rate(node_network_transmit_bytes_total[1m])) by (instance)": 3109013.9818181815, "network_bytes": 3109013.9818181815, "kubernetes_prometheus_rules": "kubernetes_prometheus_rules", "add_security_context": "add_security_context", "delay_treatment": "delay_treatment"}, {"instance": "kube-prometheus-prometheus-node-exporter.oxn-external-monitoring.svc:9100", "timestamp": 1737548401.676, "sum(rate(node_network_receive_bytes_total[1m]) + rate(node_network_transmit_bytes_total[1m])) by (instance)": 3109013.9818181815, "network_bytes": 3109013.9818181815, "kubernetes_prometheus_rules": "kubernetes_prometheus_rules", "add_security_context": "add_security_context", "delay_treatment": "delay_treatment"}, {"instance": "kube-prometheus-prometheus-node-exporter.oxn-external-monitoring.svc:9100", "timestamp": 1737548402.676, "sum(rate(node_network_receive_bytes_total[1m]) + rate(node_network_transmit_bytes_total[1m])) by (instance)": 3109013.9818181815, "network_bytes": 3109013.9818181815, "kubernetes_prometheus_rules": "kubernetes_prometheus_rules", "add_security_context": "add_security_context", "delay_treatment": "delay_treatment"}, {"instance": "kube-prometheus-prometheus-node-exporter.oxn-external-monitoring.svc:9100", "timestamp": 1737548403.676, "sum(rate(node_network_receive_bytes_total[1m]) + rate(node_network_transmit_bytes_total[1m])) by (instance)": 3102698.6, "network_bytes": 3102698.6, "kubernetes_prometheus_rules": "kubernetes_prometheus_rules", "add_security_context": "add_security_context", "delay_treatment": "delay_treatment"}, {"instance": "kube-prometheus-prometheus-node-exporter.oxn-external-monitoring.svc:9100", "timestamp": 1737548404.676, "sum(rate(node_network_receive_bytes_total[1m]) + rate(node_network_transmit_bytes_total[1m])) by (instance)": 3102698.6, "network_bytes": 3102698.6, "kubernetes_prometheus_rules": "kubernetes_prometheus_rules", "add_security_context": "add_security_context", "delay_treatment": "delay_treatment"}, {"instance": "kube-prometheus-prometheus-node-exporter.oxn-external-monitoring.svc:9100", "timestamp": 1737548405.676, "sum(rate(node_network_receive_bytes_total[1m]) + rate(node_network_transmit_bytes_total[1m])) by (instance)": 3102698.6, "network_bytes": 3102698.6, "kubernetes_prometheus_rules": "kubernetes_prometheus_rules", "add_security_context": "add_security_context", "delay_treatment": "delay_treatment"}, {"instance": "kube-prometheus-prometheus-node-exporter.oxn-external-monitoring.svc:9100", "timestamp": 1737548406.676, "sum(rate(node_network_receive_bytes_total[1m]) + rate(node_network_transmit_bytes_total[1m])) by (instance)": 3102698.6, "network_bytes": 3102698.6, "kubernetes_prometheus_rules": "kubernetes_prometheus_rules", "add_security_context": "add_security_context", "delay_treatment": "delay_treatment"}, {"instance": "kube-prometheus-prometheus-node-exporter.oxn-external-monitoring.svc:9100", "timestamp": 1737548407.676, "sum(rate(node_network_receive_bytes_total[1m]) + rate(node_network_transmit_bytes_total[1m])) by (instance)": 3102698.6, "network_bytes": 3102698.6, "kubernetes_prometheus_rules": "kubernetes_prometheus_rules", "add_security_context": "add_security_context", "delay_treatment": "delay_treatment"}, {"instance": "kube-prometheus-prometheus-node-exporter.oxn-external-monitoring.svc:9100", "timestamp": 1737548408.676, "sum(rate(node_network_receive_bytes_total[1m]) + rate(node_network_transmit_bytes_total[1m])) by (instance)": 3103658.9636363634, "network_bytes": 3103658.9636363634, "kubernetes_prometheus_rules": "kubernetes_prometheus_rules", "add_security_context": "add_security_context", "delay_treatment": "delay_treatment"}, {"instance": "kube-prometheus-prometheus-node-exporter.oxn-external-monitoring.svc:9100", "timestamp": 1737548409.676, "sum(rate(node_network_receive_bytes_total[1m]) + rate(node_network_transmit_bytes_total[1m])) by (instance)": 3103658.9636363634, "network_bytes": 3103658.9636363634, "kubernetes_prometheus_rules": "kubernetes_prometheus_rules", "add_security_context": "add_security_context", "delay_treatment": "delay_treatment"}, {"instance": "kube-prometheus-prometheus-node-exporter.oxn-external-monitoring.svc:9100", "timestamp": 1737548410.676, "sum(rate(node_network_receive_bytes_total[1m]) + rate(node_network_transmit_bytes_total[1m])) by (instance)": 3103658.9636363634, "network_bytes": 3103658.9636363634, "kubernetes_prometheus_rules": "kubernetes_prometheus_rules", "add_security_context": "add_security_context", "delay_treatment": "delay_treatment"}, {"instance": "kube-prometheus-prometheus-node-exporter.oxn-external-monitoring.svc:9100", "timestamp": 1737548411.676, "sum(rate(node_network_receive_bytes_total[1m]) + rate(node_network_transmit_bytes_total[1m])) by (instance)": 3103658.9636363634, "network_bytes": 3103658.9636363634, "kubernetes_prometheus_rules": "kubernetes_prometheus_rules", "add_security_context": "add_security_context", "delay_treatment": "delay_treatment"}, {"instance": "kube-prometheus-prometheus-node-exporter.oxn-external-monitoring.svc:9100", "timestamp": 1737548412.676, "sum(rate(node_network_receive_bytes_total[1m]) + rate(node_network_transmit_bytes_total[1m])) by (instance)": 3103658.9636363634, "network_bytes": 3103658.9636363634, "kubernetes_prometheus_rules": "kubernetes_prometheus_rules", "add_security_context": "add_security_context", "delay_treatment": "delay_treatment"}, {"instance": "kube-prometheus-prometheus-node-exporter.oxn-external-monitoring.svc:9100", "timestamp": 1737548413.676, "sum(rate(node_network_receive_bytes_total[1m]) + rate(node_network_transmit_bytes_total[1m])) by (instance)": 3067517.709090909, "network_bytes": 3067517.709090909, "kubernetes_prometheus_rules": "kubernetes_prometheus_rules", "add_security_context": "add_security_context", "delay_treatment": "delay_treatment"}, {"instance": "kube-prometheus-prometheus-node-exporter.oxn-external-monitoring.svc:9100", "timestamp": 1737548414.676, "sum(rate(node_network_receive_bytes_total[1m]) + rate(node_network_transmit_bytes_total[1m])) by (instance)": 3067517.709090909, "network_bytes": 3067517.709090909, "kubernetes_prometheus_rules": "kubernetes_prometheus_rules", "add_security_context": "add_security_context", "delay_treatment": "delay_treatment"}, {"instance": "kube-prometheus-prometheus-node-exporter.oxn-external-monitoring.svc:9100", "timestamp": 1737548415.676, "sum(rate(node_network_receive_bytes_total[1m]) + rate(node_network_transmit_bytes_total[1m])) by (instance)": 3067517.709090909, "network_bytes": 3067517.709090909, "kubernetes_prometheus_rules": "kubernetes_prometheus_rules", "add_security_context": "add_security_context", "delay_treatment": "delay_treatment"}, {"instance": "kube-prometheus-prometheus-node-exporter.oxn-external-monitoring.svc:9100", "timestamp": 1737548416.676, "sum(rate(node_network_receive_bytes_total[1m]) + rate(node_network_transmit_bytes_total[1m])) by (instance)": 3067517.709090909, "network_bytes": 3067517.709090909, "kubernetes_prometheus_rules": "kubernetes_prometheus_rules", "add_security_context": "add_security_context", "delay_treatment": "delay_treatment"}, {"instance": "kube-prometheus-prometheus-node-exporter.oxn-external-monitoring.svc:9100", "timestamp": 1737548417.676, "sum(rate(node_network_receive_bytes_total[1m]) + rate(node_network_transmit_bytes_total[1m])) by (instance)": 3067517.709090909, "network_bytes": 3067517.709090909, "kubernetes_prometheus_rules": "kubernetes_prometheus_rules", "add_security_context": "add_security_context", "delay_treatment": "delay_treatment"}, {"instance": "kube-prometheus-prometheus-node-exporter.oxn-external-monitoring.svc:9100", "timestamp": 1737548418.676, "sum(rate(node_network_receive_bytes_total[1m]) + rate(node_network_transmit_bytes_total[1m])) by (instance)": 3006352.109090909, "network_bytes": 3006352.109090909, "kubernetes_prometheus_rules": "kubernetes_prometheus_rules", "add_security_context": "add_security_context", "delay_treatment": "delay_treatment"}, {"instance": "kube-prometheus-prometheus-node-exporter.oxn-external-monitoring.svc:9100", "timestamp": 1737548419.676, "sum(rate(node_network_receive_bytes_total[1m]) + rate(node_network_transmit_bytes_total[1m])) by (instance)": 3006352.109090909, "network_bytes": 3006352.109090909, "kubernetes_prometheus_rules": "kubernetes_prometheus_rules", "add_security_context": "add_security_context", "delay_treatment": "delay_treatment"}, {"instance": "kube-prometheus-prometheus-node-exporter.oxn-external-monitoring.svc:9100", "timestamp": 1737548420.676, "sum(rate(node_network_receive_bytes_total[1m]) + rate(node_network_transmit_bytes_total[1m])) by (instance)": 3006352.109090909, "network_bytes": 3006352.109090909, "kubernetes_prometheus_rules": "kubernetes_prometheus_rules", "add_security_context": "add_security_context", "delay_treatment": "delay_treatment"}, {"instance": "kube-prometheus-prometheus-node-exporter.oxn-external-monitoring.svc:9100", "timestamp": 1737548421.676, "sum(rate(node_network_receive_bytes_total[1m]) + rate(node_network_transmit_bytes_total[1m])) by (instance)": 3006352.109090909, "network_bytes": 3006352.109090909, "kubernetes_prometheus_rules": "kubernetes_prometheus_rules", "add_security_context": "add_security_context", "delay_treatment": "delay_treatment"}, {"instance": "kube-prometheus-prometheus-node-exporter.oxn-external-monitoring.svc:9100", "timestamp": 1737548422.676, "sum(rate(node_network_receive_bytes_total[1m]) + rate(node_network_transmit_bytes_total[1m])) by (instance)": 3006352.109090909, "network_bytes": 3006352.109090909, "kubernetes_prometheus_rules": "kubernetes_prometheus_rules", "add_security_context": "add_security_context", "delay_treatment": "delay_treatment"}, {"instance": "kube-prometheus-prometheus-node-exporter.oxn-external-monitoring.svc:9100", "timestamp": 1737548423.676, "sum(rate(node_network_receive_bytes_total[1m]) + rate(node_network_transmit_bytes_total[1m])) by (instance)": 2983732.5272727273, "network_bytes": 2983732.5272727273, "kubernetes_prometheus_rules": "kubernetes_prometheus_rules", "add_security_context": "add_security_context", "delay_treatment": "delay_treatment"}, {"instance": "kube-prometheus-prometheus-node-exporter.oxn-external-monitoring.svc:9100", "timestamp": 1737548424.676, "sum(rate(node_network_receive_bytes_total[1m]) + rate(node_network_transmit_bytes_total[1m])) by (instance)": 2983732.5272727273, "network_bytes": 2983732.5272727273, "kubernetes_prometheus_rules": "NoTreatment", "add_security_context": "NoTreatment", "delay_treatment": "NoTreatment"}, {"instance": "kube-prometheus-prometheus-node-exporter.oxn-external-monitoring.svc:9100", "timestamp": 1737548425.676, "sum(rate(node_network_receive_bytes_total[1m]) + rate(node_network_transmit_bytes_total[1m])) by (instance)": 2983732.5272727273, "network_bytes": 2983732.5272727273, "kubernetes_prometheus_rules": "NoTreatment", "add_security_context": "NoTreatment", "delay_treatment": "NoTreatment"}, {"instance": "kube-prometheus-prometheus-node-exporter.oxn-external-monitoring.svc:9100", "timestamp": 1737548426.676, "sum(rate(node_network_receive_bytes_total[1m]) + rate(node_network_transmit_bytes_total[1m])) by (instance)": 2983732.5272727273, "network_bytes": 2983732.5272727273, "kubernetes_prometheus_rules": "NoTreatment", "add_security_context": "NoTreatment", "delay_treatment": "NoTreatment"}, {"instance": "kube-prometheus-prometheus-node-exporter.oxn-external-monitoring.svc:9100", "timestamp": 1737548427.676, "sum(rate(node_network_receive_bytes_total[1m]) + rate(node_network_transmit_bytes_total[1m])) by (instance)": 2983732.5272727273, "network_bytes": 2983732.5272727273, "kubernetes_prometheus_rules": "NoTreatment", "add_security_context": "NoTreatment", "delay_treatment": "NoTreatment"}, {"instance": "kube-prometheus-prometheus-node-exporter.oxn-external-monitoring.svc:9100", "timestamp": 1737548428.676, "sum(rate(node_network_receive_bytes_total[1m]) + rate(node_network_transmit_bytes_total[1m])) by (instance)": 2969226.418181818, "network_bytes": 2969226.418181818, "kubernetes_prometheus_rules": "NoTreatment", "add_security_context": "NoTreatment", "delay_treatment": "NoTreatment"}, {"instance": "kube-prometheus-prometheus-node-exporter.oxn-external-monitoring.svc:9100", "timestamp": 1737548429.676, "sum(rate(node_network_receive_bytes_total[1m]) + rate(node_network_transmit_bytes_total[1m])) by (instance)": 2969226.418181818, "network_bytes": 2969226.418181818, "kubernetes_prometheus_rules": "NoTreatment", "add_security_context": "NoTreatment", "delay_treatment": "NoTreatment"}, {"instance": "kube-prometheus-prometheus-node-exporter.oxn-external-monitoring.svc:9100", "timestamp": 1737548430.676, "sum(rate(node_network_receive_bytes_total[1m]) + rate(node_network_transmit_bytes_total[1m])) by (instance)": 2969226.418181818, "network_bytes": 2969226.418181818, "kubernetes_prometheus_rules": "NoTreatment", "add_security_context": "NoTreatment", "delay_treatment": "NoTreatment"}, {"instance": "kube-prometheus-prometheus-node-exporter.oxn-external-monitoring.svc:9100", "timestamp": 1737548431.676, "sum(rate(node_network_receive_bytes_total[1m]) + rate(node_network_transmit_bytes_total[1m])) by (instance)": 2969226.418181818, "network_bytes": 2969226.418181818, "kubernetes_prometheus_rules": "NoTreatment", "add_security_context": "NoTreatment", "delay_treatment": "NoTreatment"}, {"instance": "kube-prometheus-prometheus-node-exporter.oxn-external-monitoring.svc:9100", "timestamp": 1737548432.676, "sum(rate(node_network_receive_bytes_total[1m]) + rate(node_network_transmit_bytes_total[1m])) by (instance)": 2969226.418181818, "network_bytes": 2969226.418181818, "kubernetes_prometheus_rules": "NoTreatment", "add_security_context": "NoTreatment", "delay_treatment": "NoTreatment"}, {"instance": "kube-prometheus-prometheus-node-exporter.oxn-external-monitoring.svc:9100", "timestamp": 1737548433.676, "sum(rate(node_network_receive_bytes_total[1m]) + rate(node_network_transmit_bytes_total[1m])) by (instance)": 2977614.018181818, "network_bytes": 2977614.018181818, "kubernetes_prometheus_rules": "NoTreatment", "add_security_context": "NoTreatment", "delay_treatment": "NoTreatment"}]