[{"pod": "astronomy-shop-recommendationservice-7b9564b48f-s8x9k", "timestamp": 1737547883.46, "sum(rate(container_cpu_usage_seconds_total{namespace=\"system-under-evaluation\", pod=~\"astronomy-shop-recommendationservice.*\"}[90s])) by (pod)": 0.01533713570236181, "recommendation_deployment_CPU": 0.01533713570236181, "kubernetes_prometheus_rules": "kubernetes_prometheus_rules", "add_security_context": "NoTreatment", "delay_treatment": "NoTreatment"}, {"pod": "astronomy-shop-recommendationservice-7b9564b48f-s8x9k", "timestamp": 1737547884.46, "sum(rate(container_cpu_usage_seconds_total{namespace=\"system-under-evaluation\", pod=~\"astronomy-shop-recommendationservice.*\"}[90s])) by (pod)": 0.01533713570236181, "recommendation_deployment_CPU": 0.01533713570236181, "kubernetes_prometheus_rules": "kubernetes_prometheus_rules", "add_security_context": "NoTreatment", "delay_treatment": "NoTreatment"}, {"pod": "astronomy-shop-recommendationservice-7b9564b48f-s8x9k", "timestamp": 1737547885.46, "sum(rate(container_cpu_usage_seconds_total{namespace=\"system-under-evaluation\", pod=~\"astronomy-shop-recommendationservice.*\"}[90s])) by (pod)": 0.01533713570236181, "recommendation_deployment_CPU": 0.01533713570236181, "kubernetes_prometheus_rules": "kubernetes_prometheus_rules", "add_security_context": "NoTreatment", "delay_treatment": "NoTreatment"}, {"pod": "astronomy-shop-recommendationservice-7b9564b48f-s8x9k", "timestamp": 1737547886.46, "sum(rate(container_cpu_usage_seconds_total{namespace=\"system-under-evaluation\", pod=~\"astronomy-shop-recommendationservice.*\"}[90s])) by (pod)": 0.01533713570236181, "recommendation_deployment_CPU": 0.01533713570236181, "kubernetes_prometheus_rules": "kubernetes_prometheus_rules", "add_security_context": "NoTreatment", "delay_treatment": "NoTreatment"}, {"pod": "astronomy-shop-recommendationservice-7b9564b48f-s8x9k", "timestamp": 1737547887.46, "sum(rate(container_cpu_usage_seconds_total{namespace=\"system-under-evaluation\", pod=~\"astronomy-shop-recommendationservice.*\"}[90s])) by (pod)": 0.01533713570236181, "recommendation_deployment_CPU": 0.01533713570236181, "kubernetes_prometheus_rules": "kubernetes_prometheus_rules", "add_security_context": "NoTreatment", "delay_treatment": "NoTreatment"}, {"pod": "astronomy-shop-recommendationservice-7b9564b48f-s8x9k", "timestamp": 1737547888.46, "sum(rate(container_cpu_usage_seconds_total{namespace=\"system-under-evaluation\", pod=~\"astronomy-shop-recommendationservice.*\"}[90s])) by (pod)": 0.01533713570236181, "recommendation_deployment_CPU": 0.01533713570236181, "kubernetes_prometheus_rules": "kubernetes_prometheus_rules", "add_security_context": "NoTreatment", "delay_treatment": "NoTreatment"}, {"pod": "astronomy-shop-recommendationservice-7b9564b48f-s8x9k", "timestamp": 1737547889.46, "sum(rate(container_cpu_usage_seconds_total{namespace=\"system-under-evaluation\", pod=~\"astronomy-shop-recommendationservice.*\"}[90s])) by (pod)": 0.01533713570236181, "recommendation_deployment_CPU": 0.01533713570236181, "kubernetes_prometheus_rules": "kubernetes_prometheus_rules", "add_security_context": "NoTreatment", "delay_treatment": "NoTreatment"}, {"pod": "astronomy-shop-recommendationservice-7b9564b48f-s8x9k", "timestamp": 1737547890.46, "sum(rate(container_cpu_usage_seconds_total{namespace=\"system-under-evaluation\", pod=~\"astronomy-shop-recommendationservice.*\"}[90s])) by (pod)": 0.01533713570236181, "recommendation_deployment_CPU": 0.01533713570236181, "kubernetes_prometheus_rules": "kubernetes_prometheus_rules", "add_security_context": "NoTreatment", "delay_treatment": "NoTreatment"}, {"pod": "astronomy-shop-recommendationservice-7b9564b48f-s8x9k", "timestamp": 1737547891.46, "sum(rate(container_cpu_usage_seconds_total{namespace=\"system-under-evaluation\", pod=~\"astronomy-shop-recommendationservice.*\"}[90s])) by (pod)": 0.014099848674439504, "recommendation_deployment_CPU": 0.014099848674439504, "kubernetes_prometheus_rules": "kubernetes_prometheus_rules", "add_security_context": "NoTreatment", "delay_treatment": "NoTreatment"}, {"pod": "astronomy-shop-recommendationservice-7b9564b48f-s8x9k", "timestamp": 1737547892.46, "sum(rate(container_cpu_usage_seconds_total{namespace=\"system-under-evaluation\", pod=~\"astronomy-shop-recommendationservice.*\"}[90s])) by (pod)": 0.014013291814953525, "recommendation_deployment_CPU": 0.014013291814953525, "kubernetes_prometheus_rules": "kubernetes_prometheus_rules", "add_security_context": "NoTreatment", "delay_treatment": "NoTreatment"}, {"pod": "astronomy-shop-recommendationservice-7b9564b48f-s8x9k", "timestamp": 1737547893.46, "sum(rate(container_cpu_usage_seconds_total{namespace=\"system-under-evaluation\", pod=~\"astronomy-shop-recommendationservice.*\"}[90s])) by (pod)": 0.013926734955467548, "recommendation_deployment_CPU": 0.013926734955467548, "kubernetes_prometheus_rules": "kubernetes_prometheus_rules", "add_security_context": "add_security_context", "delay_treatment": "NoTreatment"}, {"pod": "astronomy-shop-recommendationservice-7b9564b48f-s8x9k", "timestamp": 1737547894.46, "sum(rate(container_cpu_usage_seconds_total{namespace=\"system-under-evaluation\", pod=~\"astronomy-shop-recommendationservice.*\"}[90s])) by (pod)": 0.013840178095981572, "recommendation_deployment_CPU": 0.013840178095981572, "kubernetes_prometheus_rules": "kubernetes_prometheus_rules", "add_security_context": "add_security_context", "delay_treatment": "delay_treatment"}, {"pod": "astronomy-shop-recommendationservice-7b9564b48f-s8x9k", "timestamp": 1737547895.46, "sum(rate(container_cpu_usage_seconds_total{namespace=\"system-under-evaluation\", pod=~\"astronomy-shop-recommendationservice.*\"}[90s])) by (pod)": 0.013753621236495595, "recommendation_deployment_CPU": 0.013753621236495595, "kubernetes_prometheus_rules": "kubernetes_prometheus_rules", "add_security_context": "add_security_context", "delay_treatment": "delay_treatment"}, {"pod": "astronomy-shop-recommendationservice-7b9564b48f-s8x9k", "timestamp": 1737547896.46, "sum(rate(container_cpu_usage_seconds_total{namespace=\"system-under-evaluation\", pod=~\"astronomy-shop-recommendationservice.*\"}[90s])) by (pod)": 0.013667064377009616, "recommendation_deployment_CPU": 0.013667064377009616, "kubernetes_prometheus_rules": "kubernetes_prometheus_rules", "add_security_context": "add_security_context", "delay_treatment": "delay_treatment"}, {"pod": "astronomy-shop-recommendationservice-7b9564b48f-s8x9k", "timestamp": 1737547897.46, "sum(rate(container_cpu_usage_seconds_total{namespace=\"system-under-evaluation\", pod=~\"astronomy-shop-recommendationservice.*\"}[90s])) by (pod)": 0.013580507517523639, "recommendation_deployment_CPU": 0.013580507517523639, "kubernetes_prometheus_rules": "kubernetes_prometheus_rules", "add_security_context": "add_security_context", "delay_treatment": "delay_treatment"}, {"pod": "astronomy-shop-recommendationservice-7b9564b48f-s8x9k", "timestamp": 1737547898.46, "sum(rate(container_cpu_usage_seconds_total{namespace=\"system-under-evaluation\", pod=~\"astronomy-shop-recommendationservice.*\"}[90s])) by (pod)": 0.01349395065803766, "recommendation_deployment_CPU": 0.01349395065803766, "kubernetes_prometheus_rules": "kubernetes_prometheus_rules", "add_security_context": "add_security_context", "delay_treatment": "delay_treatment"}, {"pod": "astronomy-shop-recommendationservice-7b9564b48f-s8x9k", "timestamp": 1737547899.46, "sum(rate(container_cpu_usage_seconds_total{namespace=\"system-under-evaluation\", pod=~\"astronomy-shop-recommendationservice.*\"}[90s])) by (pod)": 0.013407393798551683, "recommendation_deployment_CPU": 0.013407393798551683, "kubernetes_prometheus_rules": "kubernetes_prometheus_rules", "add_security_context": "add_security_context", "delay_treatment": "delay_treatment"}, {"pod": "astronomy-shop-recommendationservice-7b9564b48f-s8x9k", "timestamp": 1737547900.46, "sum(rate(container_cpu_usage_seconds_total{namespace=\"system-under-evaluation\", pod=~\"astronomy-shop-recommendationservice.*\"}[90s])) by (pod)": 0.013320836939065706, "recommendation_deployment_CPU": 0.013320836939065706, "kubernetes_prometheus_rules": "kubernetes_prometheus_rules", "add_security_context": "add_security_context", "delay_treatment": "delay_treatment"}, {"pod": "astronomy-shop-recommendationservice-7b9564b48f-s8x9k", "timestamp": 1737547901.46, "sum(rate(container_cpu_usage_seconds_total{namespace=\"system-under-evaluation\", pod=~\"astronomy-shop-recommendationservice.*\"}[90s])) by (pod)": 0.01323428007957973, "recommendation_deployment_CPU": 0.01323428007957973, "kubernetes_prometheus_rules": "kubernetes_prometheus_rules", "add_security_context": "add_security_context", "delay_treatment": "delay_treatment"}, {"pod": "astronomy-shop-recommendationservice-7b9564b48f-s8x9k", "timestamp": 1737547902.46, "sum(rate(container_cpu_usage_seconds_total{namespace=\"system-under-evaluation\", pod=~\"astronomy-shop-recommendationservice.*\"}[90s])) by (pod)": 0.013147723220093752, "recommendation_deployment_CPU": 0.013147723220093752, "kubernetes_prometheus_rules": "kubernetes_prometheus_rules", "add_security_context": "add_security_context", "delay_treatment": "delay_treatment"}, {"pod": "astronomy-shop-recommendationservice-7b9564b48f-s8x9k", "timestamp": 1737547903.46, "sum(rate(container_cpu_usage_seconds_total{namespace=\"system-under-evaluation\", pod=~\"astronomy-shop-recommendationservice.*\"}[90s])) by (pod)": 0.013061166360607775, "recommendation_deployment_CPU": 0.013061166360607775, "kubernetes_prometheus_rules": "kubernetes_prometheus_rules", "add_security_context": "add_security_context", "delay_treatment": "delay_treatment"}, {"pod": "astronomy-shop-recommendationservice-7b9564b48f-s8x9k", "timestamp": 1737547904.46, "sum(rate(container_cpu_usage_seconds_total{namespace=\"system-under-evaluation\", pod=~\"astronomy-shop-recommendationservice.*\"}[90s])) by (pod)": 0.015495436570332451, "recommendation_deployment_CPU": 0.015495436570332451, "kubernetes_prometheus_rules": "kubernetes_prometheus_rules", "add_security_context": "add_security_context", "delay_treatment": "delay_treatment"}, {"pod": "astronomy-shop-recommendationservice-7b9564b48f-s8x9k", "timestamp": 1737547905.46, "sum(rate(container_cpu_usage_seconds_total{namespace=\"system-under-evaluation\", pod=~\"astronomy-shop-recommendationservice.*\"}[90s])) by (pod)": 0.017019027021358924, "recommendation_deployment_CPU": 0.017019027021358924, "kubernetes_prometheus_rules": "kubernetes_prometheus_rules", "add_security_context": "add_security_context", "delay_treatment": "delay_treatment"}, {"pod": "astronomy-shop-recommendationservice-7b9564b48f-s8x9k", "timestamp": 1737547906.46, "sum(rate(container_cpu_usage_seconds_total{namespace=\"system-under-evaluation\", pod=~\"astronomy-shop-recommendationservice.*\"}[90s])) by (pod)": 0.017019027021358924, "recommendation_deployment_CPU": 0.017019027021358924, "kubernetes_prometheus_rules": "kubernetes_prometheus_rules", "add_security_context": "add_security_context", "delay_treatment": "delay_treatment"}, {"pod": "astronomy-shop-recommendationservice-7b9564b48f-s8x9k", "timestamp": 1737547907.46, "sum(rate(container_cpu_usage_seconds_total{namespace=\"system-under-evaluation\", pod=~\"astronomy-shop-recommendationservice.*\"}[90s])) by (pod)": 0.017019027021358924, "recommendation_deployment_CPU": 0.017019027021358924, "kubernetes_prometheus_rules": "kubernetes_prometheus_rules", "add_security_context": "add_security_context", "delay_treatment": "delay_treatment"}, {"pod": "astronomy-shop-recommendationservice-7b9564b48f-s8x9k", "timestamp": 1737547908.46, "sum(rate(container_cpu_usage_seconds_total{namespace=\"system-under-evaluation\", pod=~\"astronomy-shop-recommendationservice.*\"}[90s])) by (pod)": 0.014394585274674248, "recommendation_deployment_CPU": 0.014394585274674248, "kubernetes_prometheus_rules": "kubernetes_prometheus_rules", "add_security_context": "add_security_context", "delay_treatment": "delay_treatment"}, {"pod": "astronomy-shop-recommendationservice-7b9564b48f-s8x9k", "timestamp": 1737547909.46, "sum(rate(container_cpu_usage_seconds_total{namespace=\"system-under-evaluation\", pod=~\"astronomy-shop-recommendationservice.*\"}[90s])) by (pod)": 0.01159055769135569, "recommendation_deployment_CPU": 0.01159055769135569, "kubernetes_prometheus_rules": "kubernetes_prometheus_rules", "add_security_context": "add_security_context", "delay_treatment": "delay_treatment"}, {"pod": "astronomy-shop-recommendationservice-7b9564b48f-s8x9k", "timestamp": 1737547910.46, "sum(rate(container_cpu_usage_seconds_total{namespace=\"system-under-evaluation\", pod=~\"astronomy-shop-recommendationservice.*\"}[90s])) by (pod)": 0.012777486660845064, "recommendation_deployment_CPU": 0.012777486660845064, "kubernetes_prometheus_rules": "kubernetes_prometheus_rules", "add_security_context": "add_security_context", "delay_treatment": "delay_treatment"}, {"pod": "astronomy-shop-recommendationservice-7b9564b48f-s8x9k", "timestamp": 1737547911.46, "sum(rate(container_cpu_usage_seconds_total{namespace=\"system-under-evaluation\", pod=~\"astronomy-shop-recommendationservice.*\"}[90s])) by (pod)": 0.012777486660845064, "recommendation_deployment_CPU": 0.012777486660845064, "kubernetes_prometheus_rules": "kubernetes_prometheus_rules", "add_security_context": "add_security_context", "delay_treatment": "delay_treatment"}, {"pod": "astronomy-shop-recommendationservice-7b9564b48f-s8x9k", "timestamp": 1737547912.46, "sum(rate(container_cpu_usage_seconds_total{namespace=\"system-under-evaluation\", pod=~\"astronomy-shop-recommendationservice.*\"}[90s])) by (pod)": 0.012777486660845064, "recommendation_deployment_CPU": 0.012777486660845064, "kubernetes_prometheus_rules": "kubernetes_prometheus_rules", "add_security_context": "add_security_context", "delay_treatment": "delay_treatment"}, {"pod": "astronomy-shop-recommendationservice-7b9564b48f-s8x9k", "timestamp": 1737547913.46, "sum(rate(container_cpu_usage_seconds_total{namespace=\"system-under-evaluation\", pod=~\"astronomy-shop-recommendationservice.*\"}[90s])) by (pod)": 0.012777486660845064, "recommendation_deployment_CPU": 0.012777486660845064, "kubernetes_prometheus_rules": "kubernetes_prometheus_rules", "add_security_context": "add_security_context", "delay_treatment": "delay_treatment"}, {"pod": "astronomy-shop-recommendationservice-7b9564b48f-s8x9k", "timestamp": 1737547914.46, "sum(rate(container_cpu_usage_seconds_total{namespace=\"system-under-evaluation\", pod=~\"astronomy-shop-recommendationservice.*\"}[90s])) by (pod)": 0.012777486660845064, "recommendation_deployment_CPU": 0.012777486660845064, "kubernetes_prometheus_rules": "kubernetes_prometheus_rules", "add_security_context": "add_security_context", "delay_treatment": "delay_treatment"}, {"pod": "astronomy-shop-recommendationservice-7b9564b48f-s8x9k", "timestamp": 1737547915.46, "sum(rate(container_cpu_usage_seconds_total{namespace=\"system-under-evaluation\", pod=~\"astronomy-shop-recommendationservice.*\"}[90s])) by (pod)": 0.012777486660845064, "recommendation_deployment_CPU": 0.012777486660845064, "kubernetes_prometheus_rules": "kubernetes_prometheus_rules", "add_security_context": "add_security_context", "delay_treatment": "delay_treatment"}, {"pod": "astronomy-shop-recommendationservice-7b9564b48f-s8x9k", "timestamp": 1737547916.46, "sum(rate(container_cpu_usage_seconds_total{namespace=\"system-under-evaluation\", pod=~\"astronomy-shop-recommendationservice.*\"}[90s])) by (pod)": 0.012777486660845064, "recommendation_deployment_CPU": 0.012777486660845064, "kubernetes_prometheus_rules": "kubernetes_prometheus_rules", "add_security_context": "add_security_context", "delay_treatment": "delay_treatment"}, {"pod": "astronomy-shop-recommendationservice-7b9564b48f-s8x9k", "timestamp": 1737547917.46, "sum(rate(container_cpu_usage_seconds_total{namespace=\"system-under-evaluation\", pod=~\"astronomy-shop-recommendationservice.*\"}[90s])) by (pod)": 0.012777486660845064, "recommendation_deployment_CPU": 0.012777486660845064, "kubernetes_prometheus_rules": "kubernetes_prometheus_rules", "add_security_context": "add_security_context", "delay_treatment": "delay_treatment"}, {"pod": "astronomy-shop-recommendationservice-7b9564b48f-s8x9k", "timestamp": 1737547918.46, "sum(rate(container_cpu_usage_seconds_total{namespace=\"system-under-evaluation\", pod=~\"astronomy-shop-recommendationservice.*\"}[90s])) by (pod)": 0.012777486660845064, "recommendation_deployment_CPU": 0.012777486660845064, "kubernetes_prometheus_rules": "kubernetes_prometheus_rules", "add_security_context": "add_security_context", "delay_treatment": "delay_treatment"}, {"pod": "astronomy-shop-recommendationservice-7b9564b48f-s8x9k", "timestamp": 1737547919.46, "sum(rate(container_cpu_usage_seconds_total{namespace=\"system-under-evaluation\", pod=~\"astronomy-shop-recommendationservice.*\"}[90s])) by (pod)": 0.012777486660845064, "recommendation_deployment_CPU": 0.012777486660845064, "kubernetes_prometheus_rules": "kubernetes_prometheus_rules", "add_security_context": "add_security_context", "delay_treatment": "delay_treatment"}, {"pod": "astronomy-shop-recommendationservice-7b9564b48f-s8x9k", "timestamp": 1737547920.46, "sum(rate(container_cpu_usage_seconds_total{namespace=\"system-under-evaluation\", pod=~\"astronomy-shop-recommendationservice.*\"}[90s])) by (pod)": 0.012777486660845064, "recommendation_deployment_CPU": 0.012777486660845064, "kubernetes_prometheus_rules": "kubernetes_prometheus_rules", "add_security_context": "add_security_context", "delay_treatment": "delay_treatment"}, {"pod": "astronomy-shop-recommendationservice-7b9564b48f-s8x9k", "timestamp": 1737547921.46, "sum(rate(container_cpu_usage_seconds_total{namespace=\"system-under-evaluation\", pod=~\"astronomy-shop-recommendationservice.*\"}[90s])) by (pod)": 0.012777486660845064, "recommendation_deployment_CPU": 0.012777486660845064, "kubernetes_prometheus_rules": "kubernetes_prometheus_rules", "add_security_context": "add_security_context", "delay_treatment": "delay_treatment"}, {"pod": "astronomy-shop-recommendationservice-7b9564b48f-s8x9k", "timestamp": 1737547922.46, "sum(rate(container_cpu_usage_seconds_total{namespace=\"system-under-evaluation\", pod=~\"astronomy-shop-recommendationservice.*\"}[90s])) by (pod)": 0.012777486660845064, "recommendation_deployment_CPU": 0.012777486660845064, "kubernetes_prometheus_rules": "kubernetes_prometheus_rules", "add_security_context": "add_security_context", "delay_treatment": "delay_treatment"}, {"pod": "astronomy-shop-recommendationservice-7b9564b48f-s8x9k", "timestamp": 1737547923.46, "sum(rate(container_cpu_usage_seconds_total{namespace=\"system-under-evaluation\", pod=~\"astronomy-shop-recommendationservice.*\"}[90s])) by (pod)": 0.012777486660845064, "recommendation_deployment_CPU": 0.012777486660845064, "kubernetes_prometheus_rules": "kubernetes_prometheus_rules", "add_security_context": "add_security_context", "delay_treatment": "delay_treatment"}, {"pod": "astronomy-shop-recommendationservice-7b9564b48f-s8x9k", "timestamp": 1737547924.46, "sum(rate(container_cpu_usage_seconds_total{namespace=\"system-under-evaluation\", pod=~\"astronomy-shop-recommendationservice.*\"}[90s])) by (pod)": 0.012777486660845064, "recommendation_deployment_CPU": 0.012777486660845064, "kubernetes_prometheus_rules": "kubernetes_prometheus_rules", "add_security_context": "add_security_context", "delay_treatment": "delay_treatment"}, {"pod": "astronomy-shop-recommendationservice-7b9564b48f-s8x9k", "timestamp": 1737547925.46, "sum(rate(container_cpu_usage_seconds_total{namespace=\"system-under-evaluation\", pod=~\"astronomy-shop-recommendationservice.*\"}[90s])) by (pod)": 0.012777486660845064, "recommendation_deployment_CPU": 0.012777486660845064, "kubernetes_prometheus_rules": "kubernetes_prometheus_rules", "add_security_context": "add_security_context", "delay_treatment": "delay_treatment"}, {"pod": "astronomy-shop-recommendationservice-7b9564b48f-s8x9k", "timestamp": 1737547926.46, "sum(rate(container_cpu_usage_seconds_total{namespace=\"system-under-evaluation\", pod=~\"astronomy-shop-recommendationservice.*\"}[90s])) by (pod)": 0.012777486660845064, "recommendation_deployment_CPU": 0.012777486660845064, "kubernetes_prometheus_rules": "kubernetes_prometheus_rules", "add_security_context": "add_security_context", "delay_treatment": "delay_treatment"}, {"pod": "astronomy-shop-recommendationservice-7b9564b48f-s8x9k", "timestamp": 1737547927.46, "sum(rate(container_cpu_usage_seconds_total{namespace=\"system-under-evaluation\", pod=~\"astronomy-shop-recommendationservice.*\"}[90s])) by (pod)": 0.012777486660845064, "recommendation_deployment_CPU": 0.012777486660845064, "kubernetes_prometheus_rules": "kubernetes_prometheus_rules", "add_security_context": "add_security_context", "delay_treatment": "delay_treatment"}, {"pod": "astronomy-shop-recommendationservice-7b9564b48f-s8x9k", "timestamp": 1737547928.46, "sum(rate(container_cpu_usage_seconds_total{namespace=\"system-under-evaluation\", pod=~\"astronomy-shop-recommendationservice.*\"}[90s])) by (pod)": 0.012777486660845064, "recommendation_deployment_CPU": 0.012777486660845064, "kubernetes_prometheus_rules": "kubernetes_prometheus_rules", "add_security_context": "add_security_context", "delay_treatment": "delay_treatment"}, {"pod": "astronomy-shop-recommendationservice-7b9564b48f-s8x9k", "timestamp": 1737547929.46, "sum(rate(container_cpu_usage_seconds_total{namespace=\"system-under-evaluation\", pod=~\"astronomy-shop-recommendationservice.*\"}[90s])) by (pod)": 0.012777486660845064, "recommendation_deployment_CPU": 0.012777486660845064, "kubernetes_prometheus_rules": "kubernetes_prometheus_rules", "add_security_context": "add_security_context", "delay_treatment": "delay_treatment"}, {"pod": "astronomy-shop-recommendationservice-7b9564b48f-s8x9k", "timestamp": 1737547930.46, "sum(rate(container_cpu_usage_seconds_total{namespace=\"system-under-evaluation\", pod=~\"astronomy-shop-recommendationservice.*\"}[90s])) by (pod)": 0.012777486660845064, "recommendation_deployment_CPU": 0.012777486660845064, "kubernetes_prometheus_rules": "kubernetes_prometheus_rules", "add_security_context": "add_security_context", "delay_treatment": "delay_treatment"}, {"pod": "astronomy-shop-recommendationservice-7b9564b48f-s8x9k", "timestamp": 1737547931.46, "sum(rate(container_cpu_usage_seconds_total{namespace=\"system-under-evaluation\", pod=~\"astronomy-shop-recommendationservice.*\"}[90s])) by (pod)": 0.012777486660845064, "recommendation_deployment_CPU": 0.012777486660845064, "kubernetes_prometheus_rules": "kubernetes_prometheus_rules", "add_security_context": "add_security_context", "delay_treatment": "delay_treatment"}, {"pod": "astronomy-shop-recommendationservice-7b9564b48f-s8x9k", "timestamp": 1737547932.46, "sum(rate(container_cpu_usage_seconds_total{namespace=\"system-under-evaluation\", pod=~\"astronomy-shop-recommendationservice.*\"}[90s])) by (pod)": 0.012777486660845064, "recommendation_deployment_CPU": 0.012777486660845064, "kubernetes_prometheus_rules": "kubernetes_prometheus_rules", "add_security_context": "add_security_context", "delay_treatment": "delay_treatment"}, {"pod": "astronomy-shop-recommendationservice-7b9564b48f-s8x9k", "timestamp": 1737547933.46, "sum(rate(container_cpu_usage_seconds_total{namespace=\"system-under-evaluation\", pod=~\"astronomy-shop-recommendationservice.*\"}[90s])) by (pod)": 0.012777486660845064, "recommendation_deployment_CPU": 0.012777486660845064, "kubernetes_prometheus_rules": "kubernetes_prometheus_rules", "add_security_context": "add_security_context", "delay_treatment": "delay_treatment"}, {"pod": "astronomy-shop-recommendationservice-7b9564b48f-s8x9k", "timestamp": 1737547934.46, "sum(rate(container_cpu_usage_seconds_total{namespace=\"system-under-evaluation\", pod=~\"astronomy-shop-recommendationservice.*\"}[90s])) by (pod)": 0.011568679464710682, "recommendation_deployment_CPU": 0.011568679464710682, "kubernetes_prometheus_rules": "kubernetes_prometheus_rules", "add_security_context": "add_security_context", "delay_treatment": "delay_treatment"}, {"pod": "astronomy-shop-recommendationservice-7b9564b48f-s8x9k", "timestamp": 1737547935.46, "sum(rate(container_cpu_usage_seconds_total{namespace=\"system-under-evaluation\", pod=~\"astronomy-shop-recommendationservice.*\"}[90s])) by (pod)": 0.04022659882906095, "recommendation_deployment_CPU": 0.04022659882906095, "kubernetes_prometheus_rules": "kubernetes_prometheus_rules", "add_security_context": "add_security_context", "delay_treatment": "delay_treatment"}, {"pod": "astronomy-shop-recommendationservice-7b9564b48f-s8x9k", "timestamp": 1737547936.46, "sum(rate(container_cpu_usage_seconds_total{namespace=\"system-under-evaluation\", pod=~\"astronomy-shop-recommendationservice.*\"}[90s])) by (pod)": 0.04022659882906095, "recommendation_deployment_CPU": 0.04022659882906095, "kubernetes_prometheus_rules": "kubernetes_prometheus_rules", "add_security_context": "add_security_context", "delay_treatment": "delay_treatment"}, {"pod": "astronomy-shop-recommendationservice-7b9564b48f-s8x9k", "timestamp": 1737547937.46, "sum(rate(container_cpu_usage_seconds_total{namespace=\"system-under-evaluation\", pod=~\"astronomy-shop-recommendationservice.*\"}[90s])) by (pod)": 0.040632631776095156, "recommendation_deployment_CPU": 0.040632631776095156, "kubernetes_prometheus_rules": "kubernetes_prometheus_rules", "add_security_context": "add_security_context", "delay_treatment": "delay_treatment"}, {"pod": "astronomy-shop-recommendationservice-7b9564b48f-s8x9k", "timestamp": 1737547938.46, "sum(rate(container_cpu_usage_seconds_total{namespace=\"system-under-evaluation\", pod=~\"astronomy-shop-recommendationservice.*\"}[90s])) by (pod)": 0.07690970506439074, "recommendation_deployment_CPU": 0.07690970506439074, "kubernetes_prometheus_rules": "kubernetes_prometheus_rules", "add_security_context": "add_security_context", "delay_treatment": "delay_treatment"}, {"pod": "astronomy-shop-recommendationservice-7b9564b48f-s8x9k", "timestamp": 1737547939.46, "sum(rate(container_cpu_usage_seconds_total{namespace=\"system-under-evaluation\", pod=~\"astronomy-shop-recommendationservice.*\"}[90s])) by (pod)": 0.07751698213888367, "recommendation_deployment_CPU": 0.07751698213888367, "kubernetes_prometheus_rules": "kubernetes_prometheus_rules", "add_security_context": "add_security_context", "delay_treatment": "delay_treatment"}, {"pod": "astronomy-shop-recommendationservice-7b9564b48f-s8x9k", "timestamp": 1737547940.46, "sum(rate(container_cpu_usage_seconds_total{namespace=\"system-under-evaluation\", pod=~\"astronomy-shop-recommendationservice.*\"}[90s])) by (pod)": 0.08531386090900284, "recommendation_deployment_CPU": 0.08531386090900284, "kubernetes_prometheus_rules": "kubernetes_prometheus_rules", "add_security_context": "add_security_context", "delay_treatment": "delay_treatment"}, {"pod": "astronomy-shop-recommendationservice-7b9564b48f-s8x9k", "timestamp": 1737547941.46, "sum(rate(container_cpu_usage_seconds_total{namespace=\"system-under-evaluation\", pod=~\"astronomy-shop-recommendationservice.*\"}[90s])) by (pod)": 0.09562497017608729, "recommendation_deployment_CPU": 0.09562497017608729, "kubernetes_prometheus_rules": "kubernetes_prometheus_rules", "add_security_context": "add_security_context", "delay_treatment": "delay_treatment"}, {"pod": "astronomy-shop-recommendationservice-7b9564b48f-s8x9k", "timestamp": 1737547942.46, "sum(rate(container_cpu_usage_seconds_total{namespace=\"system-under-evaluation\", pod=~\"astronomy-shop-recommendationservice.*\"}[90s])) by (pod)": 0.09562497017608729, "recommendation_deployment_CPU": 0.09562497017608729, "kubernetes_prometheus_rules": "kubernetes_prometheus_rules", "add_security_context": "add_security_context", "delay_treatment": "delay_treatment"}, {"pod": "astronomy-shop-recommendationservice-7b9564b48f-s8x9k", "timestamp": 1737547943.46, "sum(rate(container_cpu_usage_seconds_total{namespace=\"system-under-evaluation\", pod=~\"astronomy-shop-recommendationservice.*\"}[90s])) by (pod)": 0.09562497017608729, "recommendation_deployment_CPU": 0.09562497017608729, "kubernetes_prometheus_rules": "kubernetes_prometheus_rules", "add_security_context": "add_security_context", "delay_treatment": "delay_treatment"}, {"pod": "astronomy-shop-recommendationservice-7b9564b48f-s8x9k", "timestamp": 1737547944.46, "sum(rate(container_cpu_usage_seconds_total{namespace=\"system-under-evaluation\", pod=~\"astronomy-shop-recommendationservice.*\"}[90s])) by (pod)": 0.09562497017608729, "recommendation_deployment_CPU": 0.09562497017608729, "kubernetes_prometheus_rules": "kubernetes_prometheus_rules", "add_security_context": "add_security_context", "delay_treatment": "delay_treatment"}, {"pod": "astronomy-shop-recommendationservice-7b9564b48f-s8x9k", "timestamp": 1737547945.46, "sum(rate(container_cpu_usage_seconds_total{namespace=\"system-under-evaluation\", pod=~\"astronomy-shop-recommendationservice.*\"}[90s])) by (pod)": 0.09562497017608729, "recommendation_deployment_CPU": 0.09562497017608729, "kubernetes_prometheus_rules": "kubernetes_prometheus_rules", "add_security_context": "add_security_context", "delay_treatment": "delay_treatment"}, {"pod": "astronomy-shop-recommendationservice-7b9564b48f-s8x9k", "timestamp": 1737547946.46, "sum(rate(container_cpu_usage_seconds_total{namespace=\"system-under-evaluation\", pod=~\"astronomy-shop-recommendationservice.*\"}[90s])) by (pod)": 0.09562497017608729, "recommendation_deployment_CPU": 0.09562497017608729, "kubernetes_prometheus_rules": "kubernetes_prometheus_rules", "add_security_context": "add_security_context", "delay_treatment": "delay_treatment"}, {"pod": "astronomy-shop-recommendationservice-7b9564b48f-s8x9k", "timestamp": 1737547947.46, "sum(rate(container_cpu_usage_seconds_total{namespace=\"system-under-evaluation\", pod=~\"astronomy-shop-recommendationservice.*\"}[90s])) by (pod)": 0.09562497017608729, "recommendation_deployment_CPU": 0.09562497017608729, "kubernetes_prometheus_rules": "kubernetes_prometheus_rules", "add_security_context": "add_security_context", "delay_treatment": "delay_treatment"}, {"pod": "astronomy-shop-recommendationservice-7b9564b48f-s8x9k", "timestamp": 1737547948.46, "sum(rate(container_cpu_usage_seconds_total{namespace=\"system-under-evaluation\", pod=~\"astronomy-shop-recommendationservice.*\"}[90s])) by (pod)": 0.09562497017608729, "recommendation_deployment_CPU": 0.09562497017608729, "kubernetes_prometheus_rules": "kubernetes_prometheus_rules", "add_security_context": "add_security_context", "delay_treatment": "delay_treatment"}, {"pod": "astronomy-shop-recommendationservice-7b9564b48f-s8x9k", "timestamp": 1737547949.46, "sum(rate(container_cpu_usage_seconds_total{namespace=\"system-under-evaluation\", pod=~\"astronomy-shop-recommendationservice.*\"}[90s])) by (pod)": 0.09562497017608729, "recommendation_deployment_CPU": 0.09562497017608729, "kubernetes_prometheus_rules": "kubernetes_prometheus_rules", "add_security_context": "add_security_context", "delay_treatment": "delay_treatment"}, {"pod": "astronomy-shop-recommendationservice-7b9564b48f-s8x9k", "timestamp": 1737547950.46, "sum(rate(container_cpu_usage_seconds_total{namespace=\"system-under-evaluation\", pod=~\"astronomy-shop-recommendationservice.*\"}[90s])) by (pod)": 0.09562497017608729, "recommendation_deployment_CPU": 0.09562497017608729, "kubernetes_prometheus_rules": "kubernetes_prometheus_rules", "add_security_context": "add_security_context", "delay_treatment": "delay_treatment"}, {"pod": "astronomy-shop-recommendationservice-7b9564b48f-s8x9k", "timestamp": 1737547951.46, "sum(rate(container_cpu_usage_seconds_total{namespace=\"system-under-evaluation\", pod=~\"astronomy-shop-recommendationservice.*\"}[90s])) by (pod)": 0.09562497017608729, "recommendation_deployment_CPU": 0.09562497017608729, "kubernetes_prometheus_rules": "kubernetes_prometheus_rules", "add_security_context": "add_security_context", "delay_treatment": "delay_treatment"}, {"pod": "astronomy-shop-recommendationservice-7b9564b48f-s8x9k", "timestamp": 1737547952.46, "sum(rate(container_cpu_usage_seconds_total{namespace=\"system-under-evaluation\", pod=~\"astronomy-shop-recommendationservice.*\"}[90s])) by (pod)": 0.09562497017608729, "recommendation_deployment_CPU": 0.09562497017608729, "kubernetes_prometheus_rules": "kubernetes_prometheus_rules", "add_security_context": "add_security_context", "delay_treatment": "delay_treatment"}, {"pod": "astronomy-shop-recommendationservice-7b9564b48f-s8x9k", "timestamp": 1737547953.46, "sum(rate(container_cpu_usage_seconds_total{namespace=\"system-under-evaluation\", pod=~\"astronomy-shop-recommendationservice.*\"}[90s])) by (pod)": 0.09562497017608729, "recommendation_deployment_CPU": 0.09562497017608729, "kubernetes_prometheus_rules": "kubernetes_prometheus_rules", "add_security_context": "add_security_context", "delay_treatment": "delay_treatment"}, {"pod": "astronomy-shop-recommendationservice-7b9564b48f-s8x9k", "timestamp": 1737547954.46, "sum(rate(container_cpu_usage_seconds_total{namespace=\"system-under-evaluation\", pod=~\"astronomy-shop-recommendationservice.*\"}[90s])) by (pod)": 0.09562497017608729, "recommendation_deployment_CPU": 0.09562497017608729, "kubernetes_prometheus_rules": "kubernetes_prometheus_rules", "add_security_context": "add_security_context", "delay_treatment": "delay_treatment"}, {"pod": "astronomy-shop-recommendationservice-7b9564b48f-s8x9k", "timestamp": 1737547955.46, "sum(rate(container_cpu_usage_seconds_total{namespace=\"system-under-evaluation\", pod=~\"astronomy-shop-recommendationservice.*\"}[90s])) by (pod)": 0.09562497017608729, "recommendation_deployment_CPU": 0.09562497017608729, "kubernetes_prometheus_rules": "kubernetes_prometheus_rules", "add_security_context": "add_security_context", "delay_treatment": "delay_treatment"}, {"pod": "astronomy-shop-recommendationservice-7b9564b48f-s8x9k", "timestamp": 1737547956.46, "sum(rate(container_cpu_usage_seconds_total{namespace=\"system-under-evaluation\", pod=~\"astronomy-shop-recommendationservice.*\"}[90s])) by (pod)": 0.11618466338198108, "recommendation_deployment_CPU": 0.11618466338198108, "kubernetes_prometheus_rules": "kubernetes_prometheus_rules", "add_security_context": "add_security_context", "delay_treatment": "delay_treatment"}, {"pod": "astronomy-shop-recommendationservice-7b9564b48f-s8x9k", "timestamp": 1737547957.46, "sum(rate(container_cpu_usage_seconds_total{namespace=\"system-under-evaluation\", pod=~\"astronomy-shop-recommendationservice.*\"}[90s])) by (pod)": 0.12556527491256975, "recommendation_deployment_CPU": 0.12556527491256975, "kubernetes_prometheus_rules": "kubernetes_prometheus_rules", "add_security_context": "add_security_context", "delay_treatment": "delay_treatment"}, {"pod": "astronomy-shop-recommendationservice-7b9564b48f-s8x9k", "timestamp": 1737547958.46, "sum(rate(container_cpu_usage_seconds_total{namespace=\"system-under-evaluation\", pod=~\"astronomy-shop-recommendationservice.*\"}[90s])) by (pod)": 0.12646544427738082, "recommendation_deployment_CPU": 0.12646544427738082, "kubernetes_prometheus_rules": "kubernetes_prometheus_rules", "add_security_context": "add_security_context", "delay_treatment": "delay_treatment"}, {"pod": "astronomy-shop-recommendationservice-7b9564b48f-s8x9k", "timestamp": 1737547959.46, "sum(rate(container_cpu_usage_seconds_total{namespace=\"system-under-evaluation\", pod=~\"astronomy-shop-recommendationservice.*\"}[90s])) by (pod)": 0.14415062170314205, "recommendation_deployment_CPU": 0.14415062170314205, "kubernetes_prometheus_rules": "kubernetes_prometheus_rules", "add_security_context": "add_security_context", "delay_treatment": "delay_treatment"}, {"pod": "astronomy-shop-recommendationservice-7b9564b48f-s8x9k", "timestamp": 1737547960.46, "sum(rate(container_cpu_usage_seconds_total{namespace=\"system-under-evaluation\", pod=~\"astronomy-shop-recommendationservice.*\"}[90s])) by (pod)": 0.14415062170314205, "recommendation_deployment_CPU": 0.14415062170314205, "kubernetes_prometheus_rules": "kubernetes_prometheus_rules", "add_security_context": "add_security_context", "delay_treatment": "delay_treatment"}, {"pod": "astronomy-shop-recommendationservice-7b9564b48f-s8x9k", "timestamp": 1737547961.46, "sum(rate(container_cpu_usage_seconds_total{namespace=\"system-under-evaluation\", pod=~\"astronomy-shop-recommendationservice.*\"}[90s])) by (pod)": 0.14415062170314205, "recommendation_deployment_CPU": 0.14415062170314205, "kubernetes_prometheus_rules": "kubernetes_prometheus_rules", "add_security_context": "add_security_context", "delay_treatment": "delay_treatment"}, {"pod": "astronomy-shop-recommendationservice-7b9564b48f-s8x9k", "timestamp": 1737547962.46, "sum(rate(container_cpu_usage_seconds_total{namespace=\"system-under-evaluation\", pod=~\"astronomy-shop-recommendationservice.*\"}[90s])) by (pod)": 0.14415062170314205, "recommendation_deployment_CPU": 0.14415062170314205, "kubernetes_prometheus_rules": "kubernetes_prometheus_rules", "add_security_context": "add_security_context", "delay_treatment": "delay_treatment"}, {"pod": "astronomy-shop-recommendationservice-7b9564b48f-s8x9k", "timestamp": 1737547963.46, "sum(rate(container_cpu_usage_seconds_total{namespace=\"system-under-evaluation\", pod=~\"astronomy-shop-recommendationservice.*\"}[90s])) by (pod)": 0.14415062170314205, "recommendation_deployment_CPU": 0.14415062170314205, "kubernetes_prometheus_rules": "kubernetes_prometheus_rules", "add_security_context": "add_security_context", "delay_treatment": "delay_treatment"}, {"pod": "astronomy-shop-recommendationservice-7b9564b48f-s8x9k", "timestamp": 1737547964.46, "sum(rate(container_cpu_usage_seconds_total{namespace=\"system-under-evaluation\", pod=~\"astronomy-shop-recommendationservice.*\"}[90s])) by (pod)": 0.14415062170314205, "recommendation_deployment_CPU": 0.14415062170314205, "kubernetes_prometheus_rules": "kubernetes_prometheus_rules", "add_security_context": "add_security_context", "delay_treatment": "delay_treatment"}, {"pod": "astronomy-shop-recommendationservice-7b9564b48f-s8x9k", "timestamp": 1737547965.46, "sum(rate(container_cpu_usage_seconds_total{namespace=\"system-under-evaluation\", pod=~\"astronomy-shop-recommendationservice.*\"}[90s])) by (pod)": 0.14415062170314205, "recommendation_deployment_CPU": 0.14415062170314205, "kubernetes_prometheus_rules": "kubernetes_prometheus_rules", "add_security_context": "add_security_context", "delay_treatment": "delay_treatment"}, {"pod": "astronomy-shop-recommendationservice-7b9564b48f-s8x9k", "timestamp": 1737547966.46, "sum(rate(container_cpu_usage_seconds_total{namespace=\"system-under-evaluation\", pod=~\"astronomy-shop-recommendationservice.*\"}[90s])) by (pod)": 0.14415062170314205, "recommendation_deployment_CPU": 0.14415062170314205, "kubernetes_prometheus_rules": "kubernetes_prometheus_rules", "add_security_context": "add_security_context", "delay_treatment": "delay_treatment"}, {"pod": "astronomy-shop-recommendationservice-7b9564b48f-s8x9k", "timestamp": 1737547967.46, "sum(rate(container_cpu_usage_seconds_total{namespace=\"system-under-evaluation\", pod=~\"astronomy-shop-recommendationservice.*\"}[90s])) by (pod)": 0.14415062170314205, "recommendation_deployment_CPU": 0.14415062170314205, "kubernetes_prometheus_rules": "kubernetes_prometheus_rules", "add_security_context": "add_security_context", "delay_treatment": "delay_treatment"}, {"pod": "astronomy-shop-recommendationservice-7b9564b48f-s8x9k", "timestamp": 1737547968.46, "sum(rate(container_cpu_usage_seconds_total{namespace=\"system-under-evaluation\", pod=~\"astronomy-shop-recommendationservice.*\"}[90s])) by (pod)": 0.14415062170314205, "recommendation_deployment_CPU": 0.14415062170314205, "kubernetes_prometheus_rules": "kubernetes_prometheus_rules", "add_security_context": "add_security_context", "delay_treatment": "delay_treatment"}, {"pod": "astronomy-shop-recommendationservice-7b9564b48f-s8x9k", "timestamp": 1737547969.46, "sum(rate(container_cpu_usage_seconds_total{namespace=\"system-under-evaluation\", pod=~\"astronomy-shop-recommendationservice.*\"}[90s])) by (pod)": 0.14415062170314205, "recommendation_deployment_CPU": 0.14415062170314205, "kubernetes_prometheus_rules": "kubernetes_prometheus_rules", "add_security_context": "add_security_context", "delay_treatment": "delay_treatment"}, {"pod": "astronomy-shop-recommendationservice-7b9564b48f-s8x9k", "timestamp": 1737547970.46, "sum(rate(container_cpu_usage_seconds_total{namespace=\"system-under-evaluation\", pod=~\"astronomy-shop-recommendationservice.*\"}[90s])) by (pod)": 0.12647534614039377, "recommendation_deployment_CPU": 0.12647534614039377, "kubernetes_prometheus_rules": "kubernetes_prometheus_rules", "add_security_context": "add_security_context", "delay_treatment": "delay_treatment"}, {"pod": "astronomy-shop-recommendationservice-7b9564b48f-s8x9k", "timestamp": 1737547971.46, "sum(rate(container_cpu_usage_seconds_total{namespace=\"system-under-evaluation\", pod=~\"astronomy-shop-recommendationservice.*\"}[90s])) by (pod)": 0.15441022882000183, "recommendation_deployment_CPU": 0.15441022882000183, "kubernetes_prometheus_rules": "kubernetes_prometheus_rules", "add_security_context": "add_security_context", "delay_treatment": "delay_treatment"}, {"pod": "astronomy-shop-recommendationservice-7b9564b48f-s8x9k", "timestamp": 1737547972.46, "sum(rate(container_cpu_usage_seconds_total{namespace=\"system-under-evaluation\", pod=~\"astronomy-shop-recommendationservice.*\"}[90s])) by (pod)": 0.17668157637290322, "recommendation_deployment_CPU": 0.17668157637290322, "kubernetes_prometheus_rules": "kubernetes_prometheus_rules", "add_security_context": "add_security_context", "delay_treatment": "delay_treatment"}, {"pod": "astronomy-shop-recommendationservice-7b9564b48f-s8x9k", "timestamp": 1737547973.46, "sum(rate(container_cpu_usage_seconds_total{namespace=\"system-under-evaluation\", pod=~\"astronomy-shop-recommendationservice.*\"}[90s])) by (pod)": 0.17668157637290322, "recommendation_deployment_CPU": 0.17668157637290322, "kubernetes_prometheus_rules": "kubernetes_prometheus_rules", "add_security_context": "add_security_context", "delay_treatment": "delay_treatment"}, {"pod": "astronomy-shop-recommendationservice-7b9564b48f-s8x9k", "timestamp": 1737547974.46, "sum(rate(container_cpu_usage_seconds_total{namespace=\"system-under-evaluation\", pod=~\"astronomy-shop-recommendationservice.*\"}[90s])) by (pod)": 0.17668157637290322, "recommendation_deployment_CPU": 0.17668157637290322, "kubernetes_prometheus_rules": "kubernetes_prometheus_rules", "add_security_context": "add_security_context", "delay_treatment": "delay_treatment"}, {"pod": "astronomy-shop-recommendationservice-7b9564b48f-s8x9k", "timestamp": 1737547975.46, "sum(rate(container_cpu_usage_seconds_total{namespace=\"system-under-evaluation\", pod=~\"astronomy-shop-recommendationservice.*\"}[90s])) by (pod)": 0.17668157637290322, "recommendation_deployment_CPU": 0.17668157637290322, "kubernetes_prometheus_rules": "kubernetes_prometheus_rules", "add_security_context": "add_security_context", "delay_treatment": "delay_treatment"}, {"pod": "astronomy-shop-recommendationservice-7b9564b48f-s8x9k", "timestamp": 1737547976.46, "sum(rate(container_cpu_usage_seconds_total{namespace=\"system-under-evaluation\", pod=~\"astronomy-shop-recommendationservice.*\"}[90s])) by (pod)": 0.17668157637290322, "recommendation_deployment_CPU": 0.17668157637290322, "kubernetes_prometheus_rules": "kubernetes_prometheus_rules", "add_security_context": "add_security_context", "delay_treatment": "delay_treatment"}, {"pod": "astronomy-shop-recommendationservice-7b9564b48f-s8x9k", "timestamp": 1737547977.46, "sum(rate(container_cpu_usage_seconds_total{namespace=\"system-under-evaluation\", pod=~\"astronomy-shop-recommendationservice.*\"}[90s])) by (pod)": 0.17668157637290322, "recommendation_deployment_CPU": 0.17668157637290322, "kubernetes_prometheus_rules": "kubernetes_prometheus_rules", "add_security_context": "add_security_context", "delay_treatment": "delay_treatment"}, {"pod": "astronomy-shop-recommendationservice-7b9564b48f-s8x9k", "timestamp": 1737547978.46, "sum(rate(container_cpu_usage_seconds_total{namespace=\"system-under-evaluation\", pod=~\"astronomy-shop-recommendationservice.*\"}[90s])) by (pod)": 0.17668157637290322, "recommendation_deployment_CPU": 0.17668157637290322, "kubernetes_prometheus_rules": "kubernetes_prometheus_rules", "add_security_context": "add_security_context", "delay_treatment": "delay_treatment"}, {"pod": "astronomy-shop-recommendationservice-7b9564b48f-s8x9k", "timestamp": 1737547979.46, "sum(rate(container_cpu_usage_seconds_total{namespace=\"system-under-evaluation\", pod=~\"astronomy-shop-recommendationservice.*\"}[90s])) by (pod)": 0.17668157637290322, "recommendation_deployment_CPU": 0.17668157637290322, "kubernetes_prometheus_rules": "kubernetes_prometheus_rules", "add_security_context": "add_security_context", "delay_treatment": "delay_treatment"}, {"pod": "astronomy-shop-recommendationservice-7b9564b48f-s8x9k", "timestamp": 1737547980.46, "sum(rate(container_cpu_usage_seconds_total{namespace=\"system-under-evaluation\", pod=~\"astronomy-shop-recommendationservice.*\"}[90s])) by (pod)": 0.17668157637290322, "recommendation_deployment_CPU": 0.17668157637290322, "kubernetes_prometheus_rules": "kubernetes_prometheus_rules", "add_security_context": "add_security_context", "delay_treatment": "delay_treatment"}, {"pod": "astronomy-shop-recommendationservice-7b9564b48f-s8x9k", "timestamp": 1737547981.46, "sum(rate(container_cpu_usage_seconds_total{namespace=\"system-under-evaluation\", pod=~\"astronomy-shop-recommendationservice.*\"}[90s])) by (pod)": 0.17668157637290322, "recommendation_deployment_CPU": 0.17668157637290322, "kubernetes_prometheus_rules": "kubernetes_prometheus_rules", "add_security_context": "add_security_context", "delay_treatment": "delay_treatment"}, {"pod": "astronomy-shop-recommendationservice-7b9564b48f-s8x9k", "timestamp": 1737547982.46, "sum(rate(container_cpu_usage_seconds_total{namespace=\"system-under-evaluation\", pod=~\"astronomy-shop-recommendationservice.*\"}[90s])) by (pod)": 0.17668157637290322, "recommendation_deployment_CPU": 0.17668157637290322, "kubernetes_prometheus_rules": "kubernetes_prometheus_rules", "add_security_context": "add_security_context", "delay_treatment": "delay_treatment"}, {"pod": "astronomy-shop-recommendationservice-7b9564b48f-s8x9k", "timestamp": 1737547983.46, "sum(rate(container_cpu_usage_seconds_total{namespace=\"system-under-evaluation\", pod=~\"astronomy-shop-recommendationservice.*\"}[90s])) by (pod)": 0.17668157637290322, "recommendation_deployment_CPU": 0.17668157637290322, "kubernetes_prometheus_rules": "kubernetes_prometheus_rules", "add_security_context": "add_security_context", "delay_treatment": "delay_treatment"}, {"pod": "astronomy-shop-recommendationservice-7b9564b48f-s8x9k", "timestamp": 1737547984.46, "sum(rate(container_cpu_usage_seconds_total{namespace=\"system-under-evaluation\", pod=~\"astronomy-shop-recommendationservice.*\"}[90s])) by (pod)": 0.17668157637290322, "recommendation_deployment_CPU": 0.17668157637290322, "kubernetes_prometheus_rules": "kubernetes_prometheus_rules", "add_security_context": "add_security_context", "delay_treatment": "delay_treatment"}, {"pod": "astronomy-shop-recommendationservice-7b9564b48f-s8x9k", "timestamp": 1737547985.46, "sum(rate(container_cpu_usage_seconds_total{namespace=\"system-under-evaluation\", pod=~\"astronomy-shop-recommendationservice.*\"}[90s])) by (pod)": 0.17668157637290322, "recommendation_deployment_CPU": 0.17668157637290322, "kubernetes_prometheus_rules": "kubernetes_prometheus_rules", "add_security_context": "add_security_context", "delay_treatment": "delay_treatment"}, {"pod": "astronomy-shop-recommendationservice-7b9564b48f-s8x9k", "timestamp": 1737547986.46, "sum(rate(container_cpu_usage_seconds_total{namespace=\"system-under-evaluation\", pod=~\"astronomy-shop-recommendationservice.*\"}[90s])) by (pod)": 0.16114419490929754, "recommendation_deployment_CPU": 0.16114419490929754, "kubernetes_prometheus_rules": "kubernetes_prometheus_rules", "add_security_context": "add_security_context", "delay_treatment": "delay_treatment"}, {"pod": "astronomy-shop-recommendationservice-7b9564b48f-s8x9k", "timestamp": 1737547987.46, "sum(rate(container_cpu_usage_seconds_total{namespace=\"system-under-evaluation\", pod=~\"astronomy-shop-recommendationservice.*\"}[90s])) by (pod)": 0.16019523128237484, "recommendation_deployment_CPU": 0.16019523128237484, "kubernetes_prometheus_rules": "kubernetes_prometheus_rules", "add_security_context": "add_security_context", "delay_treatment": "delay_treatment"}, {"pod": "astronomy-shop-recommendationservice-7b9564b48f-s8x9k", "timestamp": 1737547988.46, "sum(rate(container_cpu_usage_seconds_total{namespace=\"system-under-evaluation\", pod=~\"astronomy-shop-recommendationservice.*\"}[90s])) by (pod)": 0.1592462676554521, "recommendation_deployment_CPU": 0.1592462676554521, "kubernetes_prometheus_rules": "kubernetes_prometheus_rules", "add_security_context": "add_security_context", "delay_treatment": "delay_treatment"}, {"pod": "astronomy-shop-recommendationservice-7b9564b48f-s8x9k", "timestamp": 1737547989.46, "sum(rate(container_cpu_usage_seconds_total{namespace=\"system-under-evaluation\", pod=~\"astronomy-shop-recommendationservice.*\"}[90s])) by (pod)": 0.15829730402852937, "recommendation_deployment_CPU": 0.15829730402852937, "kubernetes_prometheus_rules": "kubernetes_prometheus_rules", "add_security_context": "add_security_context", "delay_treatment": "delay_treatment"}, {"pod": "astronomy-shop-recommendationservice-7b9564b48f-s8x9k", "timestamp": 1737547990.46, "sum(rate(container_cpu_usage_seconds_total{namespace=\"system-under-evaluation\", pod=~\"astronomy-shop-recommendationservice.*\"}[90s])) by (pod)": 0.15734834040160667, "recommendation_deployment_CPU": 0.15734834040160667, "kubernetes_prometheus_rules": "kubernetes_prometheus_rules", "add_security_context": "add_security_context", "delay_treatment": "delay_treatment"}, {"pod": "astronomy-shop-recommendationservice-7b9564b48f-s8x9k", "timestamp": 1737547991.46, "sum(rate(container_cpu_usage_seconds_total{namespace=\"system-under-evaluation\", pod=~\"astronomy-shop-recommendationservice.*\"}[90s])) by (pod)": 0.18914375164359004, "recommendation_deployment_CPU": 0.18914375164359004, "kubernetes_prometheus_rules": "kubernetes_prometheus_rules", "add_security_context": "add_security_context", "delay_treatment": "delay_treatment"}, {"pod": "astronomy-shop-recommendationservice-7b9564b48f-s8x9k", "timestamp": 1737547992.46, "sum(rate(container_cpu_usage_seconds_total{namespace=\"system-under-evaluation\", pod=~\"astronomy-shop-recommendationservice.*\"}[90s])) by (pod)": 0.18914375164359004, "recommendation_deployment_CPU": 0.18914375164359004, "kubernetes_prometheus_rules": "kubernetes_prometheus_rules", "add_security_context": "add_security_context", "delay_treatment": "delay_treatment"}, {"pod": "astronomy-shop-recommendationservice-7b9564b48f-s8x9k", "timestamp": 1737547993.46, "sum(rate(container_cpu_usage_seconds_total{namespace=\"system-under-evaluation\", pod=~\"astronomy-shop-recommendationservice.*\"}[90s])) by (pod)": 0.18914375164359004, "recommendation_deployment_CPU": 0.18914375164359004, "kubernetes_prometheus_rules": "kubernetes_prometheus_rules", "add_security_context": "add_security_context", "delay_treatment": "delay_treatment"}, {"pod": "astronomy-shop-recommendationservice-7b9564b48f-s8x9k", "timestamp": 1737547994.46, "sum(rate(container_cpu_usage_seconds_total{namespace=\"system-under-evaluation\", pod=~\"astronomy-shop-recommendationservice.*\"}[90s])) by (pod)": 0.19821886784514728, "recommendation_deployment_CPU": 0.19821886784514728, "kubernetes_prometheus_rules": "kubernetes_prometheus_rules", "add_security_context": "add_security_context", "delay_treatment": "delay_treatment"}, {"pod": "astronomy-shop-recommendationservice-7b9564b48f-s8x9k", "timestamp": 1737547995.46, "sum(rate(container_cpu_usage_seconds_total{namespace=\"system-under-evaluation\", pod=~\"astronomy-shop-recommendationservice.*\"}[90s])) by (pod)": 0.18425382923665906, "recommendation_deployment_CPU": 0.18425382923665906, "kubernetes_prometheus_rules": "kubernetes_prometheus_rules", "add_security_context": "add_security_context", "delay_treatment": "delay_treatment"}, {"pod": "astronomy-shop-recommendationservice-7b9564b48f-s8x9k", "timestamp": 1737547996.46, "sum(rate(container_cpu_usage_seconds_total{namespace=\"system-under-evaluation\", pod=~\"astronomy-shop-recommendationservice.*\"}[90s])) by (pod)": 0.18543827632840704, "recommendation_deployment_CPU": 0.18543827632840704, "kubernetes_prometheus_rules": "kubernetes_prometheus_rules", "add_security_context": "add_security_context", "delay_treatment": "delay_treatment"}, {"pod": "astronomy-shop-recommendationservice-7b9564b48f-s8x9k", "timestamp": 1737547997.46, "sum(rate(container_cpu_usage_seconds_total{namespace=\"system-under-evaluation\", pod=~\"astronomy-shop-recommendationservice.*\"}[90s])) by (pod)": 0.186622723420155, "recommendation_deployment_CPU": 0.186622723420155, "kubernetes_prometheus_rules": "kubernetes_prometheus_rules", "add_security_context": "add_security_context", "delay_treatment": "delay_treatment"}, {"pod": "astronomy-shop-recommendationservice-7b9564b48f-s8x9k", "timestamp": 1737547998.46, "sum(rate(container_cpu_usage_seconds_total{namespace=\"system-under-evaluation\", pod=~\"astronomy-shop-recommendationservice.*\"}[90s])) by (pod)": 0.187807170511903, "recommendation_deployment_CPU": 0.187807170511903, "kubernetes_prometheus_rules": "kubernetes_prometheus_rules", "add_security_context": "add_security_context", "delay_treatment": "delay_treatment"}, {"pod": "astronomy-shop-recommendationservice-7b9564b48f-s8x9k", "timestamp": 1737547999.46, "sum(rate(container_cpu_usage_seconds_total{namespace=\"system-under-evaluation\", pod=~\"astronomy-shop-recommendationservice.*\"}[90s])) by (pod)": 0.2069502044087338, "recommendation_deployment_CPU": 0.2069502044087338, "kubernetes_prometheus_rules": "kubernetes_prometheus_rules", "add_security_context": "add_security_context", "delay_treatment": "delay_treatment"}, {"pod": "astronomy-shop-recommendationservice-7b9564b48f-s8x9k", "timestamp": 1737548000.46, "sum(rate(container_cpu_usage_seconds_total{namespace=\"system-under-evaluation\", pod=~\"astronomy-shop-recommendationservice.*\"}[90s])) by (pod)": 0.21372085950904782, "recommendation_deployment_CPU": 0.21372085950904782, "kubernetes_prometheus_rules": "kubernetes_prometheus_rules", "add_security_context": "add_security_context", "delay_treatment": "delay_treatment"}, {"pod": "astronomy-shop-recommendationservice-7b9564b48f-s8x9k", "timestamp": 1737548001.46, "sum(rate(container_cpu_usage_seconds_total{namespace=\"system-under-evaluation\", pod=~\"astronomy-shop-recommendationservice.*\"}[90s])) by (pod)": 0.21372085950904782, "recommendation_deployment_CPU": 0.21372085950904782, "kubernetes_prometheus_rules": "kubernetes_prometheus_rules", "add_security_context": "add_security_context", "delay_treatment": "delay_treatment"}, {"pod": "astronomy-shop-recommendationservice-7b9564b48f-s8x9k", "timestamp": 1737548002.46, "sum(rate(container_cpu_usage_seconds_total{namespace=\"system-under-evaluation\", pod=~\"astronomy-shop-recommendationservice.*\"}[90s])) by (pod)": 0.21372085950904782, "recommendation_deployment_CPU": 0.21372085950904782, "kubernetes_prometheus_rules": "kubernetes_prometheus_rules", "add_security_context": "add_security_context", "delay_treatment": "delay_treatment"}, {"pod": "astronomy-shop-recommendationservice-7b9564b48f-s8x9k", "timestamp": 1737548003.46, "sum(rate(container_cpu_usage_seconds_total{namespace=\"system-under-evaluation\", pod=~\"astronomy-shop-recommendationservice.*\"}[90s])) by (pod)": 0.21372085950904782, "recommendation_deployment_CPU": 0.21372085950904782, "kubernetes_prometheus_rules": "kubernetes_prometheus_rules", "add_security_context": "add_security_context", "delay_treatment": "delay_treatment"}, {"pod": "astronomy-shop-recommendationservice-7b9564b48f-s8x9k", "timestamp": 1737548004.46, "sum(rate(container_cpu_usage_seconds_total{namespace=\"system-under-evaluation\", pod=~\"astronomy-shop-recommendationservice.*\"}[90s])) by (pod)": 0.21372085950904782, "recommendation_deployment_CPU": 0.21372085950904782, "kubernetes_prometheus_rules": "kubernetes_prometheus_rules", "add_security_context": "add_security_context", "delay_treatment": "delay_treatment"}, {"pod": "astronomy-shop-recommendationservice-7b9564b48f-s8x9k", "timestamp": 1737548005.46, "sum(rate(container_cpu_usage_seconds_total{namespace=\"system-under-evaluation\", pod=~\"astronomy-shop-recommendationservice.*\"}[90s])) by (pod)": 0.21372085950904782, "recommendation_deployment_CPU": 0.21372085950904782, "kubernetes_prometheus_rules": "kubernetes_prometheus_rules", "add_security_context": "add_security_context", "delay_treatment": "delay_treatment"}, {"pod": "astronomy-shop-recommendationservice-7b9564b48f-s8x9k", "timestamp": 1737548006.46, "sum(rate(container_cpu_usage_seconds_total{namespace=\"system-under-evaluation\", pod=~\"astronomy-shop-recommendationservice.*\"}[90s])) by (pod)": 0.21372085950904782, "recommendation_deployment_CPU": 0.21372085950904782, "kubernetes_prometheus_rules": "kubernetes_prometheus_rules", "add_security_context": "add_security_context", "delay_treatment": "delay_treatment"}, {"pod": "astronomy-shop-recommendationservice-7b9564b48f-s8x9k", "timestamp": 1737548007.46, "sum(rate(container_cpu_usage_seconds_total{namespace=\"system-under-evaluation\", pod=~\"astronomy-shop-recommendationservice.*\"}[90s])) by (pod)": 0.21372085950904782, "recommendation_deployment_CPU": 0.21372085950904782, "kubernetes_prometheus_rules": "kubernetes_prometheus_rules", "add_security_context": "add_security_context", "delay_treatment": "delay_treatment"}, {"pod": "astronomy-shop-recommendationservice-7b9564b48f-s8x9k", "timestamp": 1737548008.46, "sum(rate(container_cpu_usage_seconds_total{namespace=\"system-under-evaluation\", pod=~\"astronomy-shop-recommendationservice.*\"}[90s])) by (pod)": 0.21372085950904782, "recommendation_deployment_CPU": 0.21372085950904782, "kubernetes_prometheus_rules": "kubernetes_prometheus_rules", "add_security_context": "add_security_context", "delay_treatment": "delay_treatment"}, {"pod": "astronomy-shop-recommendationservice-7b9564b48f-s8x9k", "timestamp": 1737548009.46, "sum(rate(container_cpu_usage_seconds_total{namespace=\"system-under-evaluation\", pod=~\"astronomy-shop-recommendationservice.*\"}[90s])) by (pod)": 0.21372085950904782, "recommendation_deployment_CPU": 0.21372085950904782, "kubernetes_prometheus_rules": "kubernetes_prometheus_rules", "add_security_context": "add_security_context", "delay_treatment": "delay_treatment"}, {"pod": "astronomy-shop-recommendationservice-7b9564b48f-s8x9k", "timestamp": 1737548010.46, "sum(rate(container_cpu_usage_seconds_total{namespace=\"system-under-evaluation\", pod=~\"astronomy-shop-recommendationservice.*\"}[90s])) by (pod)": 0.21372085950904782, "recommendation_deployment_CPU": 0.21372085950904782, "kubernetes_prometheus_rules": "kubernetes_prometheus_rules", "add_security_context": "add_security_context", "delay_treatment": "delay_treatment"}, {"pod": "astronomy-shop-recommendationservice-7b9564b48f-s8x9k", "timestamp": 1737548011.46, "sum(rate(container_cpu_usage_seconds_total{namespace=\"system-under-evaluation\", pod=~\"astronomy-shop-recommendationservice.*\"}[90s])) by (pod)": 0.21372085950904782, "recommendation_deployment_CPU": 0.21372085950904782, "kubernetes_prometheus_rules": "kubernetes_prometheus_rules", "add_security_context": "add_security_context", "delay_treatment": "delay_treatment"}, {"pod": "astronomy-shop-recommendationservice-7b9564b48f-s8x9k", "timestamp": 1737548012.46, "sum(rate(container_cpu_usage_seconds_total{namespace=\"system-under-evaluation\", pod=~\"astronomy-shop-recommendationservice.*\"}[90s])) by (pod)": 0.21372085950904782, "recommendation_deployment_CPU": 0.21372085950904782, "kubernetes_prometheus_rules": "kubernetes_prometheus_rules", "add_security_context": "add_security_context", "delay_treatment": "delay_treatment"}, {"pod": "astronomy-shop-recommendationservice-7b9564b48f-s8x9k", "timestamp": 1737548013.46, "sum(rate(container_cpu_usage_seconds_total{namespace=\"system-under-evaluation\", pod=~\"astronomy-shop-recommendationservice.*\"}[90s])) by (pod)": 0.21372085950904782, "recommendation_deployment_CPU": 0.21372085950904782, "kubernetes_prometheus_rules": "kubernetes_prometheus_rules", "add_security_context": "add_security_context", "delay_treatment": "delay_treatment"}, {"pod": "astronomy-shop-recommendationservice-7b9564b48f-s8x9k", "timestamp": 1737548014.46, "sum(rate(container_cpu_usage_seconds_total{namespace=\"system-under-evaluation\", pod=~\"astronomy-shop-recommendationservice.*\"}[90s])) by (pod)": 0.21372085950904782, "recommendation_deployment_CPU": 0.21372085950904782, "kubernetes_prometheus_rules": "kubernetes_prometheus_rules", "add_security_context": "add_security_context", "delay_treatment": "delay_treatment"}, {"pod": "astronomy-shop-recommendationservice-7b9564b48f-s8x9k", "timestamp": 1737548015.46, "sum(rate(container_cpu_usage_seconds_total{namespace=\"system-under-evaluation\", pod=~\"astronomy-shop-recommendationservice.*\"}[90s])) by (pod)": 0.21372085950904782, "recommendation_deployment_CPU": 0.21372085950904782, "kubernetes_prometheus_rules": "kubernetes_prometheus_rules", "add_security_context": "add_security_context", "delay_treatment": "delay_treatment"}, {"pod": "astronomy-shop-recommendationservice-7b9564b48f-s8x9k", "timestamp": 1737548016.46, "sum(rate(container_cpu_usage_seconds_total{namespace=\"system-under-evaluation\", pod=~\"astronomy-shop-recommendationservice.*\"}[90s])) by (pod)": 0.21372085950904782, "recommendation_deployment_CPU": 0.21372085950904782, "kubernetes_prometheus_rules": "kubernetes_prometheus_rules", "add_security_context": "add_security_context", "delay_treatment": "delay_treatment"}, {"pod": "astronomy-shop-recommendationservice-7b9564b48f-s8x9k", "timestamp": 1737548017.46, "sum(rate(container_cpu_usage_seconds_total{namespace=\"system-under-evaluation\", pod=~\"astronomy-shop-recommendationservice.*\"}[90s])) by (pod)": 0.21372085950904782, "recommendation_deployment_CPU": 0.21372085950904782, "kubernetes_prometheus_rules": "kubernetes_prometheus_rules", "add_security_context": "add_security_context", "delay_treatment": "delay_treatment"}, {"pod": "astronomy-shop-recommendationservice-7b9564b48f-s8x9k", "timestamp": 1737548018.46, "sum(rate(container_cpu_usage_seconds_total{namespace=\"system-under-evaluation\", pod=~\"astronomy-shop-recommendationservice.*\"}[90s])) by (pod)": 0.21372085950904782, "recommendation_deployment_CPU": 0.21372085950904782, "kubernetes_prometheus_rules": "kubernetes_prometheus_rules", "add_security_context": "add_security_context", "delay_treatment": "delay_treatment"}, {"pod": "astronomy-shop-recommendationservice-7b9564b48f-s8x9k", "timestamp": 1737548019.46, "sum(rate(container_cpu_usage_seconds_total{namespace=\"system-under-evaluation\", pod=~\"astronomy-shop-recommendationservice.*\"}[90s])) by (pod)": 0.21378250186524783, "recommendation_deployment_CPU": 0.21378250186524783, "kubernetes_prometheus_rules": "kubernetes_prometheus_rules", "add_security_context": "add_security_context", "delay_treatment": "delay_treatment"}, {"pod": "astronomy-shop-recommendationservice-7b9564b48f-s8x9k", "timestamp": 1737548020.46, "sum(rate(container_cpu_usage_seconds_total{namespace=\"system-under-evaluation\", pod=~\"astronomy-shop-recommendationservice.*\"}[90s])) by (pod)": 0.1942249114863052, "recommendation_deployment_CPU": 0.1942249114863052, "kubernetes_prometheus_rules": "kubernetes_prometheus_rules", "add_security_context": "add_security_context", "delay_treatment": "delay_treatment"}, {"pod": "astronomy-shop-recommendationservice-7b9564b48f-s8x9k", "timestamp": 1737548021.46, "sum(rate(container_cpu_usage_seconds_total{namespace=\"system-under-evaluation\", pod=~\"astronomy-shop-recommendationservice.*\"}[90s])) by (pod)": 0.19304046439455722, "recommendation_deployment_CPU": 0.19304046439455722, "kubernetes_prometheus_rules": "kubernetes_prometheus_rules", "add_security_context": "add_security_context", "delay_treatment": "delay_treatment"}, {"pod": "astronomy-shop-recommendationservice-7b9564b48f-s8x9k", "timestamp": 1737548022.46, "sum(rate(container_cpu_usage_seconds_total{namespace=\"system-under-evaluation\", pod=~\"astronomy-shop-recommendationservice.*\"}[90s])) by (pod)": 0.1918560173028092, "recommendation_deployment_CPU": 0.1918560173028092, "kubernetes_prometheus_rules": "kubernetes_prometheus_rules", "add_security_context": "add_security_context", "delay_treatment": "delay_treatment"}, {"pod": "astronomy-shop-recommendationservice-7b9564b48f-s8x9k", "timestamp": 1737548023.46, "sum(rate(container_cpu_usage_seconds_total{namespace=\"system-under-evaluation\", pod=~\"astronomy-shop-recommendationservice.*\"}[90s])) by (pod)": 0.19067157021106124, "recommendation_deployment_CPU": 0.19067157021106124, "kubernetes_prometheus_rules": "kubernetes_prometheus_rules", "add_security_context": "add_security_context", "delay_treatment": "delay_treatment"}, {"pod": "astronomy-shop-recommendationservice-7b9564b48f-s8x9k", "timestamp": 1737548024.46, "sum(rate(container_cpu_usage_seconds_total{namespace=\"system-under-evaluation\", pod=~\"astronomy-shop-recommendationservice.*\"}[90s])) by (pod)": 0.21507206846098736, "recommendation_deployment_CPU": 0.21507206846098736, "kubernetes_prometheus_rules": "kubernetes_prometheus_rules", "add_security_context": "add_security_context", "delay_treatment": "delay_treatment"}, {"pod": "astronomy-shop-recommendationservice-7b9564b48f-s8x9k", "timestamp": 1737548025.46, "sum(rate(container_cpu_usage_seconds_total{namespace=\"system-under-evaluation\", pod=~\"astronomy-shop-recommendationservice.*\"}[90s])) by (pod)": 0.19141573447827034, "recommendation_deployment_CPU": 0.19141573447827034, "kubernetes_prometheus_rules": "kubernetes_prometheus_rules", "add_security_context": "add_security_context", "delay_treatment": "delay_treatment"}, {"pod": "astronomy-shop-recommendationservice-7b9564b48f-s8x9k", "timestamp": 1737548026.46, "sum(rate(container_cpu_usage_seconds_total{namespace=\"system-under-evaluation\", pod=~\"astronomy-shop-recommendationservice.*\"}[90s])) by (pod)": 0.19266198557773004, "recommendation_deployment_CPU": 0.19266198557773004, "kubernetes_prometheus_rules": "kubernetes_prometheus_rules", "add_security_context": "add_security_context", "delay_treatment": "delay_treatment"}, {"pod": "astronomy-shop-recommendationservice-7b9564b48f-s8x9k", "timestamp": 1737548027.46, "sum(rate(container_cpu_usage_seconds_total{namespace=\"system-under-evaluation\", pod=~\"astronomy-shop-recommendationservice.*\"}[90s])) by (pod)": 0.1939082366771897, "recommendation_deployment_CPU": 0.1939082366771897, "kubernetes_prometheus_rules": "kubernetes_prometheus_rules", "add_security_context": "add_security_context", "delay_treatment": "delay_treatment"}, {"pod": "astronomy-shop-recommendationservice-7b9564b48f-s8x9k", "timestamp": 1737548028.46, "sum(rate(container_cpu_usage_seconds_total{namespace=\"system-under-evaluation\", pod=~\"astronomy-shop-recommendationservice.*\"}[90s])) by (pod)": 0.20087080350596165, "recommendation_deployment_CPU": 0.20087080350596165, "kubernetes_prometheus_rules": "kubernetes_prometheus_rules", "add_security_context": "add_security_context", "delay_treatment": "delay_treatment"}, {"pod": "astronomy-shop-recommendationservice-7b9564b48f-s8x9k", "timestamp": 1737548029.46, "sum(rate(container_cpu_usage_seconds_total{namespace=\"system-under-evaluation\", pod=~\"astronomy-shop-recommendationservice.*\"}[90s])) by (pod)": 0.20211705460542134, "recommendation_deployment_CPU": 0.20211705460542134, "kubernetes_prometheus_rules": "kubernetes_prometheus_rules", "add_security_context": "add_security_context", "delay_treatment": "delay_treatment"}, {"pod": "astronomy-shop-recommendationservice-7b9564b48f-s8x9k", "timestamp": 1737548030.46, "sum(rate(container_cpu_usage_seconds_total{namespace=\"system-under-evaluation\", pod=~\"astronomy-shop-recommendationservice.*\"}[90s])) by (pod)": 0.20336330570488104, "recommendation_deployment_CPU": 0.20336330570488104, "kubernetes_prometheus_rules": "kubernetes_prometheus_rules", "add_security_context": "add_security_context", "delay_treatment": "delay_treatment"}, {"pod": "astronomy-shop-recommendationservice-7b9564b48f-s8x9k", "timestamp": 1737548031.46, "sum(rate(container_cpu_usage_seconds_total{namespace=\"system-under-evaluation\", pod=~\"astronomy-shop-recommendationservice.*\"}[90s])) by (pod)": 0.20460955680434073, "recommendation_deployment_CPU": 0.20460955680434073, "kubernetes_prometheus_rules": "kubernetes_prometheus_rules", "add_security_context": "add_security_context", "delay_treatment": "delay_treatment"}, {"pod": "astronomy-shop-recommendationservice-7b9564b48f-s8x9k", "timestamp": 1737548032.46, "sum(rate(container_cpu_usage_seconds_total{namespace=\"system-under-evaluation\", pod=~\"astronomy-shop-recommendationservice.*\"}[90s])) by (pod)": 0.2058558079038004, "recommendation_deployment_CPU": 0.2058558079038004, "kubernetes_prometheus_rules": "kubernetes_prometheus_rules", "add_security_context": "add_security_context", "delay_treatment": "delay_treatment"}, {"pod": "astronomy-shop-recommendationservice-7b9564b48f-s8x9k", "timestamp": 1737548033.46, "sum(rate(container_cpu_usage_seconds_total{namespace=\"system-under-evaluation\", pod=~\"astronomy-shop-recommendationservice.*\"}[90s])) by (pod)": 0.20710205900326006, "recommendation_deployment_CPU": 0.20710205900326006, "kubernetes_prometheus_rules": "kubernetes_prometheus_rules", "add_security_context": "add_security_context", "delay_treatment": "delay_treatment"}, {"pod": "astronomy-shop-recommendationservice-7b9564b48f-s8x9k", "timestamp": 1737548034.46, "sum(rate(container_cpu_usage_seconds_total{namespace=\"system-under-evaluation\", pod=~\"astronomy-shop-recommendationservice.*\"}[90s])) by (pod)": 0.22576871953374225, "recommendation_deployment_CPU": 0.22576871953374225, "kubernetes_prometheus_rules": "kubernetes_prometheus_rules", "add_security_context": "add_security_context", "delay_treatment": "delay_treatment"}, {"pod": "astronomy-shop-recommendationservice-7b9564b48f-s8x9k", "timestamp": 1737548035.46, "sum(rate(container_cpu_usage_seconds_total{namespace=\"system-under-evaluation\", pod=~\"astronomy-shop-recommendationservice.*\"}[90s])) by (pod)": 0.22576871953374225, "recommendation_deployment_CPU": 0.22576871953374225, "kubernetes_prometheus_rules": "kubernetes_prometheus_rules", "add_security_context": "add_security_context", "delay_treatment": "delay_treatment"}, {"pod": "astronomy-shop-recommendationservice-7b9564b48f-s8x9k", "timestamp": 1737548036.46, "sum(rate(container_cpu_usage_seconds_total{namespace=\"system-under-evaluation\", pod=~\"astronomy-shop-recommendationservice.*\"}[90s])) by (pod)": 0.22576871953374225, "recommendation_deployment_CPU": 0.22576871953374225, "kubernetes_prometheus_rules": "kubernetes_prometheus_rules", "add_security_context": "add_security_context", "delay_treatment": "delay_treatment"}, {"pod": "astronomy-shop-recommendationservice-7b9564b48f-s8x9k", "timestamp": 1737548037.46, "sum(rate(container_cpu_usage_seconds_total{namespace=\"system-under-evaluation\", pod=~\"astronomy-shop-recommendationservice.*\"}[90s])) by (pod)": 0.22576871953374225, "recommendation_deployment_CPU": 0.22576871953374225, "kubernetes_prometheus_rules": "kubernetes_prometheus_rules", "add_security_context": "add_security_context", "delay_treatment": "delay_treatment"}, {"pod": "astronomy-shop-recommendationservice-7b9564b48f-s8x9k", "timestamp": 1737548038.46, "sum(rate(container_cpu_usage_seconds_total{namespace=\"system-under-evaluation\", pod=~\"astronomy-shop-recommendationservice.*\"}[90s])) by (pod)": 0.22576871953374225, "recommendation_deployment_CPU": 0.22576871953374225, "kubernetes_prometheus_rules": "kubernetes_prometheus_rules", "add_security_context": "add_security_context", "delay_treatment": "delay_treatment"}, {"pod": "astronomy-shop-recommendationservice-7b9564b48f-s8x9k", "timestamp": 1737548039.46, "sum(rate(container_cpu_usage_seconds_total{namespace=\"system-under-evaluation\", pod=~\"astronomy-shop-recommendationservice.*\"}[90s])) by (pod)": 0.22576871953374225, "recommendation_deployment_CPU": 0.22576871953374225, "kubernetes_prometheus_rules": "kubernetes_prometheus_rules", "add_security_context": "add_security_context", "delay_treatment": "delay_treatment"}, {"pod": "astronomy-shop-recommendationservice-7b9564b48f-s8x9k", "timestamp": 1737548040.46, "sum(rate(container_cpu_usage_seconds_total{namespace=\"system-under-evaluation\", pod=~\"astronomy-shop-recommendationservice.*\"}[90s])) by (pod)": 0.22576871953374225, "recommendation_deployment_CPU": 0.22576871953374225, "kubernetes_prometheus_rules": "kubernetes_prometheus_rules", "add_security_context": "add_security_context", "delay_treatment": "delay_treatment"}, {"pod": "astronomy-shop-recommendationservice-7b9564b48f-s8x9k", "timestamp": 1737548041.46, "sum(rate(container_cpu_usage_seconds_total{namespace=\"system-under-evaluation\", pod=~\"astronomy-shop-recommendationservice.*\"}[90s])) by (pod)": 0.22576871953374225, "recommendation_deployment_CPU": 0.22576871953374225, "kubernetes_prometheus_rules": "kubernetes_prometheus_rules", "add_security_context": "add_security_context", "delay_treatment": "delay_treatment"}, {"pod": "astronomy-shop-recommendationservice-7b9564b48f-s8x9k", "timestamp": 1737548042.46, "sum(rate(container_cpu_usage_seconds_total{namespace=\"system-under-evaluation\", pod=~\"astronomy-shop-recommendationservice.*\"}[90s])) by (pod)": 0.22576871953374225, "recommendation_deployment_CPU": 0.22576871953374225, "kubernetes_prometheus_rules": "kubernetes_prometheus_rules", "add_security_context": "add_security_context", "delay_treatment": "delay_treatment"}, {"pod": "astronomy-shop-recommendationservice-7b9564b48f-s8x9k", "timestamp": 1737548043.46, "sum(rate(container_cpu_usage_seconds_total{namespace=\"system-under-evaluation\", pod=~\"astronomy-shop-recommendationservice.*\"}[90s])) by (pod)": 0.22576871953374225, "recommendation_deployment_CPU": 0.22576871953374225, "kubernetes_prometheus_rules": "kubernetes_prometheus_rules", "add_security_context": "add_security_context", "delay_treatment": "delay_treatment"}, {"pod": "astronomy-shop-recommendationservice-7b9564b48f-s8x9k", "timestamp": 1737548044.46, "sum(rate(container_cpu_usage_seconds_total{namespace=\"system-under-evaluation\", pod=~\"astronomy-shop-recommendationservice.*\"}[90s])) by (pod)": 0.22576871953374225, "recommendation_deployment_CPU": 0.22576871953374225, "kubernetes_prometheus_rules": "kubernetes_prometheus_rules", "add_security_context": "add_security_context", "delay_treatment": "delay_treatment"}, {"pod": "astronomy-shop-recommendationservice-7b9564b48f-s8x9k", "timestamp": 1737548045.46, "sum(rate(container_cpu_usage_seconds_total{namespace=\"system-under-evaluation\", pod=~\"astronomy-shop-recommendationservice.*\"}[90s])) by (pod)": 0.22576871953374225, "recommendation_deployment_CPU": 0.22576871953374225, "kubernetes_prometheus_rules": "kubernetes_prometheus_rules", "add_security_context": "add_security_context", "delay_treatment": "delay_treatment"}, {"pod": "astronomy-shop-recommendationservice-7b9564b48f-s8x9k", "timestamp": 1737548046.46, "sum(rate(container_cpu_usage_seconds_total{namespace=\"system-under-evaluation\", pod=~\"astronomy-shop-recommendationservice.*\"}[90s])) by (pod)": 0.20698865015320927, "recommendation_deployment_CPU": 0.20698865015320927, "kubernetes_prometheus_rules": "kubernetes_prometheus_rules", "add_security_context": "add_security_context", "delay_treatment": "delay_treatment"}, {"pod": "astronomy-shop-recommendationservice-7b9564b48f-s8x9k", "timestamp": 1737548047.46, "sum(rate(container_cpu_usage_seconds_total{namespace=\"system-under-evaluation\", pod=~\"astronomy-shop-recommendationservice.*\"}[90s])) by (pod)": 0.2020926724107734, "recommendation_deployment_CPU": 0.2020926724107734, "kubernetes_prometheus_rules": "kubernetes_prometheus_rules", "add_security_context": "add_security_context", "delay_treatment": "delay_treatment"}, {"pod": "astronomy-shop-recommendationservice-7b9564b48f-s8x9k", "timestamp": 1737548048.46, "sum(rate(container_cpu_usage_seconds_total{namespace=\"system-under-evaluation\", pod=~\"astronomy-shop-recommendationservice.*\"}[90s])) by (pod)": 0.2008464213113137, "recommendation_deployment_CPU": 0.2008464213113137, "kubernetes_prometheus_rules": "kubernetes_prometheus_rules", "add_security_context": "add_security_context", "delay_treatment": "delay_treatment"}, {"pod": "astronomy-shop-recommendationservice-7b9564b48f-s8x9k", "timestamp": 1737548049.46, "sum(rate(container_cpu_usage_seconds_total{namespace=\"system-under-evaluation\", pod=~\"astronomy-shop-recommendationservice.*\"}[90s])) by (pod)": 0.199600170211854, "recommendation_deployment_CPU": 0.199600170211854, "kubernetes_prometheus_rules": "kubernetes_prometheus_rules", "add_security_context": "add_security_context", "delay_treatment": "delay_treatment"}, {"pod": "astronomy-shop-recommendationservice-7b9564b48f-s8x9k", "timestamp": 1737548050.46, "sum(rate(container_cpu_usage_seconds_total{namespace=\"system-under-evaluation\", pod=~\"astronomy-shop-recommendationservice.*\"}[90s])) by (pod)": 0.1983539191123943, "recommendation_deployment_CPU": 0.1983539191123943, "kubernetes_prometheus_rules": "kubernetes_prometheus_rules", "add_security_context": "add_security_context", "delay_treatment": "delay_treatment"}, {"pod": "astronomy-shop-recommendationservice-7b9564b48f-s8x9k", "timestamp": 1737548051.46, "sum(rate(container_cpu_usage_seconds_total{namespace=\"system-under-evaluation\", pod=~\"astronomy-shop-recommendationservice.*\"}[90s])) by (pod)": 0.21854401190937744, "recommendation_deployment_CPU": 0.21854401190937744, "kubernetes_prometheus_rules": "kubernetes_prometheus_rules", "add_security_context": "add_security_context", "delay_treatment": "delay_treatment"}, {"pod": "astronomy-shop-recommendationservice-7b9564b48f-s8x9k", "timestamp": 1737548052.46, "sum(rate(container_cpu_usage_seconds_total{namespace=\"system-under-evaluation\", pod=~\"astronomy-shop-recommendationservice.*\"}[90s])) by (pod)": 0.21854401190937744, "recommendation_deployment_CPU": 0.21854401190937744, "kubernetes_prometheus_rules": "kubernetes_prometheus_rules", "add_security_context": "add_security_context", "delay_treatment": "delay_treatment"}, {"pod": "astronomy-shop-recommendationservice-7b9564b48f-s8x9k", "timestamp": 1737548053.46, "sum(rate(container_cpu_usage_seconds_total{namespace=\"system-under-evaluation\", pod=~\"astronomy-shop-recommendationservice.*\"}[90s])) by (pod)": 0.2168592640671147, "recommendation_deployment_CPU": 0.2168592640671147, "kubernetes_prometheus_rules": "kubernetes_prometheus_rules", "add_security_context": "add_security_context", "delay_treatment": "delay_treatment"}, {"pod": "astronomy-shop-recommendationservice-7b9564b48f-s8x9k", "timestamp": 1737548054.46, "sum(rate(container_cpu_usage_seconds_total{namespace=\"system-under-evaluation\", pod=~\"astronomy-shop-recommendationservice.*\"}[90s])) by (pod)": 0.2168592640671147, "recommendation_deployment_CPU": 0.2168592640671147, "kubernetes_prometheus_rules": "kubernetes_prometheus_rules", "add_security_context": "add_security_context", "delay_treatment": "delay_treatment"}, {"pod": "astronomy-shop-recommendationservice-7b9564b48f-s8x9k", "timestamp": 1737548055.46, "sum(rate(container_cpu_usage_seconds_total{namespace=\"system-under-evaluation\", pod=~\"astronomy-shop-recommendationservice.*\"}[90s])) by (pod)": 0.2168592640671147, "recommendation_deployment_CPU": 0.2168592640671147, "kubernetes_prometheus_rules": "kubernetes_prometheus_rules", "add_security_context": "add_security_context", "delay_treatment": "delay_treatment"}, {"pod": "astronomy-shop-recommendationservice-7b9564b48f-s8x9k", "timestamp": 1737548056.46, "sum(rate(container_cpu_usage_seconds_total{namespace=\"system-under-evaluation\", pod=~\"astronomy-shop-recommendationservice.*\"}[90s])) by (pod)": 0.2168592640671147, "recommendation_deployment_CPU": 0.2168592640671147, "kubernetes_prometheus_rules": "kubernetes_prometheus_rules", "add_security_context": "add_security_context", "delay_treatment": "delay_treatment"}, {"pod": "astronomy-shop-recommendationservice-7b9564b48f-s8x9k", "timestamp": 1737548057.46, "sum(rate(container_cpu_usage_seconds_total{namespace=\"system-under-evaluation\", pod=~\"astronomy-shop-recommendationservice.*\"}[90s])) by (pod)": 0.2168592640671147, "recommendation_deployment_CPU": 0.2168592640671147, "kubernetes_prometheus_rules": "kubernetes_prometheus_rules", "add_security_context": "add_security_context", "delay_treatment": "delay_treatment"}, {"pod": "astronomy-shop-recommendationservice-7b9564b48f-s8x9k", "timestamp": 1737548058.46, "sum(rate(container_cpu_usage_seconds_total{namespace=\"system-under-evaluation\", pod=~\"astronomy-shop-recommendationservice.*\"}[90s])) by (pod)": 0.2168592640671147, "recommendation_deployment_CPU": 0.2168592640671147, "kubernetes_prometheus_rules": "kubernetes_prometheus_rules", "add_security_context": "add_security_context", "delay_treatment": "delay_treatment"}, {"pod": "astronomy-shop-recommendationservice-7b9564b48f-s8x9k", "timestamp": 1737548059.46, "sum(rate(container_cpu_usage_seconds_total{namespace=\"system-under-evaluation\", pod=~\"astronomy-shop-recommendationservice.*\"}[90s])) by (pod)": 0.2168592640671147, "recommendation_deployment_CPU": 0.2168592640671147, "kubernetes_prometheus_rules": "kubernetes_prometheus_rules", "add_security_context": "add_security_context", "delay_treatment": "delay_treatment"}, {"pod": "astronomy-shop-recommendationservice-7b9564b48f-s8x9k", "timestamp": 1737548060.46, "sum(rate(container_cpu_usage_seconds_total{namespace=\"system-under-evaluation\", pod=~\"astronomy-shop-recommendationservice.*\"}[90s])) by (pod)": 0.2168592640671147, "recommendation_deployment_CPU": 0.2168592640671147, "kubernetes_prometheus_rules": "kubernetes_prometheus_rules", "add_security_context": "add_security_context", "delay_treatment": "delay_treatment"}, {"pod": "astronomy-shop-recommendationservice-7b9564b48f-s8x9k", "timestamp": 1737548061.46, "sum(rate(container_cpu_usage_seconds_total{namespace=\"system-under-evaluation\", pod=~\"astronomy-shop-recommendationservice.*\"}[90s])) by (pod)": 0.19437050059910332, "recommendation_deployment_CPU": 0.19437050059910332, "kubernetes_prometheus_rules": "kubernetes_prometheus_rules", "add_security_context": "add_security_context", "delay_treatment": "delay_treatment"}, {"pod": "astronomy-shop-recommendationservice-7b9564b48f-s8x9k", "timestamp": 1737548062.46, "sum(rate(container_cpu_usage_seconds_total{namespace=\"system-under-evaluation\", pod=~\"astronomy-shop-recommendationservice.*\"}[90s])) by (pod)": 0.2129917759034051, "recommendation_deployment_CPU": 0.2129917759034051, "kubernetes_prometheus_rules": "kubernetes_prometheus_rules", "add_security_context": "add_security_context", "delay_treatment": "delay_treatment"}, {"pod": "astronomy-shop-recommendationservice-7b9564b48f-s8x9k", "timestamp": 1737548063.46, "sum(rate(container_cpu_usage_seconds_total{namespace=\"system-under-evaluation\", pod=~\"astronomy-shop-recommendationservice.*\"}[90s])) by (pod)": 0.2129917759034051, "recommendation_deployment_CPU": 0.2129917759034051, "kubernetes_prometheus_rules": "kubernetes_prometheus_rules", "add_security_context": "add_security_context", "delay_treatment": "delay_treatment"}, {"pod": "astronomy-shop-recommendationservice-7b9564b48f-s8x9k", "timestamp": 1737548064.46, "sum(rate(container_cpu_usage_seconds_total{namespace=\"system-under-evaluation\", pod=~\"astronomy-shop-recommendationservice.*\"}[90s])) by (pod)": 0.2129917759034051, "recommendation_deployment_CPU": 0.2129917759034051, "kubernetes_prometheus_rules": "kubernetes_prometheus_rules", "add_security_context": "add_security_context", "delay_treatment": "delay_treatment"}, {"pod": "astronomy-shop-recommendationservice-7b9564b48f-s8x9k", "timestamp": 1737548065.46, "sum(rate(container_cpu_usage_seconds_total{namespace=\"system-under-evaluation\", pod=~\"astronomy-shop-recommendationservice.*\"}[90s])) by (pod)": 0.2129917759034051, "recommendation_deployment_CPU": 0.2129917759034051, "kubernetes_prometheus_rules": "kubernetes_prometheus_rules", "add_security_context": "add_security_context", "delay_treatment": "delay_treatment"}, {"pod": "astronomy-shop-recommendationservice-7b9564b48f-s8x9k", "timestamp": 1737548066.46, "sum(rate(container_cpu_usage_seconds_total{namespace=\"system-under-evaluation\", pod=~\"astronomy-shop-recommendationservice.*\"}[90s])) by (pod)": 0.2129917759034051, "recommendation_deployment_CPU": 0.2129917759034051, "kubernetes_prometheus_rules": "kubernetes_prometheus_rules", "add_security_context": "add_security_context", "delay_treatment": "delay_treatment"}, {"pod": "astronomy-shop-recommendationservice-7b9564b48f-s8x9k", "timestamp": 1737548067.46, "sum(rate(container_cpu_usage_seconds_total{namespace=\"system-under-evaluation\", pod=~\"astronomy-shop-recommendationservice.*\"}[90s])) by (pod)": 0.2129917759034051, "recommendation_deployment_CPU": 0.2129917759034051, "kubernetes_prometheus_rules": "kubernetes_prometheus_rules", "add_security_context": "add_security_context", "delay_treatment": "delay_treatment"}, {"pod": "astronomy-shop-recommendationservice-7b9564b48f-s8x9k", "timestamp": 1737548068.46, "sum(rate(container_cpu_usage_seconds_total{namespace=\"system-under-evaluation\", pod=~\"astronomy-shop-recommendationservice.*\"}[90s])) by (pod)": 0.2129917759034051, "recommendation_deployment_CPU": 0.2129917759034051, "kubernetes_prometheus_rules": "kubernetes_prometheus_rules", "add_security_context": "add_security_context", "delay_treatment": "delay_treatment"}, {"pod": "astronomy-shop-recommendationservice-7b9564b48f-s8x9k", "timestamp": 1737548069.46, "sum(rate(container_cpu_usage_seconds_total{namespace=\"system-under-evaluation\", pod=~\"astronomy-shop-recommendationservice.*\"}[90s])) by (pod)": 0.2129917759034051, "recommendation_deployment_CPU": 0.2129917759034051, "kubernetes_prometheus_rules": "kubernetes_prometheus_rules", "add_security_context": "add_security_context", "delay_treatment": "delay_treatment"}, {"pod": "astronomy-shop-recommendationservice-7b9564b48f-s8x9k", "timestamp": 1737548070.46, "sum(rate(container_cpu_usage_seconds_total{namespace=\"system-under-evaluation\", pod=~\"astronomy-shop-recommendationservice.*\"}[90s])) by (pod)": 0.2129917759034051, "recommendation_deployment_CPU": 0.2129917759034051, "kubernetes_prometheus_rules": "kubernetes_prometheus_rules", "add_security_context": "add_security_context", "delay_treatment": "delay_treatment"}, {"pod": "astronomy-shop-recommendationservice-7b9564b48f-s8x9k", "timestamp": 1737548071.46, "sum(rate(container_cpu_usage_seconds_total{namespace=\"system-under-evaluation\", pod=~\"astronomy-shop-recommendationservice.*\"}[90s])) by (pod)": 0.2129917759034051, "recommendation_deployment_CPU": 0.2129917759034051, "kubernetes_prometheus_rules": "kubernetes_prometheus_rules", "add_security_context": "add_security_context", "delay_treatment": "delay_treatment"}, {"pod": "astronomy-shop-recommendationservice-7b9564b48f-s8x9k", "timestamp": 1737548072.46, "sum(rate(container_cpu_usage_seconds_total{namespace=\"system-under-evaluation\", pod=~\"astronomy-shop-recommendationservice.*\"}[90s])) by (pod)": 0.2129917759034051, "recommendation_deployment_CPU": 0.2129917759034051, "kubernetes_prometheus_rules": "kubernetes_prometheus_rules", "add_security_context": "add_security_context", "delay_treatment": "delay_treatment"}, {"pod": "astronomy-shop-recommendationservice-7b9564b48f-s8x9k", "timestamp": 1737548073.46, "sum(rate(container_cpu_usage_seconds_total{namespace=\"system-under-evaluation\", pod=~\"astronomy-shop-recommendationservice.*\"}[90s])) by (pod)": 0.2129917759034051, "recommendation_deployment_CPU": 0.2129917759034051, "kubernetes_prometheus_rules": "kubernetes_prometheus_rules", "add_security_context": "add_security_context", "delay_treatment": "delay_treatment"}, {"pod": "astronomy-shop-recommendationservice-7b9564b48f-s8x9k", "timestamp": 1737548074.46, "sum(rate(container_cpu_usage_seconds_total{namespace=\"system-under-evaluation\", pod=~\"astronomy-shop-recommendationservice.*\"}[90s])) by (pod)": 0.2129917759034051, "recommendation_deployment_CPU": 0.2129917759034051, "kubernetes_prometheus_rules": "NoTreatment", "add_security_context": "NoTreatment", "delay_treatment": "NoTreatment"}, {"pod": "astronomy-shop-recommendationservice-7b9564b48f-s8x9k", "timestamp": 1737548075.46, "sum(rate(container_cpu_usage_seconds_total{namespace=\"system-under-evaluation\", pod=~\"astronomy-shop-recommendationservice.*\"}[90s])) by (pod)": 0.2129917759034051, "recommendation_deployment_CPU": 0.2129917759034051, "kubernetes_prometheus_rules": "NoTreatment", "add_security_context": "NoTreatment", "delay_treatment": "NoTreatment"}, {"pod": "astronomy-shop-recommendationservice-7b9564b48f-s8x9k", "timestamp": 1737548076.46, "sum(rate(container_cpu_usage_seconds_total{namespace=\"system-under-evaluation\", pod=~\"astronomy-shop-recommendationservice.*\"}[90s])) by (pod)": 0.2129917759034051, "recommendation_deployment_CPU": 0.2129917759034051, "kubernetes_prometheus_rules": "NoTreatment", "add_security_context": "NoTreatment", "delay_treatment": "NoTreatment"}, {"pod": "astronomy-shop-recommendationservice-7b9564b48f-s8x9k", "timestamp": 1737548077.46, "sum(rate(container_cpu_usage_seconds_total{namespace=\"system-under-evaluation\", pod=~\"astronomy-shop-recommendationservice.*\"}[90s])) by (pod)": 0.2129917759034051, "recommendation_deployment_CPU": 0.2129917759034051, "kubernetes_prometheus_rules": "NoTreatment", "add_security_context": "NoTreatment", "delay_treatment": "NoTreatment"}, {"pod": "astronomy-shop-recommendationservice-7b9564b48f-s8x9k", "timestamp": 1737548078.46, "sum(rate(container_cpu_usage_seconds_total{namespace=\"system-under-evaluation\", pod=~\"astronomy-shop-recommendationservice.*\"}[90s])) by (pod)": 0.2129917759034051, "recommendation_deployment_CPU": 0.2129917759034051, "kubernetes_prometheus_rules": "NoTreatment", "add_security_context": "NoTreatment", "delay_treatment": "NoTreatment"}, {"pod": "astronomy-shop-recommendationservice-7b9564b48f-s8x9k", "timestamp": 1737548079.46, "sum(rate(container_cpu_usage_seconds_total{namespace=\"system-under-evaluation\", pod=~\"astronomy-shop-recommendationservice.*\"}[90s])) by (pod)": 0.19469047877351137, "recommendation_deployment_CPU": 0.19469047877351137, "kubernetes_prometheus_rules": "NoTreatment", "add_security_context": "NoTreatment", "delay_treatment": "NoTreatment"}, {"pod": "astronomy-shop-recommendationservice-7b9564b48f-s8x9k", "timestamp": 1737548080.46, "sum(rate(container_cpu_usage_seconds_total{namespace=\"system-under-evaluation\", pod=~\"astronomy-shop-recommendationservice.*\"}[90s])) by (pod)": 0.19352692177566388, "recommendation_deployment_CPU": 0.19352692177566388, "kubernetes_prometheus_rules": "NoTreatment", "add_security_context": "NoTreatment", "delay_treatment": "NoTreatment"}, {"pod": "astronomy-shop-recommendationservice-7b9564b48f-s8x9k", "timestamp": 1737548081.46, "sum(rate(container_cpu_usage_seconds_total{namespace=\"system-under-evaluation\", pod=~\"astronomy-shop-recommendationservice.*\"}[90s])) by (pod)": 0.1904716778504713, "recommendation_deployment_CPU": 0.1904716778504713, "kubernetes_prometheus_rules": "NoTreatment", "add_security_context": "NoTreatment", "delay_treatment": "NoTreatment"}, {"pod": "astronomy-shop-recommendationservice-7b9564b48f-s8x9k", "timestamp": 1737548082.46, "sum(rate(container_cpu_usage_seconds_total{namespace=\"system-under-evaluation\", pod=~\"astronomy-shop-recommendationservice.*\"}[90s])) by (pod)": 0.1893081208526238, "recommendation_deployment_CPU": 0.1893081208526238, "kubernetes_prometheus_rules": "NoTreatment", "add_security_context": "NoTreatment", "delay_treatment": "NoTreatment"}, {"pod": "astronomy-shop-recommendationservice-7b9564b48f-s8x9k", "timestamp": 1737548083.46, "sum(rate(container_cpu_usage_seconds_total{namespace=\"system-under-evaluation\", pod=~\"astronomy-shop-recommendationservice.*\"}[90s])) by (pod)": 0.1881445638547763, "recommendation_deployment_CPU": 0.1881445638547763, "kubernetes_prometheus_rules": "NoTreatment", "add_security_context": "NoTreatment", "delay_treatment": "NoTreatment"}]