[{"index": 0, "trace_id": "faa087d034b4b4433a7c513db922395f", "span_id": "4cdcb17d34034f1f", "operation": "orders receive", "start_time": 1737548331446453, "end_time": 1737548331484794, "duration": 38341, "service_name": "accountingservice", "span_kind": "consumer", "req_status_code": "N/A", "ref_type": "FOLLOWS_FROM", "ref_type_span_ID": "bcdb20ac11537c05", "ref_type_trace_ID": "b475eac4c76d3ab85194b4ae2194e275", "kubernetes_prometheus_rules": "kubernetes_prometheus_rules", "add_security_context": "add_security_context", "delay_treatment": "delay_treatment"}, {"index": 0, "trace_id": "1f1789c022edea3fecfa5c5a4a0c1da2", "span_id": "07bed5d5b9fb2fc5", "operation": "orders receive", "start_time": 1737548315104153, "end_time": 1737548315178432, "duration": 74279, "service_name": "accountingservice", "span_kind": "consumer", "req_status_code": "N/A", "ref_type": "FOLLOWS_FROM", "ref_type_span_ID": "72b14335722ce292", "ref_type_trace_ID": "6f5653198c9703f2a730ed8426999dea", "kubernetes_prometheus_rules": "kubernetes_prometheus_rules", "add_security_context": "add_security_context", "delay_treatment": "delay_treatment"}, {"index": 0, "trace_id": "1d34c7385463c1c1aa326b99e4517ea9", "span_id": "9a62e45f9c3cd15d", "operation": "orders receive", "start_time": 1737548403370651, "end_time": 1737548403391597, "duration": 20946, "service_name": "accountingservice", "span_kind": "consumer", "req_status_code": "N/A", "ref_type": "FOLLOWS_FROM", "ref_type_span_ID": "f9c33d0a1f7d93f1", "ref_type_trace_ID": "a1fc98553bacde5d318b4f3d845f0ddd", "kubernetes_prometheus_rules": "kubernetes_prometheus_rules", "add_security_context": "add_security_context", "delay_treatment": "delay_treatment"}, {"index": 0, "trace_id": "c6e5d761a788755cc76c956504691735", "span_id": "10f84d473c303edd", "operation": "orders receive", "start_time": 1737548282842911, "end_time": 1737548282926686, "duration": 83775, "service_name": "accountingservice", "span_kind": "consumer", "req_status_code": "N/A", "ref_type": "FOLLOWS_FROM", "ref_type_span_ID": "8790d8676a5a0997", "ref_type_trace_ID": "1e17d0b02f094729ea935a1e8c634376", "kubernetes_prometheus_rules": "kubernetes_prometheus_rules", "add_security_context": "add_security_context", "delay_treatment": "delay_treatment"}, {"index": 0, "trace_id": "0567e3e90b8f9dc66bf7e65e97b2d7bf", "span_id": "fe1b30117d5ffe32", "operation": "orders receive", "start_time": 1737548356991986, "end_time": 1737548357027847, "duration": 35861, "service_name": "accountingservice", "span_kind": "consumer", "req_status_code": "N/A", "ref_type": "FOLLOWS_FROM", "ref_type_span_ID": "6cddbc0b954b0685", "ref_type_trace_ID": "4e5b889418175669b6f47f2f63b380cf", "kubernetes_prometheus_rules": "kubernetes_prometheus_rules", "add_security_context": "add_security_context", "delay_treatment": "delay_treatment"}, {"index": 0, "trace_id": "94b38e9ff4d5f753300df8345c06dff8", "span_id": "aa8872e9e4ca5106", "operation": "orders receive", "start_time": 1737548285389424, "end_time": 1737548285419954, "duration": 30530, "service_name": "accountingservice", "span_kind": "consumer", "req_status_code": "N/A", "ref_type": "FOLLOWS_FROM", "ref_type_span_ID": "bac97d1bc9701b1d", "ref_type_trace_ID": "694d6ce1aa18aeb5ca7451e5f96a0dca", "kubernetes_prometheus_rules": "kubernetes_prometheus_rules", "add_security_context": "add_security_context", "delay_treatment": "delay_treatment"}, {"index": 0, "trace_id": "edc50ae16ca12c91c7a74dc7055c9bdb", "span_id": "0c8edbd2d5af562c", "operation": "orders receive", "start_time": 1737548377243252, "end_time": 1737548377311545, "duration": 68293, "service_name": "accountingservice", "span_kind": "consumer", "req_status_code": "N/A", "ref_type": "FOLLOWS_FROM", "ref_type_span_ID": "4cfcc8adda95859c", "ref_type_trace_ID": "0231c35a2888e2b763fafde584ca47bf", "kubernetes_prometheus_rules": "kubernetes_prometheus_rules", "add_security_context": "add_security_context", "delay_treatment": "delay_treatment"}, {"index": 0, "trace_id": "e796c094a91487a0fc6cd6a20d366e45", "span_id": "6a7015943fc56bc2", "operation": "orders receive", "start_time": 1737548379954176, "end_time": 1737548379986145, "duration": 31969, "service_name": "accountingservice", "span_kind": "consumer", "req_status_code": "N/A", "ref_type": "FOLLOWS_FROM", "ref_type_span_ID": "85c74150411c9f05", "ref_type_trace_ID": "df51d079dc4b1cc5441640bd98b51e4c", "kubernetes_prometheus_rules": "kubernetes_prometheus_rules", "add_security_context": "add_security_context", "delay_treatment": "delay_treatment"}, {"index": 0, "trace_id": "83e2ee4f089eecdaab990e01dc472d8c", "span_id": "4cb2d469a3801750", "operation": "orders receive", "start_time": 1737548304601275, "end_time": 1737548304605352, "duration": 4077, "service_name": "accountingservice", "span_kind": "consumer", "req_status_code": "N/A", "ref_type": "FOLLOWS_FROM", "ref_type_span_ID": "e24580999336fa1e", "ref_type_trace_ID": "03e8677bdb1bd112223eb34d047966ed", "kubernetes_prometheus_rules": "kubernetes_prometheus_rules", "add_security_context": "add_security_context", "delay_treatment": "delay_treatment"}, {"index": 0, "trace_id": "6cd9c0f7e25ff05d210dabdcc0b3993f", "span_id": "8b61fe0a262dc4de", "operation": "orders receive", "start_time": 1737548345153926, "end_time": 1737548345190859, "duration": 36933, "service_name": "accountingservice", "span_kind": "consumer", "req_status_code": "N/A", "ref_type": "FOLLOWS_FROM", "ref_type_span_ID": "8e96951ec3609196", "ref_type_trace_ID": "5a9d04d9409253c0ec1e7e6692e19421", "kubernetes_prometheus_rules": "kubernetes_prometheus_rules", "add_security_context": "add_security_context", "delay_treatment": "delay_treatment"}, {"index": 0, "trace_id": "ec0a6745d90e8e5fb7aba23aa532ca13", "span_id": "9f617748ff67720d", "operation": "orders receive", "start_time": 1737548274987929, "end_time": 1737548275028319, "duration": 40390, "service_name": "accountingservice", "span_kind": "consumer", "req_status_code": "N/A", "ref_type": "FOLLOWS_FROM", "ref_type_span_ID": "d73047fb57ae950b", "ref_type_trace_ID": "5bfe76876621eb7b17a5b78b48ed6ecf", "kubernetes_prometheus_rules": "kubernetes_prometheus_rules", "add_security_context": "add_security_context", "delay_treatment": "delay_treatment"}, {"index": 0, "trace_id": "cdd12bd1cf02754b0eb2c44a8b640aef", "span_id": "6680d57f2f26f3fd", "operation": "orders receive", "start_time": 1737548395557204, "end_time": 1737548395566865, "duration": 9661, "service_name": "accountingservice", "span_kind": "consumer", "req_status_code": "N/A", "ref_type": "FOLLOWS_FROM", "ref_type_span_ID": "fb85891daa787cfd", "ref_type_trace_ID": "a8a68f1fe34870c32a4f340e3330c846", "kubernetes_prometheus_rules": "kubernetes_prometheus_rules", "add_security_context": "add_security_context", "delay_treatment": "delay_treatment"}, {"index": 0, "trace_id": "2b8288fa8dc1f052cc4acd4da4132aec", "span_id": "4c7a962e04e8b185", "operation": "orders receive", "start_time": 1737548372913478, "end_time": 1737548372917382, "duration": 3904, "service_name": "accountingservice", "span_kind": "consumer", "req_status_code": "N/A", "ref_type": "FOLLOWS_FROM", "ref_type_span_ID": "f6b6fe67e95124ce", "ref_type_trace_ID": "8e7e65a8cfbe053b15e594aedca4f348", "kubernetes_prometheus_rules": "kubernetes_prometheus_rules", "add_security_context": "add_security_context", "delay_treatment": "delay_treatment"}, {"index": 0, "trace_id": "14943f5a5647cece4456d40eae729c29", "span_id": "468e7cc58a7ef977", "operation": "orders receive", "start_time": 1737548258506376, "end_time": 1737548258534284, "duration": 27908, "service_name": "accountingservice", "span_kind": "consumer", "req_status_code": "N/A", "ref_type": "FOLLOWS_FROM", "ref_type_span_ID": "48653f688e62d014", "ref_type_trace_ID": "2e03077284d347e5e0a846a311935f28", "kubernetes_prometheus_rules": "kubernetes_prometheus_rules", "add_security_context": "add_security_context", "delay_treatment": "delay_treatment"}, {"index": 0, "trace_id": "33cb584e0aa160cd799baa58870ec9a2", "span_id": "14ba7dca59b81ec3", "operation": "orders receive", "start_time": 1737548342854593, "end_time": 1737548342867398, "duration": 12805, "service_name": "accountingservice", "span_kind": "consumer", "req_status_code": "N/A", "ref_type": "FOLLOWS_FROM", "ref_type_span_ID": "ad59743dea4db465", "ref_type_trace_ID": "f8de3431245b4d5224da4837f9ca0008", "kubernetes_prometheus_rules": "kubernetes_prometheus_rules", "add_security_context": "add_security_context", "delay_treatment": "delay_treatment"}, {"index": 0, "trace_id": "093113981a8f90f662f81e7c55f3fa68", "span_id": "bfd46bc650c9740b", "operation": "orders receive", "start_time": 1737548382014123, "end_time": 1737548382046335, "duration": 32212, "service_name": "accountingservice", "span_kind": "consumer", "req_status_code": "N/A", "ref_type": "FOLLOWS_FROM", "ref_type_span_ID": "40f6142efe911282", "ref_type_trace_ID": "39ca53d0443ccf708aad2807f19187df", "kubernetes_prometheus_rules": "kubernetes_prometheus_rules", "add_security_context": "add_security_context", "delay_treatment": "delay_treatment"}, {"index": 0, "trace_id": "d24652320d9e027fd3020b2a803dbd38", "span_id": "b6a54840cbef332a", "operation": "orders receive", "start_time": 1737548341966324, "end_time": 1737548341968407, "duration": 2083, "service_name": "accountingservice", "span_kind": "consumer", "req_status_code": "N/A", "ref_type": "FOLLOWS_FROM", "ref_type_span_ID": "549249775cf5a130", "ref_type_trace_ID": "d5b0862327bbee5f139bd5640b22bbb5", "kubernetes_prometheus_rules": "kubernetes_prometheus_rules", "add_security_context": "add_security_context", "delay_treatment": "delay_treatment"}, {"index": 0, "trace_id": "90215bb3d48b6308b98c54993b13dcca", "span_id": "734fd196f6ba65bb", "operation": "orders receive", "start_time": 1737548420871397, "end_time": 1737548420873792, "duration": 2395, "service_name": "accountingservice", "span_kind": "consumer", "req_status_code": "N/A", "ref_type": "FOLLOWS_FROM", "ref_type_span_ID": "b0bed77856a1609b", "ref_type_trace_ID": "d775d8773bc976bbdb9d778d32f464a6", "kubernetes_prometheus_rules": "kubernetes_prometheus_rules", "add_security_context": "add_security_context", "delay_treatment": "delay_treatment"}, {"index": 0, "trace_id": "6985dd831ea2250758c82e42b06e3826", "span_id": "64ad3523e12966c2", "operation": "orders receive", "start_time": 1737548359327592, "end_time": 1737548359376346, "duration": 48754, "service_name": "accountingservice", "span_kind": "consumer", "req_status_code": "N/A", "ref_type": "FOLLOWS_FROM", "ref_type_span_ID": "84cccb3367faacd3", "ref_type_trace_ID": "3efbb519aaa2f1c7b35d8f17a861243b", "kubernetes_prometheus_rules": "kubernetes_prometheus_rules", "add_security_context": "add_security_context", "delay_treatment": "delay_treatment"}, {"index": 0, "trace_id": "ea28cb923cc72e2fecef28c6d438e0a3", "span_id": "392d081f09594b7f", "operation": "orders receive", "start_time": 1737548431552241, "end_time": 1737548431581946, "duration": 29705, "service_name": "accountingservice", "span_kind": "consumer", "req_status_code": "N/A", "ref_type": "FOLLOWS_FROM", "ref_type_span_ID": "050337e4abe26c00", "ref_type_trace_ID": "f543c65737191a2abcaf82123d6ce091", "kubernetes_prometheus_rules": "NoTreatment", "add_security_context": "NoTreatment", "delay_treatment": "NoTreatment"}, {"index": 0, "trace_id": "9fb692c2f61308269c5e23366b615f21", "span_id": "cc06104ef7da0a60", "operation": "orders receive", "start_time": 1737548372780512, "end_time": 1737548372847334, "duration": 66822, "service_name": "accountingservice", "span_kind": "consumer", "req_status_code": "N/A", "ref_type": "FOLLOWS_FROM", "ref_type_span_ID": "d223cdeac40fcf2d", "ref_type_trace_ID": "1b668fb404779da00fb2e2830f84d789", "kubernetes_prometheus_rules": "kubernetes_prometheus_rules", "add_security_context": "add_security_context", "delay_treatment": "delay_treatment"}, {"index": 0, "trace_id": "18e88163a89af9ffbf5953cb515d295d", "span_id": "d690728fb57c3a18", "operation": "orders receive", "start_time": 1737548269837641, "end_time": 1737548269869230, "duration": 31589, "service_name": "accountingservice", "span_kind": "consumer", "req_status_code": "N/A", "ref_type": "FOLLOWS_FROM", "ref_type_span_ID": "59d4fbaef2bef168", "ref_type_trace_ID": "6acd5f3336f225b808abcf864f985ec8", "kubernetes_prometheus_rules": "kubernetes_prometheus_rules", "add_security_context": "add_security_context", "delay_treatment": "delay_treatment"}, {"index": 0, "trace_id": "566817c9e320c01b27604e5b8be93ffe", "span_id": "e1f23f4ca324fecd", "operation": "orders receive", "start_time": 1737548382871716, "end_time": 1737548382874586, "duration": 2870, "service_name": "accountingservice", "span_kind": "consumer", "req_status_code": "N/A", "ref_type": "FOLLOWS_FROM", "ref_type_span_ID": "cbb030fff746c35b", "ref_type_trace_ID": "afcb04721e098aba849cbd55060fb8c8", "kubernetes_prometheus_rules": "kubernetes_prometheus_rules", "add_security_context": "add_security_context", "delay_treatment": "delay_treatment"}, {"index": 0, "trace_id": "e873addfd31f4d6ca857a363f04d6d94", "span_id": "ec7c64421df7f3f0", "operation": "orders receive", "start_time": 1737548386607898, "end_time": 1737548386659935, "duration": 52037, "service_name": "accountingservice", "span_kind": "consumer", "req_status_code": "N/A", "ref_type": "FOLLOWS_FROM", "ref_type_span_ID": "955d49f9a213e418", "ref_type_trace_ID": "231340bd213d7489f6269b2083c7794f", "kubernetes_prometheus_rules": "kubernetes_prometheus_rules", "add_security_context": "add_security_context", "delay_treatment": "delay_treatment"}, {"index": 0, "trace_id": "86ac96ec65c9d060eb97f08392951c1a", "span_id": "a1dccd04cc2d51cb", "operation": "orders receive", "start_time": 1737548305920398, "end_time": 1737548305954704, "duration": 34306, "service_name": "accountingservice", "span_kind": "consumer", "req_status_code": "N/A", "ref_type": "FOLLOWS_FROM", "ref_type_span_ID": "95afd2de9e250ad0", "ref_type_trace_ID": "3bfffefe46da5e072da979fe94c34fdf", "kubernetes_prometheus_rules": "kubernetes_prometheus_rules", "add_security_context": "add_security_context", "delay_treatment": "delay_treatment"}, {"index": 0, "trace_id": "f14b37bde1b2325dae4791a767763811", "span_id": "1b6b481665be4e4f", "operation": "orders receive", "start_time": 1737548374423312, "end_time": 1737548374448933, "duration": 25621, "service_name": "accountingservice", "span_kind": "consumer", "req_status_code": "N/A", "ref_type": "FOLLOWS_FROM", "ref_type_span_ID": "64200178fd6034b9", "ref_type_trace_ID": "b36ab3d2aef05e9b1419a15b8fca2846", "kubernetes_prometheus_rules": "kubernetes_prometheus_rules", "add_security_context": "add_security_context", "delay_treatment": "delay_treatment"}, {"index": 0, "trace_id": "cb5dd9d8e184ca39e1fb7c4253582048", "span_id": "8ccc239a8bb6456c", "operation": "orders receive", "start_time": 1737548374551387, "end_time": 1737548374638526, "duration": 87139, "service_name": "accountingservice", "span_kind": "consumer", "req_status_code": "N/A", "ref_type": "FOLLOWS_FROM", "ref_type_span_ID": "1068fd61d9c934a7", "ref_type_trace_ID": "c1f175cf6b7f1057c942743779adfc56", "kubernetes_prometheus_rules": "kubernetes_prometheus_rules", "add_security_context": "add_security_context", "delay_treatment": "delay_treatment"}, {"index": 0, "trace_id": "09a558b332b5e6f5412830fcf6a57ca4", "span_id": "a9cedc1db4a8bca0", "operation": "orders receive", "start_time": 1737548370887229, "end_time": 1737548370925426, "duration": 38197, "service_name": "accountingservice", "span_kind": "consumer", "req_status_code": "N/A", "ref_type": "FOLLOWS_FROM", "ref_type_span_ID": "ab3c96c9fd51d232", "ref_type_trace_ID": "7129a1adbd37a7981b50b5e597382d1d", "kubernetes_prometheus_rules": "kubernetes_prometheus_rules", "add_security_context": "add_security_context", "delay_treatment": "delay_treatment"}, {"index": 0, "trace_id": "b0a74b4d71ee4a2d6ed6d49f99b610f7", "span_id": "75366a8179a3d741", "operation": "orders receive", "start_time": 1737548288326690, "end_time": 1737548288404070, "duration": 77380, "service_name": "accountingservice", "span_kind": "consumer", "req_status_code": "N/A", "ref_type": "FOLLOWS_FROM", "ref_type_span_ID": "01791957cf431a7d", "ref_type_trace_ID": "25c91a5c301d2614235b026a26d446b1", "kubernetes_prometheus_rules": "kubernetes_prometheus_rules", "add_security_context": "add_security_context", "delay_treatment": "delay_treatment"}, {"index": 0, "trace_id": "6c2fcac30542747b65e5616873a9a1b0", "span_id": "13c635f92471db01", "operation": "orders receive", "start_time": 1737548350291379, "end_time": 1737548350323766, "duration": 32387, "service_name": "accountingservice", "span_kind": "consumer", "req_status_code": "N/A", "ref_type": "FOLLOWS_FROM", "ref_type_span_ID": "96e55f9f916c2c92", "ref_type_trace_ID": "ef32d4a4148c008388dd993c8af8dc92", "kubernetes_prometheus_rules": "kubernetes_prometheus_rules", "add_security_context": "add_security_context", "delay_treatment": "delay_treatment"}, {"index": 0, "trace_id": "f0d1eb75a2fd63e1c055b1c19994d0cc", "span_id": "9857f13570a8b66f", "operation": "orders receive", "start_time": 1737548426494964, "end_time": 1737548426504509, "duration": 9545, "service_name": "accountingservice", "span_kind": "consumer", "req_status_code": "N/A", "ref_type": "FOLLOWS_FROM", "ref_type_span_ID": "8cfccc5fdd54c7b1", "ref_type_trace_ID": "c0d48f87895388fdc787f358a625aee5", "kubernetes_prometheus_rules": "NoTreatment", "add_security_context": "NoTreatment", "delay_treatment": "NoTreatment"}, {"index": 0, "trace_id": "262169036041a7c28021e94e973d3e45", "span_id": "e524c210ca82b4a6", "operation": "orders receive", "start_time": 1737548366566737, "end_time": 1737548366572185, "duration": 5448, "service_name": "accountingservice", "span_kind": "consumer", "req_status_code": "N/A", "ref_type": "FOLLOWS_FROM", "ref_type_span_ID": "a54b62fb810531bd", "ref_type_trace_ID": "dd2524e231d0f65003cdf34cf348bd8b", "kubernetes_prometheus_rules": "kubernetes_prometheus_rules", "add_security_context": "add_security_context", "delay_treatment": "delay_treatment"}, {"index": 0, "trace_id": "6aeb9264677b41e04e10f1363308894c", "span_id": "50c4879bbb530208", "operation": "orders receive", "start_time": 1737548322907030, "end_time": 1737548322915389, "duration": 8359, "service_name": "accountingservice", "span_kind": "consumer", "req_status_code": "N/A", "ref_type": "FOLLOWS_FROM", "ref_type_span_ID": "75694e647059b0d3", "ref_type_trace_ID": "8fa2a5f5961169c5241358030f42f217", "kubernetes_prometheus_rules": "kubernetes_prometheus_rules", "add_security_context": "add_security_context", "delay_treatment": "delay_treatment"}, {"index": 0, "trace_id": "2fb0888862c02f4e1a749ded28506093", "span_id": "2d425a0ca58d8502", "operation": "orders receive", "start_time": 1737548427390389, "end_time": 1737548427394748, "duration": 4359, "service_name": "accountingservice", "span_kind": "consumer", "req_status_code": "N/A", "ref_type": "FOLLOWS_FROM", "ref_type_span_ID": "a75607752303a808", "ref_type_trace_ID": "261589783ef9ef26256b68c7daa9ba62", "kubernetes_prometheus_rules": "NoTreatment", "add_security_context": "NoTreatment", "delay_treatment": "NoTreatment"}, {"index": 0, "trace_id": "5221a44e29c992a082636cb724992492", "span_id": "363a44237122d3d0", "operation": "orders receive", "start_time": 1737548278826262, "end_time": 1737548278875838, "duration": 49576, "service_name": "accountingservice", "span_kind": "consumer", "req_status_code": "N/A", "ref_type": "FOLLOWS_FROM", "ref_type_span_ID": "1feeeea52975446e", "ref_type_trace_ID": "87158596aad71ded957df4c1acd9bde1", "kubernetes_prometheus_rules": "kubernetes_prometheus_rules", "add_security_context": "add_security_context", "delay_treatment": "delay_treatment"}, {"index": 0, "trace_id": "a89af0bb885a412ea547f42fd003b1c6", "span_id": "0e91a0f56bddda5b", "operation": "orders receive", "start_time": 1737548421804006, "end_time": 1737548421900158, "duration": 96152, "service_name": "accountingservice", "span_kind": "consumer", "req_status_code": "N/A", "ref_type": "FOLLOWS_FROM", "ref_type_span_ID": "49c874e0274e75dd", "ref_type_trace_ID": "b6c1d0a1dd23909902847066eb35357b", "kubernetes_prometheus_rules": "kubernetes_prometheus_rules", "add_security_context": "add_security_context", "delay_treatment": "delay_treatment"}, {"index": 0, "trace_id": "c21640abd699e4afb0dd367f8d4fd673", "span_id": "013e37bed9c0f233", "operation": "orders receive", "start_time": 1737548402684548, "end_time": 1737548402686724, "duration": 2176, "service_name": "accountingservice", "span_kind": "consumer", "req_status_code": "N/A", "ref_type": "FOLLOWS_FROM", "ref_type_span_ID": "5d7d8f4eb85564ab", "ref_type_trace_ID": "75bf2dd4ec394f5c439c3b0e7e0f0328", "kubernetes_prometheus_rules": "kubernetes_prometheus_rules", "add_security_context": "add_security_context", "delay_treatment": "delay_treatment"}, {"index": 0, "trace_id": "70ce87d4a85f575602ffa2720ed7abab", "span_id": "50444841788fbbc8", "operation": "orders receive", "start_time": 1737548303691505, "end_time": 1737548303719249, "duration": 27744, "service_name": "accountingservice", "span_kind": "consumer", "req_status_code": "N/A", "ref_type": "FOLLOWS_FROM", "ref_type_span_ID": "160a67e7f723790e", "ref_type_trace_ID": "e031f8ecf3bc72d0186513519329c314", "kubernetes_prometheus_rules": "kubernetes_prometheus_rules", "add_security_context": "add_security_context", "delay_treatment": "delay_treatment"}, {"index": 0, "trace_id": "707876cb1ac1f5e9bb6f62be133a6496", "span_id": "6bff18afdb8b6668", "operation": "orders receive", "start_time": 1737548273453216, "end_time": 1737548273509769, "duration": 56553, "service_name": "accountingservice", "span_kind": "consumer", "req_status_code": "N/A", "ref_type": "FOLLOWS_FROM", "ref_type_span_ID": "0863eb968829af7b", "ref_type_trace_ID": "728713b12fa4c4209b3c1cf54c1b75cc", "kubernetes_prometheus_rules": "kubernetes_prometheus_rules", "add_security_context": "add_security_context", "delay_treatment": "delay_treatment"}, {"index": 0, "trace_id": "11e8cafd553d95bfa37a8786dccc5349", "span_id": "ff379357eea1b762", "operation": "orders receive", "start_time": 1737548270913645, "end_time": 1737548270946151, "duration": 32506, "service_name": "accountingservice", "span_kind": "consumer", "req_status_code": "N/A", "ref_type": "FOLLOWS_FROM", "ref_type_span_ID": "21d53f5acb5e4c8b", "ref_type_trace_ID": "eec9e7729437b4b5281c2219126e0d39", "kubernetes_prometheus_rules": "kubernetes_prometheus_rules", "add_security_context": "add_security_context", "delay_treatment": "delay_treatment"}, {"index": 0, "trace_id": "843fa769dd43e8caa2d6b71f2862948b", "span_id": "5e623e54f2c8536f", "operation": "orders receive", "start_time": 1737548380495710, "end_time": 1737548380519490, "duration": 23780, "service_name": "accountingservice", "span_kind": "consumer", "req_status_code": "N/A", "ref_type": "FOLLOWS_FROM", "ref_type_span_ID": "1bb2fd0f5f254621", "ref_type_trace_ID": "e38ae91ac5903ce9e2cac2bbfc006f6b", "kubernetes_prometheus_rules": "kubernetes_prometheus_rules", "add_security_context": "add_security_context", "delay_treatment": "delay_treatment"}, {"index": 0, "trace_id": "9ba09e4653cee5cfb26e49679d80d0fc", "span_id": "f8e0c3c92bb4c85a", "operation": "orders receive", "start_time": 1737548378018520, "end_time": 1737548378086953, "duration": 68433, "service_name": "accountingservice", "span_kind": "consumer", "req_status_code": "N/A", "ref_type": "FOLLOWS_FROM", "ref_type_span_ID": "fda870f002fd9f0a", "ref_type_trace_ID": "9b505b7bcbee27bb0f0f1773e2668635", "kubernetes_prometheus_rules": "kubernetes_prometheus_rules", "add_security_context": "add_security_context", "delay_treatment": "delay_treatment"}, {"index": 0, "trace_id": "612a6743ddbcebf858b502ba5fab30df", "span_id": "507cd244cfd0a16b", "operation": "orders receive", "start_time": 1737548276053758, "end_time": 1737548276131385, "duration": 77627, "service_name": "accountingservice", "span_kind": "consumer", "req_status_code": "N/A", "ref_type": "FOLLOWS_FROM", "ref_type_span_ID": "ef9654184514660e", "ref_type_trace_ID": "5496f7df81b5280562b72fdf70c906c1", "kubernetes_prometheus_rules": "kubernetes_prometheus_rules", "add_security_context": "add_security_context", "delay_treatment": "delay_treatment"}, {"index": 0, "trace_id": "51c03924779a9433cd99457b0580525e", "span_id": "062a9c40d9556207", "operation": "orders receive", "start_time": 1737548315770248, "end_time": 1737548315781577, "duration": 11329, "service_name": "accountingservice", "span_kind": "consumer", "req_status_code": "N/A", "ref_type": "FOLLOWS_FROM", "ref_type_span_ID": "7bfc0e1059253f68", "ref_type_trace_ID": "78fc88b290d3ff2c18dae6e871a7a5c4", "kubernetes_prometheus_rules": "kubernetes_prometheus_rules", "add_security_context": "add_security_context", "delay_treatment": "delay_treatment"}, {"index": 0, "trace_id": "cf60a85120f46c623aaee4986a15701c", "span_id": "884cd1ea9ed7c394", "operation": "orders receive", "start_time": 1737548303720695, "end_time": 1737548303727451, "duration": 6756, "service_name": "accountingservice", "span_kind": "consumer", "req_status_code": "N/A", "ref_type": "FOLLOWS_FROM", "ref_type_span_ID": "2e98efa964835779", "ref_type_trace_ID": "84a697096b1cbeb1d90d408a01e0270c", "kubernetes_prometheus_rules": "kubernetes_prometheus_rules", "add_security_context": "add_security_context", "delay_treatment": "delay_treatment"}, {"index": 0, "trace_id": "c4af108db5087e79405c1e08802c82a4", "span_id": "2818e2bdac671e39", "operation": "orders receive", "start_time": 1737548353167906, "end_time": 1737548353170799, "duration": 2893, "service_name": "accountingservice", "span_kind": "consumer", "req_status_code": "N/A", "ref_type": "FOLLOWS_FROM", "ref_type_span_ID": "dd9204b9052f6190", "ref_type_trace_ID": "75729e00598dc3fdfd41f4ef57b279da", "kubernetes_prometheus_rules": "kubernetes_prometheus_rules", "add_security_context": "add_security_context", "delay_treatment": "delay_treatment"}, {"index": 0, "trace_id": "be568841cd9b8891a9c587df4ff582b5", "span_id": "1f4631f3298e820d", "operation": "orders receive", "start_time": 1737548382614050, "end_time": 1737548382618550, "duration": 4500, "service_name": "accountingservice", "span_kind": "consumer", "req_status_code": "N/A", "ref_type": "FOLLOWS_FROM", "ref_type_span_ID": "2be9754706c49da3", "ref_type_trace_ID": "c51d71657313e7175cf66cc0804cf8aa", "kubernetes_prometheus_rules": "kubernetes_prometheus_rules", "add_security_context": "add_security_context", "delay_treatment": "delay_treatment"}, {"index": 0, "trace_id": "65f712559b7bb78d81e78f8e3d60fbd4", "span_id": "79aee875d98a99d8", "operation": "orders receive", "start_time": 1737548411351616, "end_time": 1737548411408292, "duration": 56676, "service_name": "accountingservice", "span_kind": "consumer", "req_status_code": "N/A", "ref_type": "FOLLOWS_FROM", "ref_type_span_ID": "b70a756200e002c3", "ref_type_trace_ID": "ae6aa1c674d28f4aaa73de6261b9e1a0", "kubernetes_prometheus_rules": "kubernetes_prometheus_rules", "add_security_context": "add_security_context", "delay_treatment": "delay_treatment"}, {"index": 0, "trace_id": "c17230b2a38a0c89cb7951b3afd75132", "span_id": "6a51acdf5a404572", "operation": "orders receive", "start_time": 1737548331639138, "end_time": 1737548331640102, "duration": 964, "service_name": "accountingservice", "span_kind": "consumer", "req_status_code": "N/A", "ref_type": "FOLLOWS_FROM", "ref_type_span_ID": "a551059e18a6b605", "ref_type_trace_ID": "ed80ec105d444f7427bb0147fa6b0595", "kubernetes_prometheus_rules": "kubernetes_prometheus_rules", "add_security_context": "add_security_context", "delay_treatment": "delay_treatment"}, {"index": 0, "trace_id": "d4632ace3e4af824af98c4c7132288e6", "span_id": "04298ba98e7ccd00", "operation": "orders receive", "start_time": 1737548325087089, "end_time": 1737548325095776, "duration": 8687, "service_name": "accountingservice", "span_kind": "consumer", "req_status_code": "N/A", "ref_type": "FOLLOWS_FROM", "ref_type_span_ID": "342ccc0c7d3cc25e", "ref_type_trace_ID": "c5971201b4d37fe8e12ae9881dbc0207", "kubernetes_prometheus_rules": "kubernetes_prometheus_rules", "add_security_context": "add_security_context", "delay_treatment": "delay_treatment"}, {"index": 0, "trace_id": "70113746d821f8e644f7127181b8932f", "span_id": "d8bab2805c1a3211", "operation": "orders receive", "start_time": 1737548327461215, "end_time": 1737548327512865, "duration": 51650, "service_name": "accountingservice", "span_kind": "consumer", "req_status_code": "N/A", "ref_type": "FOLLOWS_FROM", "ref_type_span_ID": "9500122fc60a1be7", "ref_type_trace_ID": "bec3c3adc23f4ba8cae399dd70a388ae", "kubernetes_prometheus_rules": "kubernetes_prometheus_rules", "add_security_context": "add_security_context", "delay_treatment": "delay_treatment"}, {"index": 0, "trace_id": "fa91acec101546f939618787cbef9588", "span_id": "44ae5de1553ba09e", "operation": "orders receive", "start_time": 1737548287176009, "end_time": 1737548287194614, "duration": 18605, "service_name": "accountingservice", "span_kind": "consumer", "req_status_code": "N/A", "ref_type": "FOLLOWS_FROM", "ref_type_span_ID": "395af1d95e65c1a6", "ref_type_trace_ID": "2e8f7197a927f93a2b3eb9c367c52d2c", "kubernetes_prometheus_rules": "kubernetes_prometheus_rules", "add_security_context": "add_security_context", "delay_treatment": "delay_treatment"}, {"index": 0, "trace_id": "551e63af82dac77ea1ebedf9345c2f67", "span_id": "12840a5a18dc0338", "operation": "orders receive", "start_time": 1737548392955633, "end_time": 1737548393014258, "duration": 58625, "service_name": "accountingservice", "span_kind": "consumer", "req_status_code": "N/A", "ref_type": "FOLLOWS_FROM", "ref_type_span_ID": "4bf73cd9d662a744", "ref_type_trace_ID": "0106214c57f294295984d0b2e4512779", "kubernetes_prometheus_rules": "kubernetes_prometheus_rules", "add_security_context": "add_security_context", "delay_treatment": "delay_treatment"}, {"index": 0, "trace_id": "60c9360cb28ffdcd21a4a7809edd64d3", "span_id": "6a82c65594ad917d", "operation": "orders receive", "start_time": 1737548317029432, "end_time": 1737548317099402, "duration": 69970, "service_name": "accountingservice", "span_kind": "consumer", "req_status_code": "N/A", "ref_type": "FOLLOWS_FROM", "ref_type_span_ID": "5aa17f7f2fdf6bc1", "ref_type_trace_ID": "637c95635bbe0e5209524c3740dbff74", "kubernetes_prometheus_rules": "kubernetes_prometheus_rules", "add_security_context": "add_security_context", "delay_treatment": "delay_treatment"}, {"index": 0, "trace_id": "267e50e302099c1972b1ace392087886", "span_id": "4270e5f61bf35d14", "operation": "orders receive", "start_time": 1737548310422191, "end_time": 1737548310430304, "duration": 8113, "service_name": "accountingservice", "span_kind": "consumer", "req_status_code": "N/A", "ref_type": "FOLLOWS_FROM", "ref_type_span_ID": "49489cd1e1f4ae30", "ref_type_trace_ID": "efe63d87ed7e96bd14755ecdb12767ae", "kubernetes_prometheus_rules": "kubernetes_prometheus_rules", "add_security_context": "add_security_context", "delay_treatment": "delay_treatment"}, {"index": 0, "trace_id": "713175427aa03de28ef3bfd31a64e1d8", "span_id": "80a695e65391edf5", "operation": "orders receive", "start_time": 1737548421575971, "end_time": 1737548421624622, "duration": 48651, "service_name": "accountingservice", "span_kind": "consumer", "req_status_code": "N/A", "ref_type": "FOLLOWS_FROM", "ref_type_span_ID": "8ae5706bff4af5f5", "ref_type_trace_ID": "02d3072731576c0588245f6ce969d0ed", "kubernetes_prometheus_rules": "kubernetes_prometheus_rules", "add_security_context": "add_security_context", "delay_treatment": "delay_treatment"}, {"index": 0, "trace_id": "38e0abe8fafd2f2f63c38da2566efd2e", "span_id": "3161adf1115d229f", "operation": "orders receive", "start_time": 1737548319522519, "end_time": 1737548319524402, "duration": 1883, "service_name": "accountingservice", "span_kind": "consumer", "req_status_code": "N/A", "ref_type": "FOLLOWS_FROM", "ref_type_span_ID": "849c5d0669f0458c", "ref_type_trace_ID": "60c809d96418dc96f320e08e3565600d", "kubernetes_prometheus_rules": "kubernetes_prometheus_rules", "add_security_context": "add_security_context", "delay_treatment": "delay_treatment"}, {"index": 0, "trace_id": "f7a74fb6d09e29a7875a0555774d2dbe", "span_id": "d94ced0838f1921a", "operation": "orders receive", "start_time": 1737548287195006, "end_time": 1737548287202352, "duration": 7346, "service_name": "accountingservice", "span_kind": "consumer", "req_status_code": "N/A", "ref_type": "FOLLOWS_FROM", "ref_type_span_ID": "da597f66d5649473", "ref_type_trace_ID": "872a3f2aeed4ea961c72e5741e946aff", "kubernetes_prometheus_rules": "kubernetes_prometheus_rules", "add_security_context": "add_security_context", "delay_treatment": "delay_treatment"}, {"index": 0, "trace_id": "551acdcae33693497f2d245c2294d803", "span_id": "6e25bc93bf187690", "operation": "orders receive", "start_time": 1737548319199521, "end_time": 1737548319250810, "duration": 51289, "service_name": "accountingservice", "span_kind": "consumer", "req_status_code": "N/A", "ref_type": "FOLLOWS_FROM", "ref_type_span_ID": "682a68376986a59a", "ref_type_trace_ID": "4d16725ff9ae87d1bb9426a4215d59ff", "kubernetes_prometheus_rules": "kubernetes_prometheus_rules", "add_security_context": "add_security_context", "delay_treatment": "delay_treatment"}, {"index": 0, "trace_id": "f191b8e340786dbc35d5be00bc5a6106", "span_id": "df7a08f69028f9b4", "operation": "orders receive", "start_time": 1737548366837246, "end_time": 1737548366931328, "duration": 94082, "service_name": "accountingservice", "span_kind": "consumer", "req_status_code": "N/A", "ref_type": "FOLLOWS_FROM", "ref_type_span_ID": "419743480acead45", "ref_type_trace_ID": "12ef76f2bd6d79e03a2f58127ee16fc5", "kubernetes_prometheus_rules": "kubernetes_prometheus_rules", "add_security_context": "add_security_context", "delay_treatment": "delay_treatment"}, {"index": 0, "trace_id": "ed58372b48c84a4d9ef52e5e558c2b00", "span_id": "62e1f2696c70ece0", "operation": "orders receive", "start_time": 1737548362872802, "end_time": 1737548362891344, "duration": 18542, "service_name": "accountingservice", "span_kind": "consumer", "req_status_code": "N/A", "ref_type": "FOLLOWS_FROM", "ref_type_span_ID": "b183cefb0c17319b", "ref_type_trace_ID": "686653142d460ebc4e64cac0bb26ac71", "kubernetes_prometheus_rules": "kubernetes_prometheus_rules", "add_security_context": "add_security_context", "delay_treatment": "delay_treatment"}, {"index": 0, "trace_id": "0dca83539f0ff069d1dd81be39045cdc", "span_id": "c59dd6c4f463ac22", "operation": "orders receive", "start_time": 1737548373836185, "end_time": 1737548373923783, "duration": 87598, "service_name": "accountingservice", "span_kind": "consumer", "req_status_code": "N/A", "ref_type": "FOLLOWS_FROM", "ref_type_span_ID": "5d5d5be6514c2775", "ref_type_trace_ID": "b317216458cab5e7c2b21637cf905940", "kubernetes_prometheus_rules": "kubernetes_prometheus_rules", "add_security_context": "add_security_context", "delay_treatment": "delay_treatment"}, {"index": 0, "trace_id": "da501210e2a7c05e8e667431e97c940a", "span_id": "d059f7ef6171ace0", "operation": "orders receive", "start_time": 1737548317788604, "end_time": 1737548317822098, "duration": 33494, "service_name": "accountingservice", "span_kind": "consumer", "req_status_code": "N/A", "ref_type": "FOLLOWS_FROM", "ref_type_span_ID": "4fad8cbe99a70304", "ref_type_trace_ID": "a22d5ad08e966b79620dd0249e57ea03", "kubernetes_prometheus_rules": "kubernetes_prometheus_rules", "add_security_context": "add_security_context", "delay_treatment": "delay_treatment"}, {"index": 0, "trace_id": "cbdcc02d70b5f82760558db74cde75e1", "span_id": "bc6c8b43aee4a141", "operation": "orders receive", "start_time": 1737548406733167, "end_time": 1737548406733264, "duration": 97, "service_name": "accountingservice", "span_kind": "consumer", "req_status_code": "N/A", "ref_type": "FOLLOWS_FROM", "ref_type_span_ID": "6272da83be2b5f43", "ref_type_trace_ID": "59c34a5a76cc6fa95fa85407594e3107", "kubernetes_prometheus_rules": "kubernetes_prometheus_rules", "add_security_context": "add_security_context", "delay_treatment": "delay_treatment"}, {"index": 0, "trace_id": "bbadfde3b55a99de9a53eb35c5f43e49", "span_id": "c8ddc75eb972bf80", "operation": "orders receive", "start_time": 1737548263539096, "end_time": 1737548263632479, "duration": 93383, "service_name": "accountingservice", "span_kind": "consumer", "req_status_code": "N/A", "ref_type": "FOLLOWS_FROM", "ref_type_span_ID": "6c03ebdca0380c11", "ref_type_trace_ID": "16b6bcae5888b24cf58fbd650773def8", "kubernetes_prometheus_rules": "kubernetes_prometheus_rules", "add_security_context": "add_security_context", "delay_treatment": "delay_treatment"}, {"index": 0, "trace_id": "6582ab156c68cdf2b5c4a12de68df661", "span_id": "effd5fb71a6d92ca", "operation": "orders receive", "start_time": 1737548351375484, "end_time": 1737548351390244, "duration": 14760, "service_name": "accountingservice", "span_kind": "consumer", "req_status_code": "N/A", "ref_type": "FOLLOWS_FROM", "ref_type_span_ID": "e3a5037246e0a37b", "ref_type_trace_ID": "35be3c3de410497bd0e630bb796cb855", "kubernetes_prometheus_rules": "kubernetes_prometheus_rules", "add_security_context": "add_security_context", "delay_treatment": "delay_treatment"}, {"index": 0, "trace_id": "6529313ae01d152ed8d0c437bb40b590", "span_id": "55388eefc3c247bd", "operation": "orders receive", "start_time": 1737548320543641, "end_time": 1737548320612731, "duration": 69090, "service_name": "accountingservice", "span_kind": "consumer", "req_status_code": "N/A", "ref_type": "FOLLOWS_FROM", "ref_type_span_ID": "f24d2439e4381b10", "ref_type_trace_ID": "dec0d10b6bdf3b7ed1530b7b7f384ebc", "kubernetes_prometheus_rules": "kubernetes_prometheus_rules", "add_security_context": "add_security_context", "delay_treatment": "delay_treatment"}, {"index": 0, "trace_id": "6a543bfd7c01413c3530a58805cbd2b7", "span_id": "147a42884f942a28", "operation": "orders receive", "start_time": 1737548305297956, "end_time": 1737548305300622, "duration": 2666, "service_name": "accountingservice", "span_kind": "consumer", "req_status_code": "N/A", "ref_type": "FOLLOWS_FROM", "ref_type_span_ID": "6643e66eab76ea33", "ref_type_trace_ID": "7de74651dbbdac210745e6fc0719ca1b", "kubernetes_prometheus_rules": "kubernetes_prometheus_rules", "add_security_context": "add_security_context", "delay_treatment": "delay_treatment"}, {"index": 0, "trace_id": "ada57fc459a50e1bc3e5f9b24f2cc324", "span_id": "e37d32a077e1f0ca", "operation": "orders receive", "start_time": 1737548313089161, "end_time": 1737548313165367, "duration": 76206, "service_name": "accountingservice", "span_kind": "consumer", "req_status_code": "N/A", "ref_type": "FOLLOWS_FROM", "ref_type_span_ID": "885f8ff972e40ef2", "ref_type_trace_ID": "1114229edb67b2276a8aed981d262e96", "kubernetes_prometheus_rules": "kubernetes_prometheus_rules", "add_security_context": "add_security_context", "delay_treatment": "delay_treatment"}, {"index": 0, "trace_id": "6a3eeca63aa8025f53fd76460fd67225", "span_id": "8c327c1bbaaabc10", "operation": "orders receive", "start_time": 1737548371872619, "end_time": 1737548371878671, "duration": 6052, "service_name": "accountingservice", "span_kind": "consumer", "req_status_code": "N/A", "ref_type": "FOLLOWS_FROM", "ref_type_span_ID": "ae317403e0f8cddf", "ref_type_trace_ID": "3684d9537e7d8395629b6324dff36588", "kubernetes_prometheus_rules": "kubernetes_prometheus_rules", "add_security_context": "add_security_context", "delay_treatment": "delay_treatment"}, {"index": 0, "trace_id": "8b741cde65a50fc6a5ed547f53c00dc0", "span_id": "a58af3e5aea068fb", "operation": "orders receive", "start_time": 1737548338800148, "end_time": 1737548338814325, "duration": 14177, "service_name": "accountingservice", "span_kind": "consumer", "req_status_code": "N/A", "ref_type": "FOLLOWS_FROM", "ref_type_span_ID": "bc3aa80fd7a6f951", "ref_type_trace_ID": "045fe01dfd704dccede11ca3df6fe6f2", "kubernetes_prometheus_rules": "kubernetes_prometheus_rules", "add_security_context": "add_security_context", "delay_treatment": "delay_treatment"}, {"index": 0, "trace_id": "9375a17ac17c50372beea89b97608b2a", "span_id": "4f69fb16813a06e7", "operation": "orders receive", "start_time": 1737548284992439, "end_time": 1737548285002165, "duration": 9726, "service_name": "accountingservice", "span_kind": "consumer", "req_status_code": "N/A", "ref_type": "FOLLOWS_FROM", "ref_type_span_ID": "6739a1a2da92cc57", "ref_type_trace_ID": "79c84ad11290b18f5a3bb8a267769227", "kubernetes_prometheus_rules": "kubernetes_prometheus_rules", "add_security_context": "add_security_context", "delay_treatment": "delay_treatment"}, {"index": 0, "trace_id": "2b549d63fc96a34509ba2a3a9fefa20a", "span_id": "39b00fe724d9237a", "operation": "orders receive", "start_time": 1737548309790305, "end_time": 1737548309876228, "duration": 85923, "service_name": "accountingservice", "span_kind": "consumer", "req_status_code": "N/A", "ref_type": "FOLLOWS_FROM", "ref_type_span_ID": "ff77feff923540cb", "ref_type_trace_ID": "b045ede7e2adcb6ac06b8af0a69ae018", "kubernetes_prometheus_rules": "kubernetes_prometheus_rules", "add_security_context": "add_security_context", "delay_treatment": "delay_treatment"}, {"index": 0, "trace_id": "2e7787948442812b8c3e1488395f5bd2", "span_id": "edf2d4ce566df6e9", "operation": "orders receive", "start_time": 1737548361677032, "end_time": 1737548361710714, "duration": 33682, "service_name": "accountingservice", "span_kind": "consumer", "req_status_code": "N/A", "ref_type": "FOLLOWS_FROM", "ref_type_span_ID": "3792ff3d8e9907a2", "ref_type_trace_ID": "646b33c5150d48a7c59da64030b1cb67", "kubernetes_prometheus_rules": "kubernetes_prometheus_rules", "add_security_context": "add_security_context", "delay_treatment": "delay_treatment"}, {"index": 0, "trace_id": "0a12946a9cef35be95f2c7a6e0da1b12", "span_id": "7329d02cfe2bcef2", "operation": "orders receive", "start_time": 1737548388911515, "end_time": 1737548388985232, "duration": 73717, "service_name": "accountingservice", "span_kind": "consumer", "req_status_code": "N/A", "ref_type": "FOLLOWS_FROM", "ref_type_span_ID": "32418aaf9bce63f0", "ref_type_trace_ID": "0bafe02e963e350ad462457e7112a01f", "kubernetes_prometheus_rules": "kubernetes_prometheus_rules", "add_security_context": "add_security_context", "delay_treatment": "delay_treatment"}, {"index": 0, "trace_id": "e8d990a989e75fb66f6f38476fc12ca6", "span_id": "20c7be790fa28cd6", "operation": "orders receive", "start_time": 1737548276231643, "end_time": 1737548276233812, "duration": 2169, "service_name": "accountingservice", "span_kind": "consumer", "req_status_code": "N/A", "ref_type": "FOLLOWS_FROM", "ref_type_span_ID": "72630b5c766ecf1a", "ref_type_trace_ID": "b81a600c4f34a9f9b801ef4fd595b104", "kubernetes_prometheus_rules": "kubernetes_prometheus_rules", "add_security_context": "add_security_context", "delay_treatment": "delay_treatment"}, {"index": 0, "trace_id": "baae9013735af10fb911ec6699ed7aa8", "span_id": "cd061ba3a44db3ec", "operation": "orders receive", "start_time": 1737548382521889, "end_time": 1737548382598233, "duration": 76344, "service_name": "accountingservice", "span_kind": "consumer", "req_status_code": "N/A", "ref_type": "FOLLOWS_FROM", "ref_type_span_ID": "3b9e17233096739c", "ref_type_trace_ID": "d251d5170e6ad56a3559fd66948a5e50", "kubernetes_prometheus_rules": "kubernetes_prometheus_rules", "add_security_context": "add_security_context", "delay_treatment": "delay_treatment"}, {"index": 0, "trace_id": "3aadb310fb5a49f8a24dabd8d7822bc8", "span_id": "17092d63f26b46ab", "operation": "orders receive", "start_time": 1737548282216272, "end_time": 1737548282232203, "duration": 15931, "service_name": "accountingservice", "span_kind": "consumer", "req_status_code": "N/A", "ref_type": "FOLLOWS_FROM", "ref_type_span_ID": "6328cb40d6f3f66a", "ref_type_trace_ID": "029d116478ea1222297389e15f50694d", "kubernetes_prometheus_rules": "kubernetes_prometheus_rules", "add_security_context": "add_security_context", "delay_treatment": "delay_treatment"}, {"index": 0, "trace_id": "e3ab149c80aa220a89d6a525ec57b113", "span_id": "c99c35d88b2cddec", "operation": "orders receive", "start_time": 1737548425095036, "end_time": 1737548425098321, "duration": 3285, "service_name": "accountingservice", "span_kind": "consumer", "req_status_code": "N/A", "ref_type": "FOLLOWS_FROM", "ref_type_span_ID": "714d3e19567b3365", "ref_type_trace_ID": "ac28a56f657682cd810e72ce150b0e83", "kubernetes_prometheus_rules": "NoTreatment", "add_security_context": "NoTreatment", "delay_treatment": "NoTreatment"}, {"index": 0, "trace_id": "275f1b83026d5863552d13c549df13e0", "span_id": "cabd8eb4f5450dbf", "operation": "orders receive", "start_time": 1737548358721423, "end_time": 1737548358725750, "duration": 4327, "service_name": "accountingservice", "span_kind": "consumer", "req_status_code": "N/A", "ref_type": "FOLLOWS_FROM", "ref_type_span_ID": "c7f405ec545ce8ec", "ref_type_trace_ID": "95d478a39999eeca51beede5b9cc1419", "kubernetes_prometheus_rules": "kubernetes_prometheus_rules", "add_security_context": "add_security_context", "delay_treatment": "delay_treatment"}, {"index": 0, "trace_id": "42dbe06412099b6b856d0670863ca30d", "span_id": "e94bf50455d24b00", "operation": "orders receive", "start_time": 1737548298451821, "end_time": 1737548298484762, "duration": 32941, "service_name": "accountingservice", "span_kind": "consumer", "req_status_code": "N/A", "ref_type": "FOLLOWS_FROM", "ref_type_span_ID": "168e3fe562f5d942", "ref_type_trace_ID": "98359edb3e4ee3b7b6f52465dc2cc665", "kubernetes_prometheus_rules": "kubernetes_prometheus_rules", "add_security_context": "add_security_context", "delay_treatment": "delay_treatment"}, {"index": 0, "trace_id": "c6d91ff20468206f96eb9af5b1c3fe58", "span_id": "ff3e306633267c4e", "operation": "orders receive", "start_time": 1737548360683224, "end_time": 1737548360709698, "duration": 26474, "service_name": "accountingservice", "span_kind": "consumer", "req_status_code": "N/A", "ref_type": "FOLLOWS_FROM", "ref_type_span_ID": "a516dc26a719a256", "ref_type_trace_ID": "b03812e1829c9150f340ddce84ececde", "kubernetes_prometheus_rules": "kubernetes_prometheus_rules", "add_security_context": "add_security_context", "delay_treatment": "delay_treatment"}, {"index": 0, "trace_id": "bc4444d82d8130880e0fc97597412eef", "span_id": "4bfaae4e736d525a", "operation": "orders receive", "start_time": 1737548283031214, "end_time": 1737548283057433, "duration": 26219, "service_name": "accountingservice", "span_kind": "consumer", "req_status_code": "N/A", "ref_type": "FOLLOWS_FROM", "ref_type_span_ID": "00d289b8a1e9b2fc", "ref_type_trace_ID": "0ab3b5e1576264349f247ec75381bd2d", "kubernetes_prometheus_rules": "kubernetes_prometheus_rules", "add_security_context": "add_security_context", "delay_treatment": "delay_treatment"}, {"index": 0, "trace_id": "46cbbcfa978bc682c61da8c799679c35", "span_id": "f142c3801a716c05", "operation": "orders receive", "start_time": 1737548308822701, "end_time": 1737548308825609, "duration": 2908, "service_name": "accountingservice", "span_kind": "consumer", "req_status_code": "N/A", "ref_type": "FOLLOWS_FROM", "ref_type_span_ID": "4a51895c2ddf9ded", "ref_type_trace_ID": "27df43aa48867d7345bf6d8083c1d574", "kubernetes_prometheus_rules": "kubernetes_prometheus_rules", "add_security_context": "add_security_context", "delay_treatment": "delay_treatment"}, {"index": 0, "trace_id": "2fe5296e6e1b5ef6442ce72f22b5a15a", "span_id": "927fd29b6e48b9f0", "operation": "orders receive", "start_time": 1737548389946272, "end_time": 1737548389968680, "duration": 22408, "service_name": "accountingservice", "span_kind": "consumer", "req_status_code": "N/A", "ref_type": "FOLLOWS_FROM", "ref_type_span_ID": "c3000babf39c8311", "ref_type_trace_ID": "825fc0aae5907e5f75c5ef45bbc138b7", "kubernetes_prometheus_rules": "kubernetes_prometheus_rules", "add_security_context": "add_security_context", "delay_treatment": "delay_treatment"}, {"index": 0, "trace_id": "e7f6d54d31e0dca44ae43fe05f54cdd2", "span_id": "e4f193fc443e004e", "operation": "orders receive", "start_time": 1737548389186015, "end_time": 1737548389284812, "duration": 98797, "service_name": "accountingservice", "span_kind": "consumer", "req_status_code": "N/A", "ref_type": "FOLLOWS_FROM", "ref_type_span_ID": "763502c5bfbae5d5", "ref_type_trace_ID": "c59aa672da4eb6a94baa59160adbc7c9", "kubernetes_prometheus_rules": "kubernetes_prometheus_rules", "add_security_context": "add_security_context", "delay_treatment": "delay_treatment"}, {"index": 0, "trace_id": "b37f0a76316017c225a3fb8decfe0ffe", "span_id": "ffe2f9adc382cfd8", "operation": "orders receive", "start_time": 1737548330661566, "end_time": 1737548330690490, "duration": 28924, "service_name": "accountingservice", "span_kind": "consumer", "req_status_code": "N/A", "ref_type": "FOLLOWS_FROM", "ref_type_span_ID": "1ac906d72366a480", "ref_type_trace_ID": "fde862a84759899dd968d2c1c6e540d3", "kubernetes_prometheus_rules": "kubernetes_prometheus_rules", "add_security_context": "add_security_context", "delay_treatment": "delay_treatment"}, {"index": 0, "trace_id": "14bd234bfb02850760836610b74f6b7a", "span_id": "05b4ebb7c36f44f5", "operation": "orders receive", "start_time": 1737548304605462, "end_time": 1737548304606288, "duration": 826, "service_name": "accountingservice", "span_kind": "consumer", "req_status_code": "N/A", "ref_type": "FOLLOWS_FROM", "ref_type_span_ID": "4f3126ca8106e6b4", "ref_type_trace_ID": "e923cfb250b630ea8113fbd69e9ed69e", "kubernetes_prometheus_rules": "kubernetes_prometheus_rules", "add_security_context": "add_security_context", "delay_treatment": "delay_treatment"}, {"index": 0, "trace_id": "1c9f3f2a88b0fbf45bae33857109f0ff", "span_id": "61ac5ca816d8cbe2", "operation": "orders receive", "start_time": 1737548375305558, "end_time": 1737548375334686, "duration": 29128, "service_name": "accountingservice", "span_kind": "consumer", "req_status_code": "N/A", "ref_type": "FOLLOWS_FROM", "ref_type_span_ID": "1fd4043e6c125c85", "ref_type_trace_ID": "5a4cba94c2a6e50e27551f30ad070ce7", "kubernetes_prometheus_rules": "kubernetes_prometheus_rules", "add_security_context": "add_security_context", "delay_treatment": "delay_treatment"}, {"index": 0, "trace_id": "e548c8f5a2ffa290b1a28c24b546bbfa", "span_id": "8ff77c4a716338d4", "operation": "orders receive", "start_time": 1737548274657149, "end_time": 1737548274687297, "duration": 30148, "service_name": "accountingservice", "span_kind": "consumer", "req_status_code": "N/A", "ref_type": "FOLLOWS_FROM", "ref_type_span_ID": "0221169df2bf82f2", "ref_type_trace_ID": "04276529cb2dfdbbbad302cb6574719c", "kubernetes_prometheus_rules": "kubernetes_prometheus_rules", "add_security_context": "add_security_context", "delay_treatment": "delay_treatment"}, {"index": 0, "trace_id": "8640904019674b02ebd6be6991d35b6d", "span_id": "75aba91157e54142", "operation": "orders receive", "start_time": 1737548429888375, "end_time": 1737548429900548, "duration": 12173, "service_name": "accountingservice", "span_kind": "consumer", "req_status_code": "N/A", "ref_type": "FOLLOWS_FROM", "ref_type_span_ID": "73bf30a151a6dbe4", "ref_type_trace_ID": "998d767fad9e51e1c0afc961cab94515", "kubernetes_prometheus_rules": "NoTreatment", "add_security_context": "NoTreatment", "delay_treatment": "NoTreatment"}, {"index": 0, "trace_id": "8b5125344261c28199e2bc41c5708fa2", "span_id": "4d37cc6a2b84e312", "operation": "orders receive", "start_time": 1737548258274098, "end_time": 1737548258302051, "duration": 27953, "service_name": "accountingservice", "span_kind": "consumer", "req_status_code": "N/A", "ref_type": "FOLLOWS_FROM", "ref_type_span_ID": "7e36b5542d885322", "ref_type_trace_ID": "4a7f2b913657b034fcaad571d5d75233", "kubernetes_prometheus_rules": "kubernetes_prometheus_rules", "add_security_context": "add_security_context", "delay_treatment": "delay_treatment"}, {"index": 0, "trace_id": "176d5b6e18ca315070617a48b2da8af1", "span_id": "7e01f5c237ac4cf1", "operation": "orders receive", "start_time": 1737548387698169, "end_time": 1737548387786564, "duration": 88395, "service_name": "accountingservice", "span_kind": "consumer", "req_status_code": "N/A", "ref_type": "FOLLOWS_FROM", "ref_type_span_ID": "2850dbf1a72ba95b", "ref_type_trace_ID": "508123c874e250d99b1149492cc7f93f", "kubernetes_prometheus_rules": "kubernetes_prometheus_rules", "add_security_context": "add_security_context", "delay_treatment": "delay_treatment"}, {"index": 0, "trace_id": "352db5054ea8eb640c6809941b7873df", "span_id": "7d8cf839dc7b0eac", "operation": "orders receive", "start_time": 1737548387060853, "end_time": 1737548387106503, "duration": 45650, "service_name": "accountingservice", "span_kind": "consumer", "req_status_code": "N/A", "ref_type": "FOLLOWS_FROM", "ref_type_span_ID": "5d16486ba8cfb08c", "ref_type_trace_ID": "ce532dd08f30077d2a87615ddb1904e0", "kubernetes_prometheus_rules": "kubernetes_prometheus_rules", "add_security_context": "add_security_context", "delay_treatment": "delay_treatment"}, {"index": 0, "trace_id": "8e671c5882f74b4495168911a6c5dc8c", "span_id": "cd15999dee73681f", "operation": "orders receive", "start_time": 1737548355120269, "end_time": 1737548355193573, "duration": 73304, "service_name": "accountingservice", "span_kind": "consumer", "req_status_code": "N/A", "ref_type": "FOLLOWS_FROM", "ref_type_span_ID": "94fb657910801a39", "ref_type_trace_ID": "9c7aab0d274ae71d5e8aa50c9681caa4", "kubernetes_prometheus_rules": "kubernetes_prometheus_rules", "add_security_context": "add_security_context", "delay_treatment": "delay_treatment"}, {"index": 0, "trace_id": "feb40e90b6ef76386d6b3570dbd8e7f8", "span_id": "7fcd0b39738ef7d9", "operation": "orders receive", "start_time": 1737548369608043, "end_time": 1737548369698565, "duration": 90522, "service_name": "accountingservice", "span_kind": "consumer", "req_status_code": "N/A", "ref_type": "FOLLOWS_FROM", "ref_type_span_ID": "6a9cf50d6cb1fa22", "ref_type_trace_ID": "093956fa27874126fe366d3745490aa1", "kubernetes_prometheus_rules": "kubernetes_prometheus_rules", "add_security_context": "add_security_context", "delay_treatment": "delay_treatment"}, {"index": 0, "trace_id": "e58abe9cd98edab30f2838d5d7b4c776", "span_id": "6180d3a8a152c08a", "operation": "orders receive", "start_time": 1737548379091073, "end_time": 1737548379154129, "duration": 63056, "service_name": "accountingservice", "span_kind": "consumer", "req_status_code": "N/A", "ref_type": "FOLLOWS_FROM", "ref_type_span_ID": "9209d718adf243dd", "ref_type_trace_ID": "e72b3705a97d0093e9ad6c343a39107c", "kubernetes_prometheus_rules": "kubernetes_prometheus_rules", "add_security_context": "add_security_context", "delay_treatment": "delay_treatment"}, {"index": 0, "trace_id": "52ffd7dc765500f60f602f19c75aa7fc", "span_id": "72a1d0a4fcf28b33", "operation": "orders receive", "start_time": 1737548422026683, "end_time": 1737548422054272, "duration": 27589, "service_name": "accountingservice", "span_kind": "consumer", "req_status_code": "N/A", "ref_type": "FOLLOWS_FROM", "ref_type_span_ID": "5228542fa93878fa", "ref_type_trace_ID": "55b52348bd70583a15b0cb3cc866e467", "kubernetes_prometheus_rules": "kubernetes_prometheus_rules", "add_security_context": "add_security_context", "delay_treatment": "delay_treatment"}, {"index": 0, "trace_id": "e389404e71980fc8257b4499e78f1e97", "span_id": "f6eff3e743e847f4", "operation": "orders receive", "start_time": 1737548313265677, "end_time": 1737548313307973, "duration": 42296, "service_name": "accountingservice", "span_kind": "consumer", "req_status_code": "N/A", "ref_type": "FOLLOWS_FROM", "ref_type_span_ID": "7459005a334f53a7", "ref_type_trace_ID": "739b45828ffa187dd5390f0dfd0b5945", "kubernetes_prometheus_rules": "kubernetes_prometheus_rules", "add_security_context": "add_security_context", "delay_treatment": "delay_treatment"}, {"index": 0, "trace_id": "2beaaf071986f50d7d6c4f5a20710d85", "span_id": "a297d0639e4cf9cc", "operation": "orders receive", "start_time": 1737548283825477, "end_time": 1737548283877316, "duration": 51839, "service_name": "accountingservice", "span_kind": "consumer", "req_status_code": "N/A", "ref_type": "FOLLOWS_FROM", "ref_type_span_ID": "4a4d9b11ce8bb2e4", "ref_type_trace_ID": "6e23fa6ff7f78addb9102d737d083723", "kubernetes_prometheus_rules": "kubernetes_prometheus_rules", "add_security_context": "add_security_context", "delay_treatment": "delay_treatment"}, {"index": 0, "trace_id": "91e81fb5ab7e430ffdb69008c3147e5f", "span_id": "87126abbc0bcad66", "operation": "orders receive", "start_time": 1737548417053681, "end_time": 1737548417115941, "duration": 62260, "service_name": "accountingservice", "span_kind": "consumer", "req_status_code": "N/A", "ref_type": "FOLLOWS_FROM", "ref_type_span_ID": "7f515f99199a8137", "ref_type_trace_ID": "3c8be7f608386e7fa03b86a72c3e892b", "kubernetes_prometheus_rules": "kubernetes_prometheus_rules", "add_security_context": "add_security_context", "delay_treatment": "delay_treatment"}]