[{"instance": "kube-prometheus-prometheus-node-exporter.oxn-external-monitoring.svc:9100", "timestamp": 1737549397.919, "sum(rate(node_cpu_seconds_total{mode!=\"idle\"}[1m])) by (instance)": 52.17973464100023, "cpu_usage": 52.17973464100023, "kubernetes_prometheus_rules": "kubernetes_prometheus_rules", "add_security_context": "NoTreatment", "delay_treatment": "NoTreatment"}, {"instance": "kube-prometheus-prometheus-node-exporter.oxn-external-monitoring.svc:9100", "timestamp": 1737549398.919, "sum(rate(node_cpu_seconds_total{mode!=\"idle\"}[1m])) by (instance)": 52.17973464100023, "cpu_usage": 52.17973464100023, "kubernetes_prometheus_rules": "kubernetes_prometheus_rules", "add_security_context": "NoTreatment", "delay_treatment": "NoTreatment"}, {"instance": "kube-prometheus-prometheus-node-exporter.oxn-external-monitoring.svc:9100", "timestamp": 1737549399.919, "sum(rate(node_cpu_seconds_total{mode!=\"idle\"}[1m])) by (instance)": 52.17973464100023, "cpu_usage": 52.17973464100023, "kubernetes_prometheus_rules": "kubernetes_prometheus_rules", "add_security_context": "NoTreatment", "delay_treatment": "NoTreatment"}, {"instance": "kube-prometheus-prometheus-node-exporter.oxn-external-monitoring.svc:9100", "timestamp": 1737549400.919, "sum(rate(node_cpu_seconds_total{mode!=\"idle\"}[1m])) by (instance)": 57.09295903403355, "cpu_usage": 57.09295903403355, "kubernetes_prometheus_rules": "kubernetes_prometheus_rules", "add_security_context": "NoTreatment", "delay_treatment": "NoTreatment"}, {"instance": "kube-prometheus-prometheus-node-exporter.oxn-external-monitoring.svc:9100", "timestamp": 1737549401.919, "sum(rate(node_cpu_seconds_total{mode!=\"idle\"}[1m])) by (instance)": 57.09295903403355, "cpu_usage": 57.09295903403355, "kubernetes_prometheus_rules": "kubernetes_prometheus_rules", "add_security_context": "NoTreatment", "delay_treatment": "NoTreatment"}, {"instance": "kube-prometheus-prometheus-node-exporter.oxn-external-monitoring.svc:9100", "timestamp": 1737549402.919, "sum(rate(node_cpu_seconds_total{mode!=\"idle\"}[1m])) by (instance)": 52.14043507746884, "cpu_usage": 52.14043507746884, "kubernetes_prometheus_rules": "kubernetes_prometheus_rules", "add_security_context": "NoTreatment", "delay_treatment": "NoTreatment"}, {"instance": "kube-prometheus-prometheus-node-exporter.oxn-external-monitoring.svc:9100", "timestamp": 1737549403.919, "sum(rate(node_cpu_seconds_total{mode!=\"idle\"}[1m])) by (instance)": 52.14043507746884, "cpu_usage": 52.14043507746884, "kubernetes_prometheus_rules": "kubernetes_prometheus_rules", "add_security_context": "NoTreatment", "delay_treatment": "NoTreatment"}, {"instance": "kube-prometheus-prometheus-node-exporter.oxn-external-monitoring.svc:9100", "timestamp": 1737549404.919, "sum(rate(node_cpu_seconds_total{mode!=\"idle\"}[1m])) by (instance)": 52.14043507746884, "cpu_usage": 52.14043507746884, "kubernetes_prometheus_rules": "kubernetes_prometheus_rules", "add_security_context": "NoTreatment", "delay_treatment": "NoTreatment"}, {"instance": "kube-prometheus-prometheus-node-exporter.oxn-external-monitoring.svc:9100", "timestamp": 1737549405.919, "sum(rate(node_cpu_seconds_total{mode!=\"idle\"}[1m])) by (instance)": 57.058106538175856, "cpu_usage": 57.058106538175856, "kubernetes_prometheus_rules": "kubernetes_prometheus_rules", "add_security_context": "NoTreatment", "delay_treatment": "NoTreatment"}, {"instance": "kube-prometheus-prometheus-node-exporter.oxn-external-monitoring.svc:9100", "timestamp": 1737549406.919, "sum(rate(node_cpu_seconds_total{mode!=\"idle\"}[1m])) by (instance)": 57.058106538175856, "cpu_usage": 57.058106538175856, "kubernetes_prometheus_rules": "kubernetes_prometheus_rules", "add_security_context": "NoTreatment", "delay_treatment": "NoTreatment"}, {"instance": "kube-prometheus-prometheus-node-exporter.oxn-external-monitoring.svc:9100", "timestamp": 1737549407.919, "sum(rate(node_cpu_seconds_total{mode!=\"idle\"}[1m])) by (instance)": 52.1141774044899, "cpu_usage": 52.1141774044899, "kubernetes_prometheus_rules": "kubernetes_prometheus_rules", "add_security_context": "add_security_context", "delay_treatment": "NoTreatment"}, {"instance": "kube-prometheus-prometheus-node-exporter.oxn-external-monitoring.svc:9100", "timestamp": 1737549408.919, "sum(rate(node_cpu_seconds_total{mode!=\"idle\"}[1m])) by (instance)": 52.1141774044899, "cpu_usage": 52.1141774044899, "kubernetes_prometheus_rules": "kubernetes_prometheus_rules", "add_security_context": "add_security_context", "delay_treatment": "delay_treatment"}, {"instance": "kube-prometheus-prometheus-node-exporter.oxn-external-monitoring.svc:9100", "timestamp": 1737549409.919, "sum(rate(node_cpu_seconds_total{mode!=\"idle\"}[1m])) by (instance)": 52.1141774044899, "cpu_usage": 52.1141774044899, "kubernetes_prometheus_rules": "kubernetes_prometheus_rules", "add_security_context": "add_security_context", "delay_treatment": "delay_treatment"}, {"instance": "kube-prometheus-prometheus-node-exporter.oxn-external-monitoring.svc:9100", "timestamp": 1737549410.919, "sum(rate(node_cpu_seconds_total{mode!=\"idle\"}[1m])) by (instance)": 57.03582379492258, "cpu_usage": 57.03582379492258, "kubernetes_prometheus_rules": "kubernetes_prometheus_rules", "add_security_context": "add_security_context", "delay_treatment": "delay_treatment"}, {"instance": "kube-prometheus-prometheus-node-exporter.oxn-external-monitoring.svc:9100", "timestamp": 1737549411.919, "sum(rate(node_cpu_seconds_total{mode!=\"idle\"}[1m])) by (instance)": 57.03582379492258, "cpu_usage": 57.03582379492258, "kubernetes_prometheus_rules": "kubernetes_prometheus_rules", "add_security_context": "add_security_context", "delay_treatment": "delay_treatment"}, {"instance": "kube-prometheus-prometheus-node-exporter.oxn-external-monitoring.svc:9100", "timestamp": 1737549412.919, "sum(rate(node_cpu_seconds_total{mode!=\"idle\"}[1m])) by (instance)": 52.094353730850166, "cpu_usage": 52.094353730850166, "kubernetes_prometheus_rules": "kubernetes_prometheus_rules", "add_security_context": "add_security_context", "delay_treatment": "delay_treatment"}, {"instance": "kube-prometheus-prometheus-node-exporter.oxn-external-monitoring.svc:9100", "timestamp": 1737549413.919, "sum(rate(node_cpu_seconds_total{mode!=\"idle\"}[1m])) by (instance)": 52.094353730850166, "cpu_usage": 52.094353730850166, "kubernetes_prometheus_rules": "kubernetes_prometheus_rules", "add_security_context": "add_security_context", "delay_treatment": "delay_treatment"}, {"instance": "kube-prometheus-prometheus-node-exporter.oxn-external-monitoring.svc:9100", "timestamp": 1737549414.919, "sum(rate(node_cpu_seconds_total{mode!=\"idle\"}[1m])) by (instance)": 52.094353730850166, "cpu_usage": 52.094353730850166, "kubernetes_prometheus_rules": "kubernetes_prometheus_rules", "add_security_context": "add_security_context", "delay_treatment": "delay_treatment"}, {"instance": "kube-prometheus-prometheus-node-exporter.oxn-external-monitoring.svc:9100", "timestamp": 1737549415.919, "sum(rate(node_cpu_seconds_total{mode!=\"idle\"}[1m])) by (instance)": 57.013350600872265, "cpu_usage": 57.013350600872265, "kubernetes_prometheus_rules": "kubernetes_prometheus_rules", "add_security_context": "add_security_context", "delay_treatment": "delay_treatment"}, {"instance": "kube-prometheus-prometheus-node-exporter.oxn-external-monitoring.svc:9100", "timestamp": 1737549416.919, "sum(rate(node_cpu_seconds_total{mode!=\"idle\"}[1m])) by (instance)": 57.013350600872265, "cpu_usage": 57.013350600872265, "kubernetes_prometheus_rules": "kubernetes_prometheus_rules", "add_security_context": "add_security_context", "delay_treatment": "delay_treatment"}, {"instance": "kube-prometheus-prometheus-node-exporter.oxn-external-monitoring.svc:9100", "timestamp": 1737549417.919, "sum(rate(node_cpu_seconds_total{mode!=\"idle\"}[1m])) by (instance)": 52.077486219068994, "cpu_usage": 52.077486219068994, "kubernetes_prometheus_rules": "kubernetes_prometheus_rules", "add_security_context": "add_security_context", "delay_treatment": "delay_treatment"}, {"instance": "kube-prometheus-prometheus-node-exporter.oxn-external-monitoring.svc:9100", "timestamp": 1737549418.919, "sum(rate(node_cpu_seconds_total{mode!=\"idle\"}[1m])) by (instance)": 52.077486219068994, "cpu_usage": 52.077486219068994, "kubernetes_prometheus_rules": "kubernetes_prometheus_rules", "add_security_context": "add_security_context", "delay_treatment": "delay_treatment"}, {"instance": "kube-prometheus-prometheus-node-exporter.oxn-external-monitoring.svc:9100", "timestamp": 1737549419.919, "sum(rate(node_cpu_seconds_total{mode!=\"idle\"}[1m])) by (instance)": 52.077486219068994, "cpu_usage": 52.077486219068994, "kubernetes_prometheus_rules": "kubernetes_prometheus_rules", "add_security_context": "add_security_context", "delay_treatment": "delay_treatment"}, {"instance": "kube-prometheus-prometheus-node-exporter.oxn-external-monitoring.svc:9100", "timestamp": 1737549420.919, "sum(rate(node_cpu_seconds_total{mode!=\"idle\"}[1m])) by (instance)": 56.99544822595082, "cpu_usage": 56.99544822595082, "kubernetes_prometheus_rules": "kubernetes_prometheus_rules", "add_security_context": "add_security_context", "delay_treatment": "delay_treatment"}, {"instance": "kube-prometheus-prometheus-node-exporter.oxn-external-monitoring.svc:9100", "timestamp": 1737549421.919, "sum(rate(node_cpu_seconds_total{mode!=\"idle\"}[1m])) by (instance)": 56.99544822595082, "cpu_usage": 56.99544822595082, "kubernetes_prometheus_rules": "kubernetes_prometheus_rules", "add_security_context": "add_security_context", "delay_treatment": "delay_treatment"}, {"instance": "kube-prometheus-prometheus-node-exporter.oxn-external-monitoring.svc:9100", "timestamp": 1737549422.919, "sum(rate(node_cpu_seconds_total{mode!=\"idle\"}[1m])) by (instance)": 52.0647921122646, "cpu_usage": 52.0647921122646, "kubernetes_prometheus_rules": "kubernetes_prometheus_rules", "add_security_context": "add_security_context", "delay_treatment": "delay_treatment"}, {"instance": "kube-prometheus-prometheus-node-exporter.oxn-external-monitoring.svc:9100", "timestamp": 1737549423.919, "sum(rate(node_cpu_seconds_total{mode!=\"idle\"}[1m])) by (instance)": 52.0647921122646, "cpu_usage": 52.0647921122646, "kubernetes_prometheus_rules": "kubernetes_prometheus_rules", "add_security_context": "add_security_context", "delay_treatment": "delay_treatment"}, {"instance": "kube-prometheus-prometheus-node-exporter.oxn-external-monitoring.svc:9100", "timestamp": 1737549424.919, "sum(rate(node_cpu_seconds_total{mode!=\"idle\"}[1m])) by (instance)": 52.0647921122646, "cpu_usage": 52.0647921122646, "kubernetes_prometheus_rules": "kubernetes_prometheus_rules", "add_security_context": "add_security_context", "delay_treatment": "delay_treatment"}, {"instance": "kube-prometheus-prometheus-node-exporter.oxn-external-monitoring.svc:9100", "timestamp": 1737549425.919, "sum(rate(node_cpu_seconds_total{mode!=\"idle\"}[1m])) by (instance)": 56.981354866970115, "cpu_usage": 56.981354866970115, "kubernetes_prometheus_rules": "kubernetes_prometheus_rules", "add_security_context": "add_security_context", "delay_treatment": "delay_treatment"}, {"instance": "kube-prometheus-prometheus-node-exporter.oxn-external-monitoring.svc:9100", "timestamp": 1737549426.919, "sum(rate(node_cpu_seconds_total{mode!=\"idle\"}[1m])) by (instance)": 56.981354866970115, "cpu_usage": 56.981354866970115, "kubernetes_prometheus_rules": "kubernetes_prometheus_rules", "add_security_context": "add_security_context", "delay_treatment": "delay_treatment"}, {"instance": "kube-prometheus-prometheus-node-exporter.oxn-external-monitoring.svc:9100", "timestamp": 1737549427.919, "sum(rate(node_cpu_seconds_total{mode!=\"idle\"}[1m])) by (instance)": 52.04601178986907, "cpu_usage": 52.04601178986907, "kubernetes_prometheus_rules": "kubernetes_prometheus_rules", "add_security_context": "add_security_context", "delay_treatment": "delay_treatment"}, {"instance": "kube-prometheus-prometheus-node-exporter.oxn-external-monitoring.svc:9100", "timestamp": 1737549428.919, "sum(rate(node_cpu_seconds_total{mode!=\"idle\"}[1m])) by (instance)": 52.04601178986907, "cpu_usage": 52.04601178986907, "kubernetes_prometheus_rules": "kubernetes_prometheus_rules", "add_security_context": "add_security_context", "delay_treatment": "delay_treatment"}, {"instance": "kube-prometheus-prometheus-node-exporter.oxn-external-monitoring.svc:9100", "timestamp": 1737549429.919, "sum(rate(node_cpu_seconds_total{mode!=\"idle\"}[1m])) by (instance)": 52.04601178986907, "cpu_usage": 52.04601178986907, "kubernetes_prometheus_rules": "kubernetes_prometheus_rules", "add_security_context": "add_security_context", "delay_treatment": "delay_treatment"}, {"instance": "kube-prometheus-prometheus-node-exporter.oxn-external-monitoring.svc:9100", "timestamp": 1737549430.919, "sum(rate(node_cpu_seconds_total{mode!=\"idle\"}[1m])) by (instance)": 0.15869868750000057, "cpu_usage": 0.15869868750000057, "kubernetes_prometheus_rules": "kubernetes_prometheus_rules", "add_security_context": "add_security_context", "delay_treatment": "delay_treatment"}, {"instance": "kube-prometheus-prometheus-node-exporter.oxn-external-monitoring.svc:9100", "timestamp": 1737549431.919, "sum(rate(node_cpu_seconds_total{mode!=\"idle\"}[1m])) by (instance)": 0.16218618750000058, "cpu_usage": 0.16218618750000058, "kubernetes_prometheus_rules": "kubernetes_prometheus_rules", "add_security_context": "add_security_context", "delay_treatment": "delay_treatment"}, {"instance": "kube-prometheus-prometheus-node-exporter.oxn-external-monitoring.svc:9100", "timestamp": 1737549432.919, "sum(rate(node_cpu_seconds_total{mode!=\"idle\"}[1m])) by (instance)": 0.16697127777777857, "cpu_usage": 0.16697127777777857, "kubernetes_prometheus_rules": "kubernetes_prometheus_rules", "add_security_context": "add_security_context", "delay_treatment": "delay_treatment"}, {"instance": "kube-prometheus-prometheus-node-exporter.oxn-external-monitoring.svc:9100", "timestamp": 1737549433.919, "sum(rate(node_cpu_seconds_total{mode!=\"idle\"}[1m])) by (instance)": 0.17048609259259337, "cpu_usage": 0.17048609259259337, "kubernetes_prometheus_rules": "kubernetes_prometheus_rules", "add_security_context": "add_security_context", "delay_treatment": "delay_treatment"}, {"instance": "kube-prometheus-prometheus-node-exporter.oxn-external-monitoring.svc:9100", "timestamp": 1737549434.919, "sum(rate(node_cpu_seconds_total{mode!=\"idle\"}[1m])) by (instance)": 0.1740009074074082, "cpu_usage": 0.1740009074074082, "kubernetes_prometheus_rules": "kubernetes_prometheus_rules", "add_security_context": "add_security_context", "delay_treatment": "delay_treatment"}, {"instance": "kube-prometheus-prometheus-node-exporter.oxn-external-monitoring.svc:9100", "timestamp": 1737549435.919, "sum(rate(node_cpu_seconds_total{mode!=\"idle\"}[1m])) by (instance)": 0.177515722222223, "cpu_usage": 0.177515722222223, "kubernetes_prometheus_rules": "kubernetes_prometheus_rules", "add_security_context": "add_security_context", "delay_treatment": "delay_treatment"}, {"instance": "kube-prometheus-prometheus-node-exporter.oxn-external-monitoring.svc:9100", "timestamp": 1737549436.919, "sum(rate(node_cpu_seconds_total{mode!=\"idle\"}[1m])) by (instance)": 0.18103053703703786, "cpu_usage": 0.18103053703703786, "kubernetes_prometheus_rules": "kubernetes_prometheus_rules", "add_security_context": "add_security_context", "delay_treatment": "delay_treatment"}, {"instance": "kube-prometheus-prometheus-node-exporter.oxn-external-monitoring.svc:9100", "timestamp": 1737549437.919, "sum(rate(node_cpu_seconds_total{mode!=\"idle\"}[1m])) by (instance)": 0.18901800000000013, "cpu_usage": 0.18901800000000013, "kubernetes_prometheus_rules": "kubernetes_prometheus_rules", "add_security_context": "add_security_context", "delay_treatment": "delay_treatment"}, {"instance": "kube-prometheus-prometheus-node-exporter.oxn-external-monitoring.svc:9100", "timestamp": 1737549438.919, "sum(rate(node_cpu_seconds_total{mode!=\"idle\"}[1m])) by (instance)": 0.19261800000000012, "cpu_usage": 0.19261800000000012, "kubernetes_prometheus_rules": "kubernetes_prometheus_rules", "add_security_context": "add_security_context", "delay_treatment": "delay_treatment"}, {"instance": "kube-prometheus-prometheus-node-exporter.oxn-external-monitoring.svc:9100", "timestamp": 1737549439.919, "sum(rate(node_cpu_seconds_total{mode!=\"idle\"}[1m])) by (instance)": 0.19621800000000011, "cpu_usage": 0.19621800000000011, "kubernetes_prometheus_rules": "kubernetes_prometheus_rules", "add_security_context": "add_security_context", "delay_treatment": "delay_treatment"}, {"instance": "kube-prometheus-prometheus-node-exporter.oxn-external-monitoring.svc:9100", "timestamp": 1737549440.919, "sum(rate(node_cpu_seconds_total{mode!=\"idle\"}[1m])) by (instance)": 0.19981800000000016, "cpu_usage": 0.19981800000000016, "kubernetes_prometheus_rules": "kubernetes_prometheus_rules", "add_security_context": "add_security_context", "delay_treatment": "delay_treatment"}, {"instance": "kube-prometheus-prometheus-node-exporter.oxn-external-monitoring.svc:9100", "timestamp": 1737549441.919, "sum(rate(node_cpu_seconds_total{mode!=\"idle\"}[1m])) by (instance)": 0.20341800000000013, "cpu_usage": 0.20341800000000013, "kubernetes_prometheus_rules": "kubernetes_prometheus_rules", "add_security_context": "add_security_context", "delay_treatment": "delay_treatment"}, {"instance": "kube-prometheus-prometheus-node-exporter.oxn-external-monitoring.svc:9100", "timestamp": 1737549442.919, "sum(rate(node_cpu_seconds_total{mode!=\"idle\"}[1m])) by (instance)": 0.2480000000000007, "cpu_usage": 0.2480000000000007, "kubernetes_prometheus_rules": "kubernetes_prometheus_rules", "add_security_context": "add_security_context", "delay_treatment": "delay_treatment"}, {"instance": "kube-prometheus-prometheus-node-exporter.oxn-external-monitoring.svc:9100", "timestamp": 1737549443.919, "sum(rate(node_cpu_seconds_total{mode!=\"idle\"}[1m])) by (instance)": 0.2480000000000007, "cpu_usage": 0.2480000000000007, "kubernetes_prometheus_rules": "kubernetes_prometheus_rules", "add_security_context": "add_security_context", "delay_treatment": "delay_treatment"}, {"instance": "kube-prometheus-prometheus-node-exporter.oxn-external-monitoring.svc:9100", "timestamp": 1737549444.919, "sum(rate(node_cpu_seconds_total{mode!=\"idle\"}[1m])) by (instance)": 0.2480000000000007, "cpu_usage": 0.2480000000000007, "kubernetes_prometheus_rules": "kubernetes_prometheus_rules", "add_security_context": "add_security_context", "delay_treatment": "delay_treatment"}, {"instance": "kube-prometheus-prometheus-node-exporter.oxn-external-monitoring.svc:9100", "timestamp": 1737549445.919, "sum(rate(node_cpu_seconds_total{mode!=\"idle\"}[1m])) by (instance)": 0.2480000000000007, "cpu_usage": 0.2480000000000007, "kubernetes_prometheus_rules": "kubernetes_prometheus_rules", "add_security_context": "add_security_context", "delay_treatment": "delay_treatment"}, {"instance": "kube-prometheus-prometheus-node-exporter.oxn-external-monitoring.svc:9100", "timestamp": 1737549446.919, "sum(rate(node_cpu_seconds_total{mode!=\"idle\"}[1m])) by (instance)": 0.2480000000000007, "cpu_usage": 0.2480000000000007, "kubernetes_prometheus_rules": "kubernetes_prometheus_rules", "add_security_context": "add_security_context", "delay_treatment": "delay_treatment"}, {"instance": "kube-prometheus-prometheus-node-exporter.oxn-external-monitoring.svc:9100", "timestamp": 1737549447.919, "sum(rate(node_cpu_seconds_total{mode!=\"idle\"}[1m])) by (instance)": 0.2469090909090923, "cpu_usage": 0.2469090909090923, "kubernetes_prometheus_rules": "kubernetes_prometheus_rules", "add_security_context": "add_security_context", "delay_treatment": "delay_treatment"}, {"instance": "kube-prometheus-prometheus-node-exporter.oxn-external-monitoring.svc:9100", "timestamp": 1737549448.919, "sum(rate(node_cpu_seconds_total{mode!=\"idle\"}[1m])) by (instance)": 0.2469090909090923, "cpu_usage": 0.2469090909090923, "kubernetes_prometheus_rules": "kubernetes_prometheus_rules", "add_security_context": "add_security_context", "delay_treatment": "delay_treatment"}, {"instance": "kube-prometheus-prometheus-node-exporter.oxn-external-monitoring.svc:9100", "timestamp": 1737549449.919, "sum(rate(node_cpu_seconds_total{mode!=\"idle\"}[1m])) by (instance)": 0.2469090909090923, "cpu_usage": 0.2469090909090923, "kubernetes_prometheus_rules": "kubernetes_prometheus_rules", "add_security_context": "add_security_context", "delay_treatment": "delay_treatment"}, {"instance": "kube-prometheus-prometheus-node-exporter.oxn-external-monitoring.svc:9100", "timestamp": 1737549450.919, "sum(rate(node_cpu_seconds_total{mode!=\"idle\"}[1m])) by (instance)": 0.2469090909090923, "cpu_usage": 0.2469090909090923, "kubernetes_prometheus_rules": "kubernetes_prometheus_rules", "add_security_context": "add_security_context", "delay_treatment": "delay_treatment"}, {"instance": "kube-prometheus-prometheus-node-exporter.oxn-external-monitoring.svc:9100", "timestamp": 1737549451.919, "sum(rate(node_cpu_seconds_total{mode!=\"idle\"}[1m])) by (instance)": 0.2469090909090923, "cpu_usage": 0.2469090909090923, "kubernetes_prometheus_rules": "kubernetes_prometheus_rules", "add_security_context": "add_security_context", "delay_treatment": "delay_treatment"}, {"instance": "kube-prometheus-prometheus-node-exporter.oxn-external-monitoring.svc:9100", "timestamp": 1737549452.919, "sum(rate(node_cpu_seconds_total{mode!=\"idle\"}[1m])) by (instance)": 0.2527272727272737, "cpu_usage": 0.2527272727272737, "kubernetes_prometheus_rules": "kubernetes_prometheus_rules", "add_security_context": "add_security_context", "delay_treatment": "delay_treatment"}, {"instance": "kube-prometheus-prometheus-node-exporter.oxn-external-monitoring.svc:9100", "timestamp": 1737549453.919, "sum(rate(node_cpu_seconds_total{mode!=\"idle\"}[1m])) by (instance)": 0.2527272727272737, "cpu_usage": 0.2527272727272737, "kubernetes_prometheus_rules": "kubernetes_prometheus_rules", "add_security_context": "add_security_context", "delay_treatment": "delay_treatment"}, {"instance": "kube-prometheus-prometheus-node-exporter.oxn-external-monitoring.svc:9100", "timestamp": 1737549454.919, "sum(rate(node_cpu_seconds_total{mode!=\"idle\"}[1m])) by (instance)": 0.2527272727272737, "cpu_usage": 0.2527272727272737, "kubernetes_prometheus_rules": "kubernetes_prometheus_rules", "add_security_context": "add_security_context", "delay_treatment": "delay_treatment"}, {"instance": "kube-prometheus-prometheus-node-exporter.oxn-external-monitoring.svc:9100", "timestamp": 1737549455.919, "sum(rate(node_cpu_seconds_total{mode!=\"idle\"}[1m])) by (instance)": 0.2527272727272737, "cpu_usage": 0.2527272727272737, "kubernetes_prometheus_rules": "kubernetes_prometheus_rules", "add_security_context": "add_security_context", "delay_treatment": "delay_treatment"}, {"instance": "kube-prometheus-prometheus-node-exporter.oxn-external-monitoring.svc:9100", "timestamp": 1737549456.919, "sum(rate(node_cpu_seconds_total{mode!=\"idle\"}[1m])) by (instance)": 0.2527272727272737, "cpu_usage": 0.2527272727272737, "kubernetes_prometheus_rules": "kubernetes_prometheus_rules", "add_security_context": "add_security_context", "delay_treatment": "delay_treatment"}, {"instance": "kube-prometheus-prometheus-node-exporter.oxn-external-monitoring.svc:9100", "timestamp": 1737549457.919, "sum(rate(node_cpu_seconds_total{mode!=\"idle\"}[1m])) by (instance)": 0.26745454545454417, "cpu_usage": 0.26745454545454417, "kubernetes_prometheus_rules": "kubernetes_prometheus_rules", "add_security_context": "add_security_context", "delay_treatment": "delay_treatment"}, {"instance": "kube-prometheus-prometheus-node-exporter.oxn-external-monitoring.svc:9100", "timestamp": 1737549458.919, "sum(rate(node_cpu_seconds_total{mode!=\"idle\"}[1m])) by (instance)": 0.26745454545454417, "cpu_usage": 0.26745454545454417, "kubernetes_prometheus_rules": "kubernetes_prometheus_rules", "add_security_context": "add_security_context", "delay_treatment": "delay_treatment"}, {"instance": "kube-prometheus-prometheus-node-exporter.oxn-external-monitoring.svc:9100", "timestamp": 1737549459.919, "sum(rate(node_cpu_seconds_total{mode!=\"idle\"}[1m])) by (instance)": 0.26745454545454417, "cpu_usage": 0.26745454545454417, "kubernetes_prometheus_rules": "kubernetes_prometheus_rules", "add_security_context": "add_security_context", "delay_treatment": "delay_treatment"}, {"instance": "kube-prometheus-prometheus-node-exporter.oxn-external-monitoring.svc:9100", "timestamp": 1737549460.919, "sum(rate(node_cpu_seconds_total{mode!=\"idle\"}[1m])) by (instance)": 0.26745454545454417, "cpu_usage": 0.26745454545454417, "kubernetes_prometheus_rules": "kubernetes_prometheus_rules", "add_security_context": "add_security_context", "delay_treatment": "delay_treatment"}, {"instance": "kube-prometheus-prometheus-node-exporter.oxn-external-monitoring.svc:9100", "timestamp": 1737549461.919, "sum(rate(node_cpu_seconds_total{mode!=\"idle\"}[1m])) by (instance)": 0.26745454545454417, "cpu_usage": 0.26745454545454417, "kubernetes_prometheus_rules": "kubernetes_prometheus_rules", "add_security_context": "add_security_context", "delay_treatment": "delay_treatment"}, {"instance": "kube-prometheus-prometheus-node-exporter.oxn-external-monitoring.svc:9100", "timestamp": 1737549462.919, "sum(rate(node_cpu_seconds_total{mode!=\"idle\"}[1m])) by (instance)": 0.26872727272727287, "cpu_usage": 0.26872727272727287, "kubernetes_prometheus_rules": "kubernetes_prometheus_rules", "add_security_context": "add_security_context", "delay_treatment": "delay_treatment"}, {"instance": "kube-prometheus-prometheus-node-exporter.oxn-external-monitoring.svc:9100", "timestamp": 1737549463.919, "sum(rate(node_cpu_seconds_total{mode!=\"idle\"}[1m])) by (instance)": 0.26872727272727287, "cpu_usage": 0.26872727272727287, "kubernetes_prometheus_rules": "kubernetes_prometheus_rules", "add_security_context": "add_security_context", "delay_treatment": "delay_treatment"}, {"instance": "kube-prometheus-prometheus-node-exporter.oxn-external-monitoring.svc:9100", "timestamp": 1737549464.919, "sum(rate(node_cpu_seconds_total{mode!=\"idle\"}[1m])) by (instance)": 0.26872727272727287, "cpu_usage": 0.26872727272727287, "kubernetes_prometheus_rules": "kubernetes_prometheus_rules", "add_security_context": "add_security_context", "delay_treatment": "delay_treatment"}, {"instance": "kube-prometheus-prometheus-node-exporter.oxn-external-monitoring.svc:9100", "timestamp": 1737549465.919, "sum(rate(node_cpu_seconds_total{mode!=\"idle\"}[1m])) by (instance)": 0.26872727272727287, "cpu_usage": 0.26872727272727287, "kubernetes_prometheus_rules": "kubernetes_prometheus_rules", "add_security_context": "add_security_context", "delay_treatment": "delay_treatment"}, {"instance": "kube-prometheus-prometheus-node-exporter.oxn-external-monitoring.svc:9100", "timestamp": 1737549466.919, "sum(rate(node_cpu_seconds_total{mode!=\"idle\"}[1m])) by (instance)": 0.26872727272727287, "cpu_usage": 0.26872727272727287, "kubernetes_prometheus_rules": "kubernetes_prometheus_rules", "add_security_context": "add_security_context", "delay_treatment": "delay_treatment"}, {"instance": "kube-prometheus-prometheus-node-exporter.oxn-external-monitoring.svc:9100", "timestamp": 1737549467.919, "sum(rate(node_cpu_seconds_total{mode!=\"idle\"}[1m])) by (instance)": 0.2719999999999996, "cpu_usage": 0.2719999999999996, "kubernetes_prometheus_rules": "kubernetes_prometheus_rules", "add_security_context": "add_security_context", "delay_treatment": "delay_treatment"}, {"instance": "kube-prometheus-prometheus-node-exporter.oxn-external-monitoring.svc:9100", "timestamp": 1737549468.919, "sum(rate(node_cpu_seconds_total{mode!=\"idle\"}[1m])) by (instance)": 0.2719999999999996, "cpu_usage": 0.2719999999999996, "kubernetes_prometheus_rules": "kubernetes_prometheus_rules", "add_security_context": "add_security_context", "delay_treatment": "delay_treatment"}, {"instance": "kube-prometheus-prometheus-node-exporter.oxn-external-monitoring.svc:9100", "timestamp": 1737549469.919, "sum(rate(node_cpu_seconds_total{mode!=\"idle\"}[1m])) by (instance)": 0.2719999999999996, "cpu_usage": 0.2719999999999996, "kubernetes_prometheus_rules": "kubernetes_prometheus_rules", "add_security_context": "add_security_context", "delay_treatment": "delay_treatment"}, {"instance": "kube-prometheus-prometheus-node-exporter.oxn-external-monitoring.svc:9100", "timestamp": 1737549470.919, "sum(rate(node_cpu_seconds_total{mode!=\"idle\"}[1m])) by (instance)": 0.2719999999999996, "cpu_usage": 0.2719999999999996, "kubernetes_prometheus_rules": "kubernetes_prometheus_rules", "add_security_context": "add_security_context", "delay_treatment": "delay_treatment"}, {"instance": "kube-prometheus-prometheus-node-exporter.oxn-external-monitoring.svc:9100", "timestamp": 1737549471.919, "sum(rate(node_cpu_seconds_total{mode!=\"idle\"}[1m])) by (instance)": 0.2719999999999996, "cpu_usage": 0.2719999999999996, "kubernetes_prometheus_rules": "kubernetes_prometheus_rules", "add_security_context": "add_security_context", "delay_treatment": "delay_treatment"}, {"instance": "kube-prometheus-prometheus-node-exporter.oxn-external-monitoring.svc:9100", "timestamp": 1737549472.919, "sum(rate(node_cpu_seconds_total{mode!=\"idle\"}[1m])) by (instance)": 0.2683636363636365, "cpu_usage": 0.2683636363636365, "kubernetes_prometheus_rules": "kubernetes_prometheus_rules", "add_security_context": "add_security_context", "delay_treatment": "delay_treatment"}, {"instance": "kube-prometheus-prometheus-node-exporter.oxn-external-monitoring.svc:9100", "timestamp": 1737549473.919, "sum(rate(node_cpu_seconds_total{mode!=\"idle\"}[1m])) by (instance)": 0.2683636363636365, "cpu_usage": 0.2683636363636365, "kubernetes_prometheus_rules": "kubernetes_prometheus_rules", "add_security_context": "add_security_context", "delay_treatment": "delay_treatment"}, {"instance": "kube-prometheus-prometheus-node-exporter.oxn-external-monitoring.svc:9100", "timestamp": 1737549474.919, "sum(rate(node_cpu_seconds_total{mode!=\"idle\"}[1m])) by (instance)": 0.2683636363636365, "cpu_usage": 0.2683636363636365, "kubernetes_prometheus_rules": "kubernetes_prometheus_rules", "add_security_context": "add_security_context", "delay_treatment": "delay_treatment"}, {"instance": "kube-prometheus-prometheus-node-exporter.oxn-external-monitoring.svc:9100", "timestamp": 1737549475.919, "sum(rate(node_cpu_seconds_total{mode!=\"idle\"}[1m])) by (instance)": 0.2683636363636365, "cpu_usage": 0.2683636363636365, "kubernetes_prometheus_rules": "kubernetes_prometheus_rules", "add_security_context": "add_security_context", "delay_treatment": "delay_treatment"}, {"instance": "kube-prometheus-prometheus-node-exporter.oxn-external-monitoring.svc:9100", "timestamp": 1737549476.919, "sum(rate(node_cpu_seconds_total{mode!=\"idle\"}[1m])) by (instance)": 0.2683636363636365, "cpu_usage": 0.2683636363636365, "kubernetes_prometheus_rules": "kubernetes_prometheus_rules", "add_security_context": "add_security_context", "delay_treatment": "delay_treatment"}, {"instance": "kube-prometheus-prometheus-node-exporter.oxn-external-monitoring.svc:9100", "timestamp": 1737549477.919, "sum(rate(node_cpu_seconds_total{mode!=\"idle\"}[1m])) by (instance)": 0.2623636363636377, "cpu_usage": 0.2623636363636377, "kubernetes_prometheus_rules": "kubernetes_prometheus_rules", "add_security_context": "add_security_context", "delay_treatment": "delay_treatment"}, {"instance": "kube-prometheus-prometheus-node-exporter.oxn-external-monitoring.svc:9100", "timestamp": 1737549478.919, "sum(rate(node_cpu_seconds_total{mode!=\"idle\"}[1m])) by (instance)": 0.2623636363636377, "cpu_usage": 0.2623636363636377, "kubernetes_prometheus_rules": "kubernetes_prometheus_rules", "add_security_context": "add_security_context", "delay_treatment": "delay_treatment"}, {"instance": "kube-prometheus-prometheus-node-exporter.oxn-external-monitoring.svc:9100", "timestamp": 1737549479.919, "sum(rate(node_cpu_seconds_total{mode!=\"idle\"}[1m])) by (instance)": 0.2623636363636377, "cpu_usage": 0.2623636363636377, "kubernetes_prometheus_rules": "kubernetes_prometheus_rules", "add_security_context": "add_security_context", "delay_treatment": "delay_treatment"}, {"instance": "kube-prometheus-prometheus-node-exporter.oxn-external-monitoring.svc:9100", "timestamp": 1737549480.919, "sum(rate(node_cpu_seconds_total{mode!=\"idle\"}[1m])) by (instance)": 0.2623636363636377, "cpu_usage": 0.2623636363636377, "kubernetes_prometheus_rules": "kubernetes_prometheus_rules", "add_security_context": "add_security_context", "delay_treatment": "delay_treatment"}, {"instance": "kube-prometheus-prometheus-node-exporter.oxn-external-monitoring.svc:9100", "timestamp": 1737549481.919, "sum(rate(node_cpu_seconds_total{mode!=\"idle\"}[1m])) by (instance)": 0.2623636363636377, "cpu_usage": 0.2623636363636377, "kubernetes_prometheus_rules": "kubernetes_prometheus_rules", "add_security_context": "add_security_context", "delay_treatment": "delay_treatment"}, {"instance": "kube-prometheus-prometheus-node-exporter.oxn-external-monitoring.svc:9100", "timestamp": 1737549482.919, "sum(rate(node_cpu_seconds_total{mode!=\"idle\"}[1m])) by (instance)": 0.2667272727272737, "cpu_usage": 0.2667272727272737, "kubernetes_prometheus_rules": "kubernetes_prometheus_rules", "add_security_context": "add_security_context", "delay_treatment": "delay_treatment"}, {"instance": "kube-prometheus-prometheus-node-exporter.oxn-external-monitoring.svc:9100", "timestamp": 1737549483.919, "sum(rate(node_cpu_seconds_total{mode!=\"idle\"}[1m])) by (instance)": 0.2667272727272737, "cpu_usage": 0.2667272727272737, "kubernetes_prometheus_rules": "kubernetes_prometheus_rules", "add_security_context": "add_security_context", "delay_treatment": "delay_treatment"}, {"instance": "kube-prometheus-prometheus-node-exporter.oxn-external-monitoring.svc:9100", "timestamp": 1737549484.919, "sum(rate(node_cpu_seconds_total{mode!=\"idle\"}[1m])) by (instance)": 0.2667272727272737, "cpu_usage": 0.2667272727272737, "kubernetes_prometheus_rules": "kubernetes_prometheus_rules", "add_security_context": "add_security_context", "delay_treatment": "delay_treatment"}, {"instance": "kube-prometheus-prometheus-node-exporter.oxn-external-monitoring.svc:9100", "timestamp": 1737549485.919, "sum(rate(node_cpu_seconds_total{mode!=\"idle\"}[1m])) by (instance)": 0.2667272727272737, "cpu_usage": 0.2667272727272737, "kubernetes_prometheus_rules": "kubernetes_prometheus_rules", "add_security_context": "add_security_context", "delay_treatment": "delay_treatment"}, {"instance": "kube-prometheus-prometheus-node-exporter.oxn-external-monitoring.svc:9100", "timestamp": 1737549486.919, "sum(rate(node_cpu_seconds_total{mode!=\"idle\"}[1m])) by (instance)": 0.2667272727272737, "cpu_usage": 0.2667272727272737, "kubernetes_prometheus_rules": "kubernetes_prometheus_rules", "add_security_context": "add_security_context", "delay_treatment": "delay_treatment"}, {"instance": "kube-prometheus-prometheus-node-exporter.oxn-external-monitoring.svc:9100", "timestamp": 1737549487.919, "sum(rate(node_cpu_seconds_total{mode!=\"idle\"}[1m])) by (instance)": 0.2690909090909078, "cpu_usage": 0.2690909090909078, "kubernetes_prometheus_rules": "kubernetes_prometheus_rules", "add_security_context": "add_security_context", "delay_treatment": "delay_treatment"}, {"instance": "kube-prometheus-prometheus-node-exporter.oxn-external-monitoring.svc:9100", "timestamp": 1737549488.919, "sum(rate(node_cpu_seconds_total{mode!=\"idle\"}[1m])) by (instance)": 0.2690909090909078, "cpu_usage": 0.2690909090909078, "kubernetes_prometheus_rules": "kubernetes_prometheus_rules", "add_security_context": "add_security_context", "delay_treatment": "delay_treatment"}, {"instance": "kube-prometheus-prometheus-node-exporter.oxn-external-monitoring.svc:9100", "timestamp": 1737549489.919, "sum(rate(node_cpu_seconds_total{mode!=\"idle\"}[1m])) by (instance)": 0.2690909090909078, "cpu_usage": 0.2690909090909078, "kubernetes_prometheus_rules": "kubernetes_prometheus_rules", "add_security_context": "add_security_context", "delay_treatment": "delay_treatment"}, {"instance": "kube-prometheus-prometheus-node-exporter.oxn-external-monitoring.svc:9100", "timestamp": 1737549490.919, "sum(rate(node_cpu_seconds_total{mode!=\"idle\"}[1m])) by (instance)": 0.2690909090909078, "cpu_usage": 0.2690909090909078, "kubernetes_prometheus_rules": "kubernetes_prometheus_rules", "add_security_context": "add_security_context", "delay_treatment": "delay_treatment"}, {"instance": "kube-prometheus-prometheus-node-exporter.oxn-external-monitoring.svc:9100", "timestamp": 1737549491.919, "sum(rate(node_cpu_seconds_total{mode!=\"idle\"}[1m])) by (instance)": 0.2690909090909078, "cpu_usage": 0.2690909090909078, "kubernetes_prometheus_rules": "kubernetes_prometheus_rules", "add_security_context": "add_security_context", "delay_treatment": "delay_treatment"}, {"instance": "kube-prometheus-prometheus-node-exporter.oxn-external-monitoring.svc:9100", "timestamp": 1737549492.919, "sum(rate(node_cpu_seconds_total{mode!=\"idle\"}[1m])) by (instance)": 0.26727272727272683, "cpu_usage": 0.26727272727272683, "kubernetes_prometheus_rules": "kubernetes_prometheus_rules", "add_security_context": "add_security_context", "delay_treatment": "delay_treatment"}, {"instance": "kube-prometheus-prometheus-node-exporter.oxn-external-monitoring.svc:9100", "timestamp": 1737549493.919, "sum(rate(node_cpu_seconds_total{mode!=\"idle\"}[1m])) by (instance)": 0.26727272727272683, "cpu_usage": 0.26727272727272683, "kubernetes_prometheus_rules": "kubernetes_prometheus_rules", "add_security_context": "add_security_context", "delay_treatment": "delay_treatment"}, {"instance": "kube-prometheus-prometheus-node-exporter.oxn-external-monitoring.svc:9100", "timestamp": 1737549494.919, "sum(rate(node_cpu_seconds_total{mode!=\"idle\"}[1m])) by (instance)": 0.26727272727272683, "cpu_usage": 0.26727272727272683, "kubernetes_prometheus_rules": "kubernetes_prometheus_rules", "add_security_context": "add_security_context", "delay_treatment": "delay_treatment"}, {"instance": "kube-prometheus-prometheus-node-exporter.oxn-external-monitoring.svc:9100", "timestamp": 1737549495.919, "sum(rate(node_cpu_seconds_total{mode!=\"idle\"}[1m])) by (instance)": 0.26727272727272683, "cpu_usage": 0.26727272727272683, "kubernetes_prometheus_rules": "kubernetes_prometheus_rules", "add_security_context": "add_security_context", "delay_treatment": "delay_treatment"}, {"instance": "kube-prometheus-prometheus-node-exporter.oxn-external-monitoring.svc:9100", "timestamp": 1737549496.919, "sum(rate(node_cpu_seconds_total{mode!=\"idle\"}[1m])) by (instance)": 0.26727272727272683, "cpu_usage": 0.26727272727272683, "kubernetes_prometheus_rules": "kubernetes_prometheus_rules", "add_security_context": "add_security_context", "delay_treatment": "delay_treatment"}, {"instance": "kube-prometheus-prometheus-node-exporter.oxn-external-monitoring.svc:9100", "timestamp": 1737549497.919, "sum(rate(node_cpu_seconds_total{mode!=\"idle\"}[1m])) by (instance)": 0.23763636363636387, "cpu_usage": 0.23763636363636387, "kubernetes_prometheus_rules": "kubernetes_prometheus_rules", "add_security_context": "add_security_context", "delay_treatment": "delay_treatment"}, {"instance": "kube-prometheus-prometheus-node-exporter.oxn-external-monitoring.svc:9100", "timestamp": 1737549498.919, "sum(rate(node_cpu_seconds_total{mode!=\"idle\"}[1m])) by (instance)": 0.23763636363636387, "cpu_usage": 0.23763636363636387, "kubernetes_prometheus_rules": "kubernetes_prometheus_rules", "add_security_context": "add_security_context", "delay_treatment": "delay_treatment"}, {"instance": "kube-prometheus-prometheus-node-exporter.oxn-external-monitoring.svc:9100", "timestamp": 1737549499.919, "sum(rate(node_cpu_seconds_total{mode!=\"idle\"}[1m])) by (instance)": 0.23763636363636387, "cpu_usage": 0.23763636363636387, "kubernetes_prometheus_rules": "kubernetes_prometheus_rules", "add_security_context": "add_security_context", "delay_treatment": "delay_treatment"}, {"instance": "kube-prometheus-prometheus-node-exporter.oxn-external-monitoring.svc:9100", "timestamp": 1737549500.919, "sum(rate(node_cpu_seconds_total{mode!=\"idle\"}[1m])) by (instance)": 0.23763636363636387, "cpu_usage": 0.23763636363636387, "kubernetes_prometheus_rules": "kubernetes_prometheus_rules", "add_security_context": "add_security_context", "delay_treatment": "delay_treatment"}, {"instance": "kube-prometheus-prometheus-node-exporter.oxn-external-monitoring.svc:9100", "timestamp": 1737549501.919, "sum(rate(node_cpu_seconds_total{mode!=\"idle\"}[1m])) by (instance)": 0.23763636363636387, "cpu_usage": 0.23763636363636387, "kubernetes_prometheus_rules": "kubernetes_prometheus_rules", "add_security_context": "add_security_context", "delay_treatment": "delay_treatment"}, {"instance": "kube-prometheus-prometheus-node-exporter.oxn-external-monitoring.svc:9100", "timestamp": 1737549502.919, "sum(rate(node_cpu_seconds_total{mode!=\"idle\"}[1m])) by (instance)": 0.24818181818181742, "cpu_usage": 0.24818181818181742, "kubernetes_prometheus_rules": "kubernetes_prometheus_rules", "add_security_context": "add_security_context", "delay_treatment": "delay_treatment"}, {"instance": "kube-prometheus-prometheus-node-exporter.oxn-external-monitoring.svc:9100", "timestamp": 1737549503.919, "sum(rate(node_cpu_seconds_total{mode!=\"idle\"}[1m])) by (instance)": 0.24818181818181742, "cpu_usage": 0.24818181818181742, "kubernetes_prometheus_rules": "kubernetes_prometheus_rules", "add_security_context": "add_security_context", "delay_treatment": "delay_treatment"}, {"instance": "kube-prometheus-prometheus-node-exporter.oxn-external-monitoring.svc:9100", "timestamp": 1737549504.919, "sum(rate(node_cpu_seconds_total{mode!=\"idle\"}[1m])) by (instance)": 0.24818181818181742, "cpu_usage": 0.24818181818181742, "kubernetes_prometheus_rules": "kubernetes_prometheus_rules", "add_security_context": "add_security_context", "delay_treatment": "delay_treatment"}, {"instance": "kube-prometheus-prometheus-node-exporter.oxn-external-monitoring.svc:9100", "timestamp": 1737549505.919, "sum(rate(node_cpu_seconds_total{mode!=\"idle\"}[1m])) by (instance)": 0.24818181818181742, "cpu_usage": 0.24818181818181742, "kubernetes_prometheus_rules": "kubernetes_prometheus_rules", "add_security_context": "add_security_context", "delay_treatment": "delay_treatment"}, {"instance": "kube-prometheus-prometheus-node-exporter.oxn-external-monitoring.svc:9100", "timestamp": 1737549506.919, "sum(rate(node_cpu_seconds_total{mode!=\"idle\"}[1m])) by (instance)": 0.24818181818181742, "cpu_usage": 0.24818181818181742, "kubernetes_prometheus_rules": "kubernetes_prometheus_rules", "add_security_context": "add_security_context", "delay_treatment": "delay_treatment"}, {"instance": "kube-prometheus-prometheus-node-exporter.oxn-external-monitoring.svc:9100", "timestamp": 1737549507.919, "sum(rate(node_cpu_seconds_total{mode!=\"idle\"}[1m])) by (instance)": 0.2470909090909082, "cpu_usage": 0.2470909090909082, "kubernetes_prometheus_rules": "kubernetes_prometheus_rules", "add_security_context": "add_security_context", "delay_treatment": "delay_treatment"}, {"instance": "kube-prometheus-prometheus-node-exporter.oxn-external-monitoring.svc:9100", "timestamp": 1737549508.919, "sum(rate(node_cpu_seconds_total{mode!=\"idle\"}[1m])) by (instance)": 0.2470909090909082, "cpu_usage": 0.2470909090909082, "kubernetes_prometheus_rules": "kubernetes_prometheus_rules", "add_security_context": "add_security_context", "delay_treatment": "delay_treatment"}, {"instance": "kube-prometheus-prometheus-node-exporter.oxn-external-monitoring.svc:9100", "timestamp": 1737549509.919, "sum(rate(node_cpu_seconds_total{mode!=\"idle\"}[1m])) by (instance)": 0.2470909090909082, "cpu_usage": 0.2470909090909082, "kubernetes_prometheus_rules": "kubernetes_prometheus_rules", "add_security_context": "add_security_context", "delay_treatment": "delay_treatment"}, {"instance": "kube-prometheus-prometheus-node-exporter.oxn-external-monitoring.svc:9100", "timestamp": 1737549510.919, "sum(rate(node_cpu_seconds_total{mode!=\"idle\"}[1m])) by (instance)": 0.2470909090909082, "cpu_usage": 0.2470909090909082, "kubernetes_prometheus_rules": "kubernetes_prometheus_rules", "add_security_context": "add_security_context", "delay_treatment": "delay_treatment"}, {"instance": "kube-prometheus-prometheus-node-exporter.oxn-external-monitoring.svc:9100", "timestamp": 1737549511.919, "sum(rate(node_cpu_seconds_total{mode!=\"idle\"}[1m])) by (instance)": 0.2470909090909082, "cpu_usage": 0.2470909090909082, "kubernetes_prometheus_rules": "kubernetes_prometheus_rules", "add_security_context": "add_security_context", "delay_treatment": "delay_treatment"}, {"instance": "kube-prometheus-prometheus-node-exporter.oxn-external-monitoring.svc:9100", "timestamp": 1737549512.919, "sum(rate(node_cpu_seconds_total{mode!=\"idle\"}[1m])) by (instance)": 0.24672727272727216, "cpu_usage": 0.24672727272727216, "kubernetes_prometheus_rules": "kubernetes_prometheus_rules", "add_security_context": "add_security_context", "delay_treatment": "delay_treatment"}, {"instance": "kube-prometheus-prometheus-node-exporter.oxn-external-monitoring.svc:9100", "timestamp": 1737549513.919, "sum(rate(node_cpu_seconds_total{mode!=\"idle\"}[1m])) by (instance)": 0.24672727272727216, "cpu_usage": 0.24672727272727216, "kubernetes_prometheus_rules": "kubernetes_prometheus_rules", "add_security_context": "add_security_context", "delay_treatment": "delay_treatment"}, {"instance": "kube-prometheus-prometheus-node-exporter.oxn-external-monitoring.svc:9100", "timestamp": 1737549514.919, "sum(rate(node_cpu_seconds_total{mode!=\"idle\"}[1m])) by (instance)": 0.24672727272727216, "cpu_usage": 0.24672727272727216, "kubernetes_prometheus_rules": "kubernetes_prometheus_rules", "add_security_context": "add_security_context", "delay_treatment": "delay_treatment"}, {"instance": "kube-prometheus-prometheus-node-exporter.oxn-external-monitoring.svc:9100", "timestamp": 1737549515.919, "sum(rate(node_cpu_seconds_total{mode!=\"idle\"}[1m])) by (instance)": 0.24672727272727216, "cpu_usage": 0.24672727272727216, "kubernetes_prometheus_rules": "kubernetes_prometheus_rules", "add_security_context": "add_security_context", "delay_treatment": "delay_treatment"}, {"instance": "kube-prometheus-prometheus-node-exporter.oxn-external-monitoring.svc:9100", "timestamp": 1737549516.919, "sum(rate(node_cpu_seconds_total{mode!=\"idle\"}[1m])) by (instance)": 0.24672727272727216, "cpu_usage": 0.24672727272727216, "kubernetes_prometheus_rules": "kubernetes_prometheus_rules", "add_security_context": "add_security_context", "delay_treatment": "delay_treatment"}, {"instance": "kube-prometheus-prometheus-node-exporter.oxn-external-monitoring.svc:9100", "timestamp": 1737549517.919, "sum(rate(node_cpu_seconds_total{mode!=\"idle\"}[1m])) by (instance)": 0.24745454545454362, "cpu_usage": 0.24745454545454362, "kubernetes_prometheus_rules": "kubernetes_prometheus_rules", "add_security_context": "add_security_context", "delay_treatment": "delay_treatment"}, {"instance": "kube-prometheus-prometheus-node-exporter.oxn-external-monitoring.svc:9100", "timestamp": 1737549518.919, "sum(rate(node_cpu_seconds_total{mode!=\"idle\"}[1m])) by (instance)": 0.24745454545454362, "cpu_usage": 0.24745454545454362, "kubernetes_prometheus_rules": "kubernetes_prometheus_rules", "add_security_context": "add_security_context", "delay_treatment": "delay_treatment"}, {"instance": "kube-prometheus-prometheus-node-exporter.oxn-external-monitoring.svc:9100", "timestamp": 1737549519.919, "sum(rate(node_cpu_seconds_total{mode!=\"idle\"}[1m])) by (instance)": 0.24745454545454362, "cpu_usage": 0.24745454545454362, "kubernetes_prometheus_rules": "kubernetes_prometheus_rules", "add_security_context": "add_security_context", "delay_treatment": "delay_treatment"}, {"instance": "kube-prometheus-prometheus-node-exporter.oxn-external-monitoring.svc:9100", "timestamp": 1737549520.919, "sum(rate(node_cpu_seconds_total{mode!=\"idle\"}[1m])) by (instance)": 0.24745454545454362, "cpu_usage": 0.24745454545454362, "kubernetes_prometheus_rules": "kubernetes_prometheus_rules", "add_security_context": "add_security_context", "delay_treatment": "delay_treatment"}, {"instance": "kube-prometheus-prometheus-node-exporter.oxn-external-monitoring.svc:9100", "timestamp": 1737549521.919, "sum(rate(node_cpu_seconds_total{mode!=\"idle\"}[1m])) by (instance)": 0.24745454545454362, "cpu_usage": 0.24745454545454362, "kubernetes_prometheus_rules": "kubernetes_prometheus_rules", "add_security_context": "add_security_context", "delay_treatment": "delay_treatment"}, {"instance": "kube-prometheus-prometheus-node-exporter.oxn-external-monitoring.svc:9100", "timestamp": 1737549522.919, "sum(rate(node_cpu_seconds_total{mode!=\"idle\"}[1m])) by (instance)": 0.24545454545454573, "cpu_usage": 0.24545454545454573, "kubernetes_prometheus_rules": "kubernetes_prometheus_rules", "add_security_context": "add_security_context", "delay_treatment": "delay_treatment"}, {"instance": "kube-prometheus-prometheus-node-exporter.oxn-external-monitoring.svc:9100", "timestamp": 1737549523.919, "sum(rate(node_cpu_seconds_total{mode!=\"idle\"}[1m])) by (instance)": 0.24545454545454573, "cpu_usage": 0.24545454545454573, "kubernetes_prometheus_rules": "kubernetes_prometheus_rules", "add_security_context": "add_security_context", "delay_treatment": "delay_treatment"}, {"instance": "kube-prometheus-prometheus-node-exporter.oxn-external-monitoring.svc:9100", "timestamp": 1737549524.919, "sum(rate(node_cpu_seconds_total{mode!=\"idle\"}[1m])) by (instance)": 0.24545454545454573, "cpu_usage": 0.24545454545454573, "kubernetes_prometheus_rules": "kubernetes_prometheus_rules", "add_security_context": "add_security_context", "delay_treatment": "delay_treatment"}, {"instance": "kube-prometheus-prometheus-node-exporter.oxn-external-monitoring.svc:9100", "timestamp": 1737549525.919, "sum(rate(node_cpu_seconds_total{mode!=\"idle\"}[1m])) by (instance)": 0.24545454545454573, "cpu_usage": 0.24545454545454573, "kubernetes_prometheus_rules": "kubernetes_prometheus_rules", "add_security_context": "add_security_context", "delay_treatment": "delay_treatment"}, {"instance": "kube-prometheus-prometheus-node-exporter.oxn-external-monitoring.svc:9100", "timestamp": 1737549526.919, "sum(rate(node_cpu_seconds_total{mode!=\"idle\"}[1m])) by (instance)": 0.24545454545454573, "cpu_usage": 0.24545454545454573, "kubernetes_prometheus_rules": "kubernetes_prometheus_rules", "add_security_context": "add_security_context", "delay_treatment": "delay_treatment"}, {"instance": "kube-prometheus-prometheus-node-exporter.oxn-external-monitoring.svc:9100", "timestamp": 1737549527.919, "sum(rate(node_cpu_seconds_total{mode!=\"idle\"}[1m])) by (instance)": 0.251636363636364, "cpu_usage": 0.251636363636364, "kubernetes_prometheus_rules": "kubernetes_prometheus_rules", "add_security_context": "add_security_context", "delay_treatment": "delay_treatment"}, {"instance": "kube-prometheus-prometheus-node-exporter.oxn-external-monitoring.svc:9100", "timestamp": 1737549528.919, "sum(rate(node_cpu_seconds_total{mode!=\"idle\"}[1m])) by (instance)": 0.251636363636364, "cpu_usage": 0.251636363636364, "kubernetes_prometheus_rules": "kubernetes_prometheus_rules", "add_security_context": "add_security_context", "delay_treatment": "delay_treatment"}, {"instance": "kube-prometheus-prometheus-node-exporter.oxn-external-monitoring.svc:9100", "timestamp": 1737549529.919, "sum(rate(node_cpu_seconds_total{mode!=\"idle\"}[1m])) by (instance)": 0.251636363636364, "cpu_usage": 0.251636363636364, "kubernetes_prometheus_rules": "kubernetes_prometheus_rules", "add_security_context": "add_security_context", "delay_treatment": "delay_treatment"}, {"instance": "kube-prometheus-prometheus-node-exporter.oxn-external-monitoring.svc:9100", "timestamp": 1737549530.919, "sum(rate(node_cpu_seconds_total{mode!=\"idle\"}[1m])) by (instance)": 0.251636363636364, "cpu_usage": 0.251636363636364, "kubernetes_prometheus_rules": "kubernetes_prometheus_rules", "add_security_context": "add_security_context", "delay_treatment": "delay_treatment"}, {"instance": "kube-prometheus-prometheus-node-exporter.oxn-external-monitoring.svc:9100", "timestamp": 1737549531.919, "sum(rate(node_cpu_seconds_total{mode!=\"idle\"}[1m])) by (instance)": 0.251636363636364, "cpu_usage": 0.251636363636364, "kubernetes_prometheus_rules": "kubernetes_prometheus_rules", "add_security_context": "add_security_context", "delay_treatment": "delay_treatment"}, {"instance": "kube-prometheus-prometheus-node-exporter.oxn-external-monitoring.svc:9100", "timestamp": 1737549532.919, "sum(rate(node_cpu_seconds_total{mode!=\"idle\"}[1m])) by (instance)": 0.24909090909090711, "cpu_usage": 0.24909090909090711, "kubernetes_prometheus_rules": "kubernetes_prometheus_rules", "add_security_context": "add_security_context", "delay_treatment": "delay_treatment"}, {"instance": "kube-prometheus-prometheus-node-exporter.oxn-external-monitoring.svc:9100", "timestamp": 1737549533.919, "sum(rate(node_cpu_seconds_total{mode!=\"idle\"}[1m])) by (instance)": 0.24909090909090711, "cpu_usage": 0.24909090909090711, "kubernetes_prometheus_rules": "kubernetes_prometheus_rules", "add_security_context": "add_security_context", "delay_treatment": "delay_treatment"}, {"instance": "kube-prometheus-prometheus-node-exporter.oxn-external-monitoring.svc:9100", "timestamp": 1737549534.919, "sum(rate(node_cpu_seconds_total{mode!=\"idle\"}[1m])) by (instance)": 0.24909090909090711, "cpu_usage": 0.24909090909090711, "kubernetes_prometheus_rules": "kubernetes_prometheus_rules", "add_security_context": "add_security_context", "delay_treatment": "delay_treatment"}, {"instance": "kube-prometheus-prometheus-node-exporter.oxn-external-monitoring.svc:9100", "timestamp": 1737549535.919, "sum(rate(node_cpu_seconds_total{mode!=\"idle\"}[1m])) by (instance)": 0.24909090909090711, "cpu_usage": 0.24909090909090711, "kubernetes_prometheus_rules": "kubernetes_prometheus_rules", "add_security_context": "add_security_context", "delay_treatment": "delay_treatment"}, {"instance": "kube-prometheus-prometheus-node-exporter.oxn-external-monitoring.svc:9100", "timestamp": 1737549536.919, "sum(rate(node_cpu_seconds_total{mode!=\"idle\"}[1m])) by (instance)": 0.24909090909090711, "cpu_usage": 0.24909090909090711, "kubernetes_prometheus_rules": "kubernetes_prometheus_rules", "add_security_context": "add_security_context", "delay_treatment": "delay_treatment"}, {"instance": "kube-prometheus-prometheus-node-exporter.oxn-external-monitoring.svc:9100", "timestamp": 1737549537.919, "sum(rate(node_cpu_seconds_total{mode!=\"idle\"}[1m])) by (instance)": 0.24854545454545277, "cpu_usage": 0.24854545454545277, "kubernetes_prometheus_rules": "kubernetes_prometheus_rules", "add_security_context": "add_security_context", "delay_treatment": "delay_treatment"}, {"instance": "kube-prometheus-prometheus-node-exporter.oxn-external-monitoring.svc:9100", "timestamp": 1737549538.919, "sum(rate(node_cpu_seconds_total{mode!=\"idle\"}[1m])) by (instance)": 0.24854545454545277, "cpu_usage": 0.24854545454545277, "kubernetes_prometheus_rules": "kubernetes_prometheus_rules", "add_security_context": "add_security_context", "delay_treatment": "delay_treatment"}, {"instance": "kube-prometheus-prometheus-node-exporter.oxn-external-monitoring.svc:9100", "timestamp": 1737549539.919, "sum(rate(node_cpu_seconds_total{mode!=\"idle\"}[1m])) by (instance)": 0.24854545454545277, "cpu_usage": 0.24854545454545277, "kubernetes_prometheus_rules": "kubernetes_prometheus_rules", "add_security_context": "add_security_context", "delay_treatment": "delay_treatment"}, {"instance": "kube-prometheus-prometheus-node-exporter.oxn-external-monitoring.svc:9100", "timestamp": 1737549540.919, "sum(rate(node_cpu_seconds_total{mode!=\"idle\"}[1m])) by (instance)": 0.24854545454545277, "cpu_usage": 0.24854545454545277, "kubernetes_prometheus_rules": "kubernetes_prometheus_rules", "add_security_context": "add_security_context", "delay_treatment": "delay_treatment"}, {"instance": "kube-prometheus-prometheus-node-exporter.oxn-external-monitoring.svc:9100", "timestamp": 1737549541.919, "sum(rate(node_cpu_seconds_total{mode!=\"idle\"}[1m])) by (instance)": 0.24854545454545277, "cpu_usage": 0.24854545454545277, "kubernetes_prometheus_rules": "kubernetes_prometheus_rules", "add_security_context": "add_security_context", "delay_treatment": "delay_treatment"}, {"instance": "kube-prometheus-prometheus-node-exporter.oxn-external-monitoring.svc:9100", "timestamp": 1737549542.919, "sum(rate(node_cpu_seconds_total{mode!=\"idle\"}[1m])) by (instance)": 0.2525224979547324, "cpu_usage": 0.2525224979547324, "kubernetes_prometheus_rules": "kubernetes_prometheus_rules", "add_security_context": "add_security_context", "delay_treatment": "delay_treatment"}, {"instance": "kube-prometheus-prometheus-node-exporter.oxn-external-monitoring.svc:9100", "timestamp": 1737549543.919, "sum(rate(node_cpu_seconds_total{mode!=\"idle\"}[1m])) by (instance)": 0.2525224979547324, "cpu_usage": 0.2525224979547324, "kubernetes_prometheus_rules": "kubernetes_prometheus_rules", "add_security_context": "add_security_context", "delay_treatment": "delay_treatment"}, {"instance": "kube-prometheus-prometheus-node-exporter.oxn-external-monitoring.svc:9100", "timestamp": 1737549544.919, "sum(rate(node_cpu_seconds_total{mode!=\"idle\"}[1m])) by (instance)": 0.2525224979547324, "cpu_usage": 0.2525224979547324, "kubernetes_prometheus_rules": "kubernetes_prometheus_rules", "add_security_context": "add_security_context", "delay_treatment": "delay_treatment"}, {"instance": "kube-prometheus-prometheus-node-exporter.oxn-external-monitoring.svc:9100", "timestamp": 1737549545.919, "sum(rate(node_cpu_seconds_total{mode!=\"idle\"}[1m])) by (instance)": 0.2525224979547324, "cpu_usage": 0.2525224979547324, "kubernetes_prometheus_rules": "kubernetes_prometheus_rules", "add_security_context": "add_security_context", "delay_treatment": "delay_treatment"}, {"instance": "kube-prometheus-prometheus-node-exporter.oxn-external-monitoring.svc:9100", "timestamp": 1737549546.919, "sum(rate(node_cpu_seconds_total{mode!=\"idle\"}[1m])) by (instance)": 0.2525224979547324, "cpu_usage": 0.2525224979547324, "kubernetes_prometheus_rules": "kubernetes_prometheus_rules", "add_security_context": "add_security_context", "delay_treatment": "delay_treatment"}, {"instance": "kube-prometheus-prometheus-node-exporter.oxn-external-monitoring.svc:9100", "timestamp": 1737549547.919, "sum(rate(node_cpu_seconds_total{mode!=\"idle\"}[1m])) by (instance)": 0.2570909090909095, "cpu_usage": 0.2570909090909095, "kubernetes_prometheus_rules": "kubernetes_prometheus_rules", "add_security_context": "add_security_context", "delay_treatment": "delay_treatment"}, {"instance": "kube-prometheus-prometheus-node-exporter.oxn-external-monitoring.svc:9100", "timestamp": 1737549548.919, "sum(rate(node_cpu_seconds_total{mode!=\"idle\"}[1m])) by (instance)": 0.2570909090909095, "cpu_usage": 0.2570909090909095, "kubernetes_prometheus_rules": "kubernetes_prometheus_rules", "add_security_context": "add_security_context", "delay_treatment": "delay_treatment"}, {"instance": "kube-prometheus-prometheus-node-exporter.oxn-external-monitoring.svc:9100", "timestamp": 1737549549.919, "sum(rate(node_cpu_seconds_total{mode!=\"idle\"}[1m])) by (instance)": 0.2570909090909095, "cpu_usage": 0.2570909090909095, "kubernetes_prometheus_rules": "kubernetes_prometheus_rules", "add_security_context": "add_security_context", "delay_treatment": "delay_treatment"}, {"instance": "kube-prometheus-prometheus-node-exporter.oxn-external-monitoring.svc:9100", "timestamp": 1737549550.919, "sum(rate(node_cpu_seconds_total{mode!=\"idle\"}[1m])) by (instance)": 0.2570909090909095, "cpu_usage": 0.2570909090909095, "kubernetes_prometheus_rules": "kubernetes_prometheus_rules", "add_security_context": "add_security_context", "delay_treatment": "delay_treatment"}, {"instance": "kube-prometheus-prometheus-node-exporter.oxn-external-monitoring.svc:9100", "timestamp": 1737549551.919, "sum(rate(node_cpu_seconds_total{mode!=\"idle\"}[1m])) by (instance)": 0.2570909090909095, "cpu_usage": 0.2570909090909095, "kubernetes_prometheus_rules": "kubernetes_prometheus_rules", "add_security_context": "add_security_context", "delay_treatment": "delay_treatment"}, {"instance": "kube-prometheus-prometheus-node-exporter.oxn-external-monitoring.svc:9100", "timestamp": 1737549552.919, "sum(rate(node_cpu_seconds_total{mode!=\"idle\"}[1m])) by (instance)": 0.254727272727271, "cpu_usage": 0.254727272727271, "kubernetes_prometheus_rules": "kubernetes_prometheus_rules", "add_security_context": "add_security_context", "delay_treatment": "delay_treatment"}, {"instance": "kube-prometheus-prometheus-node-exporter.oxn-external-monitoring.svc:9100", "timestamp": 1737549553.919, "sum(rate(node_cpu_seconds_total{mode!=\"idle\"}[1m])) by (instance)": 0.254727272727271, "cpu_usage": 0.254727272727271, "kubernetes_prometheus_rules": "kubernetes_prometheus_rules", "add_security_context": "add_security_context", "delay_treatment": "delay_treatment"}, {"instance": "kube-prometheus-prometheus-node-exporter.oxn-external-monitoring.svc:9100", "timestamp": 1737549554.919, "sum(rate(node_cpu_seconds_total{mode!=\"idle\"}[1m])) by (instance)": 0.254727272727271, "cpu_usage": 0.254727272727271, "kubernetes_prometheus_rules": "kubernetes_prometheus_rules", "add_security_context": "add_security_context", "delay_treatment": "delay_treatment"}, {"instance": "kube-prometheus-prometheus-node-exporter.oxn-external-monitoring.svc:9100", "timestamp": 1737549555.919, "sum(rate(node_cpu_seconds_total{mode!=\"idle\"}[1m])) by (instance)": 0.254727272727271, "cpu_usage": 0.254727272727271, "kubernetes_prometheus_rules": "kubernetes_prometheus_rules", "add_security_context": "add_security_context", "delay_treatment": "delay_treatment"}, {"instance": "kube-prometheus-prometheus-node-exporter.oxn-external-monitoring.svc:9100", "timestamp": 1737549556.919, "sum(rate(node_cpu_seconds_total{mode!=\"idle\"}[1m])) by (instance)": 0.254727272727271, "cpu_usage": 0.254727272727271, "kubernetes_prometheus_rules": "kubernetes_prometheus_rules", "add_security_context": "add_security_context", "delay_treatment": "delay_treatment"}, {"instance": "kube-prometheus-prometheus-node-exporter.oxn-external-monitoring.svc:9100", "timestamp": 1737549557.919, "sum(rate(node_cpu_seconds_total{mode!=\"idle\"}[1m])) by (instance)": 0.2629090909090904, "cpu_usage": 0.2629090909090904, "kubernetes_prometheus_rules": "kubernetes_prometheus_rules", "add_security_context": "add_security_context", "delay_treatment": "delay_treatment"}, {"instance": "kube-prometheus-prometheus-node-exporter.oxn-external-monitoring.svc:9100", "timestamp": 1737549558.919, "sum(rate(node_cpu_seconds_total{mode!=\"idle\"}[1m])) by (instance)": 0.2629090909090904, "cpu_usage": 0.2629090909090904, "kubernetes_prometheus_rules": "kubernetes_prometheus_rules", "add_security_context": "add_security_context", "delay_treatment": "delay_treatment"}, {"instance": "kube-prometheus-prometheus-node-exporter.oxn-external-monitoring.svc:9100", "timestamp": 1737549559.919, "sum(rate(node_cpu_seconds_total{mode!=\"idle\"}[1m])) by (instance)": 0.2629090909090904, "cpu_usage": 0.2629090909090904, "kubernetes_prometheus_rules": "kubernetes_prometheus_rules", "add_security_context": "add_security_context", "delay_treatment": "delay_treatment"}, {"instance": "kube-prometheus-prometheus-node-exporter.oxn-external-monitoring.svc:9100", "timestamp": 1737549560.919, "sum(rate(node_cpu_seconds_total{mode!=\"idle\"}[1m])) by (instance)": 0.2629090909090904, "cpu_usage": 0.2629090909090904, "kubernetes_prometheus_rules": "kubernetes_prometheus_rules", "add_security_context": "add_security_context", "delay_treatment": "delay_treatment"}, {"instance": "kube-prometheus-prometheus-node-exporter.oxn-external-monitoring.svc:9100", "timestamp": 1737549561.919, "sum(rate(node_cpu_seconds_total{mode!=\"idle\"}[1m])) by (instance)": 0.2629090909090904, "cpu_usage": 0.2629090909090904, "kubernetes_prometheus_rules": "kubernetes_prometheus_rules", "add_security_context": "add_security_context", "delay_treatment": "delay_treatment"}, {"instance": "kube-prometheus-prometheus-node-exporter.oxn-external-monitoring.svc:9100", "timestamp": 1737549562.919, "sum(rate(node_cpu_seconds_total{mode!=\"idle\"}[1m])) by (instance)": 0.3329090909090902, "cpu_usage": 0.3329090909090902, "kubernetes_prometheus_rules": "kubernetes_prometheus_rules", "add_security_context": "add_security_context", "delay_treatment": "delay_treatment"}, {"instance": "kube-prometheus-prometheus-node-exporter.oxn-external-monitoring.svc:9100", "timestamp": 1737549563.919, "sum(rate(node_cpu_seconds_total{mode!=\"idle\"}[1m])) by (instance)": 0.3329090909090902, "cpu_usage": 0.3329090909090902, "kubernetes_prometheus_rules": "kubernetes_prometheus_rules", "add_security_context": "add_security_context", "delay_treatment": "delay_treatment"}, {"instance": "kube-prometheus-prometheus-node-exporter.oxn-external-monitoring.svc:9100", "timestamp": 1737549564.919, "sum(rate(node_cpu_seconds_total{mode!=\"idle\"}[1m])) by (instance)": 0.3329090909090902, "cpu_usage": 0.3329090909090902, "kubernetes_prometheus_rules": "kubernetes_prometheus_rules", "add_security_context": "add_security_context", "delay_treatment": "delay_treatment"}, {"instance": "kube-prometheus-prometheus-node-exporter.oxn-external-monitoring.svc:9100", "timestamp": 1737549565.919, "sum(rate(node_cpu_seconds_total{mode!=\"idle\"}[1m])) by (instance)": 0.3329090909090902, "cpu_usage": 0.3329090909090902, "kubernetes_prometheus_rules": "kubernetes_prometheus_rules", "add_security_context": "add_security_context", "delay_treatment": "delay_treatment"}, {"instance": "kube-prometheus-prometheus-node-exporter.oxn-external-monitoring.svc:9100", "timestamp": 1737549566.919, "sum(rate(node_cpu_seconds_total{mode!=\"idle\"}[1m])) by (instance)": 0.3329090909090902, "cpu_usage": 0.3329090909090902, "kubernetes_prometheus_rules": "kubernetes_prometheus_rules", "add_security_context": "add_security_context", "delay_treatment": "delay_treatment"}, {"instance": "kube-prometheus-prometheus-node-exporter.oxn-external-monitoring.svc:9100", "timestamp": 1737549567.919, "sum(rate(node_cpu_seconds_total{mode!=\"idle\"}[1m])) by (instance)": 0.3970909090909097, "cpu_usage": 0.3970909090909097, "kubernetes_prometheus_rules": "kubernetes_prometheus_rules", "add_security_context": "add_security_context", "delay_treatment": "delay_treatment"}, {"instance": "kube-prometheus-prometheus-node-exporter.oxn-external-monitoring.svc:9100", "timestamp": 1737549568.919, "sum(rate(node_cpu_seconds_total{mode!=\"idle\"}[1m])) by (instance)": 0.3970909090909097, "cpu_usage": 0.3970909090909097, "kubernetes_prometheus_rules": "kubernetes_prometheus_rules", "add_security_context": "add_security_context", "delay_treatment": "delay_treatment"}, {"instance": "kube-prometheus-prometheus-node-exporter.oxn-external-monitoring.svc:9100", "timestamp": 1737549569.919, "sum(rate(node_cpu_seconds_total{mode!=\"idle\"}[1m])) by (instance)": 0.3970909090909097, "cpu_usage": 0.3970909090909097, "kubernetes_prometheus_rules": "kubernetes_prometheus_rules", "add_security_context": "add_security_context", "delay_treatment": "delay_treatment"}, {"instance": "kube-prometheus-prometheus-node-exporter.oxn-external-monitoring.svc:9100", "timestamp": 1737549570.919, "sum(rate(node_cpu_seconds_total{mode!=\"idle\"}[1m])) by (instance)": 0.3970909090909097, "cpu_usage": 0.3970909090909097, "kubernetes_prometheus_rules": "kubernetes_prometheus_rules", "add_security_context": "add_security_context", "delay_treatment": "delay_treatment"}, {"instance": "kube-prometheus-prometheus-node-exporter.oxn-external-monitoring.svc:9100", "timestamp": 1737549571.919, "sum(rate(node_cpu_seconds_total{mode!=\"idle\"}[1m])) by (instance)": 0.3970909090909097, "cpu_usage": 0.3970909090909097, "kubernetes_prometheus_rules": "kubernetes_prometheus_rules", "add_security_context": "add_security_context", "delay_treatment": "delay_treatment"}, {"instance": "kube-prometheus-prometheus-node-exporter.oxn-external-monitoring.svc:9100", "timestamp": 1737549572.919, "sum(rate(node_cpu_seconds_total{mode!=\"idle\"}[1m])) by (instance)": 0.48781818181818243, "cpu_usage": 0.48781818181818243, "kubernetes_prometheus_rules": "kubernetes_prometheus_rules", "add_security_context": "add_security_context", "delay_treatment": "delay_treatment"}, {"instance": "kube-prometheus-prometheus-node-exporter.oxn-external-monitoring.svc:9100", "timestamp": 1737549573.919, "sum(rate(node_cpu_seconds_total{mode!=\"idle\"}[1m])) by (instance)": 0.48781818181818243, "cpu_usage": 0.48781818181818243, "kubernetes_prometheus_rules": "kubernetes_prometheus_rules", "add_security_context": "add_security_context", "delay_treatment": "delay_treatment"}, {"instance": "kube-prometheus-prometheus-node-exporter.oxn-external-monitoring.svc:9100", "timestamp": 1737549574.919, "sum(rate(node_cpu_seconds_total{mode!=\"idle\"}[1m])) by (instance)": 0.48781818181818243, "cpu_usage": 0.48781818181818243, "kubernetes_prometheus_rules": "kubernetes_prometheus_rules", "add_security_context": "add_security_context", "delay_treatment": "delay_treatment"}, {"instance": "kube-prometheus-prometheus-node-exporter.oxn-external-monitoring.svc:9100", "timestamp": 1737549575.919, "sum(rate(node_cpu_seconds_total{mode!=\"idle\"}[1m])) by (instance)": 0.48781818181818243, "cpu_usage": 0.48781818181818243, "kubernetes_prometheus_rules": "kubernetes_prometheus_rules", "add_security_context": "add_security_context", "delay_treatment": "delay_treatment"}, {"instance": "kube-prometheus-prometheus-node-exporter.oxn-external-monitoring.svc:9100", "timestamp": 1737549576.919, "sum(rate(node_cpu_seconds_total{mode!=\"idle\"}[1m])) by (instance)": 0.48781818181818243, "cpu_usage": 0.48781818181818243, "kubernetes_prometheus_rules": "kubernetes_prometheus_rules", "add_security_context": "add_security_context", "delay_treatment": "delay_treatment"}, {"instance": "kube-prometheus-prometheus-node-exporter.oxn-external-monitoring.svc:9100", "timestamp": 1737549577.919, "sum(rate(node_cpu_seconds_total{mode!=\"idle\"}[1m])) by (instance)": 0.5818181818181832, "cpu_usage": 0.5818181818181832, "kubernetes_prometheus_rules": "kubernetes_prometheus_rules", "add_security_context": "add_security_context", "delay_treatment": "delay_treatment"}, {"instance": "kube-prometheus-prometheus-node-exporter.oxn-external-monitoring.svc:9100", "timestamp": 1737549578.919, "sum(rate(node_cpu_seconds_total{mode!=\"idle\"}[1m])) by (instance)": 0.5818181818181832, "cpu_usage": 0.5818181818181832, "kubernetes_prometheus_rules": "kubernetes_prometheus_rules", "add_security_context": "add_security_context", "delay_treatment": "delay_treatment"}, {"instance": "kube-prometheus-prometheus-node-exporter.oxn-external-monitoring.svc:9100", "timestamp": 1737549579.919, "sum(rate(node_cpu_seconds_total{mode!=\"idle\"}[1m])) by (instance)": 0.5818181818181832, "cpu_usage": 0.5818181818181832, "kubernetes_prometheus_rules": "kubernetes_prometheus_rules", "add_security_context": "add_security_context", "delay_treatment": "delay_treatment"}, {"instance": "kube-prometheus-prometheus-node-exporter.oxn-external-monitoring.svc:9100", "timestamp": 1737549580.919, "sum(rate(node_cpu_seconds_total{mode!=\"idle\"}[1m])) by (instance)": 0.5818181818181832, "cpu_usage": 0.5818181818181832, "kubernetes_prometheus_rules": "kubernetes_prometheus_rules", "add_security_context": "add_security_context", "delay_treatment": "delay_treatment"}, {"instance": "kube-prometheus-prometheus-node-exporter.oxn-external-monitoring.svc:9100", "timestamp": 1737549581.919, "sum(rate(node_cpu_seconds_total{mode!=\"idle\"}[1m])) by (instance)": 0.5818181818181832, "cpu_usage": 0.5818181818181832, "kubernetes_prometheus_rules": "kubernetes_prometheus_rules", "add_security_context": "add_security_context", "delay_treatment": "delay_treatment"}, {"instance": "kube-prometheus-prometheus-node-exporter.oxn-external-monitoring.svc:9100", "timestamp": 1737549582.919, "sum(rate(node_cpu_seconds_total{mode!=\"idle\"}[1m])) by (instance)": 0.612800000000002, "cpu_usage": 0.612800000000002, "kubernetes_prometheus_rules": "kubernetes_prometheus_rules", "add_security_context": "add_security_context", "delay_treatment": "delay_treatment"}, {"instance": "kube-prometheus-prometheus-node-exporter.oxn-external-monitoring.svc:9100", "timestamp": 1737549583.919, "sum(rate(node_cpu_seconds_total{mode!=\"idle\"}[1m])) by (instance)": 0.7013882587786956, "cpu_usage": 0.7013882587786956, "kubernetes_prometheus_rules": "kubernetes_prometheus_rules", "add_security_context": "add_security_context", "delay_treatment": "delay_treatment"}, {"instance": "kube-prometheus-prometheus-node-exporter.oxn-external-monitoring.svc:9100", "timestamp": 1737549584.919, "sum(rate(node_cpu_seconds_total{mode!=\"idle\"}[1m])) by (instance)": 0.7013882587786956, "cpu_usage": 0.7013882587786956, "kubernetes_prometheus_rules": "kubernetes_prometheus_rules", "add_security_context": "add_security_context", "delay_treatment": "delay_treatment"}, {"instance": "kube-prometheus-prometheus-node-exporter.oxn-external-monitoring.svc:9100", "timestamp": 1737549585.919, "sum(rate(node_cpu_seconds_total{mode!=\"idle\"}[1m])) by (instance)": 0.7013882587786956, "cpu_usage": 0.7013882587786956, "kubernetes_prometheus_rules": "kubernetes_prometheus_rules", "add_security_context": "add_security_context", "delay_treatment": "delay_treatment"}, {"instance": "kube-prometheus-prometheus-node-exporter.oxn-external-monitoring.svc:9100", "timestamp": 1737549586.919, "sum(rate(node_cpu_seconds_total{mode!=\"idle\"}[1m])) by (instance)": 0.7013882587786956, "cpu_usage": 0.7013882587786956, "kubernetes_prometheus_rules": "kubernetes_prometheus_rules", "add_security_context": "add_security_context", "delay_treatment": "delay_treatment"}, {"instance": "kube-prometheus-prometheus-node-exporter.oxn-external-monitoring.svc:9100", "timestamp": 1737549587.919, "sum(rate(node_cpu_seconds_total{mode!=\"idle\"}[1m])) by (instance)": 0.8460000000000008, "cpu_usage": 0.8460000000000008, "kubernetes_prometheus_rules": "kubernetes_prometheus_rules", "add_security_context": "add_security_context", "delay_treatment": "delay_treatment"}, {"instance": "kube-prometheus-prometheus-node-exporter.oxn-external-monitoring.svc:9100", "timestamp": 1737549588.919, "sum(rate(node_cpu_seconds_total{mode!=\"idle\"}[1m])) by (instance)": 0.8460000000000008, "cpu_usage": 0.8460000000000008, "kubernetes_prometheus_rules": "kubernetes_prometheus_rules", "add_security_context": "add_security_context", "delay_treatment": "delay_treatment"}, {"instance": "kube-prometheus-prometheus-node-exporter.oxn-external-monitoring.svc:9100", "timestamp": 1737549589.919, "sum(rate(node_cpu_seconds_total{mode!=\"idle\"}[1m])) by (instance)": 0.8460000000000008, "cpu_usage": 0.8460000000000008, "kubernetes_prometheus_rules": "NoTreatment", "add_security_context": "NoTreatment", "delay_treatment": "NoTreatment"}, {"instance": "kube-prometheus-prometheus-node-exporter.oxn-external-monitoring.svc:9100", "timestamp": 1737549590.919, "sum(rate(node_cpu_seconds_total{mode!=\"idle\"}[1m])) by (instance)": 0.8460000000000008, "cpu_usage": 0.8460000000000008, "kubernetes_prometheus_rules": "NoTreatment", "add_security_context": "NoTreatment", "delay_treatment": "NoTreatment"}, {"instance": "kube-prometheus-prometheus-node-exporter.oxn-external-monitoring.svc:9100", "timestamp": 1737549591.919, "sum(rate(node_cpu_seconds_total{mode!=\"idle\"}[1m])) by (instance)": 0.8460000000000008, "cpu_usage": 0.8460000000000008, "kubernetes_prometheus_rules": "NoTreatment", "add_security_context": "NoTreatment", "delay_treatment": "NoTreatment"}, {"instance": "kube-prometheus-prometheus-node-exporter.oxn-external-monitoring.svc:9100", "timestamp": 1737549592.919, "sum(rate(node_cpu_seconds_total{mode!=\"idle\"}[1m])) by (instance)": 0.9920000000000002, "cpu_usage": 0.9920000000000002, "kubernetes_prometheus_rules": "NoTreatment", "add_security_context": "NoTreatment", "delay_treatment": "NoTreatment"}, {"instance": "kube-prometheus-prometheus-node-exporter.oxn-external-monitoring.svc:9100", "timestamp": 1737549593.919, "sum(rate(node_cpu_seconds_total{mode!=\"idle\"}[1m])) by (instance)": 0.9920000000000002, "cpu_usage": 0.9920000000000002, "kubernetes_prometheus_rules": "NoTreatment", "add_security_context": "NoTreatment", "delay_treatment": "NoTreatment"}, {"instance": "kube-prometheus-prometheus-node-exporter.oxn-external-monitoring.svc:9100", "timestamp": 1737549594.919, "sum(rate(node_cpu_seconds_total{mode!=\"idle\"}[1m])) by (instance)": 0.9920000000000002, "cpu_usage": 0.9920000000000002, "kubernetes_prometheus_rules": "NoTreatment", "add_security_context": "NoTreatment", "delay_treatment": "NoTreatment"}, {"instance": "kube-prometheus-prometheus-node-exporter.oxn-external-monitoring.svc:9100", "timestamp": 1737549595.919, "sum(rate(node_cpu_seconds_total{mode!=\"idle\"}[1m])) by (instance)": 0.9920000000000002, "cpu_usage": 0.9920000000000002, "kubernetes_prometheus_rules": "NoTreatment", "add_security_context": "NoTreatment", "delay_treatment": "NoTreatment"}, {"instance": "kube-prometheus-prometheus-node-exporter.oxn-external-monitoring.svc:9100", "timestamp": 1737549596.919, "sum(rate(node_cpu_seconds_total{mode!=\"idle\"}[1m])) by (instance)": 0.9920000000000002, "cpu_usage": 0.9920000000000002, "kubernetes_prometheus_rules": "NoTreatment", "add_security_context": "NoTreatment", "delay_treatment": "NoTreatment"}, {"instance": "kube-prometheus-prometheus-node-exporter.oxn-external-monitoring.svc:9100", "timestamp": 1737549597.919, "sum(rate(node_cpu_seconds_total{mode!=\"idle\"}[1m])) by (instance)": 1.1221020092735698, "cpu_usage": 1.1221020092735698, "kubernetes_prometheus_rules": "NoTreatment", "add_security_context": "NoTreatment", "delay_treatment": "NoTreatment"}, {"instance": "kube-prometheus-prometheus-node-exporter.oxn-external-monitoring.svc:9100", "timestamp": 1737549598.919, "sum(rate(node_cpu_seconds_total{mode!=\"idle\"}[1m])) by (instance)": 1.1221020092735698, "cpu_usage": 1.1221020092735698, "kubernetes_prometheus_rules": "NoTreatment", "add_security_context": "NoTreatment", "delay_treatment": "NoTreatment"}]