{"results": [{"fault_name": "kubernetes_prometheus_rules", "detected": true, "detection_time": "2025-01-22T12:55:36.471000", "detection_latency": 22.387391, "alerts_triggered": [{"name": "CriticalServiceRPCLatencySpike", "time": "2025-01-22T12:56:21.471000", "severity": "critical", "labels": {"__name__": "ALERTS", "alertname": "CriticalServiceRPCLatencySpike", "alertstate": "firing", "detection": "rapid", "job": "opentelemetry-demo/adservice", "rpc_method": "GetAds", "rpc_service": "oteldemo.AdService", "runbook": "critical-service-rpc-latency", "severity": "critical", "team": "platform"}}, {"name": "CriticalServiceRPCLatencySpike", "time": "2025-01-22T12:56:36.471000", "severity": "critical", "labels": {"__name__": "ALERTS", "alertname": "CriticalServiceRPCLatencySpike", "alertstate": "firing", "detection": "rapid", "job": "opentelemetry-demo/adservice", "rpc_method": "GetAds", "rpc_service": "oteldemo.AdService", "runbook": "critical-service-rpc-latency", "severity": "critical", "team": "platform"}}, {"name": "CriticalServiceRPCLatencySpike", "time": "2025-01-22T12:56:51.471000", "severity": "critical", "labels": {"__name__": "ALERTS", "alertname": "CriticalServiceRPCLatencySpike", "alertstate": "firing", "detection": "rapid", "job": "opentelemetry-demo/adservice", "rpc_method": "GetAds", "rpc_service": "oteldemo.AdService", "runbook": "critical-service-rpc-latency", "severity": "critical", "team": "platform"}}, {"name": "CriticalServiceRPCLatencySpike", "time": "2025-01-22T12:57:06.471000", "severity": "critical", "labels": {"__name__": "ALERTS", "alertname": "CriticalServiceRPCLatencySpike", "alertstate": "firing", "detection": "rapid", "job": "opentelemetry-demo/adservice", "rpc_method": "GetAds", "rpc_service": "oteldemo.AdService", "runbook": "critical-service-rpc-latency", "severity": "critical", "team": "platform"}}, {"name": "CriticalServiceRPCLatencySpike", "time": "2025-01-22T12:57:21.471000", "severity": "critical", "labels": {"__name__": "ALERTS", "alertname": "CriticalServiceRPCLatencySpike", "alertstate": "firing", "detection": "rapid", "job": "opentelemetry-demo/adservice", "rpc_method": "GetAds", "rpc_service": "oteldemo.AdService", "runbook": "critical-service-rpc-latency", "severity": "critical", "team": "platform"}}, {"name": "CriticalServiceRPCLatencySpike", "time": "2025-01-22T12:57:36.471000", "severity": "critical", "labels": {"__name__": "ALERTS", "alertname": "CriticalServiceRPCLatencySpike", "alertstate": "firing", "detection": "rapid", "job": "opentelemetry-demo/adservice", "rpc_method": "GetAds", "rpc_service": "oteldemo.AdService", "runbook": "critical-service-rpc-latency", "severity": "critical", "team": "platform"}}, {"name": "CriticalServiceRPCLatencySpike", "time": "2025-01-22T12:57:51.471000", "severity": "critical", "labels": {"__name__": "ALERTS", "alertname": "CriticalServiceRPCLatencySpike", "alertstate": "firing", "detection": "rapid", "job": "opentelemetry-demo/adservice", "rpc_method": "GetAds", "rpc_service": "oteldemo.AdService", "runbook": "critical-service-rpc-latency", "severity": "critical", "team": "platform"}}, {"name": "CriticalServiceRPCLatencySpike", "time": "2025-01-22T12:58:06.471000", "severity": "critical", "labels": {"__name__": "ALERTS", "alertname": "CriticalServiceRPCLatencySpike", "alertstate": "firing", "detection": "rapid", "job": "opentelemetry-demo/adservice", "rpc_method": "GetAds", "rpc_service": "oteldemo.AdService", "runbook": "critical-service-rpc-latency", "severity": "critical", "team": "platform"}}, {"name": "CriticalServiceRPCLatencySpike", "time": "2025-01-22T12:58:21.471000", "severity": "critical", "labels": {"__name__": "ALERTS", "alertname": "CriticalServiceRPCLatencySpike", "alertstate": "firing", "detection": "rapid", "job": "opentelemetry-demo/adservice", "rpc_method": "GetAds", "rpc_service": "oteldemo.AdService", "runbook": "critical-service-rpc-latency", "severity": "critical", "team": "platform"}}, {"name": "CriticalServiceRPCLatencySpike", "time": "2025-01-22T12:59:36.471000", "severity": "critical", "labels": {"__name__": "ALERTS", "alertname": "CriticalServiceRPCLatencySpike", "alertstate": "firing", "detection": "rapid", "job": "opentelemetry-demo/adservice", "rpc_method": "GetAds", "rpc_service": "oteldemo.AdService", "runbook": "critical-service-rpc-latency", "severity": "critical", "team": "platform"}}, {"name": "CriticalServiceRPCLatencySpike", "time": "2025-01-22T12:59:51.471000", "severity": "critical", "labels": {"__name__": "ALERTS", "alertname": "CriticalServiceRPCLatencySpike", "alertstate": "firing", "detection": "rapid", "job": "opentelemetry-demo/adservice", "rpc_method": "GetAds", "rpc_service": "oteldemo.AdService", "runbook": "critical-service-rpc-latency", "severity": "critical", "team": "platform"}}, {"name": "CriticalServiceRPCLatencySpike", "time": "2025-01-22T12:55:36.471000", "severity": "critical", "labels": {"__name__": "ALERTS", "alertname": "CriticalServiceRPCLatencySpike", "alertstate": "firing", "detection": "rapid", "job": "opentelemetry-demo/checkoutservice", "rpc_method": "PlaceOrder", "rpc_service": "oteldemo.CheckoutService", "runbook": "critical-service-rpc-latency", "severity": "critical", "team": "platform"}}, {"name": "CriticalServiceRPCLatencySpike", "time": "2025-01-22T12:55:51.471000", "severity": "critical", "labels": {"__name__": "ALERTS", "alertname": "CriticalServiceRPCLatencySpike", "alertstate": "firing", "detection": "rapid", "job": "opentelemetry-demo/checkoutservice", "rpc_method": "PlaceOrder", "rpc_service": "oteldemo.CheckoutService", "runbook": "critical-service-rpc-latency", "severity": "critical", "team": "platform"}}, {"name": "CriticalServiceRPCLatencySpike", "time": "2025-01-22T12:57:21.471000", "severity": "critical", "labels": {"__name__": "ALERTS", "alertname": "CriticalServiceRPCLatencySpike", "alertstate": "firing", "detection": "rapid", "job": "opentelemetry-demo/checkoutservice", "rpc_method": "PlaceOrder", "rpc_service": "oteldemo.CheckoutService", "runbook": "critical-service-rpc-latency", "severity": "critical", "team": "platform"}}, {"name": "CriticalServiceRPCLatencySpike", "time": "2025-01-22T12:57:36.471000", "severity": "critical", "labels": {"__name__": "ALERTS", "alertname": "CriticalServiceRPCLatencySpike", "alertstate": "firing", "detection": "rapid", "job": "opentelemetry-demo/checkoutservice", "rpc_method": "PlaceOrder", "rpc_service": "oteldemo.CheckoutService", "runbook": "critical-service-rpc-latency", "severity": "critical", "team": "platform"}}, {"name": "CriticalServiceRPCLatencySpike", "time": "2025-01-22T12:57:51.471000", "severity": "critical", "labels": {"__name__": "ALERTS", "alertname": "CriticalServiceRPCLatencySpike", "alertstate": "firing", "detection": "rapid", "job": "opentelemetry-demo/checkoutservice", "rpc_method": "PlaceOrder", "rpc_service": "oteldemo.CheckoutService", "runbook": "critical-service-rpc-latency", "severity": "critical", "team": "platform"}}, {"name": "ImmediateHighHTTPLatency", "time": "2025-01-22T12:55:36.471000", "severity": "critical", "labels": {"__name__": "ALERTS", "alertname": "ImmediateHighHTTPLatency", "alertstate": "firing", "detection": "rapid", "http_flavor": "1.1", "http_method": "GET", "job": "opentelemetry-demo/frontend", "net_host_name": "100.65.8.42", "runbook": "latency-immediate-response", "severity": "critical", "team": "observability"}}, {"name": "ImmediateHighHTTPLatency", "time": "2025-01-22T12:57:06.471000", "severity": "critical", "labels": {"__name__": "ALERTS", "alertname": "ImmediateHighHTTPLatency", "alertstate": "firing", "detection": "rapid", "http_flavor": "1.1", "http_method": "GET", "job": "opentelemetry-demo/frontend", "net_host_name": "100.65.8.42", "runbook": "latency-immediate-response", "severity": "critical", "team": "observability"}}, {"name": "ImmediateHighHTTPLatency", "time": "2025-01-22T12:57:21.471000", "severity": "critical", "labels": {"__name__": "ALERTS", "alertname": "ImmediateHighHTTPLatency", "alertstate": "firing", "detection": "rapid", "http_flavor": "1.1", "http_method": "GET", "job": "opentelemetry-demo/frontend", "net_host_name": "100.65.8.42", "runbook": "latency-immediate-response", "severity": "critical", "team": "observability"}}, {"name": "ImmediateHighHTTPLatency", "time": "2025-01-22T12:57:36.471000", "severity": "critical", "labels": {"__name__": "ALERTS", "alertname": "ImmediateHighHTTPLatency", "alertstate": "firing", "detection": "rapid", "http_flavor": "1.1", "http_method": "GET", "job": "opentelemetry-demo/frontend", "net_host_name": "100.65.8.42", "runbook": "latency-immediate-response", "severity": "critical", "team": "observability"}}, {"name": "ImmediateHighHTTPLatency", "time": "2025-01-22T12:57:51.471000", "severity": "critical", "labels": {"__name__": "ALERTS", "alertname": "ImmediateHighHTTPLatency", "alertstate": "firing", "detection": "rapid", "http_flavor": "1.1", "http_method": "GET", "job": "opentelemetry-demo/frontend", "net_host_name": "100.65.8.42", "runbook": "latency-immediate-response", "severity": "critical", "team": "observability"}}, {"name": "ImmediateHighHTTPLatency", "time": "2025-01-22T12:58:06.471000", "severity": "critical", "labels": {"__name__": "ALERTS", "alertname": "ImmediateHighHTTPLatency", "alertstate": "firing", "detection": "rapid", "http_flavor": "1.1", "http_method": "GET", "job": "opentelemetry-demo/frontend", "net_host_name": "100.65.8.42", "runbook": "latency-immediate-response", "severity": "critical", "team": "observability"}}, {"name": "ImmediateHighHTTPLatency", "time": "2025-01-22T12:58:21.471000", "severity": "critical", "labels": {"__name__": "ALERTS", "alertname": "ImmediateHighHTTPLatency", "alertstate": "firing", "detection": "rapid", "http_flavor": "1.1", "http_method": "GET", "job": "opentelemetry-demo/frontend", "net_host_name": "100.65.8.42", "runbook": "latency-immediate-response", "severity": "critical", "team": "observability"}}, {"name": "ImmediateHighHTTPLatency", "time": "2025-01-22T12:58:36.471000", "severity": "critical", "labels": {"__name__": "ALERTS", "alertname": "ImmediateHighHTTPLatency", "alertstate": "firing", "detection": "rapid", "http_flavor": "1.1", "http_method": "GET", "job": "opentelemetry-demo/frontend", "net_host_name": "100.65.8.42", "runbook": "latency-immediate-response", "severity": "critical", "team": "observability"}}, {"name": "ImmediateHighHTTPLatency", "time": "2025-01-22T12:58:51.471000", "severity": "critical", "labels": {"__name__": "ALERTS", "alertname": "ImmediateHighHTTPLatency", "alertstate": "firing", "detection": "rapid", "http_flavor": "1.1", "http_method": "GET", "job": "opentelemetry-demo/frontend", "net_host_name": "100.65.8.42", "runbook": "latency-immediate-response", "severity": "critical", "team": "observability"}}, {"name": "ImmediateHighHTTPLatency", "time": "2025-01-22T12:59:06.471000", "severity": "critical", "labels": {"__name__": "ALERTS", "alertname": "ImmediateHighHTTPLatency", "alertstate": "firing", "detection": "rapid", "http_flavor": "1.1", "http_method": "GET", "job": "opentelemetry-demo/frontend", "net_host_name": "100.65.8.42", "runbook": "latency-immediate-response", "severity": "critical", "team": "observability"}}, {"name": "ImmediateHighHTTPLatency", "time": "2025-01-22T12:59:21.471000", "severity": "critical", "labels": {"__name__": "ALERTS", "alertname": "ImmediateHighHTTPLatency", "alertstate": "firing", "detection": "rapid", "http_flavor": "1.1", "http_method": "GET", "job": "opentelemetry-demo/frontend", "net_host_name": "100.65.8.42", "runbook": "latency-immediate-response", "severity": "critical", "team": "observability"}}, {"name": "ImmediateHighHTTPLatency", "time": "2025-01-22T12:59:36.471000", "severity": "critical", "labels": {"__name__": "ALERTS", "alertname": "ImmediateHighHTTPLatency", "alertstate": "firing", "detection": "rapid", "http_flavor": "1.1", "http_method": "GET", "job": "opentelemetry-demo/frontend", "net_host_name": "100.65.8.42", "runbook": "latency-immediate-response", "severity": "critical", "team": "observability"}}, {"name": "ImmediateHighHTTPLatency", "time": "2025-01-22T12:59:51.471000", "severity": "critical", "labels": {"__name__": "ALERTS", "alertname": "ImmediateHighHTTPLatency", "alertstate": "firing", "detection": "rapid", "http_flavor": "1.1", "http_method": "GET", "job": "opentelemetry-demo/frontend", "net_host_name": "100.65.8.42", "runbook": "latency-immediate-response", "severity": "critical", "team": "observability"}}, {"name": "ImmediateHighHTTPLatency", "time": "2025-01-22T12:59:06.471000", "severity": "critical", "labels": {"__name__": "ALERTS", "alertname": "ImmediateHighHTTPLatency", "alertstate": "firing", "detection": "rapid", "http_flavor": "1.1", "http_method": "GET", "job": "opentelemetry-demo/frontend", "net_host_name": "astronomy-shop-frontendproxy", "runbook": "latency-immediate-response", "severity": "critical", "team": "observability"}}, {"name": "ImmediateHighHTTPLatency", "time": "2025-01-22T12:59:21.471000", "severity": "critical", "labels": {"__name__": "ALERTS", "alertname": "ImmediateHighHTTPLatency", "alertstate": "firing", "detection": "rapid", "http_flavor": "1.1", "http_method": "GET", "job": "opentelemetry-demo/frontend", "net_host_name": "astronomy-shop-frontendproxy", "runbook": "latency-immediate-response", "severity": "critical", "team": "observability"}}, {"name": "ImmediateHighHTTPLatency", "time": "2025-01-22T12:59:36.471000", "severity": "critical", "labels": {"__name__": "ALERTS", "alertname": "ImmediateHighHTTPLatency", "alertstate": "firing", "detection": "rapid", "http_flavor": "1.1", "http_method": "GET", "job": "opentelemetry-demo/frontend", "net_host_name": "astronomy-shop-frontendproxy", "runbook": "latency-immediate-response", "severity": "critical", "team": "observability"}}, {"name": "ImmediateHighHTTPLatency", "time": "2025-01-22T12:59:51.471000", "severity": "critical", "labels": {"__name__": "ALERTS", "alertname": "ImmediateHighHTTPLatency", "alertstate": "firing", "detection": "rapid", "http_flavor": "1.1", "http_method": "GET", "job": "opentelemetry-demo/frontend", "net_host_name": "astronomy-shop-frontendproxy", "runbook": "latency-immediate-response", "severity": "critical", "team": "observability"}}, {"name": "ImmediateHighHTTPLatency", "time": "2025-01-22T12:55:36.471000", "severity": "critical", "labels": {"__name__": "ALERTS", "alertname": "ImmediateHighHTTPLatency", "alertstate": "firing", "detection": "rapid", "http_flavor": "1.1", "http_method": "POST", "job": "opentelemetry-demo/frontend", "net_host_name": "100.65.8.42", "runbook": "latency-immediate-response", "severity": "critical", "team": "observability"}}, {"name": "ImmediateHighHTTPLatency", "time": "2025-01-22T12:57:06.471000", "severity": "critical", "labels": {"__name__": "ALERTS", "alertname": "ImmediateHighHTTPLatency", "alertstate": "firing", "detection": "rapid", "http_flavor": "1.1", "http_method": "POST", "job": "opentelemetry-demo/frontend", "net_host_name": "100.65.8.42", "runbook": "latency-immediate-response", "severity": "critical", "team": "observability"}}, {"name": "ImmediateHighHTTPLatency", "time": "2025-01-22T12:57:21.471000", "severity": "critical", "labels": {"__name__": "ALERTS", "alertname": "ImmediateHighHTTPLatency", "alertstate": "firing", "detection": "rapid", "http_flavor": "1.1", "http_method": "POST", "job": "opentelemetry-demo/frontend", "net_host_name": "100.65.8.42", "runbook": "latency-immediate-response", "severity": "critical", "team": "observability"}}, {"name": "ImmediateHighHTTPLatency", "time": "2025-01-22T12:57:36.471000", "severity": "critical", "labels": {"__name__": "ALERTS", "alertname": "ImmediateHighHTTPLatency", "alertstate": "firing", "detection": "rapid", "http_flavor": "1.1", "http_method": "POST", "job": "opentelemetry-demo/frontend", "net_host_name": "100.65.8.42", "runbook": "latency-immediate-response", "severity": "critical", "team": "observability"}}, {"name": "ImmediateHighHTTPLatency", "time": "2025-01-22T12:57:51.471000", "severity": "critical", "labels": {"__name__": "ALERTS", "alertname": "ImmediateHighHTTPLatency", "alertstate": "firing", "detection": "rapid", "http_flavor": "1.1", "http_method": "POST", "job": "opentelemetry-demo/frontend", "net_host_name": "100.65.8.42", "runbook": "latency-immediate-response", "severity": "critical", "team": "observability"}}, {"name": "ImmediateHighHTTPLatency", "time": "2025-01-22T12:58:06.471000", "severity": "critical", "labels": {"__name__": "ALERTS", "alertname": "ImmediateHighHTTPLatency", "alertstate": "firing", "detection": "rapid", "http_flavor": "1.1", "http_method": "POST", "job": "opentelemetry-demo/frontend", "net_host_name": "100.65.8.42", "runbook": "latency-immediate-response", "severity": "critical", "team": "observability"}}, {"name": "ImmediateHighHTTPLatency", "time": "2025-01-22T12:58:21.471000", "severity": "critical", "labels": {"__name__": "ALERTS", "alertname": "ImmediateHighHTTPLatency", "alertstate": "firing", "detection": "rapid", "http_flavor": "1.1", "http_method": "POST", "job": "opentelemetry-demo/frontend", "net_host_name": "100.65.8.42", "runbook": "latency-immediate-response", "severity": "critical", "team": "observability"}}, {"name": "ImmediateHighHTTPLatency", "time": "2025-01-22T12:58:36.471000", "severity": "critical", "labels": {"__name__": "ALERTS", "alertname": "ImmediateHighHTTPLatency", "alertstate": "firing", "detection": "rapid", "http_flavor": "1.1", "http_method": "POST", "job": "opentelemetry-demo/frontend", "net_host_name": "100.65.8.42", "runbook": "latency-immediate-response", "severity": "critical", "team": "observability"}}, {"name": "ImmediateHighHTTPLatency", "time": "2025-01-22T12:58:51.471000", "severity": "critical", "labels": {"__name__": "ALERTS", "alertname": "ImmediateHighHTTPLatency", "alertstate": "firing", "detection": "rapid", "http_flavor": "1.1", "http_method": "POST", "job": "opentelemetry-demo/frontend", "net_host_name": "100.65.8.42", "runbook": "latency-immediate-response", "severity": "critical", "team": "observability"}}, {"name": "ImmediateHighHTTPLatency", "time": "2025-01-22T12:59:06.471000", "severity": "critical", "labels": {"__name__": "ALERTS", "alertname": "ImmediateHighHTTPLatency", "alertstate": "firing", "detection": "rapid", "http_flavor": "1.1", "http_method": "POST", "job": "opentelemetry-demo/frontend", "net_host_name": "100.65.8.42", "runbook": "latency-immediate-response", "severity": "critical", "team": "observability"}}, {"name": "ImmediateHighHTTPLatency", "time": "2025-01-22T12:59:21.471000", "severity": "critical", "labels": {"__name__": "ALERTS", "alertname": "ImmediateHighHTTPLatency", "alertstate": "firing", "detection": "rapid", "http_flavor": "1.1", "http_method": "POST", "job": "opentelemetry-demo/frontend", "net_host_name": "100.65.8.42", "runbook": "latency-immediate-response", "severity": "critical", "team": "observability"}}, {"name": "ImmediateHighHTTPLatency", "time": "2025-01-22T12:59:36.471000", "severity": "critical", "labels": {"__name__": "ALERTS", "alertname": "ImmediateHighHTTPLatency", "alertstate": "firing", "detection": "rapid", "http_flavor": "1.1", "http_method": "POST", "job": "opentelemetry-demo/frontend", "net_host_name": "100.65.8.42", "runbook": "latency-immediate-response", "severity": "critical", "team": "observability"}}, {"name": "ImmediateHighHTTPLatency", "time": "2025-01-22T12:59:51.471000", "severity": "critical", "labels": {"__name__": "ALERTS", "alertname": "ImmediateHighHTTPLatency", "alertstate": "firing", "detection": "rapid", "http_flavor": "1.1", "http_method": "POST", "job": "opentelemetry-demo/frontend", "net_host_name": "100.65.8.42", "runbook": "latency-immediate-response", "severity": "critical", "team": "observability"}}, {"name": "ImmediateHighRPCLatency", "time": "2025-01-22T12:56:21.471000", "severity": "critical", "labels": {"__name__": "ALERTS", "alertname": "ImmediateHighRPCLatency", "alertstate": "firing", "detection": "rapid", "job": "opentelemetry-demo/adservice", "rpc_method": "GetAds", "rpc_service": "oteldemo.AdService", "runbook": "rpc-latency-immediate-response", "severity": "critical", "team": "observability"}}, {"name": "ImmediateHighRPCLatency", "time": "2025-01-22T12:56:36.471000", "severity": "critical", "labels": {"__name__": "ALERTS", "alertname": "ImmediateHighRPCLatency", "alertstate": "firing", "detection": "rapid", "job": "opentelemetry-demo/adservice", "rpc_method": "GetAds", "rpc_service": "oteldemo.AdService", "runbook": "rpc-latency-immediate-response", "severity": "critical", "team": "observability"}}, {"name": "ImmediateHighRPCLatency", "time": "2025-01-22T12:56:51.471000", "severity": "critical", "labels": {"__name__": "ALERTS", "alertname": "ImmediateHighRPCLatency", "alertstate": "firing", "detection": "rapid", "job": "opentelemetry-demo/adservice", "rpc_method": "GetAds", "rpc_service": "oteldemo.AdService", "runbook": "rpc-latency-immediate-response", "severity": "critical", "team": "observability"}}, {"name": "ImmediateHighRPCLatency", "time": "2025-01-22T12:57:06.471000", "severity": "critical", "labels": {"__name__": "ALERTS", "alertname": "ImmediateHighRPCLatency", "alertstate": "firing", "detection": "rapid", "job": "opentelemetry-demo/adservice", "rpc_method": "GetAds", "rpc_service": "oteldemo.AdService", "runbook": "rpc-latency-immediate-response", "severity": "critical", "team": "observability"}}, {"name": "ImmediateHighRPCLatency", "time": "2025-01-22T12:57:21.471000", "severity": "critical", "labels": {"__name__": "ALERTS", "alertname": "ImmediateHighRPCLatency", "alertstate": "firing", "detection": "rapid", "job": "opentelemetry-demo/adservice", "rpc_method": "GetAds", "rpc_service": "oteldemo.AdService", "runbook": "rpc-latency-immediate-response", "severity": "critical", "team": "observability"}}, {"name": "ImmediateHighRPCLatency", "time": "2025-01-22T12:57:36.471000", "severity": "critical", "labels": {"__name__": "ALERTS", "alertname": "ImmediateHighRPCLatency", "alertstate": "firing", "detection": "rapid", "job": "opentelemetry-demo/adservice", "rpc_method": "GetAds", "rpc_service": "oteldemo.AdService", "runbook": "rpc-latency-immediate-response", "severity": "critical", "team": "observability"}}, {"name": "ImmediateHighRPCLatency", "time": "2025-01-22T12:57:51.471000", "severity": "critical", "labels": {"__name__": "ALERTS", "alertname": "ImmediateHighRPCLatency", "alertstate": "firing", "detection": "rapid", "job": "opentelemetry-demo/adservice", "rpc_method": "GetAds", "rpc_service": "oteldemo.AdService", "runbook": "rpc-latency-immediate-response", "severity": "critical", "team": "observability"}}, {"name": "ImmediateHighRPCLatency", "time": "2025-01-22T12:58:06.471000", "severity": "critical", "labels": {"__name__": "ALERTS", "alertname": "ImmediateHighRPCLatency", "alertstate": "firing", "detection": "rapid", "job": "opentelemetry-demo/adservice", "rpc_method": "GetAds", "rpc_service": "oteldemo.AdService", "runbook": "rpc-latency-immediate-response", "severity": "critical", "team": "observability"}}, {"name": "ImmediateHighRPCLatency", "time": "2025-01-22T12:58:21.471000", "severity": "critical", "labels": {"__name__": "ALERTS", "alertname": "ImmediateHighRPCLatency", "alertstate": "firing", "detection": "rapid", "job": "opentelemetry-demo/adservice", "rpc_method": "GetAds", "rpc_service": "oteldemo.AdService", "runbook": "rpc-latency-immediate-response", "severity": "critical", "team": "observability"}}, {"name": "ImmediateHighRPCLatency", "time": "2025-01-22T12:59:36.471000", "severity": "critical", "labels": {"__name__": "ALERTS", "alertname": "ImmediateHighRPCLatency", "alertstate": "firing", "detection": "rapid", "job": "opentelemetry-demo/adservice", "rpc_method": "GetAds", "rpc_service": "oteldemo.AdService", "runbook": "rpc-latency-immediate-response", "severity": "critical", "team": "observability"}}, {"name": "ImmediateHighRPCLatency", "time": "2025-01-22T12:59:51.471000", "severity": "critical", "labels": {"__name__": "ALERTS", "alertname": "ImmediateHighRPCLatency", "alertstate": "firing", "detection": "rapid", "job": "opentelemetry-demo/adservice", "rpc_method": "GetAds", "rpc_service": "oteldemo.AdService", "runbook": "rpc-latency-immediate-response", "severity": "critical", "team": "observability"}}, {"name": "ImmediateHighRPCLatency", "time": "2025-01-22T12:55:36.471000", "severity": "critical", "labels": {"__name__": "ALERTS", "alertname": "ImmediateHighRPCLatency", "alertstate": "firing", "detection": "rapid", "job": "opentelemetry-demo/checkoutservice", "rpc_method": "PlaceOrder", "rpc_service": "oteldemo.CheckoutService", "runbook": "rpc-latency-immediate-response", "severity": "critical", "team": "observability"}}, {"name": "ImmediateHighRPCLatency", "time": "2025-01-22T12:55:51.471000", "severity": "critical", "labels": {"__name__": "ALERTS", "alertname": "ImmediateHighRPCLatency", "alertstate": "firing", "detection": "rapid", "job": "opentelemetry-demo/checkoutservice", "rpc_method": "PlaceOrder", "rpc_service": "oteldemo.CheckoutService", "runbook": "rpc-latency-immediate-response", "severity": "critical", "team": "observability"}}, {"name": "ImmediateHighRPCLatency", "time": "2025-01-22T12:57:21.471000", "severity": "critical", "labels": {"__name__": "ALERTS", "alertname": "ImmediateHighRPCLatency", "alertstate": "firing", "detection": "rapid", "job": "opentelemetry-demo/checkoutservice", "rpc_method": "PlaceOrder", "rpc_service": "oteldemo.CheckoutService", "runbook": "rpc-latency-immediate-response", "severity": "critical", "team": "observability"}}, {"name": "ImmediateHighRPCLatency", "time": "2025-01-22T12:57:36.471000", "severity": "critical", "labels": {"__name__": "ALERTS", "alertname": "ImmediateHighRPCLatency", "alertstate": "firing", "detection": "rapid", "job": "opentelemetry-demo/checkoutservice", "rpc_method": "PlaceOrder", "rpc_service": "oteldemo.CheckoutService", "runbook": "rpc-latency-immediate-response", "severity": "critical", "team": "observability"}}, {"name": "ImmediateHighRPCLatency", "time": "2025-01-22T12:57:51.471000", "severity": "critical", "labels": {"__name__": "ALERTS", "alertname": "ImmediateHighRPCLatency", "alertstate": "firing", "detection": "rapid", "job": "opentelemetry-demo/checkoutservice", "rpc_method": "PlaceOrder", "rpc_service": "oteldemo.CheckoutService", "runbook": "rpc-latency-immediate-response", "severity": "critical", "team": "observability"}}]}, {"fault_name": "add_security_context", "detected": true, "detection_time": "2025-01-22T12:56:21.471000", "detection_latency": 21.174448, "alerts_triggered": [{"name": "CriticalServiceRPCLatencySpike", "time": "2025-01-22T12:56:21.471000", "severity": "critical", "labels": {"__name__": "ALERTS", "alertname": "CriticalServiceRPCLatencySpike", "alertstate": "firing", "detection": "rapid", "job": "opentelemetry-demo/adservice", "rpc_method": "GetAds", "rpc_service": "oteldemo.AdService", "runbook": "critical-service-rpc-latency", "severity": "critical", "team": "platform"}}, {"name": "CriticalServiceRPCLatencySpike", "time": "2025-01-22T12:56:36.471000", "severity": "critical", "labels": {"__name__": "ALERTS", "alertname": "CriticalServiceRPCLatencySpike", "alertstate": "firing", "detection": "rapid", "job": "opentelemetry-demo/adservice", "rpc_method": "GetAds", "rpc_service": "oteldemo.AdService", "runbook": "critical-service-rpc-latency", "severity": "critical", "team": "platform"}}, {"name": "CriticalServiceRPCLatencySpike", "time": "2025-01-22T12:56:51.471000", "severity": "critical", "labels": {"__name__": "ALERTS", "alertname": "CriticalServiceRPCLatencySpike", "alertstate": "firing", "detection": "rapid", "job": "opentelemetry-demo/adservice", "rpc_method": "GetAds", "rpc_service": "oteldemo.AdService", "runbook": "critical-service-rpc-latency", "severity": "critical", "team": "platform"}}, {"name": "CriticalServiceRPCLatencySpike", "time": "2025-01-22T12:57:06.471000", "severity": "critical", "labels": {"__name__": "ALERTS", "alertname": "CriticalServiceRPCLatencySpike", "alertstate": "firing", "detection": "rapid", "job": "opentelemetry-demo/adservice", "rpc_method": "GetAds", "rpc_service": "oteldemo.AdService", "runbook": "critical-service-rpc-latency", "severity": "critical", "team": "platform"}}, {"name": "CriticalServiceRPCLatencySpike", "time": "2025-01-22T12:57:21.471000", "severity": "critical", "labels": {"__name__": "ALERTS", "alertname": "CriticalServiceRPCLatencySpike", "alertstate": "firing", "detection": "rapid", "job": "opentelemetry-demo/adservice", "rpc_method": "GetAds", "rpc_service": "oteldemo.AdService", "runbook": "critical-service-rpc-latency", "severity": "critical", "team": "platform"}}, {"name": "CriticalServiceRPCLatencySpike", "time": "2025-01-22T12:57:36.471000", "severity": "critical", "labels": {"__name__": "ALERTS", "alertname": "CriticalServiceRPCLatencySpike", "alertstate": "firing", "detection": "rapid", "job": "opentelemetry-demo/adservice", "rpc_method": "GetAds", "rpc_service": "oteldemo.AdService", "runbook": "critical-service-rpc-latency", "severity": "critical", "team": "platform"}}, {"name": "CriticalServiceRPCLatencySpike", "time": "2025-01-22T12:57:51.471000", "severity": "critical", "labels": {"__name__": "ALERTS", "alertname": "CriticalServiceRPCLatencySpike", "alertstate": "firing", "detection": "rapid", "job": "opentelemetry-demo/adservice", "rpc_method": "GetAds", "rpc_service": "oteldemo.AdService", "runbook": "critical-service-rpc-latency", "severity": "critical", "team": "platform"}}, {"name": "CriticalServiceRPCLatencySpike", "time": "2025-01-22T12:58:06.471000", "severity": "critical", "labels": {"__name__": "ALERTS", "alertname": "CriticalServiceRPCLatencySpike", "alertstate": "firing", "detection": "rapid", "job": "opentelemetry-demo/adservice", "rpc_method": "GetAds", "rpc_service": "oteldemo.AdService", "runbook": "critical-service-rpc-latency", "severity": "critical", "team": "platform"}}, {"name": "CriticalServiceRPCLatencySpike", "time": "2025-01-22T12:58:21.471000", "severity": "critical", "labels": {"__name__": "ALERTS", "alertname": "CriticalServiceRPCLatencySpike", "alertstate": "firing", "detection": "rapid", "job": "opentelemetry-demo/adservice", "rpc_method": "GetAds", "rpc_service": "oteldemo.AdService", "runbook": "critical-service-rpc-latency", "severity": "critical", "team": "platform"}}, {"name": "CriticalServiceRPCLatencySpike", "time": "2025-01-22T12:59:36.471000", "severity": "critical", "labels": {"__name__": "ALERTS", "alertname": "CriticalServiceRPCLatencySpike", "alertstate": "firing", "detection": "rapid", "job": "opentelemetry-demo/adservice", "rpc_method": "GetAds", "rpc_service": "oteldemo.AdService", "runbook": "critical-service-rpc-latency", "severity": "critical", "team": "platform"}}, {"name": "CriticalServiceRPCLatencySpike", "time": "2025-01-22T12:59:51.471000", "severity": "critical", "labels": {"__name__": "ALERTS", "alertname": "CriticalServiceRPCLatencySpike", "alertstate": "firing", "detection": "rapid", "job": "opentelemetry-demo/adservice", "rpc_method": "GetAds", "rpc_service": "oteldemo.AdService", "runbook": "critical-service-rpc-latency", "severity": "critical", "team": "platform"}}, {"name": "CriticalServiceRPCLatencySpike", "time": "2025-01-22T12:57:21.471000", "severity": "critical", "labels": {"__name__": "ALERTS", "alertname": "CriticalServiceRPCLatencySpike", "alertstate": "firing", "detection": "rapid", "job": "opentelemetry-demo/checkoutservice", "rpc_method": "PlaceOrder", "rpc_service": "oteldemo.CheckoutService", "runbook": "critical-service-rpc-latency", "severity": "critical", "team": "platform"}}, {"name": "CriticalServiceRPCLatencySpike", "time": "2025-01-22T12:57:36.471000", "severity": "critical", "labels": {"__name__": "ALERTS", "alertname": "CriticalServiceRPCLatencySpike", "alertstate": "firing", "detection": "rapid", "job": "opentelemetry-demo/checkoutservice", "rpc_method": "PlaceOrder", "rpc_service": "oteldemo.CheckoutService", "runbook": "critical-service-rpc-latency", "severity": "critical", "team": "platform"}}, {"name": "CriticalServiceRPCLatencySpike", "time": "2025-01-22T12:57:51.471000", "severity": "critical", "labels": {"__name__": "ALERTS", "alertname": "CriticalServiceRPCLatencySpike", "alertstate": "firing", "detection": "rapid", "job": "opentelemetry-demo/checkoutservice", "rpc_method": "PlaceOrder", "rpc_service": "oteldemo.CheckoutService", "runbook": "critical-service-rpc-latency", "severity": "critical", "team": "platform"}}, {"name": "ImmediateHighHTTPLatency", "time": "2025-01-22T12:57:06.471000", "severity": "critical", "labels": {"__name__": "ALERTS", "alertname": "ImmediateHighHTTPLatency", "alertstate": "firing", "detection": "rapid", "http_flavor": "1.1", "http_method": "GET", "job": "opentelemetry-demo/frontend", "net_host_name": "100.65.8.42", "runbook": "latency-immediate-response", "severity": "critical", "team": "observability"}}, {"name": "ImmediateHighHTTPLatency", "time": "2025-01-22T12:57:21.471000", "severity": "critical", "labels": {"__name__": "ALERTS", "alertname": "ImmediateHighHTTPLatency", "alertstate": "firing", "detection": "rapid", "http_flavor": "1.1", "http_method": "GET", "job": "opentelemetry-demo/frontend", "net_host_name": "100.65.8.42", "runbook": "latency-immediate-response", "severity": "critical", "team": "observability"}}, {"name": "ImmediateHighHTTPLatency", "time": "2025-01-22T12:57:36.471000", "severity": "critical", "labels": {"__name__": "ALERTS", "alertname": "ImmediateHighHTTPLatency", "alertstate": "firing", "detection": "rapid", "http_flavor": "1.1", "http_method": "GET", "job": "opentelemetry-demo/frontend", "net_host_name": "100.65.8.42", "runbook": "latency-immediate-response", "severity": "critical", "team": "observability"}}, {"name": "ImmediateHighHTTPLatency", "time": "2025-01-22T12:57:51.471000", "severity": "critical", "labels": {"__name__": "ALERTS", "alertname": "ImmediateHighHTTPLatency", "alertstate": "firing", "detection": "rapid", "http_flavor": "1.1", "http_method": "GET", "job": "opentelemetry-demo/frontend", "net_host_name": "100.65.8.42", "runbook": "latency-immediate-response", "severity": "critical", "team": "observability"}}, {"name": "ImmediateHighHTTPLatency", "time": "2025-01-22T12:58:06.471000", "severity": "critical", "labels": {"__name__": "ALERTS", "alertname": "ImmediateHighHTTPLatency", "alertstate": "firing", "detection": "rapid", "http_flavor": "1.1", "http_method": "GET", "job": "opentelemetry-demo/frontend", "net_host_name": "100.65.8.42", "runbook": "latency-immediate-response", "severity": "critical", "team": "observability"}}, {"name": "ImmediateHighHTTPLatency", "time": "2025-01-22T12:58:21.471000", "severity": "critical", "labels": {"__name__": "ALERTS", "alertname": "ImmediateHighHTTPLatency", "alertstate": "firing", "detection": "rapid", "http_flavor": "1.1", "http_method": "GET", "job": "opentelemetry-demo/frontend", "net_host_name": "100.65.8.42", "runbook": "latency-immediate-response", "severity": "critical", "team": "observability"}}, {"name": "ImmediateHighHTTPLatency", "time": "2025-01-22T12:58:36.471000", "severity": "critical", "labels": {"__name__": "ALERTS", "alertname": "ImmediateHighHTTPLatency", "alertstate": "firing", "detection": "rapid", "http_flavor": "1.1", "http_method": "GET", "job": "opentelemetry-demo/frontend", "net_host_name": "100.65.8.42", "runbook": "latency-immediate-response", "severity": "critical", "team": "observability"}}, {"name": "ImmediateHighHTTPLatency", "time": "2025-01-22T12:58:51.471000", "severity": "critical", "labels": {"__name__": "ALERTS", "alertname": "ImmediateHighHTTPLatency", "alertstate": "firing", "detection": "rapid", "http_flavor": "1.1", "http_method": "GET", "job": "opentelemetry-demo/frontend", "net_host_name": "100.65.8.42", "runbook": "latency-immediate-response", "severity": "critical", "team": "observability"}}, {"name": "ImmediateHighHTTPLatency", "time": "2025-01-22T12:59:06.471000", "severity": "critical", "labels": {"__name__": "ALERTS", "alertname": "ImmediateHighHTTPLatency", "alertstate": "firing", "detection": "rapid", "http_flavor": "1.1", "http_method": "GET", "job": "opentelemetry-demo/frontend", "net_host_name": "100.65.8.42", "runbook": "latency-immediate-response", "severity": "critical", "team": "observability"}}, {"name": "ImmediateHighHTTPLatency", "time": "2025-01-22T12:59:21.471000", "severity": "critical", "labels": {"__name__": "ALERTS", "alertname": "ImmediateHighHTTPLatency", "alertstate": "firing", "detection": "rapid", "http_flavor": "1.1", "http_method": "GET", "job": "opentelemetry-demo/frontend", "net_host_name": "100.65.8.42", "runbook": "latency-immediate-response", "severity": "critical", "team": "observability"}}, {"name": "ImmediateHighHTTPLatency", "time": "2025-01-22T12:59:36.471000", "severity": "critical", "labels": {"__name__": "ALERTS", "alertname": "ImmediateHighHTTPLatency", "alertstate": "firing", "detection": "rapid", "http_flavor": "1.1", "http_method": "GET", "job": "opentelemetry-demo/frontend", "net_host_name": "100.65.8.42", "runbook": "latency-immediate-response", "severity": "critical", "team": "observability"}}, {"name": "ImmediateHighHTTPLatency", "time": "2025-01-22T12:59:51.471000", "severity": "critical", "labels": {"__name__": "ALERTS", "alertname": "ImmediateHighHTTPLatency", "alertstate": "firing", "detection": "rapid", "http_flavor": "1.1", "http_method": "GET", "job": "opentelemetry-demo/frontend", "net_host_name": "100.65.8.42", "runbook": "latency-immediate-response", "severity": "critical", "team": "observability"}}, {"name": "ImmediateHighHTTPLatency", "time": "2025-01-22T12:59:06.471000", "severity": "critical", "labels": {"__name__": "ALERTS", "alertname": "ImmediateHighHTTPLatency", "alertstate": "firing", "detection": "rapid", "http_flavor": "1.1", "http_method": "GET", "job": "opentelemetry-demo/frontend", "net_host_name": "astronomy-shop-frontendproxy", "runbook": "latency-immediate-response", "severity": "critical", "team": "observability"}}, {"name": "ImmediateHighHTTPLatency", "time": "2025-01-22T12:59:21.471000", "severity": "critical", "labels": {"__name__": "ALERTS", "alertname": "ImmediateHighHTTPLatency", "alertstate": "firing", "detection": "rapid", "http_flavor": "1.1", "http_method": "GET", "job": "opentelemetry-demo/frontend", "net_host_name": "astronomy-shop-frontendproxy", "runbook": "latency-immediate-response", "severity": "critical", "team": "observability"}}, {"name": "ImmediateHighHTTPLatency", "time": "2025-01-22T12:59:36.471000", "severity": "critical", "labels": {"__name__": "ALERTS", "alertname": "ImmediateHighHTTPLatency", "alertstate": "firing", "detection": "rapid", "http_flavor": "1.1", "http_method": "GET", "job": "opentelemetry-demo/frontend", "net_host_name": "astronomy-shop-frontendproxy", "runbook": "latency-immediate-response", "severity": "critical", "team": "observability"}}, {"name": "ImmediateHighHTTPLatency", "time": "2025-01-22T12:59:51.471000", "severity": "critical", "labels": {"__name__": "ALERTS", "alertname": "ImmediateHighHTTPLatency", "alertstate": "firing", "detection": "rapid", "http_flavor": "1.1", "http_method": "GET", "job": "opentelemetry-demo/frontend", "net_host_name": "astronomy-shop-frontendproxy", "runbook": "latency-immediate-response", "severity": "critical", "team": "observability"}}, {"name": "ImmediateHighHTTPLatency", "time": "2025-01-22T12:57:06.471000", "severity": "critical", "labels": {"__name__": "ALERTS", "alertname": "ImmediateHighHTTPLatency", "alertstate": "firing", "detection": "rapid", "http_flavor": "1.1", "http_method": "POST", "job": "opentelemetry-demo/frontend", "net_host_name": "100.65.8.42", "runbook": "latency-immediate-response", "severity": "critical", "team": "observability"}}, {"name": "ImmediateHighHTTPLatency", "time": "2025-01-22T12:57:21.471000", "severity": "critical", "labels": {"__name__": "ALERTS", "alertname": "ImmediateHighHTTPLatency", "alertstate": "firing", "detection": "rapid", "http_flavor": "1.1", "http_method": "POST", "job": "opentelemetry-demo/frontend", "net_host_name": "100.65.8.42", "runbook": "latency-immediate-response", "severity": "critical", "team": "observability"}}, {"name": "ImmediateHighHTTPLatency", "time": "2025-01-22T12:57:36.471000", "severity": "critical", "labels": {"__name__": "ALERTS", "alertname": "ImmediateHighHTTPLatency", "alertstate": "firing", "detection": "rapid", "http_flavor": "1.1", "http_method": "POST", "job": "opentelemetry-demo/frontend", "net_host_name": "100.65.8.42", "runbook": "latency-immediate-response", "severity": "critical", "team": "observability"}}, {"name": "ImmediateHighHTTPLatency", "time": "2025-01-22T12:57:51.471000", "severity": "critical", "labels": {"__name__": "ALERTS", "alertname": "ImmediateHighHTTPLatency", "alertstate": "firing", "detection": "rapid", "http_flavor": "1.1", "http_method": "POST", "job": "opentelemetry-demo/frontend", "net_host_name": "100.65.8.42", "runbook": "latency-immediate-response", "severity": "critical", "team": "observability"}}, {"name": "ImmediateHighHTTPLatency", "time": "2025-01-22T12:58:06.471000", "severity": "critical", "labels": {"__name__": "ALERTS", "alertname": "ImmediateHighHTTPLatency", "alertstate": "firing", "detection": "rapid", "http_flavor": "1.1", "http_method": "POST", "job": "opentelemetry-demo/frontend", "net_host_name": "100.65.8.42", "runbook": "latency-immediate-response", "severity": "critical", "team": "observability"}}, {"name": "ImmediateHighHTTPLatency", "time": "2025-01-22T12:58:21.471000", "severity": "critical", "labels": {"__name__": "ALERTS", "alertname": "ImmediateHighHTTPLatency", "alertstate": "firing", "detection": "rapid", "http_flavor": "1.1", "http_method": "POST", "job": "opentelemetry-demo/frontend", "net_host_name": "100.65.8.42", "runbook": "latency-immediate-response", "severity": "critical", "team": "observability"}}, {"name": "ImmediateHighHTTPLatency", "time": "2025-01-22T12:58:36.471000", "severity": "critical", "labels": {"__name__": "ALERTS", "alertname": "ImmediateHighHTTPLatency", "alertstate": "firing", "detection": "rapid", "http_flavor": "1.1", "http_method": "POST", "job": "opentelemetry-demo/frontend", "net_host_name": "100.65.8.42", "runbook": "latency-immediate-response", "severity": "critical", "team": "observability"}}, {"name": "ImmediateHighHTTPLatency", "time": "2025-01-22T12:58:51.471000", "severity": "critical", "labels": {"__name__": "ALERTS", "alertname": "ImmediateHighHTTPLatency", "alertstate": "firing", "detection": "rapid", "http_flavor": "1.1", "http_method": "POST", "job": "opentelemetry-demo/frontend", "net_host_name": "100.65.8.42", "runbook": "latency-immediate-response", "severity": "critical", "team": "observability"}}, {"name": "ImmediateHighHTTPLatency", "time": "2025-01-22T12:59:06.471000", "severity": "critical", "labels": {"__name__": "ALERTS", "alertname": "ImmediateHighHTTPLatency", "alertstate": "firing", "detection": "rapid", "http_flavor": "1.1", "http_method": "POST", "job": "opentelemetry-demo/frontend", "net_host_name": "100.65.8.42", "runbook": "latency-immediate-response", "severity": "critical", "team": "observability"}}, {"name": "ImmediateHighHTTPLatency", "time": "2025-01-22T12:59:21.471000", "severity": "critical", "labels": {"__name__": "ALERTS", "alertname": "ImmediateHighHTTPLatency", "alertstate": "firing", "detection": "rapid", "http_flavor": "1.1", "http_method": "POST", "job": "opentelemetry-demo/frontend", "net_host_name": "100.65.8.42", "runbook": "latency-immediate-response", "severity": "critical", "team": "observability"}}, {"name": "ImmediateHighHTTPLatency", "time": "2025-01-22T12:59:36.471000", "severity": "critical", "labels": {"__name__": "ALERTS", "alertname": "ImmediateHighHTTPLatency", "alertstate": "firing", "detection": "rapid", "http_flavor": "1.1", "http_method": "POST", "job": "opentelemetry-demo/frontend", "net_host_name": "100.65.8.42", "runbook": "latency-immediate-response", "severity": "critical", "team": "observability"}}, {"name": "ImmediateHighHTTPLatency", "time": "2025-01-22T12:59:51.471000", "severity": "critical", "labels": {"__name__": "ALERTS", "alertname": "ImmediateHighHTTPLatency", "alertstate": "firing", "detection": "rapid", "http_flavor": "1.1", "http_method": "POST", "job": "opentelemetry-demo/frontend", "net_host_name": "100.65.8.42", "runbook": "latency-immediate-response", "severity": "critical", "team": "observability"}}, {"name": "ImmediateHighRPCLatency", "time": "2025-01-22T12:56:21.471000", "severity": "critical", "labels": {"__name__": "ALERTS", "alertname": "ImmediateHighRPCLatency", "alertstate": "firing", "detection": "rapid", "job": "opentelemetry-demo/adservice", "rpc_method": "GetAds", "rpc_service": "oteldemo.AdService", "runbook": "rpc-latency-immediate-response", "severity": "critical", "team": "observability"}}, {"name": "ImmediateHighRPCLatency", "time": "2025-01-22T12:56:36.471000", "severity": "critical", "labels": {"__name__": "ALERTS", "alertname": "ImmediateHighRPCLatency", "alertstate": "firing", "detection": "rapid", "job": "opentelemetry-demo/adservice", "rpc_method": "GetAds", "rpc_service": "oteldemo.AdService", "runbook": "rpc-latency-immediate-response", "severity": "critical", "team": "observability"}}, {"name": "ImmediateHighRPCLatency", "time": "2025-01-22T12:56:51.471000", "severity": "critical", "labels": {"__name__": "ALERTS", "alertname": "ImmediateHighRPCLatency", "alertstate": "firing", "detection": "rapid", "job": "opentelemetry-demo/adservice", "rpc_method": "GetAds", "rpc_service": "oteldemo.AdService", "runbook": "rpc-latency-immediate-response", "severity": "critical", "team": "observability"}}, {"name": "ImmediateHighRPCLatency", "time": "2025-01-22T12:57:06.471000", "severity": "critical", "labels": {"__name__": "ALERTS", "alertname": "ImmediateHighRPCLatency", "alertstate": "firing", "detection": "rapid", "job": "opentelemetry-demo/adservice", "rpc_method": "GetAds", "rpc_service": "oteldemo.AdService", "runbook": "rpc-latency-immediate-response", "severity": "critical", "team": "observability"}}, {"name": "ImmediateHighRPCLatency", "time": "2025-01-22T12:57:21.471000", "severity": "critical", "labels": {"__name__": "ALERTS", "alertname": "ImmediateHighRPCLatency", "alertstate": "firing", "detection": "rapid", "job": "opentelemetry-demo/adservice", "rpc_method": "GetAds", "rpc_service": "oteldemo.AdService", "runbook": "rpc-latency-immediate-response", "severity": "critical", "team": "observability"}}, {"name": "ImmediateHighRPCLatency", "time": "2025-01-22T12:57:36.471000", "severity": "critical", "labels": {"__name__": "ALERTS", "alertname": "ImmediateHighRPCLatency", "alertstate": "firing", "detection": "rapid", "job": "opentelemetry-demo/adservice", "rpc_method": "GetAds", "rpc_service": "oteldemo.AdService", "runbook": "rpc-latency-immediate-response", "severity": "critical", "team": "observability"}}, {"name": "ImmediateHighRPCLatency", "time": "2025-01-22T12:57:51.471000", "severity": "critical", "labels": {"__name__": "ALERTS", "alertname": "ImmediateHighRPCLatency", "alertstate": "firing", "detection": "rapid", "job": "opentelemetry-demo/adservice", "rpc_method": "GetAds", "rpc_service": "oteldemo.AdService", "runbook": "rpc-latency-immediate-response", "severity": "critical", "team": "observability"}}, {"name": "ImmediateHighRPCLatency", "time": "2025-01-22T12:58:06.471000", "severity": "critical", "labels": {"__name__": "ALERTS", "alertname": "ImmediateHighRPCLatency", "alertstate": "firing", "detection": "rapid", "job": "opentelemetry-demo/adservice", "rpc_method": "GetAds", "rpc_service": "oteldemo.AdService", "runbook": "rpc-latency-immediate-response", "severity": "critical", "team": "observability"}}, {"name": "ImmediateHighRPCLatency", "time": "2025-01-22T12:58:21.471000", "severity": "critical", "labels": {"__name__": "ALERTS", "alertname": "ImmediateHighRPCLatency", "alertstate": "firing", "detection": "rapid", "job": "opentelemetry-demo/adservice", "rpc_method": "GetAds", "rpc_service": "oteldemo.AdService", "runbook": "rpc-latency-immediate-response", "severity": "critical", "team": "observability"}}, {"name": "ImmediateHighRPCLatency", "time": "2025-01-22T12:59:36.471000", "severity": "critical", "labels": {"__name__": "ALERTS", "alertname": "ImmediateHighRPCLatency", "alertstate": "firing", "detection": "rapid", "job": "opentelemetry-demo/adservice", "rpc_method": "GetAds", "rpc_service": "oteldemo.AdService", "runbook": "rpc-latency-immediate-response", "severity": "critical", "team": "observability"}}, {"name": "ImmediateHighRPCLatency", "time": "2025-01-22T12:59:51.471000", "severity": "critical", "labels": {"__name__": "ALERTS", "alertname": "ImmediateHighRPCLatency", "alertstate": "firing", "detection": "rapid", "job": "opentelemetry-demo/adservice", "rpc_method": "GetAds", "rpc_service": "oteldemo.AdService", "runbook": "rpc-latency-immediate-response", "severity": "critical", "team": "observability"}}, {"name": "ImmediateHighRPCLatency", "time": "2025-01-22T12:57:21.471000", "severity": "critical", "labels": {"__name__": "ALERTS", "alertname": "ImmediateHighRPCLatency", "alertstate": "firing", "detection": "rapid", "job": "opentelemetry-demo/checkoutservice", "rpc_method": "PlaceOrder", "rpc_service": "oteldemo.CheckoutService", "runbook": "rpc-latency-immediate-response", "severity": "critical", "team": "observability"}}, {"name": "ImmediateHighRPCLatency", "time": "2025-01-22T12:57:36.471000", "severity": "critical", "labels": {"__name__": "ALERTS", "alertname": "ImmediateHighRPCLatency", "alertstate": "firing", "detection": "rapid", "job": "opentelemetry-demo/checkoutservice", "rpc_method": "PlaceOrder", "rpc_service": "oteldemo.CheckoutService", "runbook": "rpc-latency-immediate-response", "severity": "critical", "team": "observability"}}, {"name": "ImmediateHighRPCLatency", "time": "2025-01-22T12:57:51.471000", "severity": "critical", "labels": {"__name__": "ALERTS", "alertname": "ImmediateHighRPCLatency", "alertstate": "firing", "detection": "rapid", "job": "opentelemetry-demo/checkoutservice", "rpc_method": "PlaceOrder", "rpc_service": "oteldemo.CheckoutService", "runbook": "rpc-latency-immediate-response", "severity": "critical", "team": "observability"}}]}, {"fault_name": "delay_treatment", "detected": true, "detection_time": "2025-01-22T12:56:21.471000", "detection_latency": 21.010344, "alerts_triggered": [{"name": "CriticalServiceRPCLatencySpike", "time": "2025-01-22T12:56:21.471000", "severity": "critical", "labels": {"__name__": "ALERTS", "alertname": "CriticalServiceRPCLatencySpike", "alertstate": "firing", "detection": "rapid", "job": "opentelemetry-demo/adservice", "rpc_method": "GetAds", "rpc_service": "oteldemo.AdService", "runbook": "critical-service-rpc-latency", "severity": "critical", "team": "platform"}}, {"name": "CriticalServiceRPCLatencySpike", "time": "2025-01-22T12:56:36.471000", "severity": "critical", "labels": {"__name__": "ALERTS", "alertname": "CriticalServiceRPCLatencySpike", "alertstate": "firing", "detection": "rapid", "job": "opentelemetry-demo/adservice", "rpc_method": "GetAds", "rpc_service": "oteldemo.AdService", "runbook": "critical-service-rpc-latency", "severity": "critical", "team": "platform"}}, {"name": "CriticalServiceRPCLatencySpike", "time": "2025-01-22T12:56:51.471000", "severity": "critical", "labels": {"__name__": "ALERTS", "alertname": "CriticalServiceRPCLatencySpike", "alertstate": "firing", "detection": "rapid", "job": "opentelemetry-demo/adservice", "rpc_method": "GetAds", "rpc_service": "oteldemo.AdService", "runbook": "critical-service-rpc-latency", "severity": "critical", "team": "platform"}}, {"name": "CriticalServiceRPCLatencySpike", "time": "2025-01-22T12:57:06.471000", "severity": "critical", "labels": {"__name__": "ALERTS", "alertname": "CriticalServiceRPCLatencySpike", "alertstate": "firing", "detection": "rapid", "job": "opentelemetry-demo/adservice", "rpc_method": "GetAds", "rpc_service": "oteldemo.AdService", "runbook": "critical-service-rpc-latency", "severity": "critical", "team": "platform"}}, {"name": "CriticalServiceRPCLatencySpike", "time": "2025-01-22T12:57:21.471000", "severity": "critical", "labels": {"__name__": "ALERTS", "alertname": "CriticalServiceRPCLatencySpike", "alertstate": "firing", "detection": "rapid", "job": "opentelemetry-demo/adservice", "rpc_method": "GetAds", "rpc_service": "oteldemo.AdService", "runbook": "critical-service-rpc-latency", "severity": "critical", "team": "platform"}}, {"name": "CriticalServiceRPCLatencySpike", "time": "2025-01-22T12:57:36.471000", "severity": "critical", "labels": {"__name__": "ALERTS", "alertname": "CriticalServiceRPCLatencySpike", "alertstate": "firing", "detection": "rapid", "job": "opentelemetry-demo/adservice", "rpc_method": "GetAds", "rpc_service": "oteldemo.AdService", "runbook": "critical-service-rpc-latency", "severity": "critical", "team": "platform"}}, {"name": "CriticalServiceRPCLatencySpike", "time": "2025-01-22T12:57:51.471000", "severity": "critical", "labels": {"__name__": "ALERTS", "alertname": "CriticalServiceRPCLatencySpike", "alertstate": "firing", "detection": "rapid", "job": "opentelemetry-demo/adservice", "rpc_method": "GetAds", "rpc_service": "oteldemo.AdService", "runbook": "critical-service-rpc-latency", "severity": "critical", "team": "platform"}}, {"name": "CriticalServiceRPCLatencySpike", "time": "2025-01-22T12:58:06.471000", "severity": "critical", "labels": {"__name__": "ALERTS", "alertname": "CriticalServiceRPCLatencySpike", "alertstate": "firing", "detection": "rapid", "job": "opentelemetry-demo/adservice", "rpc_method": "GetAds", "rpc_service": "oteldemo.AdService", "runbook": "critical-service-rpc-latency", "severity": "critical", "team": "platform"}}, {"name": "CriticalServiceRPCLatencySpike", "time": "2025-01-22T12:58:21.471000", "severity": "critical", "labels": {"__name__": "ALERTS", "alertname": "CriticalServiceRPCLatencySpike", "alertstate": "firing", "detection": "rapid", "job": "opentelemetry-demo/adservice", "rpc_method": "GetAds", "rpc_service": "oteldemo.AdService", "runbook": "critical-service-rpc-latency", "severity": "critical", "team": "platform"}}, {"name": "CriticalServiceRPCLatencySpike", "time": "2025-01-22T12:59:36.471000", "severity": "critical", "labels": {"__name__": "ALERTS", "alertname": "CriticalServiceRPCLatencySpike", "alertstate": "firing", "detection": "rapid", "job": "opentelemetry-demo/adservice", "rpc_method": "GetAds", "rpc_service": "oteldemo.AdService", "runbook": "critical-service-rpc-latency", "severity": "critical", "team": "platform"}}, {"name": "CriticalServiceRPCLatencySpike", "time": "2025-01-22T12:59:51.471000", "severity": "critical", "labels": {"__name__": "ALERTS", "alertname": "CriticalServiceRPCLatencySpike", "alertstate": "firing", "detection": "rapid", "job": "opentelemetry-demo/adservice", "rpc_method": "GetAds", "rpc_service": "oteldemo.AdService", "runbook": "critical-service-rpc-latency", "severity": "critical", "team": "platform"}}, {"name": "CriticalServiceRPCLatencySpike", "time": "2025-01-22T12:57:21.471000", "severity": "critical", "labels": {"__name__": "ALERTS", "alertname": "CriticalServiceRPCLatencySpike", "alertstate": "firing", "detection": "rapid", "job": "opentelemetry-demo/checkoutservice", "rpc_method": "PlaceOrder", "rpc_service": "oteldemo.CheckoutService", "runbook": "critical-service-rpc-latency", "severity": "critical", "team": "platform"}}, {"name": "CriticalServiceRPCLatencySpike", "time": "2025-01-22T12:57:36.471000", "severity": "critical", "labels": {"__name__": "ALERTS", "alertname": "CriticalServiceRPCLatencySpike", "alertstate": "firing", "detection": "rapid", "job": "opentelemetry-demo/checkoutservice", "rpc_method": "PlaceOrder", "rpc_service": "oteldemo.CheckoutService", "runbook": "critical-service-rpc-latency", "severity": "critical", "team": "platform"}}, {"name": "CriticalServiceRPCLatencySpike", "time": "2025-01-22T12:57:51.471000", "severity": "critical", "labels": {"__name__": "ALERTS", "alertname": "CriticalServiceRPCLatencySpike", "alertstate": "firing", "detection": "rapid", "job": "opentelemetry-demo/checkoutservice", "rpc_method": "PlaceOrder", "rpc_service": "oteldemo.CheckoutService", "runbook": "critical-service-rpc-latency", "severity": "critical", "team": "platform"}}, {"name": "ImmediateHighHTTPLatency", "time": "2025-01-22T12:57:06.471000", "severity": "critical", "labels": {"__name__": "ALERTS", "alertname": "ImmediateHighHTTPLatency", "alertstate": "firing", "detection": "rapid", "http_flavor": "1.1", "http_method": "GET", "job": "opentelemetry-demo/frontend", "net_host_name": "100.65.8.42", "runbook": "latency-immediate-response", "severity": "critical", "team": "observability"}}, {"name": "ImmediateHighHTTPLatency", "time": "2025-01-22T12:57:21.471000", "severity": "critical", "labels": {"__name__": "ALERTS", "alertname": "ImmediateHighHTTPLatency", "alertstate": "firing", "detection": "rapid", "http_flavor": "1.1", "http_method": "GET", "job": "opentelemetry-demo/frontend", "net_host_name": "100.65.8.42", "runbook": "latency-immediate-response", "severity": "critical", "team": "observability"}}, {"name": "ImmediateHighHTTPLatency", "time": "2025-01-22T12:57:36.471000", "severity": "critical", "labels": {"__name__": "ALERTS", "alertname": "ImmediateHighHTTPLatency", "alertstate": "firing", "detection": "rapid", "http_flavor": "1.1", "http_method": "GET", "job": "opentelemetry-demo/frontend", "net_host_name": "100.65.8.42", "runbook": "latency-immediate-response", "severity": "critical", "team": "observability"}}, {"name": "ImmediateHighHTTPLatency", "time": "2025-01-22T12:57:51.471000", "severity": "critical", "labels": {"__name__": "ALERTS", "alertname": "ImmediateHighHTTPLatency", "alertstate": "firing", "detection": "rapid", "http_flavor": "1.1", "http_method": "GET", "job": "opentelemetry-demo/frontend", "net_host_name": "100.65.8.42", "runbook": "latency-immediate-response", "severity": "critical", "team": "observability"}}, {"name": "ImmediateHighHTTPLatency", "time": "2025-01-22T12:58:06.471000", "severity": "critical", "labels": {"__name__": "ALERTS", "alertname": "ImmediateHighHTTPLatency", "alertstate": "firing", "detection": "rapid", "http_flavor": "1.1", "http_method": "GET", "job": "opentelemetry-demo/frontend", "net_host_name": "100.65.8.42", "runbook": "latency-immediate-response", "severity": "critical", "team": "observability"}}, {"name": "ImmediateHighHTTPLatency", "time": "2025-01-22T12:58:21.471000", "severity": "critical", "labels": {"__name__": "ALERTS", "alertname": "ImmediateHighHTTPLatency", "alertstate": "firing", "detection": "rapid", "http_flavor": "1.1", "http_method": "GET", "job": "opentelemetry-demo/frontend", "net_host_name": "100.65.8.42", "runbook": "latency-immediate-response", "severity": "critical", "team": "observability"}}, {"name": "ImmediateHighHTTPLatency", "time": "2025-01-22T12:58:36.471000", "severity": "critical", "labels": {"__name__": "ALERTS", "alertname": "ImmediateHighHTTPLatency", "alertstate": "firing", "detection": "rapid", "http_flavor": "1.1", "http_method": "GET", "job": "opentelemetry-demo/frontend", "net_host_name": "100.65.8.42", "runbook": "latency-immediate-response", "severity": "critical", "team": "observability"}}, {"name": "ImmediateHighHTTPLatency", "time": "2025-01-22T12:58:51.471000", "severity": "critical", "labels": {"__name__": "ALERTS", "alertname": "ImmediateHighHTTPLatency", "alertstate": "firing", "detection": "rapid", "http_flavor": "1.1", "http_method": "GET", "job": "opentelemetry-demo/frontend", "net_host_name": "100.65.8.42", "runbook": "latency-immediate-response", "severity": "critical", "team": "observability"}}, {"name": "ImmediateHighHTTPLatency", "time": "2025-01-22T12:59:06.471000", "severity": "critical", "labels": {"__name__": "ALERTS", "alertname": "ImmediateHighHTTPLatency", "alertstate": "firing", "detection": "rapid", "http_flavor": "1.1", "http_method": "GET", "job": "opentelemetry-demo/frontend", "net_host_name": "100.65.8.42", "runbook": "latency-immediate-response", "severity": "critical", "team": "observability"}}, {"name": "ImmediateHighHTTPLatency", "time": "2025-01-22T12:59:21.471000", "severity": "critical", "labels": {"__name__": "ALERTS", "alertname": "ImmediateHighHTTPLatency", "alertstate": "firing", "detection": "rapid", "http_flavor": "1.1", "http_method": "GET", "job": "opentelemetry-demo/frontend", "net_host_name": "100.65.8.42", "runbook": "latency-immediate-response", "severity": "critical", "team": "observability"}}, {"name": "ImmediateHighHTTPLatency", "time": "2025-01-22T12:59:36.471000", "severity": "critical", "labels": {"__name__": "ALERTS", "alertname": "ImmediateHighHTTPLatency", "alertstate": "firing", "detection": "rapid", "http_flavor": "1.1", "http_method": "GET", "job": "opentelemetry-demo/frontend", "net_host_name": "100.65.8.42", "runbook": "latency-immediate-response", "severity": "critical", "team": "observability"}}, {"name": "ImmediateHighHTTPLatency", "time": "2025-01-22T12:59:51.471000", "severity": "critical", "labels": {"__name__": "ALERTS", "alertname": "ImmediateHighHTTPLatency", "alertstate": "firing", "detection": "rapid", "http_flavor": "1.1", "http_method": "GET", "job": "opentelemetry-demo/frontend", "net_host_name": "100.65.8.42", "runbook": "latency-immediate-response", "severity": "critical", "team": "observability"}}, {"name": "ImmediateHighHTTPLatency", "time": "2025-01-22T12:59:06.471000", "severity": "critical", "labels": {"__name__": "ALERTS", "alertname": "ImmediateHighHTTPLatency", "alertstate": "firing", "detection": "rapid", "http_flavor": "1.1", "http_method": "GET", "job": "opentelemetry-demo/frontend", "net_host_name": "astronomy-shop-frontendproxy", "runbook": "latency-immediate-response", "severity": "critical", "team": "observability"}}, {"name": "ImmediateHighHTTPLatency", "time": "2025-01-22T12:59:21.471000", "severity": "critical", "labels": {"__name__": "ALERTS", "alertname": "ImmediateHighHTTPLatency", "alertstate": "firing", "detection": "rapid", "http_flavor": "1.1", "http_method": "GET", "job": "opentelemetry-demo/frontend", "net_host_name": "astronomy-shop-frontendproxy", "runbook": "latency-immediate-response", "severity": "critical", "team": "observability"}}, {"name": "ImmediateHighHTTPLatency", "time": "2025-01-22T12:59:36.471000", "severity": "critical", "labels": {"__name__": "ALERTS", "alertname": "ImmediateHighHTTPLatency", "alertstate": "firing", "detection": "rapid", "http_flavor": "1.1", "http_method": "GET", "job": "opentelemetry-demo/frontend", "net_host_name": "astronomy-shop-frontendproxy", "runbook": "latency-immediate-response", "severity": "critical", "team": "observability"}}, {"name": "ImmediateHighHTTPLatency", "time": "2025-01-22T12:59:51.471000", "severity": "critical", "labels": {"__name__": "ALERTS", "alertname": "ImmediateHighHTTPLatency", "alertstate": "firing", "detection": "rapid", "http_flavor": "1.1", "http_method": "GET", "job": "opentelemetry-demo/frontend", "net_host_name": "astronomy-shop-frontendproxy", "runbook": "latency-immediate-response", "severity": "critical", "team": "observability"}}, {"name": "ImmediateHighHTTPLatency", "time": "2025-01-22T12:57:06.471000", "severity": "critical", "labels": {"__name__": "ALERTS", "alertname": "ImmediateHighHTTPLatency", "alertstate": "firing", "detection": "rapid", "http_flavor": "1.1", "http_method": "POST", "job": "opentelemetry-demo/frontend", "net_host_name": "100.65.8.42", "runbook": "latency-immediate-response", "severity": "critical", "team": "observability"}}, {"name": "ImmediateHighHTTPLatency", "time": "2025-01-22T12:57:21.471000", "severity": "critical", "labels": {"__name__": "ALERTS", "alertname": "ImmediateHighHTTPLatency", "alertstate": "firing", "detection": "rapid", "http_flavor": "1.1", "http_method": "POST", "job": "opentelemetry-demo/frontend", "net_host_name": "100.65.8.42", "runbook": "latency-immediate-response", "severity": "critical", "team": "observability"}}, {"name": "ImmediateHighHTTPLatency", "time": "2025-01-22T12:57:36.471000", "severity": "critical", "labels": {"__name__": "ALERTS", "alertname": "ImmediateHighHTTPLatency", "alertstate": "firing", "detection": "rapid", "http_flavor": "1.1", "http_method": "POST", "job": "opentelemetry-demo/frontend", "net_host_name": "100.65.8.42", "runbook": "latency-immediate-response", "severity": "critical", "team": "observability"}}, {"name": "ImmediateHighHTTPLatency", "time": "2025-01-22T12:57:51.471000", "severity": "critical", "labels": {"__name__": "ALERTS", "alertname": "ImmediateHighHTTPLatency", "alertstate": "firing", "detection": "rapid", "http_flavor": "1.1", "http_method": "POST", "job": "opentelemetry-demo/frontend", "net_host_name": "100.65.8.42", "runbook": "latency-immediate-response", "severity": "critical", "team": "observability"}}, {"name": "ImmediateHighHTTPLatency", "time": "2025-01-22T12:58:06.471000", "severity": "critical", "labels": {"__name__": "ALERTS", "alertname": "ImmediateHighHTTPLatency", "alertstate": "firing", "detection": "rapid", "http_flavor": "1.1", "http_method": "POST", "job": "opentelemetry-demo/frontend", "net_host_name": "100.65.8.42", "runbook": "latency-immediate-response", "severity": "critical", "team": "observability"}}, {"name": "ImmediateHighHTTPLatency", "time": "2025-01-22T12:58:21.471000", "severity": "critical", "labels": {"__name__": "ALERTS", "alertname": "ImmediateHighHTTPLatency", "alertstate": "firing", "detection": "rapid", "http_flavor": "1.1", "http_method": "POST", "job": "opentelemetry-demo/frontend", "net_host_name": "100.65.8.42", "runbook": "latency-immediate-response", "severity": "critical", "team": "observability"}}, {"name": "ImmediateHighHTTPLatency", "time": "2025-01-22T12:58:36.471000", "severity": "critical", "labels": {"__name__": "ALERTS", "alertname": "ImmediateHighHTTPLatency", "alertstate": "firing", "detection": "rapid", "http_flavor": "1.1", "http_method": "POST", "job": "opentelemetry-demo/frontend", "net_host_name": "100.65.8.42", "runbook": "latency-immediate-response", "severity": "critical", "team": "observability"}}, {"name": "ImmediateHighHTTPLatency", "time": "2025-01-22T12:58:51.471000", "severity": "critical", "labels": {"__name__": "ALERTS", "alertname": "ImmediateHighHTTPLatency", "alertstate": "firing", "detection": "rapid", "http_flavor": "1.1", "http_method": "POST", "job": "opentelemetry-demo/frontend", "net_host_name": "100.65.8.42", "runbook": "latency-immediate-response", "severity": "critical", "team": "observability"}}, {"name": "ImmediateHighHTTPLatency", "time": "2025-01-22T12:59:06.471000", "severity": "critical", "labels": {"__name__": "ALERTS", "alertname": "ImmediateHighHTTPLatency", "alertstate": "firing", "detection": "rapid", "http_flavor": "1.1", "http_method": "POST", "job": "opentelemetry-demo/frontend", "net_host_name": "100.65.8.42", "runbook": "latency-immediate-response", "severity": "critical", "team": "observability"}}, {"name": "ImmediateHighHTTPLatency", "time": "2025-01-22T12:59:21.471000", "severity": "critical", "labels": {"__name__": "ALERTS", "alertname": "ImmediateHighHTTPLatency", "alertstate": "firing", "detection": "rapid", "http_flavor": "1.1", "http_method": "POST", "job": "opentelemetry-demo/frontend", "net_host_name": "100.65.8.42", "runbook": "latency-immediate-response", "severity": "critical", "team": "observability"}}, {"name": "ImmediateHighHTTPLatency", "time": "2025-01-22T12:59:36.471000", "severity": "critical", "labels": {"__name__": "ALERTS", "alertname": "ImmediateHighHTTPLatency", "alertstate": "firing", "detection": "rapid", "http_flavor": "1.1", "http_method": "POST", "job": "opentelemetry-demo/frontend", "net_host_name": "100.65.8.42", "runbook": "latency-immediate-response", "severity": "critical", "team": "observability"}}, {"name": "ImmediateHighHTTPLatency", "time": "2025-01-22T12:59:51.471000", "severity": "critical", "labels": {"__name__": "ALERTS", "alertname": "ImmediateHighHTTPLatency", "alertstate": "firing", "detection": "rapid", "http_flavor": "1.1", "http_method": "POST", "job": "opentelemetry-demo/frontend", "net_host_name": "100.65.8.42", "runbook": "latency-immediate-response", "severity": "critical", "team": "observability"}}, {"name": "ImmediateHighRPCLatency", "time": "2025-01-22T12:56:21.471000", "severity": "critical", "labels": {"__name__": "ALERTS", "alertname": "ImmediateHighRPCLatency", "alertstate": "firing", "detection": "rapid", "job": "opentelemetry-demo/adservice", "rpc_method": "GetAds", "rpc_service": "oteldemo.AdService", "runbook": "rpc-latency-immediate-response", "severity": "critical", "team": "observability"}}, {"name": "ImmediateHighRPCLatency", "time": "2025-01-22T12:56:36.471000", "severity": "critical", "labels": {"__name__": "ALERTS", "alertname": "ImmediateHighRPCLatency", "alertstate": "firing", "detection": "rapid", "job": "opentelemetry-demo/adservice", "rpc_method": "GetAds", "rpc_service": "oteldemo.AdService", "runbook": "rpc-latency-immediate-response", "severity": "critical", "team": "observability"}}, {"name": "ImmediateHighRPCLatency", "time": "2025-01-22T12:56:51.471000", "severity": "critical", "labels": {"__name__": "ALERTS", "alertname": "ImmediateHighRPCLatency", "alertstate": "firing", "detection": "rapid", "job": "opentelemetry-demo/adservice", "rpc_method": "GetAds", "rpc_service": "oteldemo.AdService", "runbook": "rpc-latency-immediate-response", "severity": "critical", "team": "observability"}}, {"name": "ImmediateHighRPCLatency", "time": "2025-01-22T12:57:06.471000", "severity": "critical", "labels": {"__name__": "ALERTS", "alertname": "ImmediateHighRPCLatency", "alertstate": "firing", "detection": "rapid", "job": "opentelemetry-demo/adservice", "rpc_method": "GetAds", "rpc_service": "oteldemo.AdService", "runbook": "rpc-latency-immediate-response", "severity": "critical", "team": "observability"}}, {"name": "ImmediateHighRPCLatency", "time": "2025-01-22T12:57:21.471000", "severity": "critical", "labels": {"__name__": "ALERTS", "alertname": "ImmediateHighRPCLatency", "alertstate": "firing", "detection": "rapid", "job": "opentelemetry-demo/adservice", "rpc_method": "GetAds", "rpc_service": "oteldemo.AdService", "runbook": "rpc-latency-immediate-response", "severity": "critical", "team": "observability"}}, {"name": "ImmediateHighRPCLatency", "time": "2025-01-22T12:57:36.471000", "severity": "critical", "labels": {"__name__": "ALERTS", "alertname": "ImmediateHighRPCLatency", "alertstate": "firing", "detection": "rapid", "job": "opentelemetry-demo/adservice", "rpc_method": "GetAds", "rpc_service": "oteldemo.AdService", "runbook": "rpc-latency-immediate-response", "severity": "critical", "team": "observability"}}, {"name": "ImmediateHighRPCLatency", "time": "2025-01-22T12:57:51.471000", "severity": "critical", "labels": {"__name__": "ALERTS", "alertname": "ImmediateHighRPCLatency", "alertstate": "firing", "detection": "rapid", "job": "opentelemetry-demo/adservice", "rpc_method": "GetAds", "rpc_service": "oteldemo.AdService", "runbook": "rpc-latency-immediate-response", "severity": "critical", "team": "observability"}}, {"name": "ImmediateHighRPCLatency", "time": "2025-01-22T12:58:06.471000", "severity": "critical", "labels": {"__name__": "ALERTS", "alertname": "ImmediateHighRPCLatency", "alertstate": "firing", "detection": "rapid", "job": "opentelemetry-demo/adservice", "rpc_method": "GetAds", "rpc_service": "oteldemo.AdService", "runbook": "rpc-latency-immediate-response", "severity": "critical", "team": "observability"}}, {"name": "ImmediateHighRPCLatency", "time": "2025-01-22T12:58:21.471000", "severity": "critical", "labels": {"__name__": "ALERTS", "alertname": "ImmediateHighRPCLatency", "alertstate": "firing", "detection": "rapid", "job": "opentelemetry-demo/adservice", "rpc_method": "GetAds", "rpc_service": "oteldemo.AdService", "runbook": "rpc-latency-immediate-response", "severity": "critical", "team": "observability"}}, {"name": "ImmediateHighRPCLatency", "time": "2025-01-22T12:59:36.471000", "severity": "critical", "labels": {"__name__": "ALERTS", "alertname": "ImmediateHighRPCLatency", "alertstate": "firing", "detection": "rapid", "job": "opentelemetry-demo/adservice", "rpc_method": "GetAds", "rpc_service": "oteldemo.AdService", "runbook": "rpc-latency-immediate-response", "severity": "critical", "team": "observability"}}, {"name": "ImmediateHighRPCLatency", "time": "2025-01-22T12:59:51.471000", "severity": "critical", "labels": {"__name__": "ALERTS", "alertname": "ImmediateHighRPCLatency", "alertstate": "firing", "detection": "rapid", "job": "opentelemetry-demo/adservice", "rpc_method": "GetAds", "rpc_service": "oteldemo.AdService", "runbook": "rpc-latency-immediate-response", "severity": "critical", "team": "observability"}}, {"name": "ImmediateHighRPCLatency", "time": "2025-01-22T12:57:21.471000", "severity": "critical", "labels": {"__name__": "ALERTS", "alertname": "ImmediateHighRPCLatency", "alertstate": "firing", "detection": "rapid", "job": "opentelemetry-demo/checkoutservice", "rpc_method": "PlaceOrder", "rpc_service": "oteldemo.CheckoutService", "runbook": "rpc-latency-immediate-response", "severity": "critical", "team": "observability"}}, {"name": "ImmediateHighRPCLatency", "time": "2025-01-22T12:57:36.471000", "severity": "critical", "labels": {"__name__": "ALERTS", "alertname": "ImmediateHighRPCLatency", "alertstate": "firing", "detection": "rapid", "job": "opentelemetry-demo/checkoutservice", "rpc_method": "PlaceOrder", "rpc_service": "oteldemo.CheckoutService", "runbook": "rpc-latency-immediate-response", "severity": "critical", "team": "observability"}}, {"name": "ImmediateHighRPCLatency", "time": "2025-01-22T12:57:51.471000", "severity": "critical", "labels": {"__name__": "ALERTS", "alertname": "ImmediateHighRPCLatency", "alertstate": "firing", "detection": "rapid", "job": "opentelemetry-demo/checkoutservice", "rpc_method": "PlaceOrder", "rpc_service": "oteldemo.CheckoutService", "runbook": "rpc-latency-immediate-response", "severity": "critical", "team": "observability"}}]}]}