[{"timestamp": 1737550550.447, "sum(rate(container_cpu_usage_seconds_total{namespace=\"system-under-evaluation\"}[1m]))": 0.12741121539513467, "system_CPU": 0.12741121539513467, "kubernetes_prometheus_rules": "kubernetes_prometheus_rules", "add_security_context": "NoTreatment", "delay_treatment": "NoTreatment"}, {"timestamp": 1737550551.447, "sum(rate(container_cpu_usage_seconds_total{namespace=\"system-under-evaluation\"}[1m]))": 0.12450115176971208, "system_CPU": 0.12450115176971208, "kubernetes_prometheus_rules": "kubernetes_prometheus_rules", "add_security_context": "NoTreatment", "delay_treatment": "NoTreatment"}, {"timestamp": 1737550552.447, "sum(rate(container_cpu_usage_seconds_total{namespace=\"system-under-evaluation\"}[1m]))": 0.12775455396930022, "system_CPU": 0.12775455396930022, "kubernetes_prometheus_rules": "kubernetes_prometheus_rules", "add_security_context": "NoTreatment", "delay_treatment": "NoTreatment"}, {"timestamp": 1737550553.447, "sum(rate(container_cpu_usage_seconds_total{namespace=\"system-under-evaluation\"}[1m]))": 0.12872270049873352, "system_CPU": 0.12872270049873352, "kubernetes_prometheus_rules": "kubernetes_prometheus_rules", "add_security_context": "NoTreatment", "delay_treatment": "NoTreatment"}, {"timestamp": 1737550554.447, "sum(rate(container_cpu_usage_seconds_total{namespace=\"system-under-evaluation\"}[1m]))": 0.11754754691704843, "system_CPU": 0.11754754691704843, "kubernetes_prometheus_rules": "kubernetes_prometheus_rules", "add_security_context": "NoTreatment", "delay_treatment": "NoTreatment"}, {"timestamp": 1737550555.447, "sum(rate(container_cpu_usage_seconds_total{namespace=\"system-under-evaluation\"}[1m]))": 0.16639408816588996, "system_CPU": 0.16639408816588996, "kubernetes_prometheus_rules": "kubernetes_prometheus_rules", "add_security_context": "NoTreatment", "delay_treatment": "NoTreatment"}, {"timestamp": 1737550556.447, "sum(rate(container_cpu_usage_seconds_total{namespace=\"system-under-evaluation\"}[1m]))": 0.1745377122179951, "system_CPU": 0.1745377122179951, "kubernetes_prometheus_rules": "kubernetes_prometheus_rules", "add_security_context": "NoTreatment", "delay_treatment": "NoTreatment"}, {"timestamp": 1737550557.447, "sum(rate(container_cpu_usage_seconds_total{namespace=\"system-under-evaluation\"}[1m]))": 0.19262831205735767, "system_CPU": 0.19262831205735767, "kubernetes_prometheus_rules": "kubernetes_prometheus_rules", "add_security_context": "NoTreatment", "delay_treatment": "NoTreatment"}, {"timestamp": 1737550558.447, "sum(rate(container_cpu_usage_seconds_total{namespace=\"system-under-evaluation\"}[1m]))": 0.19759277835163222, "system_CPU": 0.19759277835163222, "kubernetes_prometheus_rules": "kubernetes_prometheus_rules", "add_security_context": "NoTreatment", "delay_treatment": "NoTreatment"}, {"timestamp": 1737550559.447, "sum(rate(container_cpu_usage_seconds_total{namespace=\"system-under-evaluation\"}[1m]))": 0.24010308544776346, "system_CPU": 0.24010308544776346, "kubernetes_prometheus_rules": "kubernetes_prometheus_rules", "add_security_context": "NoTreatment", "delay_treatment": "NoTreatment"}, {"timestamp": 1737550560.447, "sum(rate(container_cpu_usage_seconds_total{namespace=\"system-under-evaluation\"}[1m]))": 0.24088861370947554, "system_CPU": 0.24088861370947554, "kubernetes_prometheus_rules": "kubernetes_prometheus_rules", "add_security_context": "add_security_context", "delay_treatment": "NoTreatment"}, {"timestamp": 1737550561.447, "sum(rate(container_cpu_usage_seconds_total{namespace=\"system-under-evaluation\"}[1m]))": 0.24054508630141905, "system_CPU": 0.24054508630141905, "kubernetes_prometheus_rules": "kubernetes_prometheus_rules", "add_security_context": "add_security_context", "delay_treatment": "delay_treatment"}, {"timestamp": 1737550562.447, "sum(rate(container_cpu_usage_seconds_total{namespace=\"system-under-evaluation\"}[1m]))": 0.24052790490915785, "system_CPU": 0.24052790490915785, "kubernetes_prometheus_rules": "kubernetes_prometheus_rules", "add_security_context": "add_security_context", "delay_treatment": "delay_treatment"}, {"timestamp": 1737550563.447, "sum(rate(container_cpu_usage_seconds_total{namespace=\"system-under-evaluation\"}[1m]))": 0.24049135090916782, "system_CPU": 0.24049135090916782, "kubernetes_prometheus_rules": "kubernetes_prometheus_rules", "add_security_context": "add_security_context", "delay_treatment": "delay_treatment"}, {"timestamp": 1737550564.447, "sum(rate(container_cpu_usage_seconds_total{namespace=\"system-under-evaluation\"}[1m]))": 0.24048873089064843, "system_CPU": 0.24048873089064843, "kubernetes_prometheus_rules": "kubernetes_prometheus_rules", "add_security_context": "add_security_context", "delay_treatment": "delay_treatment"}, {"timestamp": 1737550565.447, "sum(rate(container_cpu_usage_seconds_total{namespace=\"system-under-evaluation\"}[1m]))": 0.24046933346666102, "system_CPU": 0.24046933346666102, "kubernetes_prometheus_rules": "kubernetes_prometheus_rules", "add_security_context": "add_security_context", "delay_treatment": "delay_treatment"}, {"timestamp": 1737550566.447, "sum(rate(container_cpu_usage_seconds_total{namespace=\"system-under-evaluation\"}[1m]))": 0.24078683010972948, "system_CPU": 0.24078683010972948, "kubernetes_prometheus_rules": "kubernetes_prometheus_rules", "add_security_context": "add_security_context", "delay_treatment": "delay_treatment"}, {"timestamp": 1737550567.447, "sum(rate(container_cpu_usage_seconds_total{namespace=\"system-under-evaluation\"}[1m]))": 0.2425359930491901, "system_CPU": 0.2425359930491901, "kubernetes_prometheus_rules": "kubernetes_prometheus_rules", "add_security_context": "add_security_context", "delay_treatment": "delay_treatment"}, {"timestamp": 1737550568.447, "sum(rate(container_cpu_usage_seconds_total{namespace=\"system-under-evaluation\"}[1m]))": 0.24240373143924188, "system_CPU": 0.24240373143924188, "kubernetes_prometheus_rules": "kubernetes_prometheus_rules", "add_security_context": "add_security_context", "delay_treatment": "delay_treatment"}, {"timestamp": 1737550569.447, "sum(rate(container_cpu_usage_seconds_total{namespace=\"system-under-evaluation\"}[1m]))": 0.22581063858778633, "system_CPU": 0.22581063858778633, "kubernetes_prometheus_rules": "kubernetes_prometheus_rules", "add_security_context": "add_security_context", "delay_treatment": "delay_treatment"}, {"timestamp": 1737550570.447, "sum(rate(container_cpu_usage_seconds_total{namespace=\"system-under-evaluation\"}[1m]))": 0.2361478863990975, "system_CPU": 0.2361478863990975, "kubernetes_prometheus_rules": "kubernetes_prometheus_rules", "add_security_context": "add_security_context", "delay_treatment": "delay_treatment"}, {"timestamp": 1737550571.447, "sum(rate(container_cpu_usage_seconds_total{namespace=\"system-under-evaluation\"}[1m]))": 0.2422117169101976, "system_CPU": 0.2422117169101976, "kubernetes_prometheus_rules": "kubernetes_prometheus_rules", "add_security_context": "add_security_context", "delay_treatment": "delay_treatment"}, {"timestamp": 1737550572.447, "sum(rate(container_cpu_usage_seconds_total{namespace=\"system-under-evaluation\"}[1m]))": 0.5157962560226664, "system_CPU": 0.5157962560226664, "kubernetes_prometheus_rules": "kubernetes_prometheus_rules", "add_security_context": "add_security_context", "delay_treatment": "delay_treatment"}, {"timestamp": 1737550573.447, "sum(rate(container_cpu_usage_seconds_total{namespace=\"system-under-evaluation\"}[1m]))": 0.5201558306228764, "system_CPU": 0.5201558306228764, "kubernetes_prometheus_rules": "kubernetes_prometheus_rules", "add_security_context": "add_security_context", "delay_treatment": "delay_treatment"}, {"timestamp": 1737550574.447, "sum(rate(container_cpu_usage_seconds_total{namespace=\"system-under-evaluation\"}[1m]))": 0.5095382864743868, "system_CPU": 0.5095382864743868, "kubernetes_prometheus_rules": "kubernetes_prometheus_rules", "add_security_context": "add_security_context", "delay_treatment": "delay_treatment"}, {"timestamp": 1737550575.447, "sum(rate(container_cpu_usage_seconds_total{namespace=\"system-under-evaluation\"}[1m]))": 0.5125537411589753, "system_CPU": 0.5125537411589753, "kubernetes_prometheus_rules": "kubernetes_prometheus_rules", "add_security_context": "add_security_context", "delay_treatment": "delay_treatment"}, {"timestamp": 1737550576.447, "sum(rate(container_cpu_usage_seconds_total{namespace=\"system-under-evaluation\"}[1m]))": 0.5219494095660153, "system_CPU": 0.5219494095660153, "kubernetes_prometheus_rules": "kubernetes_prometheus_rules", "add_security_context": "add_security_context", "delay_treatment": "delay_treatment"}, {"timestamp": 1737550577.447, "sum(rate(container_cpu_usage_seconds_total{namespace=\"system-under-evaluation\"}[1m]))": 0.5573039394668667, "system_CPU": 0.5573039394668667, "kubernetes_prometheus_rules": "kubernetes_prometheus_rules", "add_security_context": "add_security_context", "delay_treatment": "delay_treatment"}, {"timestamp": 1737550578.447, "sum(rate(container_cpu_usage_seconds_total{namespace=\"system-under-evaluation\"}[1m]))": 0.5734156027619344, "system_CPU": 0.5734156027619344, "kubernetes_prometheus_rules": "kubernetes_prometheus_rules", "add_security_context": "add_security_context", "delay_treatment": "delay_treatment"}, {"timestamp": 1737550579.447, "sum(rate(container_cpu_usage_seconds_total{namespace=\"system-under-evaluation\"}[1m]))": 0.6040745125485248, "system_CPU": 0.6040745125485248, "kubernetes_prometheus_rules": "kubernetes_prometheus_rules", "add_security_context": "add_security_context", "delay_treatment": "delay_treatment"}, {"timestamp": 1737550580.447, "sum(rate(container_cpu_usage_seconds_total{namespace=\"system-under-evaluation\"}[1m]))": 0.6503739350207531, "system_CPU": 0.6503739350207531, "kubernetes_prometheus_rules": "kubernetes_prometheus_rules", "add_security_context": "add_security_context", "delay_treatment": "delay_treatment"}, {"timestamp": 1737550581.447, "sum(rate(container_cpu_usage_seconds_total{namespace=\"system-under-evaluation\"}[1m]))": 0.6734789545969005, "system_CPU": 0.6734789545969005, "kubernetes_prometheus_rules": "kubernetes_prometheus_rules", "add_security_context": "add_security_context", "delay_treatment": "delay_treatment"}, {"timestamp": 1737550582.447, "sum(rate(container_cpu_usage_seconds_total{namespace=\"system-under-evaluation\"}[1m]))": 0.672414473492583, "system_CPU": 0.672414473492583, "kubernetes_prometheus_rules": "kubernetes_prometheus_rules", "add_security_context": "add_security_context", "delay_treatment": "delay_treatment"}, {"timestamp": 1737550583.447, "sum(rate(container_cpu_usage_seconds_total{namespace=\"system-under-evaluation\"}[1m]))": 0.7175579338190853, "system_CPU": 0.7175579338190853, "kubernetes_prometheus_rules": "kubernetes_prometheus_rules", "add_security_context": "add_security_context", "delay_treatment": "delay_treatment"}, {"timestamp": 1737550584.447, "sum(rate(container_cpu_usage_seconds_total{namespace=\"system-under-evaluation\"}[1m]))": 0.746568599468835, "system_CPU": 0.746568599468835, "kubernetes_prometheus_rules": "kubernetes_prometheus_rules", "add_security_context": "add_security_context", "delay_treatment": "delay_treatment"}, {"timestamp": 1737550585.447, "sum(rate(container_cpu_usage_seconds_total{namespace=\"system-under-evaluation\"}[1m]))": 1.5213364329371635, "system_CPU": 1.5213364329371635, "kubernetes_prometheus_rules": "kubernetes_prometheus_rules", "add_security_context": "add_security_context", "delay_treatment": "delay_treatment"}, {"timestamp": 1737550586.447, "sum(rate(container_cpu_usage_seconds_total{namespace=\"system-under-evaluation\"}[1m]))": 1.9441215418578341, "system_CPU": 1.9441215418578341, "kubernetes_prometheus_rules": "kubernetes_prometheus_rules", "add_security_context": "add_security_context", "delay_treatment": "delay_treatment"}, {"timestamp": 1737550587.447, "sum(rate(container_cpu_usage_seconds_total{namespace=\"system-under-evaluation\"}[1m]))": 2.0045817066697174, "system_CPU": 2.0045817066697174, "kubernetes_prometheus_rules": "kubernetes_prometheus_rules", "add_security_context": "add_security_context", "delay_treatment": "delay_treatment"}, {"timestamp": 1737550588.447, "sum(rate(container_cpu_usage_seconds_total{namespace=\"system-under-evaluation\"}[1m]))": 1.9458482351114668, "system_CPU": 1.9458482351114668, "kubernetes_prometheus_rules": "kubernetes_prometheus_rules", "add_security_context": "add_security_context", "delay_treatment": "delay_treatment"}, {"timestamp": 1737550589.447, "sum(rate(container_cpu_usage_seconds_total{namespace=\"system-under-evaluation\"}[1m]))": 1.9862844213065876, "system_CPU": 1.9862844213065876, "kubernetes_prometheus_rules": "kubernetes_prometheus_rules", "add_security_context": "add_security_context", "delay_treatment": "delay_treatment"}, {"timestamp": 1737550590.447, "sum(rate(container_cpu_usage_seconds_total{namespace=\"system-under-evaluation\"}[1m]))": 1.9899618438668623, "system_CPU": 1.9899618438668623, "kubernetes_prometheus_rules": "kubernetes_prometheus_rules", "add_security_context": "add_security_context", "delay_treatment": "delay_treatment"}, {"timestamp": 1737550591.447, "sum(rate(container_cpu_usage_seconds_total{namespace=\"system-under-evaluation\"}[1m]))": 2.0088170794223625, "system_CPU": 2.0088170794223625, "kubernetes_prometheus_rules": "kubernetes_prometheus_rules", "add_security_context": "add_security_context", "delay_treatment": "delay_treatment"}, {"timestamp": 1737550592.447, "sum(rate(container_cpu_usage_seconds_total{namespace=\"system-under-evaluation\"}[1m]))": 2.0088932582328347, "system_CPU": 2.0088932582328347, "kubernetes_prometheus_rules": "kubernetes_prometheus_rules", "add_security_context": "add_security_context", "delay_treatment": "delay_treatment"}, {"timestamp": 1737550593.447, "sum(rate(container_cpu_usage_seconds_total{namespace=\"system-under-evaluation\"}[1m]))": 2.008969437043307, "system_CPU": 2.008969437043307, "kubernetes_prometheus_rules": "kubernetes_prometheus_rules", "add_security_context": "add_security_context", "delay_treatment": "delay_treatment"}, {"timestamp": 1737550594.447, "sum(rate(container_cpu_usage_seconds_total{namespace=\"system-under-evaluation\"}[1m]))": 2.0099854019328474, "system_CPU": 2.0099854019328474, "kubernetes_prometheus_rules": "kubernetes_prometheus_rules", "add_security_context": "add_security_context", "delay_treatment": "delay_treatment"}, {"timestamp": 1737550595.447, "sum(rate(container_cpu_usage_seconds_total{namespace=\"system-under-evaluation\"}[1m]))": 2.009456144807167, "system_CPU": 2.009456144807167, "kubernetes_prometheus_rules": "kubernetes_prometheus_rules", "add_security_context": "add_security_context", "delay_treatment": "delay_treatment"}, {"timestamp": 1737550596.447, "sum(rate(container_cpu_usage_seconds_total{namespace=\"system-under-evaluation\"}[1m]))": 2.013758533920768, "system_CPU": 2.013758533920768, "kubernetes_prometheus_rules": "kubernetes_prometheus_rules", "add_security_context": "add_security_context", "delay_treatment": "delay_treatment"}, {"timestamp": 1737550597.447, "sum(rate(container_cpu_usage_seconds_total{namespace=\"system-under-evaluation\"}[1m]))": 2.0125925899392505, "system_CPU": 2.0125925899392505, "kubernetes_prometheus_rules": "kubernetes_prometheus_rules", "add_security_context": "add_security_context", "delay_treatment": "delay_treatment"}, {"timestamp": 1737550598.447, "sum(rate(container_cpu_usage_seconds_total{namespace=\"system-under-evaluation\"}[1m]))": 2.0423180512262284, "system_CPU": 2.0423180512262284, "kubernetes_prometheus_rules": "kubernetes_prometheus_rules", "add_security_context": "add_security_context", "delay_treatment": "delay_treatment"}, {"timestamp": 1737550599.447, "sum(rate(container_cpu_usage_seconds_total{namespace=\"system-under-evaluation\"}[1m]))": 2.0567964123266806, "system_CPU": 2.0567964123266806, "kubernetes_prometheus_rules": "kubernetes_prometheus_rules", "add_security_context": "add_security_context", "delay_treatment": "delay_treatment"}, {"timestamp": 1737550600.447, "sum(rate(container_cpu_usage_seconds_total{namespace=\"system-under-evaluation\"}[1m]))": 2.082667881643142, "system_CPU": 2.082667881643142, "kubernetes_prometheus_rules": "kubernetes_prometheus_rules", "add_security_context": "add_security_context", "delay_treatment": "delay_treatment"}, {"timestamp": 1737550601.447, "sum(rate(container_cpu_usage_seconds_total{namespace=\"system-under-evaluation\"}[1m]))": 2.051123061022703, "system_CPU": 2.051123061022703, "kubernetes_prometheus_rules": "kubernetes_prometheus_rules", "add_security_context": "add_security_context", "delay_treatment": "delay_treatment"}, {"timestamp": 1737550602.447, "sum(rate(container_cpu_usage_seconds_total{namespace=\"system-under-evaluation\"}[1m]))": 2.1923659620036164, "system_CPU": 2.1923659620036164, "kubernetes_prometheus_rules": "kubernetes_prometheus_rules", "add_security_context": "add_security_context", "delay_treatment": "delay_treatment"}, {"timestamp": 1737550603.447, "sum(rate(container_cpu_usage_seconds_total{namespace=\"system-under-evaluation\"}[1m]))": 2.1353025226723044, "system_CPU": 2.1353025226723044, "kubernetes_prometheus_rules": "kubernetes_prometheus_rules", "add_security_context": "add_security_context", "delay_treatment": "delay_treatment"}, {"timestamp": 1737550604.447, "sum(rate(container_cpu_usage_seconds_total{namespace=\"system-under-evaluation\"}[1m]))": 2.1785113326903014, "system_CPU": 2.1785113326903014, "kubernetes_prometheus_rules": "kubernetes_prometheus_rules", "add_security_context": "add_security_context", "delay_treatment": "delay_treatment"}, {"timestamp": 1737550605.447, "sum(rate(container_cpu_usage_seconds_total{namespace=\"system-under-evaluation\"}[1m]))": 2.1307013702945383, "system_CPU": 2.1307013702945383, "kubernetes_prometheus_rules": "kubernetes_prometheus_rules", "add_security_context": "add_security_context", "delay_treatment": "delay_treatment"}, {"timestamp": 1737550606.447, "sum(rate(container_cpu_usage_seconds_total{namespace=\"system-under-evaluation\"}[1m]))": 2.135575772114912, "system_CPU": 2.135575772114912, "kubernetes_prometheus_rules": "kubernetes_prometheus_rules", "add_security_context": "add_security_context", "delay_treatment": "delay_treatment"}, {"timestamp": 1737550607.447, "sum(rate(container_cpu_usage_seconds_total{namespace=\"system-under-evaluation\"}[1m]))": 2.1651893769219366, "system_CPU": 2.1651893769219366, "kubernetes_prometheus_rules": "kubernetes_prometheus_rules", "add_security_context": "add_security_context", "delay_treatment": "delay_treatment"}, {"timestamp": 1737550608.447, "sum(rate(container_cpu_usage_seconds_total{namespace=\"system-under-evaluation\"}[1m]))": 2.196898521752212, "system_CPU": 2.196898521752212, "kubernetes_prometheus_rules": "kubernetes_prometheus_rules", "add_security_context": "add_security_context", "delay_treatment": "delay_treatment"}, {"timestamp": 1737550609.447, "sum(rate(container_cpu_usage_seconds_total{namespace=\"system-under-evaluation\"}[1m]))": 2.19381920977715, "system_CPU": 2.19381920977715, "kubernetes_prometheus_rules": "kubernetes_prometheus_rules", "add_security_context": "add_security_context", "delay_treatment": "delay_treatment"}, {"timestamp": 1737550610.447, "sum(rate(container_cpu_usage_seconds_total{namespace=\"system-under-evaluation\"}[1m]))": 2.2145286624887244, "system_CPU": 2.2145286624887244, "kubernetes_prometheus_rules": "kubernetes_prometheus_rules", "add_security_context": "add_security_context", "delay_treatment": "delay_treatment"}, {"timestamp": 1737550611.447, "sum(rate(container_cpu_usage_seconds_total{namespace=\"system-under-evaluation\"}[1m]))": 2.68073521032971, "system_CPU": 2.68073521032971, "kubernetes_prometheus_rules": "kubernetes_prometheus_rules", "add_security_context": "add_security_context", "delay_treatment": "delay_treatment"}, {"timestamp": 1737550612.447, "sum(rate(container_cpu_usage_seconds_total{namespace=\"system-under-evaluation\"}[1m]))": 2.8406730029855165, "system_CPU": 2.8406730029855165, "kubernetes_prometheus_rules": "kubernetes_prometheus_rules", "add_security_context": "add_security_context", "delay_treatment": "delay_treatment"}, {"timestamp": 1737550613.447, "sum(rate(container_cpu_usage_seconds_total{namespace=\"system-under-evaluation\"}[1m]))": 2.8831796750016463, "system_CPU": 2.8831796750016463, "kubernetes_prometheus_rules": "kubernetes_prometheus_rules", "add_security_context": "add_security_context", "delay_treatment": "delay_treatment"}, {"timestamp": 1737550614.447, "sum(rate(container_cpu_usage_seconds_total{namespace=\"system-under-evaluation\"}[1m]))": 2.889097931192785, "system_CPU": 2.889097931192785, "kubernetes_prometheus_rules": "kubernetes_prometheus_rules", "add_security_context": "add_security_context", "delay_treatment": "delay_treatment"}, {"timestamp": 1737550615.447, "sum(rate(container_cpu_usage_seconds_total{namespace=\"system-under-evaluation\"}[1m]))": 3.0393222552154975, "system_CPU": 3.0393222552154975, "kubernetes_prometheus_rules": "kubernetes_prometheus_rules", "add_security_context": "add_security_context", "delay_treatment": "delay_treatment"}, {"timestamp": 1737550616.447, "sum(rate(container_cpu_usage_seconds_total{namespace=\"system-under-evaluation\"}[1m]))": 3.093641658302577, "system_CPU": 3.093641658302577, "kubernetes_prometheus_rules": "kubernetes_prometheus_rules", "add_security_context": "add_security_context", "delay_treatment": "delay_treatment"}, {"timestamp": 1737550617.447, "sum(rate(container_cpu_usage_seconds_total{namespace=\"system-under-evaluation\"}[1m]))": 2.8662872349184796, "system_CPU": 2.8662872349184796, "kubernetes_prometheus_rules": "kubernetes_prometheus_rules", "add_security_context": "add_security_context", "delay_treatment": "delay_treatment"}, {"timestamp": 1737550618.447, "sum(rate(container_cpu_usage_seconds_total{namespace=\"system-under-evaluation\"}[1m]))": 4.034375573314078, "system_CPU": 4.034375573314078, "kubernetes_prometheus_rules": "kubernetes_prometheus_rules", "add_security_context": "add_security_context", "delay_treatment": "delay_treatment"}, {"timestamp": 1737550619.447, "sum(rate(container_cpu_usage_seconds_total{namespace=\"system-under-evaluation\"}[1m]))": 4.029008259898798, "system_CPU": 4.029008259898798, "kubernetes_prometheus_rules": "kubernetes_prometheus_rules", "add_security_context": "add_security_context", "delay_treatment": "delay_treatment"}, {"timestamp": 1737550620.447, "sum(rate(container_cpu_usage_seconds_total{namespace=\"system-under-evaluation\"}[1m]))": 4.048149287592552, "system_CPU": 4.048149287592552, "kubernetes_prometheus_rules": "kubernetes_prometheus_rules", "add_security_context": "add_security_context", "delay_treatment": "delay_treatment"}, {"timestamp": 1737550621.447, "sum(rate(container_cpu_usage_seconds_total{namespace=\"system-under-evaluation\"}[1m]))": 4.159816604516862, "system_CPU": 4.159816604516862, "kubernetes_prometheus_rules": "kubernetes_prometheus_rules", "add_security_context": "add_security_context", "delay_treatment": "delay_treatment"}, {"timestamp": 1737550622.447, "sum(rate(container_cpu_usage_seconds_total{namespace=\"system-under-evaluation\"}[1m]))": 4.160681149653627, "system_CPU": 4.160681149653627, "kubernetes_prometheus_rules": "kubernetes_prometheus_rules", "add_security_context": "add_security_context", "delay_treatment": "delay_treatment"}, {"timestamp": 1737550623.447, "sum(rate(container_cpu_usage_seconds_total{namespace=\"system-under-evaluation\"}[1m]))": 4.161545694790391, "system_CPU": 4.161545694790391, "kubernetes_prometheus_rules": "kubernetes_prometheus_rules", "add_security_context": "add_security_context", "delay_treatment": "delay_treatment"}, {"timestamp": 1737550624.447, "sum(rate(container_cpu_usage_seconds_total{namespace=\"system-under-evaluation\"}[1m]))": 4.159935296711678, "system_CPU": 4.159935296711678, "kubernetes_prometheus_rules": "kubernetes_prometheus_rules", "add_security_context": "add_security_context", "delay_treatment": "delay_treatment"}, {"timestamp": 1737550625.447, "sum(rate(container_cpu_usage_seconds_total{namespace=\"system-under-evaluation\"}[1m]))": 4.151795645015186, "system_CPU": 4.151795645015186, "kubernetes_prometheus_rules": "kubernetes_prometheus_rules", "add_security_context": "add_security_context", "delay_treatment": "delay_treatment"}, {"timestamp": 1737550626.447, "sum(rate(container_cpu_usage_seconds_total{namespace=\"system-under-evaluation\"}[1m]))": 4.134450884242373, "system_CPU": 4.134450884242373, "kubernetes_prometheus_rules": "kubernetes_prometheus_rules", "add_security_context": "add_security_context", "delay_treatment": "delay_treatment"}, {"timestamp": 1737550627.447, "sum(rate(container_cpu_usage_seconds_total{namespace=\"system-under-evaluation\"}[1m]))": 4.0784938047860715, "system_CPU": 4.0784938047860715, "kubernetes_prometheus_rules": "kubernetes_prometheus_rules", "add_security_context": "add_security_context", "delay_treatment": "delay_treatment"}, {"timestamp": 1737550628.447, "sum(rate(container_cpu_usage_seconds_total{namespace=\"system-under-evaluation\"}[1m]))": 4.064129557123155, "system_CPU": 4.064129557123155, "kubernetes_prometheus_rules": "kubernetes_prometheus_rules", "add_security_context": "add_security_context", "delay_treatment": "delay_treatment"}, {"timestamp": 1737550629.447, "sum(rate(container_cpu_usage_seconds_total{namespace=\"system-under-evaluation\"}[1m]))": 4.052788219895797, "system_CPU": 4.052788219895797, "kubernetes_prometheus_rules": "kubernetes_prometheus_rules", "add_security_context": "add_security_context", "delay_treatment": "delay_treatment"}, {"timestamp": 1737550630.447, "sum(rate(container_cpu_usage_seconds_total{namespace=\"system-under-evaluation\"}[1m]))": 3.975267432608624, "system_CPU": 3.975267432608624, "kubernetes_prometheus_rules": "kubernetes_prometheus_rules", "add_security_context": "add_security_context", "delay_treatment": "delay_treatment"}, {"timestamp": 1737550631.447, "sum(rate(container_cpu_usage_seconds_total{namespace=\"system-under-evaluation\"}[1m]))": 3.929251955024266, "system_CPU": 3.929251955024266, "kubernetes_prometheus_rules": "kubernetes_prometheus_rules", "add_security_context": "add_security_context", "delay_treatment": "delay_treatment"}, {"timestamp": 1737550632.447, "sum(rate(container_cpu_usage_seconds_total{namespace=\"system-under-evaluation\"}[1m]))": 2.890550525986132, "system_CPU": 2.890550525986132, "kubernetes_prometheus_rules": "kubernetes_prometheus_rules", "add_security_context": "add_security_context", "delay_treatment": "delay_treatment"}, {"timestamp": 1737550633.447, "sum(rate(container_cpu_usage_seconds_total{namespace=\"system-under-evaluation\"}[1m]))": 2.8505658800370424, "system_CPU": 2.8505658800370424, "kubernetes_prometheus_rules": "kubernetes_prometheus_rules", "add_security_context": "add_security_context", "delay_treatment": "delay_treatment"}, {"timestamp": 1737550634.447, "sum(rate(container_cpu_usage_seconds_total{namespace=\"system-under-evaluation\"}[1m]))": 2.9131155957898707, "system_CPU": 2.9131155957898707, "kubernetes_prometheus_rules": "kubernetes_prometheus_rules", "add_security_context": "add_security_context", "delay_treatment": "delay_treatment"}, {"timestamp": 1737550635.447, "sum(rate(container_cpu_usage_seconds_total{namespace=\"system-under-evaluation\"}[1m]))": 2.8998175243900026, "system_CPU": 2.8998175243900026, "kubernetes_prometheus_rules": "kubernetes_prometheus_rules", "add_security_context": "add_security_context", "delay_treatment": "delay_treatment"}, {"timestamp": 1737550636.447, "sum(rate(container_cpu_usage_seconds_total{namespace=\"system-under-evaluation\"}[1m]))": 2.8702691029701826, "system_CPU": 2.8702691029701826, "kubernetes_prometheus_rules": "kubernetes_prometheus_rules", "add_security_context": "add_security_context", "delay_treatment": "delay_treatment"}, {"timestamp": 1737550637.447, "sum(rate(container_cpu_usage_seconds_total{namespace=\"system-under-evaluation\"}[1m]))": 2.7121112688040756, "system_CPU": 2.7121112688040756, "kubernetes_prometheus_rules": "kubernetes_prometheus_rules", "add_security_context": "add_security_context", "delay_treatment": "delay_treatment"}, {"timestamp": 1737550638.447, "sum(rate(container_cpu_usage_seconds_total{namespace=\"system-under-evaluation\"}[1m]))": 2.767953349424999, "system_CPU": 2.767953349424999, "kubernetes_prometheus_rules": "kubernetes_prometheus_rules", "add_security_context": "add_security_context", "delay_treatment": "delay_treatment"}, {"timestamp": 1737550639.447, "sum(rate(container_cpu_usage_seconds_total{namespace=\"system-under-evaluation\"}[1m]))": 2.7595573713783246, "system_CPU": 2.7595573713783246, "kubernetes_prometheus_rules": "kubernetes_prometheus_rules", "add_security_context": "add_security_context", "delay_treatment": "delay_treatment"}, {"timestamp": 1737550640.447, "sum(rate(container_cpu_usage_seconds_total{namespace=\"system-under-evaluation\"}[1m]))": 2.5298197181940894, "system_CPU": 2.5298197181940894, "kubernetes_prometheus_rules": "kubernetes_prometheus_rules", "add_security_context": "add_security_context", "delay_treatment": "delay_treatment"}, {"timestamp": 1737550641.447, "sum(rate(container_cpu_usage_seconds_total{namespace=\"system-under-evaluation\"}[1m]))": 2.5807561535892005, "system_CPU": 2.5807561535892005, "kubernetes_prometheus_rules": "kubernetes_prometheus_rules", "add_security_context": "add_security_context", "delay_treatment": "delay_treatment"}, {"timestamp": 1737550642.447, "sum(rate(container_cpu_usage_seconds_total{namespace=\"system-under-evaluation\"}[1m]))": 2.623505286717353, "system_CPU": 2.623505286717353, "kubernetes_prometheus_rules": "kubernetes_prometheus_rules", "add_security_context": "add_security_context", "delay_treatment": "delay_treatment"}, {"timestamp": 1737550643.447, "sum(rate(container_cpu_usage_seconds_total{namespace=\"system-under-evaluation\"}[1m]))": 2.6308147145644973, "system_CPU": 2.6308147145644973, "kubernetes_prometheus_rules": "kubernetes_prometheus_rules", "add_security_context": "add_security_context", "delay_treatment": "delay_treatment"}, {"timestamp": 1737550644.447, "sum(rate(container_cpu_usage_seconds_total{namespace=\"system-under-evaluation\"}[1m]))": 2.7577476151391203, "system_CPU": 2.7577476151391203, "kubernetes_prometheus_rules": "kubernetes_prometheus_rules", "add_security_context": "add_security_context", "delay_treatment": "delay_treatment"}, {"timestamp": 1737550645.447, "sum(rate(container_cpu_usage_seconds_total{namespace=\"system-under-evaluation\"}[1m]))": 2.472695398055166, "system_CPU": 2.472695398055166, "kubernetes_prometheus_rules": "kubernetes_prometheus_rules", "add_security_context": "add_security_context", "delay_treatment": "delay_treatment"}, {"timestamp": 1737550646.447, "sum(rate(container_cpu_usage_seconds_total{namespace=\"system-under-evaluation\"}[1m]))": 3.4633018726619067, "system_CPU": 3.4633018726619067, "kubernetes_prometheus_rules": "kubernetes_prometheus_rules", "add_security_context": "add_security_context", "delay_treatment": "delay_treatment"}, {"timestamp": 1737550647.447, "sum(rate(container_cpu_usage_seconds_total{namespace=\"system-under-evaluation\"}[1m]))": 3.3232700761080367, "system_CPU": 3.3232700761080367, "kubernetes_prometheus_rules": "kubernetes_prometheus_rules", "add_security_context": "add_security_context", "delay_treatment": "delay_treatment"}, {"timestamp": 1737550648.447, "sum(rate(container_cpu_usage_seconds_total{namespace=\"system-under-evaluation\"}[1m]))": 3.3540988764813577, "system_CPU": 3.3540988764813577, "kubernetes_prometheus_rules": "kubernetes_prometheus_rules", "add_security_context": "add_security_context", "delay_treatment": "delay_treatment"}, {"timestamp": 1737550649.447, "sum(rate(container_cpu_usage_seconds_total{namespace=\"system-under-evaluation\"}[1m]))": 3.373506501671933, "system_CPU": 3.373506501671933, "kubernetes_prometheus_rules": "kubernetes_prometheus_rules", "add_security_context": "add_security_context", "delay_treatment": "delay_treatment"}, {"timestamp": 1737550650.447, "sum(rate(container_cpu_usage_seconds_total{namespace=\"system-under-evaluation\"}[1m]))": 3.392929366154687, "system_CPU": 3.392929366154687, "kubernetes_prometheus_rules": "kubernetes_prometheus_rules", "add_security_context": "add_security_context", "delay_treatment": "delay_treatment"}, {"timestamp": 1737550651.447, "sum(rate(container_cpu_usage_seconds_total{namespace=\"system-under-evaluation\"}[1m]))": 3.406724449722798, "system_CPU": 3.406724449722798, "kubernetes_prometheus_rules": "kubernetes_prometheus_rules", "add_security_context": "add_security_context", "delay_treatment": "delay_treatment"}, {"timestamp": 1737550652.447, "sum(rate(container_cpu_usage_seconds_total{namespace=\"system-under-evaluation\"}[1m]))": 3.599467945445892, "system_CPU": 3.599467945445892, "kubernetes_prometheus_rules": "kubernetes_prometheus_rules", "add_security_context": "add_security_context", "delay_treatment": "delay_treatment"}, {"timestamp": 1737550653.447, "sum(rate(container_cpu_usage_seconds_total{namespace=\"system-under-evaluation\"}[1m]))": 3.6169914523121163, "system_CPU": 3.6169914523121163, "kubernetes_prometheus_rules": "kubernetes_prometheus_rules", "add_security_context": "add_security_context", "delay_treatment": "delay_treatment"}, {"timestamp": 1737550654.447, "sum(rate(container_cpu_usage_seconds_total{namespace=\"system-under-evaluation\"}[1m]))": 3.4220422312730823, "system_CPU": 3.4220422312730823, "kubernetes_prometheus_rules": "kubernetes_prometheus_rules", "add_security_context": "add_security_context", "delay_treatment": "delay_treatment"}, {"timestamp": 1737550655.447, "sum(rate(container_cpu_usage_seconds_total{namespace=\"system-under-evaluation\"}[1m]))": 3.371447654987321, "system_CPU": 3.371447654987321, "kubernetes_prometheus_rules": "kubernetes_prometheus_rules", "add_security_context": "add_security_context", "delay_treatment": "delay_treatment"}, {"timestamp": 1737550656.447, "sum(rate(container_cpu_usage_seconds_total{namespace=\"system-under-evaluation\"}[1m]))": 3.3393584690764415, "system_CPU": 3.3393584690764415, "kubernetes_prometheus_rules": "kubernetes_prometheus_rules", "add_security_context": "add_security_context", "delay_treatment": "delay_treatment"}, {"timestamp": 1737550657.447, "sum(rate(container_cpu_usage_seconds_total{namespace=\"system-under-evaluation\"}[1m]))": 3.344630717469698, "system_CPU": 3.344630717469698, "kubernetes_prometheus_rules": "kubernetes_prometheus_rules", "add_security_context": "add_security_context", "delay_treatment": "delay_treatment"}, {"timestamp": 1737550658.447, "sum(rate(container_cpu_usage_seconds_total{namespace=\"system-under-evaluation\"}[1m]))": 3.319278297793286, "system_CPU": 3.319278297793286, "kubernetes_prometheus_rules": "kubernetes_prometheus_rules", "add_security_context": "add_security_context", "delay_treatment": "delay_treatment"}, {"timestamp": 1737550659.447, "sum(rate(container_cpu_usage_seconds_total{namespace=\"system-under-evaluation\"}[1m]))": 3.2524898496109516, "system_CPU": 3.2524898496109516, "kubernetes_prometheus_rules": "kubernetes_prometheus_rules", "add_security_context": "add_security_context", "delay_treatment": "delay_treatment"}, {"timestamp": 1737550660.447, "sum(rate(container_cpu_usage_seconds_total{namespace=\"system-under-evaluation\"}[1m]))": 3.1858474308176667, "system_CPU": 3.1858474308176667, "kubernetes_prometheus_rules": "kubernetes_prometheus_rules", "add_security_context": "add_security_context", "delay_treatment": "delay_treatment"}, {"timestamp": 1737550661.447, "sum(rate(container_cpu_usage_seconds_total{namespace=\"system-under-evaluation\"}[1m]))": 3.164504630904974, "system_CPU": 3.164504630904974, "kubernetes_prometheus_rules": "kubernetes_prometheus_rules", "add_security_context": "add_security_context", "delay_treatment": "delay_treatment"}, {"timestamp": 1737550662.447, "sum(rate(container_cpu_usage_seconds_total{namespace=\"system-under-evaluation\"}[1m]))": 3.1992065980618847, "system_CPU": 3.1992065980618847, "kubernetes_prometheus_rules": "kubernetes_prometheus_rules", "add_security_context": "add_security_context", "delay_treatment": "delay_treatment"}, {"timestamp": 1737550663.447, "sum(rate(container_cpu_usage_seconds_total{namespace=\"system-under-evaluation\"}[1m]))": 3.177777635263045, "system_CPU": 3.177777635263045, "kubernetes_prometheus_rules": "kubernetes_prometheus_rules", "add_security_context": "add_security_context", "delay_treatment": "delay_treatment"}, {"timestamp": 1737550664.447, "sum(rate(container_cpu_usage_seconds_total{namespace=\"system-under-evaluation\"}[1m]))": 3.1584460002608457, "system_CPU": 3.1584460002608457, "kubernetes_prometheus_rules": "kubernetes_prometheus_rules", "add_security_context": "add_security_context", "delay_treatment": "delay_treatment"}, {"timestamp": 1737550665.447, "sum(rate(container_cpu_usage_seconds_total{namespace=\"system-under-evaluation\"}[1m]))": 3.537546957750723, "system_CPU": 3.537546957750723, "kubernetes_prometheus_rules": "kubernetes_prometheus_rules", "add_security_context": "add_security_context", "delay_treatment": "delay_treatment"}, {"timestamp": 1737550666.447, "sum(rate(container_cpu_usage_seconds_total{namespace=\"system-under-evaluation\"}[1m]))": 3.5087433024840133, "system_CPU": 3.5087433024840133, "kubernetes_prometheus_rules": "kubernetes_prometheus_rules", "add_security_context": "add_security_context", "delay_treatment": "delay_treatment"}, {"timestamp": 1737550667.447, "sum(rate(container_cpu_usage_seconds_total{namespace=\"system-under-evaluation\"}[1m]))": 3.625784930817175, "system_CPU": 3.625784930817175, "kubernetes_prometheus_rules": "kubernetes_prometheus_rules", "add_security_context": "add_security_context", "delay_treatment": "delay_treatment"}, {"timestamp": 1737550668.447, "sum(rate(container_cpu_usage_seconds_total{namespace=\"system-under-evaluation\"}[1m]))": 3.6616498780954183, "system_CPU": 3.6616498780954183, "kubernetes_prometheus_rules": "kubernetes_prometheus_rules", "add_security_context": "add_security_context", "delay_treatment": "delay_treatment"}, {"timestamp": 1737550669.447, "sum(rate(container_cpu_usage_seconds_total{namespace=\"system-under-evaluation\"}[1m]))": 3.653628805413926, "system_CPU": 3.653628805413926, "kubernetes_prometheus_rules": "kubernetes_prometheus_rules", "add_security_context": "add_security_context", "delay_treatment": "delay_treatment"}, {"timestamp": 1737550670.447, "sum(rate(container_cpu_usage_seconds_total{namespace=\"system-under-evaluation\"}[1m]))": 3.7130946788526527, "system_CPU": 3.7130946788526527, "kubernetes_prometheus_rules": "kubernetes_prometheus_rules", "add_security_context": "add_security_context", "delay_treatment": "delay_treatment"}, {"timestamp": 1737550671.447, "sum(rate(container_cpu_usage_seconds_total{namespace=\"system-under-evaluation\"}[1m]))": 3.6329082950952567, "system_CPU": 3.6329082950952567, "kubernetes_prometheus_rules": "kubernetes_prometheus_rules", "add_security_context": "add_security_context", "delay_treatment": "delay_treatment"}, {"timestamp": 1737550672.447, "sum(rate(container_cpu_usage_seconds_total{namespace=\"system-under-evaluation\"}[1m]))": 3.5333382210848874, "system_CPU": 3.5333382210848874, "kubernetes_prometheus_rules": "kubernetes_prometheus_rules", "add_security_context": "add_security_context", "delay_treatment": "delay_treatment"}, {"timestamp": 1737550673.447, "sum(rate(container_cpu_usage_seconds_total{namespace=\"system-under-evaluation\"}[1m]))": 3.5462590105693588, "system_CPU": 3.5462590105693588, "kubernetes_prometheus_rules": "kubernetes_prometheus_rules", "add_security_context": "add_security_context", "delay_treatment": "delay_treatment"}, {"timestamp": 1737550674.447, "sum(rate(container_cpu_usage_seconds_total{namespace=\"system-under-evaluation\"}[1m]))": 3.564219524243876, "system_CPU": 3.564219524243876, "kubernetes_prometheus_rules": "kubernetes_prometheus_rules", "add_security_context": "add_security_context", "delay_treatment": "delay_treatment"}, {"timestamp": 1737550675.447, "sum(rate(container_cpu_usage_seconds_total{namespace=\"system-under-evaluation\"}[1m]))": 3.5844301002564602, "system_CPU": 3.5844301002564602, "kubernetes_prometheus_rules": "kubernetes_prometheus_rules", "add_security_context": "add_security_context", "delay_treatment": "delay_treatment"}, {"timestamp": 1737550676.447, "sum(rate(container_cpu_usage_seconds_total{namespace=\"system-under-evaluation\"}[1m]))": 3.6578919656492945, "system_CPU": 3.6578919656492945, "kubernetes_prometheus_rules": "kubernetes_prometheus_rules", "add_security_context": "add_security_context", "delay_treatment": "delay_treatment"}, {"timestamp": 1737550677.447, "sum(rate(container_cpu_usage_seconds_total{namespace=\"system-under-evaluation\"}[1m]))": 3.850954729190046, "system_CPU": 3.850954729190046, "kubernetes_prometheus_rules": "kubernetes_prometheus_rules", "add_security_context": "add_security_context", "delay_treatment": "delay_treatment"}, {"timestamp": 1737550678.447, "sum(rate(container_cpu_usage_seconds_total{namespace=\"system-under-evaluation\"}[1m]))": 3.838014103618193, "system_CPU": 3.838014103618193, "kubernetes_prometheus_rules": "kubernetes_prometheus_rules", "add_security_context": "add_security_context", "delay_treatment": "delay_treatment"}, {"timestamp": 1737550679.447, "sum(rate(container_cpu_usage_seconds_total{namespace=\"system-under-evaluation\"}[1m]))": 3.8266102543996765, "system_CPU": 3.8266102543996765, "kubernetes_prometheus_rules": "kubernetes_prometheus_rules", "add_security_context": "add_security_context", "delay_treatment": "delay_treatment"}, {"timestamp": 1737550680.447, "sum(rate(container_cpu_usage_seconds_total{namespace=\"system-under-evaluation\"}[1m]))": 3.8264114974842527, "system_CPU": 3.8264114974842527, "kubernetes_prometheus_rules": "kubernetes_prometheus_rules", "add_security_context": "add_security_context", "delay_treatment": "delay_treatment"}, {"timestamp": 1737550681.447, "sum(rate(container_cpu_usage_seconds_total{namespace=\"system-under-evaluation\"}[1m]))": 3.826212740568829, "system_CPU": 3.826212740568829, "kubernetes_prometheus_rules": "kubernetes_prometheus_rules", "add_security_context": "add_security_context", "delay_treatment": "delay_treatment"}, {"timestamp": 1737550682.447, "sum(rate(container_cpu_usage_seconds_total{namespace=\"system-under-evaluation\"}[1m]))": 3.8260139836534046, "system_CPU": 3.8260139836534046, "kubernetes_prometheus_rules": "kubernetes_prometheus_rules", "add_security_context": "add_security_context", "delay_treatment": "delay_treatment"}, {"timestamp": 1737550683.447, "sum(rate(container_cpu_usage_seconds_total{namespace=\"system-under-evaluation\"}[1m]))": 3.825815226737981, "system_CPU": 3.825815226737981, "kubernetes_prometheus_rules": "kubernetes_prometheus_rules", "add_security_context": "add_security_context", "delay_treatment": "delay_treatment"}, {"timestamp": 1737550684.447, "sum(rate(container_cpu_usage_seconds_total{namespace=\"system-under-evaluation\"}[1m]))": 3.825610422119758, "system_CPU": 3.825610422119758, "kubernetes_prometheus_rules": "kubernetes_prometheus_rules", "add_security_context": "add_security_context", "delay_treatment": "delay_treatment"}, {"timestamp": 1737550685.447, "sum(rate(container_cpu_usage_seconds_total{namespace=\"system-under-evaluation\"}[1m]))": 3.769737260270113, "system_CPU": 3.769737260270113, "kubernetes_prometheus_rules": "kubernetes_prometheus_rules", "add_security_context": "add_security_context", "delay_treatment": "delay_treatment"}, {"timestamp": 1737550686.447, "sum(rate(container_cpu_usage_seconds_total{namespace=\"system-under-evaluation\"}[1m]))": 3.766464149210961, "system_CPU": 3.766464149210961, "kubernetes_prometheus_rules": "kubernetes_prometheus_rules", "add_security_context": "add_security_context", "delay_treatment": "delay_treatment"}, {"timestamp": 1737550687.447, "sum(rate(container_cpu_usage_seconds_total{namespace=\"system-under-evaluation\"}[1m]))": 3.767705597292786, "system_CPU": 3.767705597292786, "kubernetes_prometheus_rules": "kubernetes_prometheus_rules", "add_security_context": "add_security_context", "delay_treatment": "delay_treatment"}, {"timestamp": 1737550688.447, "sum(rate(container_cpu_usage_seconds_total{namespace=\"system-under-evaluation\"}[1m]))": 3.647199410892314, "system_CPU": 3.647199410892314, "kubernetes_prometheus_rules": "kubernetes_prometheus_rules", "add_security_context": "add_security_context", "delay_treatment": "delay_treatment"}, {"timestamp": 1737550689.447, "sum(rate(container_cpu_usage_seconds_total{namespace=\"system-under-evaluation\"}[1m]))": 3.6274386908271077, "system_CPU": 3.6274386908271077, "kubernetes_prometheus_rules": "kubernetes_prometheus_rules", "add_security_context": "add_security_context", "delay_treatment": "delay_treatment"}, {"timestamp": 1737550690.447, "sum(rate(container_cpu_usage_seconds_total{namespace=\"system-under-evaluation\"}[1m]))": 3.5709401160030794, "system_CPU": 3.5709401160030794, "kubernetes_prometheus_rules": "kubernetes_prometheus_rules", "add_security_context": "add_security_context", "delay_treatment": "delay_treatment"}, {"timestamp": 1737550691.447, "sum(rate(container_cpu_usage_seconds_total{namespace=\"system-under-evaluation\"}[1m]))": 3.5877103099786303, "system_CPU": 3.5877103099786303, "kubernetes_prometheus_rules": "kubernetes_prometheus_rules", "add_security_context": "add_security_context", "delay_treatment": "delay_treatment"}, {"timestamp": 1737550692.447, "sum(rate(container_cpu_usage_seconds_total{namespace=\"system-under-evaluation\"}[1m]))": 3.6545110679291986, "system_CPU": 3.6545110679291986, "kubernetes_prometheus_rules": "kubernetes_prometheus_rules", "add_security_context": "add_security_context", "delay_treatment": "delay_treatment"}, {"timestamp": 1737550693.447, "sum(rate(container_cpu_usage_seconds_total{namespace=\"system-under-evaluation\"}[1m]))": 2.6599651633001558, "system_CPU": 2.6599651633001558, "kubernetes_prometheus_rules": "kubernetes_prometheus_rules", "add_security_context": "add_security_context", "delay_treatment": "delay_treatment"}, {"timestamp": 1737550694.447, "sum(rate(container_cpu_usage_seconds_total{namespace=\"system-under-evaluation\"}[1m]))": 2.5374408979501757, "system_CPU": 2.5374408979501757, "kubernetes_prometheus_rules": "kubernetes_prometheus_rules", "add_security_context": "add_security_context", "delay_treatment": "delay_treatment"}, {"timestamp": 1737550695.447, "sum(rate(container_cpu_usage_seconds_total{namespace=\"system-under-evaluation\"}[1m]))": 2.574618991298831, "system_CPU": 2.574618991298831, "kubernetes_prometheus_rules": "kubernetes_prometheus_rules", "add_security_context": "add_security_context", "delay_treatment": "delay_treatment"}, {"timestamp": 1737550696.447, "sum(rate(container_cpu_usage_seconds_total{namespace=\"system-under-evaluation\"}[1m]))": 2.4039407704450966, "system_CPU": 2.4039407704450966, "kubernetes_prometheus_rules": "kubernetes_prometheus_rules", "add_security_context": "add_security_context", "delay_treatment": "delay_treatment"}, {"timestamp": 1737550697.447, "sum(rate(container_cpu_usage_seconds_total{namespace=\"system-under-evaluation\"}[1m]))": 2.633246901816039, "system_CPU": 2.633246901816039, "kubernetes_prometheus_rules": "kubernetes_prometheus_rules", "add_security_context": "add_security_context", "delay_treatment": "delay_treatment"}, {"timestamp": 1737550698.447, "sum(rate(container_cpu_usage_seconds_total{namespace=\"system-under-evaluation\"}[1m]))": 2.5372614184598317, "system_CPU": 2.5372614184598317, "kubernetes_prometheus_rules": "kubernetes_prometheus_rules", "add_security_context": "add_security_context", "delay_treatment": "delay_treatment"}, {"timestamp": 1737550699.447, "sum(rate(container_cpu_usage_seconds_total{namespace=\"system-under-evaluation\"}[1m]))": 2.385165046678797, "system_CPU": 2.385165046678797, "kubernetes_prometheus_rules": "kubernetes_prometheus_rules", "add_security_context": "add_security_context", "delay_treatment": "delay_treatment"}, {"timestamp": 1737550700.447, "sum(rate(container_cpu_usage_seconds_total{namespace=\"system-under-evaluation\"}[1m]))": 3.3004077430039738, "system_CPU": 3.3004077430039738, "kubernetes_prometheus_rules": "kubernetes_prometheus_rules", "add_security_context": "add_security_context", "delay_treatment": "delay_treatment"}, {"timestamp": 1737550701.447, "sum(rate(container_cpu_usage_seconds_total{namespace=\"system-under-evaluation\"}[1m]))": 3.1497115653924466, "system_CPU": 3.1497115653924466, "kubernetes_prometheus_rules": "kubernetes_prometheus_rules", "add_security_context": "add_security_context", "delay_treatment": "delay_treatment"}, {"timestamp": 1737550702.447, "sum(rate(container_cpu_usage_seconds_total{namespace=\"system-under-evaluation\"}[1m]))": 3.2457308125638398, "system_CPU": 3.2457308125638398, "kubernetes_prometheus_rules": "kubernetes_prometheus_rules", "add_security_context": "add_security_context", "delay_treatment": "delay_treatment"}, {"timestamp": 1737550703.447, "sum(rate(container_cpu_usage_seconds_total{namespace=\"system-under-evaluation\"}[1m]))": 3.368527629340034, "system_CPU": 3.368527629340034, "kubernetes_prometheus_rules": "kubernetes_prometheus_rules", "add_security_context": "add_security_context", "delay_treatment": "delay_treatment"}, {"timestamp": 1737550704.447, "sum(rate(container_cpu_usage_seconds_total{namespace=\"system-under-evaluation\"}[1m]))": 3.2247078249999896, "system_CPU": 3.2247078249999896, "kubernetes_prometheus_rules": "kubernetes_prometheus_rules", "add_security_context": "add_security_context", "delay_treatment": "delay_treatment"}, {"timestamp": 1737550705.447, "sum(rate(container_cpu_usage_seconds_total{namespace=\"system-under-evaluation\"}[1m]))": 3.50400583357838, "system_CPU": 3.50400583357838, "kubernetes_prometheus_rules": "kubernetes_prometheus_rules", "add_security_context": "add_security_context", "delay_treatment": "delay_treatment"}, {"timestamp": 1737550706.447, "sum(rate(container_cpu_usage_seconds_total{namespace=\"system-under-evaluation\"}[1m]))": 3.5750486573995266, "system_CPU": 3.5750486573995266, "kubernetes_prometheus_rules": "kubernetes_prometheus_rules", "add_security_context": "add_security_context", "delay_treatment": "delay_treatment"}, {"timestamp": 1737550707.447, "sum(rate(container_cpu_usage_seconds_total{namespace=\"system-under-evaluation\"}[1m]))": 3.686690761759972, "system_CPU": 3.686690761759972, "kubernetes_prometheus_rules": "kubernetes_prometheus_rules", "add_security_context": "add_security_context", "delay_treatment": "delay_treatment"}, {"timestamp": 1737550708.447, "sum(rate(container_cpu_usage_seconds_total{namespace=\"system-under-evaluation\"}[1m]))": 3.729778738681313, "system_CPU": 3.729778738681313, "kubernetes_prometheus_rules": "kubernetes_prometheus_rules", "add_security_context": "add_security_context", "delay_treatment": "delay_treatment"}, {"timestamp": 1737550709.447, "sum(rate(container_cpu_usage_seconds_total{namespace=\"system-under-evaluation\"}[1m]))": 3.826088350253315, "system_CPU": 3.826088350253315, "kubernetes_prometheus_rules": "kubernetes_prometheus_rules", "add_security_context": "add_security_context", "delay_treatment": "delay_treatment"}, {"timestamp": 1737550710.447, "sum(rate(container_cpu_usage_seconds_total{namespace=\"system-under-evaluation\"}[1m]))": 3.826210718248132, "system_CPU": 3.826210718248132, "kubernetes_prometheus_rules": "kubernetes_prometheus_rules", "add_security_context": "add_security_context", "delay_treatment": "delay_treatment"}, {"timestamp": 1737550711.447, "sum(rate(container_cpu_usage_seconds_total{namespace=\"system-under-evaluation\"}[1m]))": 3.808960658728126, "system_CPU": 3.808960658728126, "kubernetes_prometheus_rules": "kubernetes_prometheus_rules", "add_security_context": "add_security_context", "delay_treatment": "delay_treatment"}, {"timestamp": 1737550712.447, "sum(rate(container_cpu_usage_seconds_total{namespace=\"system-under-evaluation\"}[1m]))": 3.8084496104945056, "system_CPU": 3.8084496104945056, "kubernetes_prometheus_rules": "kubernetes_prometheus_rules", "add_security_context": "add_security_context", "delay_treatment": "delay_treatment"}, {"timestamp": 1737550713.447, "sum(rate(container_cpu_usage_seconds_total{namespace=\"system-under-evaluation\"}[1m]))": 3.8073063970301964, "system_CPU": 3.8073063970301964, "kubernetes_prometheus_rules": "kubernetes_prometheus_rules", "add_security_context": "add_security_context", "delay_treatment": "delay_treatment"}, {"timestamp": 1737550714.447, "sum(rate(container_cpu_usage_seconds_total{namespace=\"system-under-evaluation\"}[1m]))": 3.802627581029684, "system_CPU": 3.802627581029684, "kubernetes_prometheus_rules": "kubernetes_prometheus_rules", "add_security_context": "add_security_context", "delay_treatment": "delay_treatment"}, {"timestamp": 1737550715.447, "sum(rate(container_cpu_usage_seconds_total{namespace=\"system-under-evaluation\"}[1m]))": 3.787552086068061, "system_CPU": 3.787552086068061, "kubernetes_prometheus_rules": "kubernetes_prometheus_rules", "add_security_context": "add_security_context", "delay_treatment": "delay_treatment"}, {"timestamp": 1737550716.447, "sum(rate(container_cpu_usage_seconds_total{namespace=\"system-under-evaluation\"}[1m]))": 3.7844752376196955, "system_CPU": 3.7844752376196955, "kubernetes_prometheus_rules": "kubernetes_prometheus_rules", "add_security_context": "add_security_context", "delay_treatment": "delay_treatment"}, {"timestamp": 1737550717.447, "sum(rate(container_cpu_usage_seconds_total{namespace=\"system-under-evaluation\"}[1m]))": 3.6778529178787855, "system_CPU": 3.6778529178787855, "kubernetes_prometheus_rules": "kubernetes_prometheus_rules", "add_security_context": "add_security_context", "delay_treatment": "delay_treatment"}, {"timestamp": 1737550718.447, "sum(rate(container_cpu_usage_seconds_total{namespace=\"system-under-evaluation\"}[1m]))": 3.4788785289249105, "system_CPU": 3.4788785289249105, "kubernetes_prometheus_rules": "kubernetes_prometheus_rules", "add_security_context": "add_security_context", "delay_treatment": "delay_treatment"}, {"timestamp": 1737550719.447, "sum(rate(container_cpu_usage_seconds_total{namespace=\"system-under-evaluation\"}[1m]))": 3.4873398604639916, "system_CPU": 3.4873398604639916, "kubernetes_prometheus_rules": "kubernetes_prometheus_rules", "add_security_context": "add_security_context", "delay_treatment": "delay_treatment"}, {"timestamp": 1737550720.447, "sum(rate(container_cpu_usage_seconds_total{namespace=\"system-under-evaluation\"}[1m]))": 3.483619210243058, "system_CPU": 3.483619210243058, "kubernetes_prometheus_rules": "kubernetes_prometheus_rules", "add_security_context": "add_security_context", "delay_treatment": "delay_treatment"}, {"timestamp": 1737550721.447, "sum(rate(container_cpu_usage_seconds_total{namespace=\"system-under-evaluation\"}[1m]))": 3.478407404241559, "system_CPU": 3.478407404241559, "kubernetes_prometheus_rules": "kubernetes_prometheus_rules", "add_security_context": "add_security_context", "delay_treatment": "delay_treatment"}, {"timestamp": 1737550722.447, "sum(rate(container_cpu_usage_seconds_total{namespace=\"system-under-evaluation\"}[1m]))": 3.4475481776720156, "system_CPU": 3.4475481776720156, "kubernetes_prometheus_rules": "kubernetes_prometheus_rules", "add_security_context": "add_security_context", "delay_treatment": "delay_treatment"}, {"timestamp": 1737550723.447, "sum(rate(container_cpu_usage_seconds_total{namespace=\"system-under-evaluation\"}[1m]))": 3.5398741331670047, "system_CPU": 3.5398741331670047, "kubernetes_prometheus_rules": "kubernetes_prometheus_rules", "add_security_context": "add_security_context", "delay_treatment": "delay_treatment"}, {"timestamp": 1737550724.447, "sum(rate(container_cpu_usage_seconds_total{namespace=\"system-under-evaluation\"}[1m]))": 3.5205918213206635, "system_CPU": 3.5205918213206635, "kubernetes_prometheus_rules": "kubernetes_prometheus_rules", "add_security_context": "add_security_context", "delay_treatment": "delay_treatment"}, {"timestamp": 1737550725.447, "sum(rate(container_cpu_usage_seconds_total{namespace=\"system-under-evaluation\"}[1m]))": 2.609981407178403, "system_CPU": 2.609981407178403, "kubernetes_prometheus_rules": "kubernetes_prometheus_rules", "add_security_context": "add_security_context", "delay_treatment": "delay_treatment"}, {"timestamp": 1737550726.447, "sum(rate(container_cpu_usage_seconds_total{namespace=\"system-under-evaluation\"}[1m]))": 2.5230489721779232, "system_CPU": 2.5230489721779232, "kubernetes_prometheus_rules": "kubernetes_prometheus_rules", "add_security_context": "add_security_context", "delay_treatment": "delay_treatment"}, {"timestamp": 1737550727.447, "sum(rate(container_cpu_usage_seconds_total{namespace=\"system-under-evaluation\"}[1m]))": 2.60416436877482, "system_CPU": 2.60416436877482, "kubernetes_prometheus_rules": "kubernetes_prometheus_rules", "add_security_context": "add_security_context", "delay_treatment": "delay_treatment"}, {"timestamp": 1737550728.447, "sum(rate(container_cpu_usage_seconds_total{namespace=\"system-under-evaluation\"}[1m]))": 2.495707195568538, "system_CPU": 2.495707195568538, "kubernetes_prometheus_rules": "kubernetes_prometheus_rules", "add_security_context": "add_security_context", "delay_treatment": "delay_treatment"}, {"timestamp": 1737550729.447, "sum(rate(container_cpu_usage_seconds_total{namespace=\"system-under-evaluation\"}[1m]))": 2.489530181023443, "system_CPU": 2.489530181023443, "kubernetes_prometheus_rules": "kubernetes_prometheus_rules", "add_security_context": "add_security_context", "delay_treatment": "delay_treatment"}, {"timestamp": 1737550730.447, "sum(rate(container_cpu_usage_seconds_total{namespace=\"system-under-evaluation\"}[1m]))": 2.5287013239663727, "system_CPU": 2.5287013239663727, "kubernetes_prometheus_rules": "kubernetes_prometheus_rules", "add_security_context": "add_security_context", "delay_treatment": "delay_treatment"}, {"timestamp": 1737550731.447, "sum(rate(container_cpu_usage_seconds_total{namespace=\"system-under-evaluation\"}[1m]))": 2.5275359596040943, "system_CPU": 2.5275359596040943, "kubernetes_prometheus_rules": "kubernetes_prometheus_rules", "add_security_context": "add_security_context", "delay_treatment": "delay_treatment"}, {"timestamp": 1737550732.447, "sum(rate(container_cpu_usage_seconds_total{namespace=\"system-under-evaluation\"}[1m]))": 2.479574032893242, "system_CPU": 2.479574032893242, "kubernetes_prometheus_rules": "kubernetes_prometheus_rules", "add_security_context": "add_security_context", "delay_treatment": "delay_treatment"}, {"timestamp": 1737550733.447, "sum(rate(container_cpu_usage_seconds_total{namespace=\"system-under-evaluation\"}[1m]))": 3.4153511882010332, "system_CPU": 3.4153511882010332, "kubernetes_prometheus_rules": "kubernetes_prometheus_rules", "add_security_context": "add_security_context", "delay_treatment": "delay_treatment"}, {"timestamp": 1737550734.447, "sum(rate(container_cpu_usage_seconds_total{namespace=\"system-under-evaluation\"}[1m]))": 2.4959846888632002, "system_CPU": 2.4959846888632002, "kubernetes_prometheus_rules": "kubernetes_prometheus_rules", "add_security_context": "add_security_context", "delay_treatment": "delay_treatment"}, {"timestamp": 1737550735.447, "sum(rate(container_cpu_usage_seconds_total{namespace=\"system-under-evaluation\"}[1m]))": 2.5761563843031023, "system_CPU": 2.5761563843031023, "kubernetes_prometheus_rules": "kubernetes_prometheus_rules", "add_security_context": "add_security_context", "delay_treatment": "delay_treatment"}, {"timestamp": 1737550736.447, "sum(rate(container_cpu_usage_seconds_total{namespace=\"system-under-evaluation\"}[1m]))": 3.510591089674702, "system_CPU": 3.510591089674702, "kubernetes_prometheus_rules": "kubernetes_prometheus_rules", "add_security_context": "add_security_context", "delay_treatment": "delay_treatment"}, {"timestamp": 1737550737.447, "sum(rate(container_cpu_usage_seconds_total{namespace=\"system-under-evaluation\"}[1m]))": 3.5546427652088233, "system_CPU": 3.5546427652088233, "kubernetes_prometheus_rules": "kubernetes_prometheus_rules", "add_security_context": "add_security_context", "delay_treatment": "delay_treatment"}, {"timestamp": 1737550738.447, "sum(rate(container_cpu_usage_seconds_total{namespace=\"system-under-evaluation\"}[1m]))": 3.7654863999799275, "system_CPU": 3.7654863999799275, "kubernetes_prometheus_rules": "kubernetes_prometheus_rules", "add_security_context": "add_security_context", "delay_treatment": "delay_treatment"}, {"timestamp": 1737550739.447, "sum(rate(container_cpu_usage_seconds_total{namespace=\"system-under-evaluation\"}[1m]))": 3.77406728266487, "system_CPU": 3.77406728266487, "kubernetes_prometheus_rules": "kubernetes_prometheus_rules", "add_security_context": "add_security_context", "delay_treatment": "delay_treatment"}, {"timestamp": 1737550740.447, "sum(rate(container_cpu_usage_seconds_total{namespace=\"system-under-evaluation\"}[1m]))": 3.750512983402304, "system_CPU": 3.750512983402304, "kubernetes_prometheus_rules": "kubernetes_prometheus_rules", "add_security_context": "add_security_context", "delay_treatment": "delay_treatment"}, {"timestamp": 1737550741.447, "sum(rate(container_cpu_usage_seconds_total{namespace=\"system-under-evaluation\"}[1m]))": 3.77775412096873, "system_CPU": 3.77775412096873, "kubernetes_prometheus_rules": "NoTreatment", "add_security_context": "NoTreatment", "delay_treatment": "NoTreatment"}, {"timestamp": 1737550742.447, "sum(rate(container_cpu_usage_seconds_total{namespace=\"system-under-evaluation\"}[1m]))": 3.793986468074856, "system_CPU": 3.793986468074856, "kubernetes_prometheus_rules": "NoTreatment", "add_security_context": "NoTreatment", "delay_treatment": "NoTreatment"}, {"timestamp": 1737550743.447, "sum(rate(container_cpu_usage_seconds_total{namespace=\"system-under-evaluation\"}[1m]))": 3.790021755758116, "system_CPU": 3.790021755758116, "kubernetes_prometheus_rules": "NoTreatment", "add_security_context": "NoTreatment", "delay_treatment": "NoTreatment"}, {"timestamp": 1737550744.447, "sum(rate(container_cpu_usage_seconds_total{namespace=\"system-under-evaluation\"}[1m]))": 3.7867389373206213, "system_CPU": 3.7867389373206213, "kubernetes_prometheus_rules": "NoTreatment", "add_security_context": "NoTreatment", "delay_treatment": "NoTreatment"}, {"timestamp": 1737550745.447, "sum(rate(container_cpu_usage_seconds_total{namespace=\"system-under-evaluation\"}[1m]))": 3.7537482094900807, "system_CPU": 3.7537482094900807, "kubernetes_prometheus_rules": "NoTreatment", "add_security_context": "NoTreatment", "delay_treatment": "NoTreatment"}, {"timestamp": 1737550746.447, "sum(rate(container_cpu_usage_seconds_total{namespace=\"system-under-evaluation\"}[1m]))": 3.6680956623183123, "system_CPU": 3.6680956623183123, "kubernetes_prometheus_rules": "NoTreatment", "add_security_context": "NoTreatment", "delay_treatment": "NoTreatment"}, {"timestamp": 1737550747.447, "sum(rate(container_cpu_usage_seconds_total{namespace=\"system-under-evaluation\"}[1m]))": 3.6624477860153672, "system_CPU": 3.6624477860153672, "kubernetes_prometheus_rules": "NoTreatment", "add_security_context": "NoTreatment", "delay_treatment": "NoTreatment"}, {"timestamp": 1737550748.447, "sum(rate(container_cpu_usage_seconds_total{namespace=\"system-under-evaluation\"}[1m]))": 3.5757074064292858, "system_CPU": 3.5757074064292858, "kubernetes_prometheus_rules": "NoTreatment", "add_security_context": "NoTreatment", "delay_treatment": "NoTreatment"}, {"timestamp": 1737550749.447, "sum(rate(container_cpu_usage_seconds_total{namespace=\"system-under-evaluation\"}[1m]))": 3.600517516677623, "system_CPU": 3.600517516677623, "kubernetes_prometheus_rules": "NoTreatment", "add_security_context": "NoTreatment", "delay_treatment": "NoTreatment"}, {"timestamp": 1737550750.447, "sum(rate(container_cpu_usage_seconds_total{namespace=\"system-under-evaluation\"}[1m]))": 3.614414238304692, "system_CPU": 3.614414238304692, "kubernetes_prometheus_rules": "NoTreatment", "add_security_context": "NoTreatment", "delay_treatment": "NoTreatment"}]