[{"instance": "kube-prometheus-prometheus-node-exporter.oxn-external-monitoring.svc:9100", "timestamp": 1737550200.343, "sum(rate(node_network_receive_bytes_total[1m]) + rate(node_network_transmit_bytes_total[1m])) by (instance)": 1675159.916517356, "network_bytes": 1675159.916517356, "kubernetes_prometheus_rules": "kubernetes_prometheus_rules", "add_security_context": "NoTreatment", "delay_treatment": "NoTreatment"}, {"instance": "kube-prometheus-prometheus-node-exporter.oxn-external-monitoring.svc:9100", "timestamp": 1737550201.343, "sum(rate(node_network_receive_bytes_total[1m]) + rate(node_network_transmit_bytes_total[1m])) by (instance)": 1686680.6359676642, "network_bytes": 1686680.6359676642, "kubernetes_prometheus_rules": "kubernetes_prometheus_rules", "add_security_context": "NoTreatment", "delay_treatment": "NoTreatment"}, {"instance": "kube-prometheus-prometheus-node-exporter.oxn-external-monitoring.svc:9100", "timestamp": 1737550202.343, "sum(rate(node_network_receive_bytes_total[1m]) + rate(node_network_transmit_bytes_total[1m])) by (instance)": 1686680.6359676642, "network_bytes": 1686680.6359676642, "kubernetes_prometheus_rules": "kubernetes_prometheus_rules", "add_security_context": "NoTreatment", "delay_treatment": "NoTreatment"}, {"instance": "kube-prometheus-prometheus-node-exporter.oxn-external-monitoring.svc:9100", "timestamp": 1737550203.343, "sum(rate(node_network_receive_bytes_total[1m]) + rate(node_network_transmit_bytes_total[1m])) by (instance)": 1686680.6359676642, "network_bytes": 1686680.6359676642, "kubernetes_prometheus_rules": "kubernetes_prometheus_rules", "add_security_context": "NoTreatment", "delay_treatment": "NoTreatment"}, {"instance": "kube-prometheus-prometheus-node-exporter.oxn-external-monitoring.svc:9100", "timestamp": 1737550204.343, "sum(rate(node_network_receive_bytes_total[1m]) + rate(node_network_transmit_bytes_total[1m])) by (instance)": 1686680.6359676642, "network_bytes": 1686680.6359676642, "kubernetes_prometheus_rules": "kubernetes_prometheus_rules", "add_security_context": "NoTreatment", "delay_treatment": "NoTreatment"}, {"instance": "kube-prometheus-prometheus-node-exporter.oxn-external-monitoring.svc:9100", "timestamp": 1737550205.343, "sum(rate(node_network_receive_bytes_total[1m]) + rate(node_network_transmit_bytes_total[1m])) by (instance)": 1591347.6540195711, "network_bytes": 1591347.6540195711, "kubernetes_prometheus_rules": "kubernetes_prometheus_rules", "add_security_context": "NoTreatment", "delay_treatment": "NoTreatment"}, {"instance": "kube-prometheus-prometheus-node-exporter.oxn-external-monitoring.svc:9100", "timestamp": 1737550206.343, "sum(rate(node_network_receive_bytes_total[1m]) + rate(node_network_transmit_bytes_total[1m])) by (instance)": 1607987.4168742944, "network_bytes": 1607987.4168742944, "kubernetes_prometheus_rules": "kubernetes_prometheus_rules", "add_security_context": "NoTreatment", "delay_treatment": "NoTreatment"}, {"instance": "kube-prometheus-prometheus-node-exporter.oxn-external-monitoring.svc:9100", "timestamp": 1737550207.343, "sum(rate(node_network_receive_bytes_total[1m]) + rate(node_network_transmit_bytes_total[1m])) by (instance)": 1607987.4168742944, "network_bytes": 1607987.4168742944, "kubernetes_prometheus_rules": "kubernetes_prometheus_rules", "add_security_context": "NoTreatment", "delay_treatment": "NoTreatment"}, {"instance": "kube-prometheus-prometheus-node-exporter.oxn-external-monitoring.svc:9100", "timestamp": 1737550208.343, "sum(rate(node_network_receive_bytes_total[1m]) + rate(node_network_transmit_bytes_total[1m])) by (instance)": 1607987.4168742944, "network_bytes": 1607987.4168742944, "kubernetes_prometheus_rules": "kubernetes_prometheus_rules", "add_security_context": "NoTreatment", "delay_treatment": "NoTreatment"}, {"instance": "kube-prometheus-prometheus-node-exporter.oxn-external-monitoring.svc:9100", "timestamp": 1737550209.343, "sum(rate(node_network_receive_bytes_total[1m]) + rate(node_network_transmit_bytes_total[1m])) by (instance)": 1607987.4168742944, "network_bytes": 1607987.4168742944, "kubernetes_prometheus_rules": "kubernetes_prometheus_rules", "add_security_context": "NoTreatment", "delay_treatment": "NoTreatment"}, {"instance": "kube-prometheus-prometheus-node-exporter.oxn-external-monitoring.svc:9100", "timestamp": 1737550210.343, "sum(rate(node_network_receive_bytes_total[1m]) + rate(node_network_transmit_bytes_total[1m])) by (instance)": 1494756.325188525, "network_bytes": 1494756.325188525, "kubernetes_prometheus_rules": "kubernetes_prometheus_rules", "add_security_context": "add_security_context", "delay_treatment": "NoTreatment"}, {"instance": "kube-prometheus-prometheus-node-exporter.oxn-external-monitoring.svc:9100", "timestamp": 1737550211.343, "sum(rate(node_network_receive_bytes_total[1m]) + rate(node_network_transmit_bytes_total[1m])) by (instance)": 1520623.0081198805, "network_bytes": 1520623.0081198805, "kubernetes_prometheus_rules": "kubernetes_prometheus_rules", "add_security_context": "add_security_context", "delay_treatment": "delay_treatment"}, {"instance": "kube-prometheus-prometheus-node-exporter.oxn-external-monitoring.svc:9100", "timestamp": 1737550212.343, "sum(rate(node_network_receive_bytes_total[1m]) + rate(node_network_transmit_bytes_total[1m])) by (instance)": 1520623.0081198805, "network_bytes": 1520623.0081198805, "kubernetes_prometheus_rules": "kubernetes_prometheus_rules", "add_security_context": "add_security_context", "delay_treatment": "delay_treatment"}, {"instance": "kube-prometheus-prometheus-node-exporter.oxn-external-monitoring.svc:9100", "timestamp": 1737550213.343, "sum(rate(node_network_receive_bytes_total[1m]) + rate(node_network_transmit_bytes_total[1m])) by (instance)": 1520623.0081198805, "network_bytes": 1520623.0081198805, "kubernetes_prometheus_rules": "kubernetes_prometheus_rules", "add_security_context": "add_security_context", "delay_treatment": "delay_treatment"}, {"instance": "kube-prometheus-prometheus-node-exporter.oxn-external-monitoring.svc:9100", "timestamp": 1737550214.343, "sum(rate(node_network_receive_bytes_total[1m]) + rate(node_network_transmit_bytes_total[1m])) by (instance)": 1520623.0081198805, "network_bytes": 1520623.0081198805, "kubernetes_prometheus_rules": "kubernetes_prometheus_rules", "add_security_context": "add_security_context", "delay_treatment": "delay_treatment"}, {"instance": "kube-prometheus-prometheus-node-exporter.oxn-external-monitoring.svc:9100", "timestamp": 1737550215.343, "sum(rate(node_network_receive_bytes_total[1m]) + rate(node_network_transmit_bytes_total[1m])) by (instance)": 1361882.4548622733, "network_bytes": 1361882.4548622733, "kubernetes_prometheus_rules": "kubernetes_prometheus_rules", "add_security_context": "add_security_context", "delay_treatment": "delay_treatment"}, {"instance": "kube-prometheus-prometheus-node-exporter.oxn-external-monitoring.svc:9100", "timestamp": 1737550216.343, "sum(rate(node_network_receive_bytes_total[1m]) + rate(node_network_transmit_bytes_total[1m])) by (instance)": 1420039.5418451668, "network_bytes": 1420039.5418451668, "kubernetes_prometheus_rules": "kubernetes_prometheus_rules", "add_security_context": "add_security_context", "delay_treatment": "delay_treatment"}, {"instance": "kube-prometheus-prometheus-node-exporter.oxn-external-monitoring.svc:9100", "timestamp": 1737550217.343, "sum(rate(node_network_receive_bytes_total[1m]) + rate(node_network_transmit_bytes_total[1m])) by (instance)": 1420039.5418451668, "network_bytes": 1420039.5418451668, "kubernetes_prometheus_rules": "kubernetes_prometheus_rules", "add_security_context": "add_security_context", "delay_treatment": "delay_treatment"}, {"instance": "kube-prometheus-prometheus-node-exporter.oxn-external-monitoring.svc:9100", "timestamp": 1737550218.343, "sum(rate(node_network_receive_bytes_total[1m]) + rate(node_network_transmit_bytes_total[1m])) by (instance)": 1420039.5418451668, "network_bytes": 1420039.5418451668, "kubernetes_prometheus_rules": "kubernetes_prometheus_rules", "add_security_context": "add_security_context", "delay_treatment": "delay_treatment"}, {"instance": "kube-prometheus-prometheus-node-exporter.oxn-external-monitoring.svc:9100", "timestamp": 1737550219.343, "sum(rate(node_network_receive_bytes_total[1m]) + rate(node_network_transmit_bytes_total[1m])) by (instance)": 1420039.5418451668, "network_bytes": 1420039.5418451668, "kubernetes_prometheus_rules": "kubernetes_prometheus_rules", "add_security_context": "add_security_context", "delay_treatment": "delay_treatment"}, {"instance": "kube-prometheus-prometheus-node-exporter.oxn-external-monitoring.svc:9100", "timestamp": 1737550220.343, "sum(rate(node_network_receive_bytes_total[1m]) + rate(node_network_transmit_bytes_total[1m])) by (instance)": 1270553.7763485715, "network_bytes": 1270553.7763485715, "kubernetes_prometheus_rules": "kubernetes_prometheus_rules", "add_security_context": "add_security_context", "delay_treatment": "delay_treatment"}, {"instance": "kube-prometheus-prometheus-node-exporter.oxn-external-monitoring.svc:9100", "timestamp": 1737550221.343, "sum(rate(node_network_receive_bytes_total[1m]) + rate(node_network_transmit_bytes_total[1m])) by (instance)": 1332796.458177917, "network_bytes": 1332796.458177917, "kubernetes_prometheus_rules": "kubernetes_prometheus_rules", "add_security_context": "add_security_context", "delay_treatment": "delay_treatment"}, {"instance": "kube-prometheus-prometheus-node-exporter.oxn-external-monitoring.svc:9100", "timestamp": 1737550222.343, "sum(rate(node_network_receive_bytes_total[1m]) + rate(node_network_transmit_bytes_total[1m])) by (instance)": 1363829.97526125, "network_bytes": 1363829.97526125, "kubernetes_prometheus_rules": "kubernetes_prometheus_rules", "add_security_context": "add_security_context", "delay_treatment": "delay_treatment"}, {"instance": "kube-prometheus-prometheus-node-exporter.oxn-external-monitoring.svc:9100", "timestamp": 1737550223.343, "sum(rate(node_network_receive_bytes_total[1m]) + rate(node_network_transmit_bytes_total[1m])) by (instance)": 1394863.4923445834, "network_bytes": 1394863.4923445834, "kubernetes_prometheus_rules": "kubernetes_prometheus_rules", "add_security_context": "add_security_context", "delay_treatment": "delay_treatment"}, {"instance": "kube-prometheus-prometheus-node-exporter.oxn-external-monitoring.svc:9100", "timestamp": 1737550224.343, "sum(rate(node_network_receive_bytes_total[1m]) + rate(node_network_transmit_bytes_total[1m])) by (instance)": 1425897.009427917, "network_bytes": 1425897.009427917, "kubernetes_prometheus_rules": "kubernetes_prometheus_rules", "add_security_context": "add_security_context", "delay_treatment": "delay_treatment"}, {"instance": "kube-prometheus-prometheus-node-exporter.oxn-external-monitoring.svc:9100", "timestamp": 1737550225.343, "sum(rate(node_network_receive_bytes_total[1m]) + rate(node_network_transmit_bytes_total[1m])) by (instance)": 1456930.5265112498, "network_bytes": 1456930.5265112498, "kubernetes_prometheus_rules": "kubernetes_prometheus_rules", "add_security_context": "add_security_context", "delay_treatment": "delay_treatment"}, {"instance": "kube-prometheus-prometheus-node-exporter.oxn-external-monitoring.svc:9100", "timestamp": 1737550226.343, "sum(rate(node_network_receive_bytes_total[1m]) + rate(node_network_transmit_bytes_total[1m])) by (instance)": 1529730.477735185, "network_bytes": 1529730.477735185, "kubernetes_prometheus_rules": "kubernetes_prometheus_rules", "add_security_context": "add_security_context", "delay_treatment": "delay_treatment"}, {"instance": "kube-prometheus-prometheus-node-exporter.oxn-external-monitoring.svc:9100", "timestamp": 1737550227.343, "sum(rate(node_network_receive_bytes_total[1m]) + rate(node_network_transmit_bytes_total[1m])) by (instance)": 1561635.0906981481, "network_bytes": 1561635.0906981481, "kubernetes_prometheus_rules": "kubernetes_prometheus_rules", "add_security_context": "add_security_context", "delay_treatment": "delay_treatment"}, {"instance": "kube-prometheus-prometheus-node-exporter.oxn-external-monitoring.svc:9100", "timestamp": 1737550228.343, "sum(rate(node_network_receive_bytes_total[1m]) + rate(node_network_transmit_bytes_total[1m])) by (instance)": 1593539.7036611114, "network_bytes": 1593539.7036611114, "kubernetes_prometheus_rules": "kubernetes_prometheus_rules", "add_security_context": "add_security_context", "delay_treatment": "delay_treatment"}, {"instance": "kube-prometheus-prometheus-node-exporter.oxn-external-monitoring.svc:9100", "timestamp": 1737550229.343, "sum(rate(node_network_receive_bytes_total[1m]) + rate(node_network_transmit_bytes_total[1m])) by (instance)": 1625444.316624074, "network_bytes": 1625444.316624074, "kubernetes_prometheus_rules": "kubernetes_prometheus_rules", "add_security_context": "add_security_context", "delay_treatment": "delay_treatment"}, {"instance": "kube-prometheus-prometheus-node-exporter.oxn-external-monitoring.svc:9100", "timestamp": 1737550230.343, "sum(rate(node_network_receive_bytes_total[1m]) + rate(node_network_transmit_bytes_total[1m])) by (instance)": 1657348.929587037, "network_bytes": 1657348.929587037, "kubernetes_prometheus_rules": "kubernetes_prometheus_rules", "add_security_context": "add_security_context", "delay_treatment": "delay_treatment"}, {"instance": "kube-prometheus-prometheus-node-exporter.oxn-external-monitoring.svc:9100", "timestamp": 1737550231.343, "sum(rate(node_network_receive_bytes_total[1m]) + rate(node_network_transmit_bytes_total[1m])) by (instance)": 1753345.6232760001, "network_bytes": 1753345.6232760001, "kubernetes_prometheus_rules": "kubernetes_prometheus_rules", "add_security_context": "add_security_context", "delay_treatment": "delay_treatment"}, {"instance": "kube-prometheus-prometheus-node-exporter.oxn-external-monitoring.svc:9100", "timestamp": 1737550232.343, "sum(rate(node_network_receive_bytes_total[1m]) + rate(node_network_transmit_bytes_total[1m])) by (instance)": 1786460.7312760002, "network_bytes": 1786460.7312760002, "kubernetes_prometheus_rules": "kubernetes_prometheus_rules", "add_security_context": "add_security_context", "delay_treatment": "delay_treatment"}, {"instance": "kube-prometheus-prometheus-node-exporter.oxn-external-monitoring.svc:9100", "timestamp": 1737550233.343, "sum(rate(node_network_receive_bytes_total[1m]) + rate(node_network_transmit_bytes_total[1m])) by (instance)": 1819575.8392760002, "network_bytes": 1819575.8392760002, "kubernetes_prometheus_rules": "kubernetes_prometheus_rules", "add_security_context": "add_security_context", "delay_treatment": "delay_treatment"}, {"instance": "kube-prometheus-prometheus-node-exporter.oxn-external-monitoring.svc:9100", "timestamp": 1737550234.343, "sum(rate(node_network_receive_bytes_total[1m]) + rate(node_network_transmit_bytes_total[1m])) by (instance)": 1852690.9472760002, "network_bytes": 1852690.9472760002, "kubernetes_prometheus_rules": "kubernetes_prometheus_rules", "add_security_context": "add_security_context", "delay_treatment": "delay_treatment"}, {"instance": "kube-prometheus-prometheus-node-exporter.oxn-external-monitoring.svc:9100", "timestamp": 1737550235.343, "sum(rate(node_network_receive_bytes_total[1m]) + rate(node_network_transmit_bytes_total[1m])) by (instance)": 1885806.0552760002, "network_bytes": 1885806.0552760002, "kubernetes_prometheus_rules": "kubernetes_prometheus_rules", "add_security_context": "add_security_context", "delay_treatment": "delay_treatment"}, {"instance": "kube-prometheus-prometheus-node-exporter.oxn-external-monitoring.svc:9100", "timestamp": 1737550236.343, "sum(rate(node_network_receive_bytes_total[1m]) + rate(node_network_transmit_bytes_total[1m])) by (instance)": 2075328.1818181816, "network_bytes": 2075328.1818181816, "kubernetes_prometheus_rules": "kubernetes_prometheus_rules", "add_security_context": "add_security_context", "delay_treatment": "delay_treatment"}, {"instance": "kube-prometheus-prometheus-node-exporter.oxn-external-monitoring.svc:9100", "timestamp": 1737550237.343, "sum(rate(node_network_receive_bytes_total[1m]) + rate(node_network_transmit_bytes_total[1m])) by (instance)": 2075328.1818181816, "network_bytes": 2075328.1818181816, "kubernetes_prometheus_rules": "kubernetes_prometheus_rules", "add_security_context": "add_security_context", "delay_treatment": "delay_treatment"}, {"instance": "kube-prometheus-prometheus-node-exporter.oxn-external-monitoring.svc:9100", "timestamp": 1737550238.343, "sum(rate(node_network_receive_bytes_total[1m]) + rate(node_network_transmit_bytes_total[1m])) by (instance)": 2075328.1818181816, "network_bytes": 2075328.1818181816, "kubernetes_prometheus_rules": "kubernetes_prometheus_rules", "add_security_context": "add_security_context", "delay_treatment": "delay_treatment"}, {"instance": "kube-prometheus-prometheus-node-exporter.oxn-external-monitoring.svc:9100", "timestamp": 1737550239.343, "sum(rate(node_network_receive_bytes_total[1m]) + rate(node_network_transmit_bytes_total[1m])) by (instance)": 2075328.1818181816, "network_bytes": 2075328.1818181816, "kubernetes_prometheus_rules": "kubernetes_prometheus_rules", "add_security_context": "add_security_context", "delay_treatment": "delay_treatment"}, {"instance": "kube-prometheus-prometheus-node-exporter.oxn-external-monitoring.svc:9100", "timestamp": 1737550240.343, "sum(rate(node_network_receive_bytes_total[1m]) + rate(node_network_transmit_bytes_total[1m])) by (instance)": 2075328.1818181816, "network_bytes": 2075328.1818181816, "kubernetes_prometheus_rules": "kubernetes_prometheus_rules", "add_security_context": "add_security_context", "delay_treatment": "delay_treatment"}, {"instance": "kube-prometheus-prometheus-node-exporter.oxn-external-monitoring.svc:9100", "timestamp": 1737550241.343, "sum(rate(node_network_receive_bytes_total[1m]) + rate(node_network_transmit_bytes_total[1m])) by (instance)": 2155744.054545454, "network_bytes": 2155744.054545454, "kubernetes_prometheus_rules": "kubernetes_prometheus_rules", "add_security_context": "add_security_context", "delay_treatment": "delay_treatment"}, {"instance": "kube-prometheus-prometheus-node-exporter.oxn-external-monitoring.svc:9100", "timestamp": 1737550242.343, "sum(rate(node_network_receive_bytes_total[1m]) + rate(node_network_transmit_bytes_total[1m])) by (instance)": 2155744.054545454, "network_bytes": 2155744.054545454, "kubernetes_prometheus_rules": "kubernetes_prometheus_rules", "add_security_context": "add_security_context", "delay_treatment": "delay_treatment"}, {"instance": "kube-prometheus-prometheus-node-exporter.oxn-external-monitoring.svc:9100", "timestamp": 1737550243.343, "sum(rate(node_network_receive_bytes_total[1m]) + rate(node_network_transmit_bytes_total[1m])) by (instance)": 2155744.054545454, "network_bytes": 2155744.054545454, "kubernetes_prometheus_rules": "kubernetes_prometheus_rules", "add_security_context": "add_security_context", "delay_treatment": "delay_treatment"}, {"instance": "kube-prometheus-prometheus-node-exporter.oxn-external-monitoring.svc:9100", "timestamp": 1737550244.343, "sum(rate(node_network_receive_bytes_total[1m]) + rate(node_network_transmit_bytes_total[1m])) by (instance)": 2155744.054545454, "network_bytes": 2155744.054545454, "kubernetes_prometheus_rules": "kubernetes_prometheus_rules", "add_security_context": "add_security_context", "delay_treatment": "delay_treatment"}, {"instance": "kube-prometheus-prometheus-node-exporter.oxn-external-monitoring.svc:9100", "timestamp": 1737550245.343, "sum(rate(node_network_receive_bytes_total[1m]) + rate(node_network_transmit_bytes_total[1m])) by (instance)": 2155744.054545454, "network_bytes": 2155744.054545454, "kubernetes_prometheus_rules": "kubernetes_prometheus_rules", "add_security_context": "add_security_context", "delay_treatment": "delay_treatment"}, {"instance": "kube-prometheus-prometheus-node-exporter.oxn-external-monitoring.svc:9100", "timestamp": 1737550246.343, "sum(rate(node_network_receive_bytes_total[1m]) + rate(node_network_transmit_bytes_total[1m])) by (instance)": 2266350.2727272725, "network_bytes": 2266350.2727272725, "kubernetes_prometheus_rules": "kubernetes_prometheus_rules", "add_security_context": "add_security_context", "delay_treatment": "delay_treatment"}, {"instance": "kube-prometheus-prometheus-node-exporter.oxn-external-monitoring.svc:9100", "timestamp": 1737550247.343, "sum(rate(node_network_receive_bytes_total[1m]) + rate(node_network_transmit_bytes_total[1m])) by (instance)": 2266350.2727272725, "network_bytes": 2266350.2727272725, "kubernetes_prometheus_rules": "kubernetes_prometheus_rules", "add_security_context": "add_security_context", "delay_treatment": "delay_treatment"}, {"instance": "kube-prometheus-prometheus-node-exporter.oxn-external-monitoring.svc:9100", "timestamp": 1737550248.343, "sum(rate(node_network_receive_bytes_total[1m]) + rate(node_network_transmit_bytes_total[1m])) by (instance)": 2266350.2727272725, "network_bytes": 2266350.2727272725, "kubernetes_prometheus_rules": "kubernetes_prometheus_rules", "add_security_context": "add_security_context", "delay_treatment": "delay_treatment"}, {"instance": "kube-prometheus-prometheus-node-exporter.oxn-external-monitoring.svc:9100", "timestamp": 1737550249.343, "sum(rate(node_network_receive_bytes_total[1m]) + rate(node_network_transmit_bytes_total[1m])) by (instance)": 2266350.2727272725, "network_bytes": 2266350.2727272725, "kubernetes_prometheus_rules": "kubernetes_prometheus_rules", "add_security_context": "add_security_context", "delay_treatment": "delay_treatment"}, {"instance": "kube-prometheus-prometheus-node-exporter.oxn-external-monitoring.svc:9100", "timestamp": 1737550250.343, "sum(rate(node_network_receive_bytes_total[1m]) + rate(node_network_transmit_bytes_total[1m])) by (instance)": 2266350.2727272725, "network_bytes": 2266350.2727272725, "kubernetes_prometheus_rules": "kubernetes_prometheus_rules", "add_security_context": "add_security_context", "delay_treatment": "delay_treatment"}, {"instance": "kube-prometheus-prometheus-node-exporter.oxn-external-monitoring.svc:9100", "timestamp": 1737550251.343, "sum(rate(node_network_receive_bytes_total[1m]) + rate(node_network_transmit_bytes_total[1m])) by (instance)": 2354500.109090909, "network_bytes": 2354500.109090909, "kubernetes_prometheus_rules": "kubernetes_prometheus_rules", "add_security_context": "add_security_context", "delay_treatment": "delay_treatment"}, {"instance": "kube-prometheus-prometheus-node-exporter.oxn-external-monitoring.svc:9100", "timestamp": 1737550252.343, "sum(rate(node_network_receive_bytes_total[1m]) + rate(node_network_transmit_bytes_total[1m])) by (instance)": 2354500.109090909, "network_bytes": 2354500.109090909, "kubernetes_prometheus_rules": "kubernetes_prometheus_rules", "add_security_context": "add_security_context", "delay_treatment": "delay_treatment"}, {"instance": "kube-prometheus-prometheus-node-exporter.oxn-external-monitoring.svc:9100", "timestamp": 1737550253.343, "sum(rate(node_network_receive_bytes_total[1m]) + rate(node_network_transmit_bytes_total[1m])) by (instance)": 2354500.109090909, "network_bytes": 2354500.109090909, "kubernetes_prometheus_rules": "kubernetes_prometheus_rules", "add_security_context": "add_security_context", "delay_treatment": "delay_treatment"}, {"instance": "kube-prometheus-prometheus-node-exporter.oxn-external-monitoring.svc:9100", "timestamp": 1737550254.343, "sum(rate(node_network_receive_bytes_total[1m]) + rate(node_network_transmit_bytes_total[1m])) by (instance)": 2354500.109090909, "network_bytes": 2354500.109090909, "kubernetes_prometheus_rules": "kubernetes_prometheus_rules", "add_security_context": "add_security_context", "delay_treatment": "delay_treatment"}, {"instance": "kube-prometheus-prometheus-node-exporter.oxn-external-monitoring.svc:9100", "timestamp": 1737550255.343, "sum(rate(node_network_receive_bytes_total[1m]) + rate(node_network_transmit_bytes_total[1m])) by (instance)": 2354500.109090909, "network_bytes": 2354500.109090909, "kubernetes_prometheus_rules": "kubernetes_prometheus_rules", "add_security_context": "add_security_context", "delay_treatment": "delay_treatment"}, {"instance": "kube-prometheus-prometheus-node-exporter.oxn-external-monitoring.svc:9100", "timestamp": 1737550256.343, "sum(rate(node_network_receive_bytes_total[1m]) + rate(node_network_transmit_bytes_total[1m])) by (instance)": 2468704.909090909, "network_bytes": 2468704.909090909, "kubernetes_prometheus_rules": "kubernetes_prometheus_rules", "add_security_context": "add_security_context", "delay_treatment": "delay_treatment"}, {"instance": "kube-prometheus-prometheus-node-exporter.oxn-external-monitoring.svc:9100", "timestamp": 1737550257.343, "sum(rate(node_network_receive_bytes_total[1m]) + rate(node_network_transmit_bytes_total[1m])) by (instance)": 2468704.909090909, "network_bytes": 2468704.909090909, "kubernetes_prometheus_rules": "kubernetes_prometheus_rules", "add_security_context": "add_security_context", "delay_treatment": "delay_treatment"}, {"instance": "kube-prometheus-prometheus-node-exporter.oxn-external-monitoring.svc:9100", "timestamp": 1737550258.343, "sum(rate(node_network_receive_bytes_total[1m]) + rate(node_network_transmit_bytes_total[1m])) by (instance)": 2468704.909090909, "network_bytes": 2468704.909090909, "kubernetes_prometheus_rules": "kubernetes_prometheus_rules", "add_security_context": "add_security_context", "delay_treatment": "delay_treatment"}, {"instance": "kube-prometheus-prometheus-node-exporter.oxn-external-monitoring.svc:9100", "timestamp": 1737550259.343, "sum(rate(node_network_receive_bytes_total[1m]) + rate(node_network_transmit_bytes_total[1m])) by (instance)": 2468704.909090909, "network_bytes": 2468704.909090909, "kubernetes_prometheus_rules": "kubernetes_prometheus_rules", "add_security_context": "add_security_context", "delay_treatment": "delay_treatment"}, {"instance": "kube-prometheus-prometheus-node-exporter.oxn-external-monitoring.svc:9100", "timestamp": 1737550260.343, "sum(rate(node_network_receive_bytes_total[1m]) + rate(node_network_transmit_bytes_total[1m])) by (instance)": 2468704.909090909, "network_bytes": 2468704.909090909, "kubernetes_prometheus_rules": "kubernetes_prometheus_rules", "add_security_context": "add_security_context", "delay_treatment": "delay_treatment"}, {"instance": "kube-prometheus-prometheus-node-exporter.oxn-external-monitoring.svc:9100", "timestamp": 1737550261.343, "sum(rate(node_network_receive_bytes_total[1m]) + rate(node_network_transmit_bytes_total[1m])) by (instance)": 2563894.1454545455, "network_bytes": 2563894.1454545455, "kubernetes_prometheus_rules": "kubernetes_prometheus_rules", "add_security_context": "add_security_context", "delay_treatment": "delay_treatment"}, {"instance": "kube-prometheus-prometheus-node-exporter.oxn-external-monitoring.svc:9100", "timestamp": 1737550262.343, "sum(rate(node_network_receive_bytes_total[1m]) + rate(node_network_transmit_bytes_total[1m])) by (instance)": 2563894.1454545455, "network_bytes": 2563894.1454545455, "kubernetes_prometheus_rules": "kubernetes_prometheus_rules", "add_security_context": "add_security_context", "delay_treatment": "delay_treatment"}, {"instance": "kube-prometheus-prometheus-node-exporter.oxn-external-monitoring.svc:9100", "timestamp": 1737550263.343, "sum(rate(node_network_receive_bytes_total[1m]) + rate(node_network_transmit_bytes_total[1m])) by (instance)": 2563894.1454545455, "network_bytes": 2563894.1454545455, "kubernetes_prometheus_rules": "kubernetes_prometheus_rules", "add_security_context": "add_security_context", "delay_treatment": "delay_treatment"}, {"instance": "kube-prometheus-prometheus-node-exporter.oxn-external-monitoring.svc:9100", "timestamp": 1737550264.343, "sum(rate(node_network_receive_bytes_total[1m]) + rate(node_network_transmit_bytes_total[1m])) by (instance)": 2563894.1454545455, "network_bytes": 2563894.1454545455, "kubernetes_prometheus_rules": "kubernetes_prometheus_rules", "add_security_context": "add_security_context", "delay_treatment": "delay_treatment"}, {"instance": "kube-prometheus-prometheus-node-exporter.oxn-external-monitoring.svc:9100", "timestamp": 1737550265.343, "sum(rate(node_network_receive_bytes_total[1m]) + rate(node_network_transmit_bytes_total[1m])) by (instance)": 2563894.1454545455, "network_bytes": 2563894.1454545455, "kubernetes_prometheus_rules": "kubernetes_prometheus_rules", "add_security_context": "add_security_context", "delay_treatment": "delay_treatment"}, {"instance": "kube-prometheus-prometheus-node-exporter.oxn-external-monitoring.svc:9100", "timestamp": 1737550266.343, "sum(rate(node_network_receive_bytes_total[1m]) + rate(node_network_transmit_bytes_total[1m])) by (instance)": 2640417.745454545, "network_bytes": 2640417.745454545, "kubernetes_prometheus_rules": "kubernetes_prometheus_rules", "add_security_context": "add_security_context", "delay_treatment": "delay_treatment"}, {"instance": "kube-prometheus-prometheus-node-exporter.oxn-external-monitoring.svc:9100", "timestamp": 1737550267.343, "sum(rate(node_network_receive_bytes_total[1m]) + rate(node_network_transmit_bytes_total[1m])) by (instance)": 2640417.745454545, "network_bytes": 2640417.745454545, "kubernetes_prometheus_rules": "kubernetes_prometheus_rules", "add_security_context": "add_security_context", "delay_treatment": "delay_treatment"}, {"instance": "kube-prometheus-prometheus-node-exporter.oxn-external-monitoring.svc:9100", "timestamp": 1737550268.343, "sum(rate(node_network_receive_bytes_total[1m]) + rate(node_network_transmit_bytes_total[1m])) by (instance)": 2640417.745454545, "network_bytes": 2640417.745454545, "kubernetes_prometheus_rules": "kubernetes_prometheus_rules", "add_security_context": "add_security_context", "delay_treatment": "delay_treatment"}, {"instance": "kube-prometheus-prometheus-node-exporter.oxn-external-monitoring.svc:9100", "timestamp": 1737550269.343, "sum(rate(node_network_receive_bytes_total[1m]) + rate(node_network_transmit_bytes_total[1m])) by (instance)": 2640417.745454545, "network_bytes": 2640417.745454545, "kubernetes_prometheus_rules": "kubernetes_prometheus_rules", "add_security_context": "add_security_context", "delay_treatment": "delay_treatment"}, {"instance": "kube-prometheus-prometheus-node-exporter.oxn-external-monitoring.svc:9100", "timestamp": 1737550270.343, "sum(rate(node_network_receive_bytes_total[1m]) + rate(node_network_transmit_bytes_total[1m])) by (instance)": 2640417.745454545, "network_bytes": 2640417.745454545, "kubernetes_prometheus_rules": "kubernetes_prometheus_rules", "add_security_context": "add_security_context", "delay_treatment": "delay_treatment"}, {"instance": "kube-prometheus-prometheus-node-exporter.oxn-external-monitoring.svc:9100", "timestamp": 1737550271.343, "sum(rate(node_network_receive_bytes_total[1m]) + rate(node_network_transmit_bytes_total[1m])) by (instance)": 2720787.8727272726, "network_bytes": 2720787.8727272726, "kubernetes_prometheus_rules": "kubernetes_prometheus_rules", "add_security_context": "add_security_context", "delay_treatment": "delay_treatment"}, {"instance": "kube-prometheus-prometheus-node-exporter.oxn-external-monitoring.svc:9100", "timestamp": 1737550272.343, "sum(rate(node_network_receive_bytes_total[1m]) + rate(node_network_transmit_bytes_total[1m])) by (instance)": 2720787.8727272726, "network_bytes": 2720787.8727272726, "kubernetes_prometheus_rules": "kubernetes_prometheus_rules", "add_security_context": "add_security_context", "delay_treatment": "delay_treatment"}, {"instance": "kube-prometheus-prometheus-node-exporter.oxn-external-monitoring.svc:9100", "timestamp": 1737550273.343, "sum(rate(node_network_receive_bytes_total[1m]) + rate(node_network_transmit_bytes_total[1m])) by (instance)": 2720787.8727272726, "network_bytes": 2720787.8727272726, "kubernetes_prometheus_rules": "kubernetes_prometheus_rules", "add_security_context": "add_security_context", "delay_treatment": "delay_treatment"}, {"instance": "kube-prometheus-prometheus-node-exporter.oxn-external-monitoring.svc:9100", "timestamp": 1737550274.343, "sum(rate(node_network_receive_bytes_total[1m]) + rate(node_network_transmit_bytes_total[1m])) by (instance)": 2720787.8727272726, "network_bytes": 2720787.8727272726, "kubernetes_prometheus_rules": "kubernetes_prometheus_rules", "add_security_context": "add_security_context", "delay_treatment": "delay_treatment"}, {"instance": "kube-prometheus-prometheus-node-exporter.oxn-external-monitoring.svc:9100", "timestamp": 1737550275.343, "sum(rate(node_network_receive_bytes_total[1m]) + rate(node_network_transmit_bytes_total[1m])) by (instance)": 2720787.8727272726, "network_bytes": 2720787.8727272726, "kubernetes_prometheus_rules": "kubernetes_prometheus_rules", "add_security_context": "add_security_context", "delay_treatment": "delay_treatment"}, {"instance": "kube-prometheus-prometheus-node-exporter.oxn-external-monitoring.svc:9100", "timestamp": 1737550276.343, "sum(rate(node_network_receive_bytes_total[1m]) + rate(node_network_transmit_bytes_total[1m])) by (instance)": 2792046.2727272725, "network_bytes": 2792046.2727272725, "kubernetes_prometheus_rules": "kubernetes_prometheus_rules", "add_security_context": "add_security_context", "delay_treatment": "delay_treatment"}, {"instance": "kube-prometheus-prometheus-node-exporter.oxn-external-monitoring.svc:9100", "timestamp": 1737550277.343, "sum(rate(node_network_receive_bytes_total[1m]) + rate(node_network_transmit_bytes_total[1m])) by (instance)": 2792046.2727272725, "network_bytes": 2792046.2727272725, "kubernetes_prometheus_rules": "kubernetes_prometheus_rules", "add_security_context": "add_security_context", "delay_treatment": "delay_treatment"}, {"instance": "kube-prometheus-prometheus-node-exporter.oxn-external-monitoring.svc:9100", "timestamp": 1737550278.343, "sum(rate(node_network_receive_bytes_total[1m]) + rate(node_network_transmit_bytes_total[1m])) by (instance)": 2792046.2727272725, "network_bytes": 2792046.2727272725, "kubernetes_prometheus_rules": "kubernetes_prometheus_rules", "add_security_context": "add_security_context", "delay_treatment": "delay_treatment"}, {"instance": "kube-prometheus-prometheus-node-exporter.oxn-external-monitoring.svc:9100", "timestamp": 1737550279.343, "sum(rate(node_network_receive_bytes_total[1m]) + rate(node_network_transmit_bytes_total[1m])) by (instance)": 2792046.2727272725, "network_bytes": 2792046.2727272725, "kubernetes_prometheus_rules": "kubernetes_prometheus_rules", "add_security_context": "add_security_context", "delay_treatment": "delay_treatment"}, {"instance": "kube-prometheus-prometheus-node-exporter.oxn-external-monitoring.svc:9100", "timestamp": 1737550280.343, "sum(rate(node_network_receive_bytes_total[1m]) + rate(node_network_transmit_bytes_total[1m])) by (instance)": 2792046.2727272725, "network_bytes": 2792046.2727272725, "kubernetes_prometheus_rules": "kubernetes_prometheus_rules", "add_security_context": "add_security_context", "delay_treatment": "delay_treatment"}, {"instance": "kube-prometheus-prometheus-node-exporter.oxn-external-monitoring.svc:9100", "timestamp": 1737550281.343, "sum(rate(node_network_receive_bytes_total[1m]) + rate(node_network_transmit_bytes_total[1m])) by (instance)": 2850675.2909090905, "network_bytes": 2850675.2909090905, "kubernetes_prometheus_rules": "kubernetes_prometheus_rules", "add_security_context": "add_security_context", "delay_treatment": "delay_treatment"}, {"instance": "kube-prometheus-prometheus-node-exporter.oxn-external-monitoring.svc:9100", "timestamp": 1737550282.343, "sum(rate(node_network_receive_bytes_total[1m]) + rate(node_network_transmit_bytes_total[1m])) by (instance)": 2850675.2909090905, "network_bytes": 2850675.2909090905, "kubernetes_prometheus_rules": "kubernetes_prometheus_rules", "add_security_context": "add_security_context", "delay_treatment": "delay_treatment"}, {"instance": "kube-prometheus-prometheus-node-exporter.oxn-external-monitoring.svc:9100", "timestamp": 1737550283.343, "sum(rate(node_network_receive_bytes_total[1m]) + rate(node_network_transmit_bytes_total[1m])) by (instance)": 2850675.2909090905, "network_bytes": 2850675.2909090905, "kubernetes_prometheus_rules": "kubernetes_prometheus_rules", "add_security_context": "add_security_context", "delay_treatment": "delay_treatment"}, {"instance": "kube-prometheus-prometheus-node-exporter.oxn-external-monitoring.svc:9100", "timestamp": 1737550284.343, "sum(rate(node_network_receive_bytes_total[1m]) + rate(node_network_transmit_bytes_total[1m])) by (instance)": 2850675.2909090905, "network_bytes": 2850675.2909090905, "kubernetes_prometheus_rules": "kubernetes_prometheus_rules", "add_security_context": "add_security_context", "delay_treatment": "delay_treatment"}, {"instance": "kube-prometheus-prometheus-node-exporter.oxn-external-monitoring.svc:9100", "timestamp": 1737550285.343, "sum(rate(node_network_receive_bytes_total[1m]) + rate(node_network_transmit_bytes_total[1m])) by (instance)": 2850675.2909090905, "network_bytes": 2850675.2909090905, "kubernetes_prometheus_rules": "kubernetes_prometheus_rules", "add_security_context": "add_security_context", "delay_treatment": "delay_treatment"}, {"instance": "kube-prometheus-prometheus-node-exporter.oxn-external-monitoring.svc:9100", "timestamp": 1737550286.343, "sum(rate(node_network_receive_bytes_total[1m]) + rate(node_network_transmit_bytes_total[1m])) by (instance)": 2871366.1818181816, "network_bytes": 2871366.1818181816, "kubernetes_prometheus_rules": "kubernetes_prometheus_rules", "add_security_context": "add_security_context", "delay_treatment": "delay_treatment"}, {"instance": "kube-prometheus-prometheus-node-exporter.oxn-external-monitoring.svc:9100", "timestamp": 1737550287.343, "sum(rate(node_network_receive_bytes_total[1m]) + rate(node_network_transmit_bytes_total[1m])) by (instance)": 2871366.1818181816, "network_bytes": 2871366.1818181816, "kubernetes_prometheus_rules": "kubernetes_prometheus_rules", "add_security_context": "add_security_context", "delay_treatment": "delay_treatment"}, {"instance": "kube-prometheus-prometheus-node-exporter.oxn-external-monitoring.svc:9100", "timestamp": 1737550288.343, "sum(rate(node_network_receive_bytes_total[1m]) + rate(node_network_transmit_bytes_total[1m])) by (instance)": 2871366.1818181816, "network_bytes": 2871366.1818181816, "kubernetes_prometheus_rules": "kubernetes_prometheus_rules", "add_security_context": "add_security_context", "delay_treatment": "delay_treatment"}, {"instance": "kube-prometheus-prometheus-node-exporter.oxn-external-monitoring.svc:9100", "timestamp": 1737550289.343, "sum(rate(node_network_receive_bytes_total[1m]) + rate(node_network_transmit_bytes_total[1m])) by (instance)": 2871366.1818181816, "network_bytes": 2871366.1818181816, "kubernetes_prometheus_rules": "kubernetes_prometheus_rules", "add_security_context": "add_security_context", "delay_treatment": "delay_treatment"}, {"instance": "kube-prometheus-prometheus-node-exporter.oxn-external-monitoring.svc:9100", "timestamp": 1737550290.343, "sum(rate(node_network_receive_bytes_total[1m]) + rate(node_network_transmit_bytes_total[1m])) by (instance)": 2871366.1818181816, "network_bytes": 2871366.1818181816, "kubernetes_prometheus_rules": "kubernetes_prometheus_rules", "add_security_context": "add_security_context", "delay_treatment": "delay_treatment"}, {"instance": "kube-prometheus-prometheus-node-exporter.oxn-external-monitoring.svc:9100", "timestamp": 1737550291.343, "sum(rate(node_network_receive_bytes_total[1m]) + rate(node_network_transmit_bytes_total[1m])) by (instance)": 2863199.5636363635, "network_bytes": 2863199.5636363635, "kubernetes_prometheus_rules": "kubernetes_prometheus_rules", "add_security_context": "add_security_context", "delay_treatment": "delay_treatment"}, {"instance": "kube-prometheus-prometheus-node-exporter.oxn-external-monitoring.svc:9100", "timestamp": 1737550292.343, "sum(rate(node_network_receive_bytes_total[1m]) + rate(node_network_transmit_bytes_total[1m])) by (instance)": 2863199.5636363635, "network_bytes": 2863199.5636363635, "kubernetes_prometheus_rules": "kubernetes_prometheus_rules", "add_security_context": "add_security_context", "delay_treatment": "delay_treatment"}, {"instance": "kube-prometheus-prometheus-node-exporter.oxn-external-monitoring.svc:9100", "timestamp": 1737550293.343, "sum(rate(node_network_receive_bytes_total[1m]) + rate(node_network_transmit_bytes_total[1m])) by (instance)": 2863199.5636363635, "network_bytes": 2863199.5636363635, "kubernetes_prometheus_rules": "kubernetes_prometheus_rules", "add_security_context": "add_security_context", "delay_treatment": "delay_treatment"}, {"instance": "kube-prometheus-prometheus-node-exporter.oxn-external-monitoring.svc:9100", "timestamp": 1737550294.343, "sum(rate(node_network_receive_bytes_total[1m]) + rate(node_network_transmit_bytes_total[1m])) by (instance)": 2863199.5636363635, "network_bytes": 2863199.5636363635, "kubernetes_prometheus_rules": "kubernetes_prometheus_rules", "add_security_context": "add_security_context", "delay_treatment": "delay_treatment"}, {"instance": "kube-prometheus-prometheus-node-exporter.oxn-external-monitoring.svc:9100", "timestamp": 1737550295.343, "sum(rate(node_network_receive_bytes_total[1m]) + rate(node_network_transmit_bytes_total[1m])) by (instance)": 2863199.5636363635, "network_bytes": 2863199.5636363635, "kubernetes_prometheus_rules": "kubernetes_prometheus_rules", "add_security_context": "add_security_context", "delay_treatment": "delay_treatment"}, {"instance": "kube-prometheus-prometheus-node-exporter.oxn-external-monitoring.svc:9100", "timestamp": 1737550296.343, "sum(rate(node_network_receive_bytes_total[1m]) + rate(node_network_transmit_bytes_total[1m])) by (instance)": 2906983.709090909, "network_bytes": 2906983.709090909, "kubernetes_prometheus_rules": "kubernetes_prometheus_rules", "add_security_context": "add_security_context", "delay_treatment": "delay_treatment"}, {"instance": "kube-prometheus-prometheus-node-exporter.oxn-external-monitoring.svc:9100", "timestamp": 1737550297.343, "sum(rate(node_network_receive_bytes_total[1m]) + rate(node_network_transmit_bytes_total[1m])) by (instance)": 2906983.709090909, "network_bytes": 2906983.709090909, "kubernetes_prometheus_rules": "kubernetes_prometheus_rules", "add_security_context": "add_security_context", "delay_treatment": "delay_treatment"}, {"instance": "kube-prometheus-prometheus-node-exporter.oxn-external-monitoring.svc:9100", "timestamp": 1737550298.343, "sum(rate(node_network_receive_bytes_total[1m]) + rate(node_network_transmit_bytes_total[1m])) by (instance)": 2906983.709090909, "network_bytes": 2906983.709090909, "kubernetes_prometheus_rules": "kubernetes_prometheus_rules", "add_security_context": "add_security_context", "delay_treatment": "delay_treatment"}, {"instance": "kube-prometheus-prometheus-node-exporter.oxn-external-monitoring.svc:9100", "timestamp": 1737550299.343, "sum(rate(node_network_receive_bytes_total[1m]) + rate(node_network_transmit_bytes_total[1m])) by (instance)": 2906983.709090909, "network_bytes": 2906983.709090909, "kubernetes_prometheus_rules": "kubernetes_prometheus_rules", "add_security_context": "add_security_context", "delay_treatment": "delay_treatment"}, {"instance": "kube-prometheus-prometheus-node-exporter.oxn-external-monitoring.svc:9100", "timestamp": 1737550300.343, "sum(rate(node_network_receive_bytes_total[1m]) + rate(node_network_transmit_bytes_total[1m])) by (instance)": 2906983.709090909, "network_bytes": 2906983.709090909, "kubernetes_prometheus_rules": "kubernetes_prometheus_rules", "add_security_context": "add_security_context", "delay_treatment": "delay_treatment"}, {"instance": "kube-prometheus-prometheus-node-exporter.oxn-external-monitoring.svc:9100", "timestamp": 1737550301.343, "sum(rate(node_network_receive_bytes_total[1m]) + rate(node_network_transmit_bytes_total[1m])) by (instance)": 2895677.345454545, "network_bytes": 2895677.345454545, "kubernetes_prometheus_rules": "kubernetes_prometheus_rules", "add_security_context": "add_security_context", "delay_treatment": "delay_treatment"}, {"instance": "kube-prometheus-prometheus-node-exporter.oxn-external-monitoring.svc:9100", "timestamp": 1737550302.343, "sum(rate(node_network_receive_bytes_total[1m]) + rate(node_network_transmit_bytes_total[1m])) by (instance)": 2895677.345454545, "network_bytes": 2895677.345454545, "kubernetes_prometheus_rules": "kubernetes_prometheus_rules", "add_security_context": "add_security_context", "delay_treatment": "delay_treatment"}, {"instance": "kube-prometheus-prometheus-node-exporter.oxn-external-monitoring.svc:9100", "timestamp": 1737550303.343, "sum(rate(node_network_receive_bytes_total[1m]) + rate(node_network_transmit_bytes_total[1m])) by (instance)": 2895677.345454545, "network_bytes": 2895677.345454545, "kubernetes_prometheus_rules": "kubernetes_prometheus_rules", "add_security_context": "add_security_context", "delay_treatment": "delay_treatment"}, {"instance": "kube-prometheus-prometheus-node-exporter.oxn-external-monitoring.svc:9100", "timestamp": 1737550304.343, "sum(rate(node_network_receive_bytes_total[1m]) + rate(node_network_transmit_bytes_total[1m])) by (instance)": 2895677.345454545, "network_bytes": 2895677.345454545, "kubernetes_prometheus_rules": "kubernetes_prometheus_rules", "add_security_context": "add_security_context", "delay_treatment": "delay_treatment"}, {"instance": "kube-prometheus-prometheus-node-exporter.oxn-external-monitoring.svc:9100", "timestamp": 1737550305.343, "sum(rate(node_network_receive_bytes_total[1m]) + rate(node_network_transmit_bytes_total[1m])) by (instance)": 2895677.345454545, "network_bytes": 2895677.345454545, "kubernetes_prometheus_rules": "kubernetes_prometheus_rules", "add_security_context": "add_security_context", "delay_treatment": "delay_treatment"}, {"instance": "kube-prometheus-prometheus-node-exporter.oxn-external-monitoring.svc:9100", "timestamp": 1737550306.343, "sum(rate(node_network_receive_bytes_total[1m]) + rate(node_network_transmit_bytes_total[1m])) by (instance)": 2914528.418181818, "network_bytes": 2914528.418181818, "kubernetes_prometheus_rules": "kubernetes_prometheus_rules", "add_security_context": "add_security_context", "delay_treatment": "delay_treatment"}, {"instance": "kube-prometheus-prometheus-node-exporter.oxn-external-monitoring.svc:9100", "timestamp": 1737550307.343, "sum(rate(node_network_receive_bytes_total[1m]) + rate(node_network_transmit_bytes_total[1m])) by (instance)": 2914528.418181818, "network_bytes": 2914528.418181818, "kubernetes_prometheus_rules": "kubernetes_prometheus_rules", "add_security_context": "add_security_context", "delay_treatment": "delay_treatment"}, {"instance": "kube-prometheus-prometheus-node-exporter.oxn-external-monitoring.svc:9100", "timestamp": 1737550308.343, "sum(rate(node_network_receive_bytes_total[1m]) + rate(node_network_transmit_bytes_total[1m])) by (instance)": 2914528.418181818, "network_bytes": 2914528.418181818, "kubernetes_prometheus_rules": "kubernetes_prometheus_rules", "add_security_context": "add_security_context", "delay_treatment": "delay_treatment"}, {"instance": "kube-prometheus-prometheus-node-exporter.oxn-external-monitoring.svc:9100", "timestamp": 1737550309.343, "sum(rate(node_network_receive_bytes_total[1m]) + rate(node_network_transmit_bytes_total[1m])) by (instance)": 2914528.418181818, "network_bytes": 2914528.418181818, "kubernetes_prometheus_rules": "kubernetes_prometheus_rules", "add_security_context": "add_security_context", "delay_treatment": "delay_treatment"}, {"instance": "kube-prometheus-prometheus-node-exporter.oxn-external-monitoring.svc:9100", "timestamp": 1737550310.343, "sum(rate(node_network_receive_bytes_total[1m]) + rate(node_network_transmit_bytes_total[1m])) by (instance)": 2914528.418181818, "network_bytes": 2914528.418181818, "kubernetes_prometheus_rules": "kubernetes_prometheus_rules", "add_security_context": "add_security_context", "delay_treatment": "delay_treatment"}, {"instance": "kube-prometheus-prometheus-node-exporter.oxn-external-monitoring.svc:9100", "timestamp": 1737550311.343, "sum(rate(node_network_receive_bytes_total[1m]) + rate(node_network_transmit_bytes_total[1m])) by (instance)": 2900618.7454545456, "network_bytes": 2900618.7454545456, "kubernetes_prometheus_rules": "kubernetes_prometheus_rules", "add_security_context": "add_security_context", "delay_treatment": "delay_treatment"}, {"instance": "kube-prometheus-prometheus-node-exporter.oxn-external-monitoring.svc:9100", "timestamp": 1737550312.343, "sum(rate(node_network_receive_bytes_total[1m]) + rate(node_network_transmit_bytes_total[1m])) by (instance)": 2900618.7454545456, "network_bytes": 2900618.7454545456, "kubernetes_prometheus_rules": "kubernetes_prometheus_rules", "add_security_context": "add_security_context", "delay_treatment": "delay_treatment"}, {"instance": "kube-prometheus-prometheus-node-exporter.oxn-external-monitoring.svc:9100", "timestamp": 1737550313.343, "sum(rate(node_network_receive_bytes_total[1m]) + rate(node_network_transmit_bytes_total[1m])) by (instance)": 2900618.7454545456, "network_bytes": 2900618.7454545456, "kubernetes_prometheus_rules": "kubernetes_prometheus_rules", "add_security_context": "add_security_context", "delay_treatment": "delay_treatment"}, {"instance": "kube-prometheus-prometheus-node-exporter.oxn-external-monitoring.svc:9100", "timestamp": 1737550314.343, "sum(rate(node_network_receive_bytes_total[1m]) + rate(node_network_transmit_bytes_total[1m])) by (instance)": 2900618.7454545456, "network_bytes": 2900618.7454545456, "kubernetes_prometheus_rules": "kubernetes_prometheus_rules", "add_security_context": "add_security_context", "delay_treatment": "delay_treatment"}, {"instance": "kube-prometheus-prometheus-node-exporter.oxn-external-monitoring.svc:9100", "timestamp": 1737550315.343, "sum(rate(node_network_receive_bytes_total[1m]) + rate(node_network_transmit_bytes_total[1m])) by (instance)": 2900618.7454545456, "network_bytes": 2900618.7454545456, "kubernetes_prometheus_rules": "kubernetes_prometheus_rules", "add_security_context": "add_security_context", "delay_treatment": "delay_treatment"}, {"instance": "kube-prometheus-prometheus-node-exporter.oxn-external-monitoring.svc:9100", "timestamp": 1737550316.343, "sum(rate(node_network_receive_bytes_total[1m]) + rate(node_network_transmit_bytes_total[1m])) by (instance)": 2917713.036363636, "network_bytes": 2917713.036363636, "kubernetes_prometheus_rules": "kubernetes_prometheus_rules", "add_security_context": "add_security_context", "delay_treatment": "delay_treatment"}, {"instance": "kube-prometheus-prometheus-node-exporter.oxn-external-monitoring.svc:9100", "timestamp": 1737550317.343, "sum(rate(node_network_receive_bytes_total[1m]) + rate(node_network_transmit_bytes_total[1m])) by (instance)": 2917713.036363636, "network_bytes": 2917713.036363636, "kubernetes_prometheus_rules": "kubernetes_prometheus_rules", "add_security_context": "add_security_context", "delay_treatment": "delay_treatment"}, {"instance": "kube-prometheus-prometheus-node-exporter.oxn-external-monitoring.svc:9100", "timestamp": 1737550318.343, "sum(rate(node_network_receive_bytes_total[1m]) + rate(node_network_transmit_bytes_total[1m])) by (instance)": 2917713.036363636, "network_bytes": 2917713.036363636, "kubernetes_prometheus_rules": "kubernetes_prometheus_rules", "add_security_context": "add_security_context", "delay_treatment": "delay_treatment"}, {"instance": "kube-prometheus-prometheus-node-exporter.oxn-external-monitoring.svc:9100", "timestamp": 1737550319.343, "sum(rate(node_network_receive_bytes_total[1m]) + rate(node_network_transmit_bytes_total[1m])) by (instance)": 2917713.036363636, "network_bytes": 2917713.036363636, "kubernetes_prometheus_rules": "kubernetes_prometheus_rules", "add_security_context": "add_security_context", "delay_treatment": "delay_treatment"}, {"instance": "kube-prometheus-prometheus-node-exporter.oxn-external-monitoring.svc:9100", "timestamp": 1737550320.343, "sum(rate(node_network_receive_bytes_total[1m]) + rate(node_network_transmit_bytes_total[1m])) by (instance)": 2917713.036363636, "network_bytes": 2917713.036363636, "kubernetes_prometheus_rules": "kubernetes_prometheus_rules", "add_security_context": "add_security_context", "delay_treatment": "delay_treatment"}, {"instance": "kube-prometheus-prometheus-node-exporter.oxn-external-monitoring.svc:9100", "timestamp": 1737550321.343, "sum(rate(node_network_receive_bytes_total[1m]) + rate(node_network_transmit_bytes_total[1m])) by (instance)": 2957418.8363636364, "network_bytes": 2957418.8363636364, "kubernetes_prometheus_rules": "kubernetes_prometheus_rules", "add_security_context": "add_security_context", "delay_treatment": "delay_treatment"}, {"instance": "kube-prometheus-prometheus-node-exporter.oxn-external-monitoring.svc:9100", "timestamp": 1737550322.343, "sum(rate(node_network_receive_bytes_total[1m]) + rate(node_network_transmit_bytes_total[1m])) by (instance)": 2957418.8363636364, "network_bytes": 2957418.8363636364, "kubernetes_prometheus_rules": "kubernetes_prometheus_rules", "add_security_context": "add_security_context", "delay_treatment": "delay_treatment"}, {"instance": "kube-prometheus-prometheus-node-exporter.oxn-external-monitoring.svc:9100", "timestamp": 1737550323.343, "sum(rate(node_network_receive_bytes_total[1m]) + rate(node_network_transmit_bytes_total[1m])) by (instance)": 2957418.8363636364, "network_bytes": 2957418.8363636364, "kubernetes_prometheus_rules": "kubernetes_prometheus_rules", "add_security_context": "add_security_context", "delay_treatment": "delay_treatment"}, {"instance": "kube-prometheus-prometheus-node-exporter.oxn-external-monitoring.svc:9100", "timestamp": 1737550324.343, "sum(rate(node_network_receive_bytes_total[1m]) + rate(node_network_transmit_bytes_total[1m])) by (instance)": 2957418.8363636364, "network_bytes": 2957418.8363636364, "kubernetes_prometheus_rules": "kubernetes_prometheus_rules", "add_security_context": "add_security_context", "delay_treatment": "delay_treatment"}, {"instance": "kube-prometheus-prometheus-node-exporter.oxn-external-monitoring.svc:9100", "timestamp": 1737550325.343, "sum(rate(node_network_receive_bytes_total[1m]) + rate(node_network_transmit_bytes_total[1m])) by (instance)": 2957418.8363636364, "network_bytes": 2957418.8363636364, "kubernetes_prometheus_rules": "kubernetes_prometheus_rules", "add_security_context": "add_security_context", "delay_treatment": "delay_treatment"}, {"instance": "kube-prometheus-prometheus-node-exporter.oxn-external-monitoring.svc:9100", "timestamp": 1737550326.343, "sum(rate(node_network_receive_bytes_total[1m]) + rate(node_network_transmit_bytes_total[1m])) by (instance)": 2963166.1999999997, "network_bytes": 2963166.1999999997, "kubernetes_prometheus_rules": "kubernetes_prometheus_rules", "add_security_context": "add_security_context", "delay_treatment": "delay_treatment"}, {"instance": "kube-prometheus-prometheus-node-exporter.oxn-external-monitoring.svc:9100", "timestamp": 1737550327.343, "sum(rate(node_network_receive_bytes_total[1m]) + rate(node_network_transmit_bytes_total[1m])) by (instance)": 2963166.1999999997, "network_bytes": 2963166.1999999997, "kubernetes_prometheus_rules": "kubernetes_prometheus_rules", "add_security_context": "add_security_context", "delay_treatment": "delay_treatment"}, {"instance": "kube-prometheus-prometheus-node-exporter.oxn-external-monitoring.svc:9100", "timestamp": 1737550328.343, "sum(rate(node_network_receive_bytes_total[1m]) + rate(node_network_transmit_bytes_total[1m])) by (instance)": 2963166.1999999997, "network_bytes": 2963166.1999999997, "kubernetes_prometheus_rules": "kubernetes_prometheus_rules", "add_security_context": "add_security_context", "delay_treatment": "delay_treatment"}, {"instance": "kube-prometheus-prometheus-node-exporter.oxn-external-monitoring.svc:9100", "timestamp": 1737550329.343, "sum(rate(node_network_receive_bytes_total[1m]) + rate(node_network_transmit_bytes_total[1m])) by (instance)": 2963166.1999999997, "network_bytes": 2963166.1999999997, "kubernetes_prometheus_rules": "kubernetes_prometheus_rules", "add_security_context": "add_security_context", "delay_treatment": "delay_treatment"}, {"instance": "kube-prometheus-prometheus-node-exporter.oxn-external-monitoring.svc:9100", "timestamp": 1737550330.343, "sum(rate(node_network_receive_bytes_total[1m]) + rate(node_network_transmit_bytes_total[1m])) by (instance)": 2963166.1999999997, "network_bytes": 2963166.1999999997, "kubernetes_prometheus_rules": "kubernetes_prometheus_rules", "add_security_context": "add_security_context", "delay_treatment": "delay_treatment"}, {"instance": "kube-prometheus-prometheus-node-exporter.oxn-external-monitoring.svc:9100", "timestamp": 1737550331.343, "sum(rate(node_network_receive_bytes_total[1m]) + rate(node_network_transmit_bytes_total[1m])) by (instance)": 2963392.5272727273, "network_bytes": 2963392.5272727273, "kubernetes_prometheus_rules": "kubernetes_prometheus_rules", "add_security_context": "add_security_context", "delay_treatment": "delay_treatment"}, {"instance": "kube-prometheus-prometheus-node-exporter.oxn-external-monitoring.svc:9100", "timestamp": 1737550332.343, "sum(rate(node_network_receive_bytes_total[1m]) + rate(node_network_transmit_bytes_total[1m])) by (instance)": 2963392.5272727273, "network_bytes": 2963392.5272727273, "kubernetes_prometheus_rules": "kubernetes_prometheus_rules", "add_security_context": "add_security_context", "delay_treatment": "delay_treatment"}, {"instance": "kube-prometheus-prometheus-node-exporter.oxn-external-monitoring.svc:9100", "timestamp": 1737550333.343, "sum(rate(node_network_receive_bytes_total[1m]) + rate(node_network_transmit_bytes_total[1m])) by (instance)": 2963392.5272727273, "network_bytes": 2963392.5272727273, "kubernetes_prometheus_rules": "kubernetes_prometheus_rules", "add_security_context": "add_security_context", "delay_treatment": "delay_treatment"}, {"instance": "kube-prometheus-prometheus-node-exporter.oxn-external-monitoring.svc:9100", "timestamp": 1737550334.343, "sum(rate(node_network_receive_bytes_total[1m]) + rate(node_network_transmit_bytes_total[1m])) by (instance)": 2963392.5272727273, "network_bytes": 2963392.5272727273, "kubernetes_prometheus_rules": "kubernetes_prometheus_rules", "add_security_context": "add_security_context", "delay_treatment": "delay_treatment"}, {"instance": "kube-prometheus-prometheus-node-exporter.oxn-external-monitoring.svc:9100", "timestamp": 1737550335.343, "sum(rate(node_network_receive_bytes_total[1m]) + rate(node_network_transmit_bytes_total[1m])) by (instance)": 2963392.5272727273, "network_bytes": 2963392.5272727273, "kubernetes_prometheus_rules": "kubernetes_prometheus_rules", "add_security_context": "add_security_context", "delay_treatment": "delay_treatment"}, {"instance": "kube-prometheus-prometheus-node-exporter.oxn-external-monitoring.svc:9100", "timestamp": 1737550336.343, "sum(rate(node_network_receive_bytes_total[1m]) + rate(node_network_transmit_bytes_total[1m])) by (instance)": 2973645.218181818, "network_bytes": 2973645.218181818, "kubernetes_prometheus_rules": "kubernetes_prometheus_rules", "add_security_context": "add_security_context", "delay_treatment": "delay_treatment"}, {"instance": "kube-prometheus-prometheus-node-exporter.oxn-external-monitoring.svc:9100", "timestamp": 1737550337.343, "sum(rate(node_network_receive_bytes_total[1m]) + rate(node_network_transmit_bytes_total[1m])) by (instance)": 2973645.218181818, "network_bytes": 2973645.218181818, "kubernetes_prometheus_rules": "kubernetes_prometheus_rules", "add_security_context": "add_security_context", "delay_treatment": "delay_treatment"}, {"instance": "kube-prometheus-prometheus-node-exporter.oxn-external-monitoring.svc:9100", "timestamp": 1737550338.343, "sum(rate(node_network_receive_bytes_total[1m]) + rate(node_network_transmit_bytes_total[1m])) by (instance)": 2973645.218181818, "network_bytes": 2973645.218181818, "kubernetes_prometheus_rules": "kubernetes_prometheus_rules", "add_security_context": "add_security_context", "delay_treatment": "delay_treatment"}, {"instance": "kube-prometheus-prometheus-node-exporter.oxn-external-monitoring.svc:9100", "timestamp": 1737550339.343, "sum(rate(node_network_receive_bytes_total[1m]) + rate(node_network_transmit_bytes_total[1m])) by (instance)": 2973645.218181818, "network_bytes": 2973645.218181818, "kubernetes_prometheus_rules": "kubernetes_prometheus_rules", "add_security_context": "add_security_context", "delay_treatment": "delay_treatment"}, {"instance": "kube-prometheus-prometheus-node-exporter.oxn-external-monitoring.svc:9100", "timestamp": 1737550340.343, "sum(rate(node_network_receive_bytes_total[1m]) + rate(node_network_transmit_bytes_total[1m])) by (instance)": 2973645.218181818, "network_bytes": 2973645.218181818, "kubernetes_prometheus_rules": "kubernetes_prometheus_rules", "add_security_context": "add_security_context", "delay_treatment": "delay_treatment"}, {"instance": "kube-prometheus-prometheus-node-exporter.oxn-external-monitoring.svc:9100", "timestamp": 1737550341.343, "sum(rate(node_network_receive_bytes_total[1m]) + rate(node_network_transmit_bytes_total[1m])) by (instance)": 3011557.5272727273, "network_bytes": 3011557.5272727273, "kubernetes_prometheus_rules": "kubernetes_prometheus_rules", "add_security_context": "add_security_context", "delay_treatment": "delay_treatment"}, {"instance": "kube-prometheus-prometheus-node-exporter.oxn-external-monitoring.svc:9100", "timestamp": 1737550342.343, "sum(rate(node_network_receive_bytes_total[1m]) + rate(node_network_transmit_bytes_total[1m])) by (instance)": 3011557.5272727273, "network_bytes": 3011557.5272727273, "kubernetes_prometheus_rules": "kubernetes_prometheus_rules", "add_security_context": "add_security_context", "delay_treatment": "delay_treatment"}, {"instance": "kube-prometheus-prometheus-node-exporter.oxn-external-monitoring.svc:9100", "timestamp": 1737550343.343, "sum(rate(node_network_receive_bytes_total[1m]) + rate(node_network_transmit_bytes_total[1m])) by (instance)": 3011557.5272727273, "network_bytes": 3011557.5272727273, "kubernetes_prometheus_rules": "kubernetes_prometheus_rules", "add_security_context": "add_security_context", "delay_treatment": "delay_treatment"}, {"instance": "kube-prometheus-prometheus-node-exporter.oxn-external-monitoring.svc:9100", "timestamp": 1737550344.343, "sum(rate(node_network_receive_bytes_total[1m]) + rate(node_network_transmit_bytes_total[1m])) by (instance)": 3011557.5272727273, "network_bytes": 3011557.5272727273, "kubernetes_prometheus_rules": "kubernetes_prometheus_rules", "add_security_context": "add_security_context", "delay_treatment": "delay_treatment"}, {"instance": "kube-prometheus-prometheus-node-exporter.oxn-external-monitoring.svc:9100", "timestamp": 1737550345.343, "sum(rate(node_network_receive_bytes_total[1m]) + rate(node_network_transmit_bytes_total[1m])) by (instance)": 3011557.5272727273, "network_bytes": 3011557.5272727273, "kubernetes_prometheus_rules": "kubernetes_prometheus_rules", "add_security_context": "add_security_context", "delay_treatment": "delay_treatment"}, {"instance": "kube-prometheus-prometheus-node-exporter.oxn-external-monitoring.svc:9100", "timestamp": 1737550346.343, "sum(rate(node_network_receive_bytes_total[1m]) + rate(node_network_transmit_bytes_total[1m])) by (instance)": 3027021.1818181816, "network_bytes": 3027021.1818181816, "kubernetes_prometheus_rules": "kubernetes_prometheus_rules", "add_security_context": "add_security_context", "delay_treatment": "delay_treatment"}, {"instance": "kube-prometheus-prometheus-node-exporter.oxn-external-monitoring.svc:9100", "timestamp": 1737550347.343, "sum(rate(node_network_receive_bytes_total[1m]) + rate(node_network_transmit_bytes_total[1m])) by (instance)": 3027021.1818181816, "network_bytes": 3027021.1818181816, "kubernetes_prometheus_rules": "kubernetes_prometheus_rules", "add_security_context": "add_security_context", "delay_treatment": "delay_treatment"}, {"instance": "kube-prometheus-prometheus-node-exporter.oxn-external-monitoring.svc:9100", "timestamp": 1737550348.343, "sum(rate(node_network_receive_bytes_total[1m]) + rate(node_network_transmit_bytes_total[1m])) by (instance)": 3027021.1818181816, "network_bytes": 3027021.1818181816, "kubernetes_prometheus_rules": "kubernetes_prometheus_rules", "add_security_context": "add_security_context", "delay_treatment": "delay_treatment"}, {"instance": "kube-prometheus-prometheus-node-exporter.oxn-external-monitoring.svc:9100", "timestamp": 1737550349.343, "sum(rate(node_network_receive_bytes_total[1m]) + rate(node_network_transmit_bytes_total[1m])) by (instance)": 3027021.1818181816, "network_bytes": 3027021.1818181816, "kubernetes_prometheus_rules": "kubernetes_prometheus_rules", "add_security_context": "add_security_context", "delay_treatment": "delay_treatment"}, {"instance": "kube-prometheus-prometheus-node-exporter.oxn-external-monitoring.svc:9100", "timestamp": 1737550350.343, "sum(rate(node_network_receive_bytes_total[1m]) + rate(node_network_transmit_bytes_total[1m])) by (instance)": 3027021.1818181816, "network_bytes": 3027021.1818181816, "kubernetes_prometheus_rules": "kubernetes_prometheus_rules", "add_security_context": "add_security_context", "delay_treatment": "delay_treatment"}, {"instance": "kube-prometheus-prometheus-node-exporter.oxn-external-monitoring.svc:9100", "timestamp": 1737550351.343, "sum(rate(node_network_receive_bytes_total[1m]) + rate(node_network_transmit_bytes_total[1m])) by (instance)": 3004922.709090909, "network_bytes": 3004922.709090909, "kubernetes_prometheus_rules": "kubernetes_prometheus_rules", "add_security_context": "add_security_context", "delay_treatment": "delay_treatment"}, {"instance": "kube-prometheus-prometheus-node-exporter.oxn-external-monitoring.svc:9100", "timestamp": 1737550352.343, "sum(rate(node_network_receive_bytes_total[1m]) + rate(node_network_transmit_bytes_total[1m])) by (instance)": 3004922.709090909, "network_bytes": 3004922.709090909, "kubernetes_prometheus_rules": "kubernetes_prometheus_rules", "add_security_context": "add_security_context", "delay_treatment": "delay_treatment"}, {"instance": "kube-prometheus-prometheus-node-exporter.oxn-external-monitoring.svc:9100", "timestamp": 1737550353.343, "sum(rate(node_network_receive_bytes_total[1m]) + rate(node_network_transmit_bytes_total[1m])) by (instance)": 3004922.709090909, "network_bytes": 3004922.709090909, "kubernetes_prometheus_rules": "kubernetes_prometheus_rules", "add_security_context": "add_security_context", "delay_treatment": "delay_treatment"}, {"instance": "kube-prometheus-prometheus-node-exporter.oxn-external-monitoring.svc:9100", "timestamp": 1737550354.343, "sum(rate(node_network_receive_bytes_total[1m]) + rate(node_network_transmit_bytes_total[1m])) by (instance)": 3004922.709090909, "network_bytes": 3004922.709090909, "kubernetes_prometheus_rules": "kubernetes_prometheus_rules", "add_security_context": "add_security_context", "delay_treatment": "delay_treatment"}, {"instance": "kube-prometheus-prometheus-node-exporter.oxn-external-monitoring.svc:9100", "timestamp": 1737550355.343, "sum(rate(node_network_receive_bytes_total[1m]) + rate(node_network_transmit_bytes_total[1m])) by (instance)": 3004922.709090909, "network_bytes": 3004922.709090909, "kubernetes_prometheus_rules": "kubernetes_prometheus_rules", "add_security_context": "add_security_context", "delay_treatment": "delay_treatment"}, {"instance": "kube-prometheus-prometheus-node-exporter.oxn-external-monitoring.svc:9100", "timestamp": 1737550356.343, "sum(rate(node_network_receive_bytes_total[1m]) + rate(node_network_transmit_bytes_total[1m])) by (instance)": 3030322.0, "network_bytes": 3030322.0, "kubernetes_prometheus_rules": "kubernetes_prometheus_rules", "add_security_context": "add_security_context", "delay_treatment": "delay_treatment"}, {"instance": "kube-prometheus-prometheus-node-exporter.oxn-external-monitoring.svc:9100", "timestamp": 1737550357.343, "sum(rate(node_network_receive_bytes_total[1m]) + rate(node_network_transmit_bytes_total[1m])) by (instance)": 3030322.0, "network_bytes": 3030322.0, "kubernetes_prometheus_rules": "kubernetes_prometheus_rules", "add_security_context": "add_security_context", "delay_treatment": "delay_treatment"}, {"instance": "kube-prometheus-prometheus-node-exporter.oxn-external-monitoring.svc:9100", "timestamp": 1737550358.343, "sum(rate(node_network_receive_bytes_total[1m]) + rate(node_network_transmit_bytes_total[1m])) by (instance)": 3030322.0, "network_bytes": 3030322.0, "kubernetes_prometheus_rules": "kubernetes_prometheus_rules", "add_security_context": "add_security_context", "delay_treatment": "delay_treatment"}, {"instance": "kube-prometheus-prometheus-node-exporter.oxn-external-monitoring.svc:9100", "timestamp": 1737550359.343, "sum(rate(node_network_receive_bytes_total[1m]) + rate(node_network_transmit_bytes_total[1m])) by (instance)": 3030322.0, "network_bytes": 3030322.0, "kubernetes_prometheus_rules": "kubernetes_prometheus_rules", "add_security_context": "add_security_context", "delay_treatment": "delay_treatment"}, {"instance": "kube-prometheus-prometheus-node-exporter.oxn-external-monitoring.svc:9100", "timestamp": 1737550360.343, "sum(rate(node_network_receive_bytes_total[1m]) + rate(node_network_transmit_bytes_total[1m])) by (instance)": 3030322.0, "network_bytes": 3030322.0, "kubernetes_prometheus_rules": "kubernetes_prometheus_rules", "add_security_context": "add_security_context", "delay_treatment": "delay_treatment"}, {"instance": "kube-prometheus-prometheus-node-exporter.oxn-external-monitoring.svc:9100", "timestamp": 1737550361.343, "sum(rate(node_network_receive_bytes_total[1m]) + rate(node_network_transmit_bytes_total[1m])) by (instance)": 3045716.9818181815, "network_bytes": 3045716.9818181815, "kubernetes_prometheus_rules": "kubernetes_prometheus_rules", "add_security_context": "add_security_context", "delay_treatment": "delay_treatment"}, {"instance": "kube-prometheus-prometheus-node-exporter.oxn-external-monitoring.svc:9100", "timestamp": 1737550362.343, "sum(rate(node_network_receive_bytes_total[1m]) + rate(node_network_transmit_bytes_total[1m])) by (instance)": 3045716.9818181815, "network_bytes": 3045716.9818181815, "kubernetes_prometheus_rules": "kubernetes_prometheus_rules", "add_security_context": "add_security_context", "delay_treatment": "delay_treatment"}, {"instance": "kube-prometheus-prometheus-node-exporter.oxn-external-monitoring.svc:9100", "timestamp": 1737550363.343, "sum(rate(node_network_receive_bytes_total[1m]) + rate(node_network_transmit_bytes_total[1m])) by (instance)": 3045716.9818181815, "network_bytes": 3045716.9818181815, "kubernetes_prometheus_rules": "kubernetes_prometheus_rules", "add_security_context": "add_security_context", "delay_treatment": "delay_treatment"}, {"instance": "kube-prometheus-prometheus-node-exporter.oxn-external-monitoring.svc:9100", "timestamp": 1737550364.343, "sum(rate(node_network_receive_bytes_total[1m]) + rate(node_network_transmit_bytes_total[1m])) by (instance)": 3045716.9818181815, "network_bytes": 3045716.9818181815, "kubernetes_prometheus_rules": "kubernetes_prometheus_rules", "add_security_context": "add_security_context", "delay_treatment": "delay_treatment"}, {"instance": "kube-prometheus-prometheus-node-exporter.oxn-external-monitoring.svc:9100", "timestamp": 1737550365.343, "sum(rate(node_network_receive_bytes_total[1m]) + rate(node_network_transmit_bytes_total[1m])) by (instance)": 3045716.9818181815, "network_bytes": 3045716.9818181815, "kubernetes_prometheus_rules": "kubernetes_prometheus_rules", "add_security_context": "add_security_context", "delay_treatment": "delay_treatment"}, {"instance": "kube-prometheus-prometheus-node-exporter.oxn-external-monitoring.svc:9100", "timestamp": 1737550366.343, "sum(rate(node_network_receive_bytes_total[1m]) + rate(node_network_transmit_bytes_total[1m])) by (instance)": 3054284.5818181816, "network_bytes": 3054284.5818181816, "kubernetes_prometheus_rules": "kubernetes_prometheus_rules", "add_security_context": "add_security_context", "delay_treatment": "delay_treatment"}, {"instance": "kube-prometheus-prometheus-node-exporter.oxn-external-monitoring.svc:9100", "timestamp": 1737550367.343, "sum(rate(node_network_receive_bytes_total[1m]) + rate(node_network_transmit_bytes_total[1m])) by (instance)": 3054284.5818181816, "network_bytes": 3054284.5818181816, "kubernetes_prometheus_rules": "kubernetes_prometheus_rules", "add_security_context": "add_security_context", "delay_treatment": "delay_treatment"}, {"instance": "kube-prometheus-prometheus-node-exporter.oxn-external-monitoring.svc:9100", "timestamp": 1737550368.343, "sum(rate(node_network_receive_bytes_total[1m]) + rate(node_network_transmit_bytes_total[1m])) by (instance)": 3054284.5818181816, "network_bytes": 3054284.5818181816, "kubernetes_prometheus_rules": "kubernetes_prometheus_rules", "add_security_context": "add_security_context", "delay_treatment": "delay_treatment"}, {"instance": "kube-prometheus-prometheus-node-exporter.oxn-external-monitoring.svc:9100", "timestamp": 1737550369.343, "sum(rate(node_network_receive_bytes_total[1m]) + rate(node_network_transmit_bytes_total[1m])) by (instance)": 3054284.5818181816, "network_bytes": 3054284.5818181816, "kubernetes_prometheus_rules": "kubernetes_prometheus_rules", "add_security_context": "add_security_context", "delay_treatment": "delay_treatment"}, {"instance": "kube-prometheus-prometheus-node-exporter.oxn-external-monitoring.svc:9100", "timestamp": 1737550370.343, "sum(rate(node_network_receive_bytes_total[1m]) + rate(node_network_transmit_bytes_total[1m])) by (instance)": 3054284.5818181816, "network_bytes": 3054284.5818181816, "kubernetes_prometheus_rules": "kubernetes_prometheus_rules", "add_security_context": "add_security_context", "delay_treatment": "delay_treatment"}, {"instance": "kube-prometheus-prometheus-node-exporter.oxn-external-monitoring.svc:9100", "timestamp": 1737550371.343, "sum(rate(node_network_receive_bytes_total[1m]) + rate(node_network_transmit_bytes_total[1m])) by (instance)": 3067118.0, "network_bytes": 3067118.0, "kubernetes_prometheus_rules": "kubernetes_prometheus_rules", "add_security_context": "add_security_context", "delay_treatment": "delay_treatment"}, {"instance": "kube-prometheus-prometheus-node-exporter.oxn-external-monitoring.svc:9100", "timestamp": 1737550372.343, "sum(rate(node_network_receive_bytes_total[1m]) + rate(node_network_transmit_bytes_total[1m])) by (instance)": 3067118.0, "network_bytes": 3067118.0, "kubernetes_prometheus_rules": "kubernetes_prometheus_rules", "add_security_context": "add_security_context", "delay_treatment": "delay_treatment"}, {"instance": "kube-prometheus-prometheus-node-exporter.oxn-external-monitoring.svc:9100", "timestamp": 1737550373.343, "sum(rate(node_network_receive_bytes_total[1m]) + rate(node_network_transmit_bytes_total[1m])) by (instance)": 3067118.0, "network_bytes": 3067118.0, "kubernetes_prometheus_rules": "kubernetes_prometheus_rules", "add_security_context": "add_security_context", "delay_treatment": "delay_treatment"}, {"instance": "kube-prometheus-prometheus-node-exporter.oxn-external-monitoring.svc:9100", "timestamp": 1737550374.343, "sum(rate(node_network_receive_bytes_total[1m]) + rate(node_network_transmit_bytes_total[1m])) by (instance)": 3067118.0, "network_bytes": 3067118.0, "kubernetes_prometheus_rules": "kubernetes_prometheus_rules", "add_security_context": "add_security_context", "delay_treatment": "delay_treatment"}, {"instance": "kube-prometheus-prometheus-node-exporter.oxn-external-monitoring.svc:9100", "timestamp": 1737550375.343, "sum(rate(node_network_receive_bytes_total[1m]) + rate(node_network_transmit_bytes_total[1m])) by (instance)": 3067118.0, "network_bytes": 3067118.0, "kubernetes_prometheus_rules": "kubernetes_prometheus_rules", "add_security_context": "add_security_context", "delay_treatment": "delay_treatment"}, {"instance": "kube-prometheus-prometheus-node-exporter.oxn-external-monitoring.svc:9100", "timestamp": 1737550376.343, "sum(rate(node_network_receive_bytes_total[1m]) + rate(node_network_transmit_bytes_total[1m])) by (instance)": 3038115.8727272726, "network_bytes": 3038115.8727272726, "kubernetes_prometheus_rules": "kubernetes_prometheus_rules", "add_security_context": "add_security_context", "delay_treatment": "delay_treatment"}, {"instance": "kube-prometheus-prometheus-node-exporter.oxn-external-monitoring.svc:9100", "timestamp": 1737550377.343, "sum(rate(node_network_receive_bytes_total[1m]) + rate(node_network_transmit_bytes_total[1m])) by (instance)": 3038115.8727272726, "network_bytes": 3038115.8727272726, "kubernetes_prometheus_rules": "kubernetes_prometheus_rules", "add_security_context": "add_security_context", "delay_treatment": "delay_treatment"}, {"instance": "kube-prometheus-prometheus-node-exporter.oxn-external-monitoring.svc:9100", "timestamp": 1737550378.343, "sum(rate(node_network_receive_bytes_total[1m]) + rate(node_network_transmit_bytes_total[1m])) by (instance)": 3038115.8727272726, "network_bytes": 3038115.8727272726, "kubernetes_prometheus_rules": "kubernetes_prometheus_rules", "add_security_context": "add_security_context", "delay_treatment": "delay_treatment"}, {"instance": "kube-prometheus-prometheus-node-exporter.oxn-external-monitoring.svc:9100", "timestamp": 1737550379.343, "sum(rate(node_network_receive_bytes_total[1m]) + rate(node_network_transmit_bytes_total[1m])) by (instance)": 3038115.8727272726, "network_bytes": 3038115.8727272726, "kubernetes_prometheus_rules": "kubernetes_prometheus_rules", "add_security_context": "add_security_context", "delay_treatment": "delay_treatment"}, {"instance": "kube-prometheus-prometheus-node-exporter.oxn-external-monitoring.svc:9100", "timestamp": 1737550380.343, "sum(rate(node_network_receive_bytes_total[1m]) + rate(node_network_transmit_bytes_total[1m])) by (instance)": 3038115.8727272726, "network_bytes": 3038115.8727272726, "kubernetes_prometheus_rules": "kubernetes_prometheus_rules", "add_security_context": "add_security_context", "delay_treatment": "delay_treatment"}, {"instance": "kube-prometheus-prometheus-node-exporter.oxn-external-monitoring.svc:9100", "timestamp": 1737550381.343, "sum(rate(node_network_receive_bytes_total[1m]) + rate(node_network_transmit_bytes_total[1m])) by (instance)": 3029868.018181818, "network_bytes": 3029868.018181818, "kubernetes_prometheus_rules": "kubernetes_prometheus_rules", "add_security_context": "add_security_context", "delay_treatment": "delay_treatment"}, {"instance": "kube-prometheus-prometheus-node-exporter.oxn-external-monitoring.svc:9100", "timestamp": 1737550382.343, "sum(rate(node_network_receive_bytes_total[1m]) + rate(node_network_transmit_bytes_total[1m])) by (instance)": 3029868.018181818, "network_bytes": 3029868.018181818, "kubernetes_prometheus_rules": "kubernetes_prometheus_rules", "add_security_context": "add_security_context", "delay_treatment": "delay_treatment"}, {"instance": "kube-prometheus-prometheus-node-exporter.oxn-external-monitoring.svc:9100", "timestamp": 1737550383.343, "sum(rate(node_network_receive_bytes_total[1m]) + rate(node_network_transmit_bytes_total[1m])) by (instance)": 3029868.018181818, "network_bytes": 3029868.018181818, "kubernetes_prometheus_rules": "kubernetes_prometheus_rules", "add_security_context": "add_security_context", "delay_treatment": "delay_treatment"}, {"instance": "kube-prometheus-prometheus-node-exporter.oxn-external-monitoring.svc:9100", "timestamp": 1737550384.343, "sum(rate(node_network_receive_bytes_total[1m]) + rate(node_network_transmit_bytes_total[1m])) by (instance)": 3029868.018181818, "network_bytes": 3029868.018181818, "kubernetes_prometheus_rules": "kubernetes_prometheus_rules", "add_security_context": "add_security_context", "delay_treatment": "delay_treatment"}, {"instance": "kube-prometheus-prometheus-node-exporter.oxn-external-monitoring.svc:9100", "timestamp": 1737550385.343, "sum(rate(node_network_receive_bytes_total[1m]) + rate(node_network_transmit_bytes_total[1m])) by (instance)": 3029868.018181818, "network_bytes": 3029868.018181818, "kubernetes_prometheus_rules": "kubernetes_prometheus_rules", "add_security_context": "add_security_context", "delay_treatment": "delay_treatment"}, {"instance": "kube-prometheus-prometheus-node-exporter.oxn-external-monitoring.svc:9100", "timestamp": 1737550386.343, "sum(rate(node_network_receive_bytes_total[1m]) + rate(node_network_transmit_bytes_total[1m])) by (instance)": 3043272.5999999996, "network_bytes": 3043272.5999999996, "kubernetes_prometheus_rules": "kubernetes_prometheus_rules", "add_security_context": "add_security_context", "delay_treatment": "delay_treatment"}, {"instance": "kube-prometheus-prometheus-node-exporter.oxn-external-monitoring.svc:9100", "timestamp": 1737550387.343, "sum(rate(node_network_receive_bytes_total[1m]) + rate(node_network_transmit_bytes_total[1m])) by (instance)": 3043272.5999999996, "network_bytes": 3043272.5999999996, "kubernetes_prometheus_rules": "kubernetes_prometheus_rules", "add_security_context": "add_security_context", "delay_treatment": "delay_treatment"}, {"instance": "kube-prometheus-prometheus-node-exporter.oxn-external-monitoring.svc:9100", "timestamp": 1737550388.343, "sum(rate(node_network_receive_bytes_total[1m]) + rate(node_network_transmit_bytes_total[1m])) by (instance)": 3043272.5999999996, "network_bytes": 3043272.5999999996, "kubernetes_prometheus_rules": "kubernetes_prometheus_rules", "add_security_context": "add_security_context", "delay_treatment": "delay_treatment"}, {"instance": "kube-prometheus-prometheus-node-exporter.oxn-external-monitoring.svc:9100", "timestamp": 1737550389.343, "sum(rate(node_network_receive_bytes_total[1m]) + rate(node_network_transmit_bytes_total[1m])) by (instance)": 3043272.5999999996, "network_bytes": 3043272.5999999996, "kubernetes_prometheus_rules": "kubernetes_prometheus_rules", "add_security_context": "add_security_context", "delay_treatment": "delay_treatment"}, {"instance": "kube-prometheus-prometheus-node-exporter.oxn-external-monitoring.svc:9100", "timestamp": 1737550390.343, "sum(rate(node_network_receive_bytes_total[1m]) + rate(node_network_transmit_bytes_total[1m])) by (instance)": 3043272.5999999996, "network_bytes": 3043272.5999999996, "kubernetes_prometheus_rules": "kubernetes_prometheus_rules", "add_security_context": "add_security_context", "delay_treatment": "delay_treatment"}, {"instance": "kube-prometheus-prometheus-node-exporter.oxn-external-monitoring.svc:9100", "timestamp": 1737550391.343, "sum(rate(node_network_receive_bytes_total[1m]) + rate(node_network_transmit_bytes_total[1m])) by (instance)": 3020796.618181818, "network_bytes": 3020796.618181818, "kubernetes_prometheus_rules": "NoTreatment", "add_security_context": "NoTreatment", "delay_treatment": "NoTreatment"}, {"instance": "kube-prometheus-prometheus-node-exporter.oxn-external-monitoring.svc:9100", "timestamp": 1737550392.343, "sum(rate(node_network_receive_bytes_total[1m]) + rate(node_network_transmit_bytes_total[1m])) by (instance)": 3020796.618181818, "network_bytes": 3020796.618181818, "kubernetes_prometheus_rules": "NoTreatment", "add_security_context": "NoTreatment", "delay_treatment": "NoTreatment"}, {"instance": "kube-prometheus-prometheus-node-exporter.oxn-external-monitoring.svc:9100", "timestamp": 1737550393.343, "sum(rate(node_network_receive_bytes_total[1m]) + rate(node_network_transmit_bytes_total[1m])) by (instance)": 3020796.618181818, "network_bytes": 3020796.618181818, "kubernetes_prometheus_rules": "NoTreatment", "add_security_context": "NoTreatment", "delay_treatment": "NoTreatment"}, {"instance": "kube-prometheus-prometheus-node-exporter.oxn-external-monitoring.svc:9100", "timestamp": 1737550394.343, "sum(rate(node_network_receive_bytes_total[1m]) + rate(node_network_transmit_bytes_total[1m])) by (instance)": 3020796.618181818, "network_bytes": 3020796.618181818, "kubernetes_prometheus_rules": "NoTreatment", "add_security_context": "NoTreatment", "delay_treatment": "NoTreatment"}, {"instance": "kube-prometheus-prometheus-node-exporter.oxn-external-monitoring.svc:9100", "timestamp": 1737550395.343, "sum(rate(node_network_receive_bytes_total[1m]) + rate(node_network_transmit_bytes_total[1m])) by (instance)": 3020796.618181818, "network_bytes": 3020796.618181818, "kubernetes_prometheus_rules": "NoTreatment", "add_security_context": "NoTreatment", "delay_treatment": "NoTreatment"}, {"instance": "kube-prometheus-prometheus-node-exporter.oxn-external-monitoring.svc:9100", "timestamp": 1737550396.343, "sum(rate(node_network_receive_bytes_total[1m]) + rate(node_network_transmit_bytes_total[1m])) by (instance)": 2974563.090909091, "network_bytes": 2974563.090909091, "kubernetes_prometheus_rules": "NoTreatment", "add_security_context": "NoTreatment", "delay_treatment": "NoTreatment"}, {"instance": "kube-prometheus-prometheus-node-exporter.oxn-external-monitoring.svc:9100", "timestamp": 1737550397.343, "sum(rate(node_network_receive_bytes_total[1m]) + rate(node_network_transmit_bytes_total[1m])) by (instance)": 2974563.090909091, "network_bytes": 2974563.090909091, "kubernetes_prometheus_rules": "NoTreatment", "add_security_context": "NoTreatment", "delay_treatment": "NoTreatment"}, {"instance": "kube-prometheus-prometheus-node-exporter.oxn-external-monitoring.svc:9100", "timestamp": 1737550398.343, "sum(rate(node_network_receive_bytes_total[1m]) + rate(node_network_transmit_bytes_total[1m])) by (instance)": 2974563.090909091, "network_bytes": 2974563.090909091, "kubernetes_prometheus_rules": "NoTreatment", "add_security_context": "NoTreatment", "delay_treatment": "NoTreatment"}, {"instance": "kube-prometheus-prometheus-node-exporter.oxn-external-monitoring.svc:9100", "timestamp": 1737550399.343, "sum(rate(node_network_receive_bytes_total[1m]) + rate(node_network_transmit_bytes_total[1m])) by (instance)": 2974563.090909091, "network_bytes": 2974563.090909091, "kubernetes_prometheus_rules": "NoTreatment", "add_security_context": "NoTreatment", "delay_treatment": "NoTreatment"}, {"instance": "kube-prometheus-prometheus-node-exporter.oxn-external-monitoring.svc:9100", "timestamp": 1737550400.343, "sum(rate(node_network_receive_bytes_total[1m]) + rate(node_network_transmit_bytes_total[1m])) by (instance)": 2974563.090909091, "network_bytes": 2974563.090909091, "kubernetes_prometheus_rules": "NoTreatment", "add_security_context": "NoTreatment", "delay_treatment": "NoTreatment"}]