[{"rpc_method": "GetProduct", "timestamp": 1737548637.528, "histogram_quantile(0.95, sum(rate(rpc_server_duration_milliseconds_bucket{job=\"opentelemetry-demo/productcatalogservice\"}[90s])) by (rpc_method, le))": 9.124087591240865, "product_catalog_latency": 9.124087591240865, "kubernetes_prometheus_rules": "kubernetes_prometheus_rules", "add_security_context": "NoTreatment", "delay_treatment": "NoTreatment"}, {"rpc_method": "GetProduct", "timestamp": 1737548638.528, "histogram_quantile(0.95, sum(rate(rpc_server_duration_milliseconds_bucket{job=\"opentelemetry-demo/productcatalogservice\"}[90s])) by (rpc_method, le))": 9.124087591240865, "product_catalog_latency": 9.124087591240865, "kubernetes_prometheus_rules": "kubernetes_prometheus_rules", "add_security_context": "NoTreatment", "delay_treatment": "NoTreatment"}, {"rpc_method": "GetProduct", "timestamp": 1737548639.528, "histogram_quantile(0.95, sum(rate(rpc_server_duration_milliseconds_bucket{job=\"opentelemetry-demo/productcatalogservice\"}[90s])) by (rpc_method, le))": 9.124087591240865, "product_catalog_latency": 9.124087591240865, "kubernetes_prometheus_rules": "kubernetes_prometheus_rules", "add_security_context": "NoTreatment", "delay_treatment": "NoTreatment"}, {"rpc_method": "GetProduct", "timestamp": 1737548640.528, "histogram_quantile(0.95, sum(rate(rpc_server_duration_milliseconds_bucket{job=\"opentelemetry-demo/productcatalogservice\"}[90s])) by (rpc_method, le))": 9.124087591240865, "product_catalog_latency": 9.124087591240865, "kubernetes_prometheus_rules": "kubernetes_prometheus_rules", "add_security_context": "NoTreatment", "delay_treatment": "NoTreatment"}, {"rpc_method": "GetProduct", "timestamp": 1737548641.528, "histogram_quantile(0.95, sum(rate(rpc_server_duration_milliseconds_bucket{job=\"opentelemetry-demo/productcatalogservice\"}[90s])) by (rpc_method, le))": 9.124087591240865, "product_catalog_latency": 9.124087591240865, "kubernetes_prometheus_rules": "kubernetes_prometheus_rules", "add_security_context": "NoTreatment", "delay_treatment": "NoTreatment"}, {"rpc_method": "GetProduct", "timestamp": 1737548642.528, "histogram_quantile(0.95, sum(rate(rpc_server_duration_milliseconds_bucket{job=\"opentelemetry-demo/productcatalogservice\"}[90s])) by (rpc_method, le))": 9.124087591240865, "product_catalog_latency": 9.124087591240865, "kubernetes_prometheus_rules": "kubernetes_prometheus_rules", "add_security_context": "NoTreatment", "delay_treatment": "NoTreatment"}, {"rpc_method": "GetProduct", "timestamp": 1737548643.528, "histogram_quantile(0.95, sum(rate(rpc_server_duration_milliseconds_bucket{job=\"opentelemetry-demo/productcatalogservice\"}[90s])) by (rpc_method, le))": 9.124087591240865, "product_catalog_latency": 9.124087591240865, "kubernetes_prometheus_rules": "kubernetes_prometheus_rules", "add_security_context": "NoTreatment", "delay_treatment": "NoTreatment"}, {"rpc_method": "GetProduct", "timestamp": 1737548644.528, "histogram_quantile(0.95, sum(rate(rpc_server_duration_milliseconds_bucket{job=\"opentelemetry-demo/productcatalogservice\"}[90s])) by (rpc_method, le))": 9.124087591240865, "product_catalog_latency": 9.124087591240865, "kubernetes_prometheus_rules": "kubernetes_prometheus_rules", "add_security_context": "NoTreatment", "delay_treatment": "NoTreatment"}, {"rpc_method": "GetProduct", "timestamp": 1737548645.528, "histogram_quantile(0.95, sum(rate(rpc_server_duration_milliseconds_bucket{job=\"opentelemetry-demo/productcatalogservice\"}[90s])) by (rpc_method, le))": 9.124087591240865, "product_catalog_latency": 9.124087591240865, "kubernetes_prometheus_rules": "kubernetes_prometheus_rules", "add_security_context": "add_security_context", "delay_treatment": "NoTreatment"}, {"rpc_method": "GetProduct", "timestamp": 1737548646.528, "histogram_quantile(0.95, sum(rate(rpc_server_duration_milliseconds_bucket{job=\"opentelemetry-demo/productcatalogservice\"}[90s])) by (rpc_method, le))": 9.124087591240865, "product_catalog_latency": 9.124087591240865, "kubernetes_prometheus_rules": "kubernetes_prometheus_rules", "add_security_context": "add_security_context", "delay_treatment": "delay_treatment"}, {"rpc_method": "GetProduct", "timestamp": 1737548647.528, "histogram_quantile(0.95, sum(rate(rpc_server_duration_milliseconds_bucket{job=\"opentelemetry-demo/productcatalogservice\"}[90s])) by (rpc_method, le))": 9.124087591240865, "product_catalog_latency": 9.124087591240865, "kubernetes_prometheus_rules": "kubernetes_prometheus_rules", "add_security_context": "add_security_context", "delay_treatment": "delay_treatment"}, {"rpc_method": "GetProduct", "timestamp": 1737548648.528, "histogram_quantile(0.95, sum(rate(rpc_server_duration_milliseconds_bucket{job=\"opentelemetry-demo/productcatalogservice\"}[90s])) by (rpc_method, le))": 9.124087591240865, "product_catalog_latency": 9.124087591240865, "kubernetes_prometheus_rules": "kubernetes_prometheus_rules", "add_security_context": "add_security_context", "delay_treatment": "delay_treatment"}, {"rpc_method": "GetProduct", "timestamp": 1737548649.528, "histogram_quantile(0.95, sum(rate(rpc_server_duration_milliseconds_bucket{job=\"opentelemetry-demo/productcatalogservice\"}[90s])) by (rpc_method, le))": 9.124087591240865, "product_catalog_latency": 9.124087591240865, "kubernetes_prometheus_rules": "kubernetes_prometheus_rules", "add_security_context": "add_security_context", "delay_treatment": "delay_treatment"}, {"rpc_method": "GetProduct", "timestamp": 1737548650.528, "histogram_quantile(0.95, sum(rate(rpc_server_duration_milliseconds_bucket{job=\"opentelemetry-demo/productcatalogservice\"}[90s])) by (rpc_method, le))": 9.124087591240865, "product_catalog_latency": 9.124087591240865, "kubernetes_prometheus_rules": "kubernetes_prometheus_rules", "add_security_context": "add_security_context", "delay_treatment": "delay_treatment"}, {"rpc_method": "GetProduct", "timestamp": 1737548651.528, "histogram_quantile(0.95, sum(rate(rpc_server_duration_milliseconds_bucket{job=\"opentelemetry-demo/productcatalogservice\"}[90s])) by (rpc_method, le))": 9.124087591240865, "product_catalog_latency": 9.124087591240865, "kubernetes_prometheus_rules": "kubernetes_prometheus_rules", "add_security_context": "add_security_context", "delay_treatment": "delay_treatment"}, {"rpc_method": "GetProduct", "timestamp": 1737548652.528, "histogram_quantile(0.95, sum(rate(rpc_server_duration_milliseconds_bucket{job=\"opentelemetry-demo/productcatalogservice\"}[90s])) by (rpc_method, le))": 9.124087591240865, "product_catalog_latency": 9.124087591240865, "kubernetes_prometheus_rules": "kubernetes_prometheus_rules", "add_security_context": "add_security_context", "delay_treatment": "delay_treatment"}, {"rpc_method": "GetProduct", "timestamp": 1737548653.528, "histogram_quantile(0.95, sum(rate(rpc_server_duration_milliseconds_bucket{job=\"opentelemetry-demo/productcatalogservice\"}[90s])) by (rpc_method, le))": 9.124087591240865, "product_catalog_latency": 9.124087591240865, "kubernetes_prometheus_rules": "kubernetes_prometheus_rules", "add_security_context": "add_security_context", "delay_treatment": "delay_treatment"}, {"rpc_method": "GetProduct", "timestamp": 1737548654.528, "histogram_quantile(0.95, sum(rate(rpc_server_duration_milliseconds_bucket{job=\"opentelemetry-demo/productcatalogservice\"}[90s])) by (rpc_method, le))": 9.124087591240865, "product_catalog_latency": 9.124087591240865, "kubernetes_prometheus_rules": "kubernetes_prometheus_rules", "add_security_context": "add_security_context", "delay_treatment": "delay_treatment"}, {"rpc_method": "GetProduct", "timestamp": 1737548655.528, "histogram_quantile(0.95, sum(rate(rpc_server_duration_milliseconds_bucket{job=\"opentelemetry-demo/productcatalogservice\"}[90s])) by (rpc_method, le))": 9.124087591240865, "product_catalog_latency": 9.124087591240865, "kubernetes_prometheus_rules": "kubernetes_prometheus_rules", "add_security_context": "add_security_context", "delay_treatment": "delay_treatment"}, {"rpc_method": "GetProduct", "timestamp": 1737548656.528, "histogram_quantile(0.95, sum(rate(rpc_server_duration_milliseconds_bucket{job=\"opentelemetry-demo/productcatalogservice\"}[90s])) by (rpc_method, le))": 9.124087591240865, "product_catalog_latency": 9.124087591240865, "kubernetes_prometheus_rules": "kubernetes_prometheus_rules", "add_security_context": "add_security_context", "delay_treatment": "delay_treatment"}, {"rpc_method": "GetProduct", "timestamp": 1737548657.528, "histogram_quantile(0.95, sum(rate(rpc_server_duration_milliseconds_bucket{job=\"opentelemetry-demo/productcatalogservice\"}[90s])) by (rpc_method, le))": 9.124087591240865, "product_catalog_latency": 9.124087591240865, "kubernetes_prometheus_rules": "kubernetes_prometheus_rules", "add_security_context": "add_security_context", "delay_treatment": "delay_treatment"}, {"rpc_method": "GetProduct", "timestamp": 1737548658.528, "histogram_quantile(0.95, sum(rate(rpc_server_duration_milliseconds_bucket{job=\"opentelemetry-demo/productcatalogservice\"}[90s])) by (rpc_method, le))": 9.124087591240865, "product_catalog_latency": 9.124087591240865, "kubernetes_prometheus_rules": "kubernetes_prometheus_rules", "add_security_context": "add_security_context", "delay_treatment": "delay_treatment"}, {"rpc_method": "GetProduct", "timestamp": 1737548659.528, "histogram_quantile(0.95, sum(rate(rpc_server_duration_milliseconds_bucket{job=\"opentelemetry-demo/productcatalogservice\"}[90s])) by (rpc_method, le))": 9.124087591240865, "product_catalog_latency": 9.124087591240865, "kubernetes_prometheus_rules": "kubernetes_prometheus_rules", "add_security_context": "add_security_context", "delay_treatment": "delay_treatment"}, {"rpc_method": "GetProduct", "timestamp": 1737548660.528, "histogram_quantile(0.95, sum(rate(rpc_server_duration_milliseconds_bucket{job=\"opentelemetry-demo/productcatalogservice\"}[90s])) by (rpc_method, le))": 9.124087591240865, "product_catalog_latency": 9.124087591240865, "kubernetes_prometheus_rules": "kubernetes_prometheus_rules", "add_security_context": "add_security_context", "delay_treatment": "delay_treatment"}, {"rpc_method": "GetProduct", "timestamp": 1737548661.528, "histogram_quantile(0.95, sum(rate(rpc_server_duration_milliseconds_bucket{job=\"opentelemetry-demo/productcatalogservice\"}[90s])) by (rpc_method, le))": 9.124087591240865, "product_catalog_latency": 9.124087591240865, "kubernetes_prometheus_rules": "kubernetes_prometheus_rules", "add_security_context": "add_security_context", "delay_treatment": "delay_treatment"}, {"rpc_method": "GetProduct", "timestamp": 1737548662.528, "histogram_quantile(0.95, sum(rate(rpc_server_duration_milliseconds_bucket{job=\"opentelemetry-demo/productcatalogservice\"}[90s])) by (rpc_method, le))": 9.124087591240865, "product_catalog_latency": 9.124087591240865, "kubernetes_prometheus_rules": "kubernetes_prometheus_rules", "add_security_context": "add_security_context", "delay_treatment": "delay_treatment"}, {"rpc_method": "GetProduct", "timestamp": 1737548663.528, "histogram_quantile(0.95, sum(rate(rpc_server_duration_milliseconds_bucket{job=\"opentelemetry-demo/productcatalogservice\"}[90s])) by (rpc_method, le))": 9.124087591240865, "product_catalog_latency": 9.124087591240865, "kubernetes_prometheus_rules": "kubernetes_prometheus_rules", "add_security_context": "add_security_context", "delay_treatment": "delay_treatment"}, {"rpc_method": "GetProduct", "timestamp": 1737548664.528, "histogram_quantile(0.95, sum(rate(rpc_server_duration_milliseconds_bucket{job=\"opentelemetry-demo/productcatalogservice\"}[90s])) by (rpc_method, le))": 9.124087591240865, "product_catalog_latency": 9.124087591240865, "kubernetes_prometheus_rules": "kubernetes_prometheus_rules", "add_security_context": "add_security_context", "delay_treatment": "delay_treatment"}, {"rpc_method": "GetProduct", "timestamp": 1737548665.528, "histogram_quantile(0.95, sum(rate(rpc_server_duration_milliseconds_bucket{job=\"opentelemetry-demo/productcatalogservice\"}[90s])) by (rpc_method, le))": 9.124087591240865, "product_catalog_latency": 9.124087591240865, "kubernetes_prometheus_rules": "kubernetes_prometheus_rules", "add_security_context": "add_security_context", "delay_treatment": "delay_treatment"}, {"rpc_method": "GetProduct", "timestamp": 1737548666.528, "histogram_quantile(0.95, sum(rate(rpc_server_duration_milliseconds_bucket{job=\"opentelemetry-demo/productcatalogservice\"}[90s])) by (rpc_method, le))": 9.124087591240865, "product_catalog_latency": 9.124087591240865, "kubernetes_prometheus_rules": "kubernetes_prometheus_rules", "add_security_context": "add_security_context", "delay_treatment": "delay_treatment"}, {"rpc_method": "GetProduct", "timestamp": 1737548697.528, "histogram_quantile(0.95, sum(rate(rpc_server_duration_milliseconds_bucket{job=\"opentelemetry-demo/productcatalogservice\"}[90s])) by (rpc_method, le))": 4.778839667191365, "product_catalog_latency": 4.778839667191365, "kubernetes_prometheus_rules": "kubernetes_prometheus_rules", "add_security_context": "add_security_context", "delay_treatment": "delay_treatment"}, {"rpc_method": "GetProduct", "timestamp": 1737548698.528, "histogram_quantile(0.95, sum(rate(rpc_server_duration_milliseconds_bucket{job=\"opentelemetry-demo/productcatalogservice\"}[90s])) by (rpc_method, le))": 4.778839667191365, "product_catalog_latency": 4.778839667191365, "kubernetes_prometheus_rules": "kubernetes_prometheus_rules", "add_security_context": "add_security_context", "delay_treatment": "delay_treatment"}, {"rpc_method": "GetProduct", "timestamp": 1737548699.528, "histogram_quantile(0.95, sum(rate(rpc_server_duration_milliseconds_bucket{job=\"opentelemetry-demo/productcatalogservice\"}[90s])) by (rpc_method, le))": 4.778839667191365, "product_catalog_latency": 4.778839667191365, "kubernetes_prometheus_rules": "kubernetes_prometheus_rules", "add_security_context": "add_security_context", "delay_treatment": "delay_treatment"}, {"rpc_method": "GetProduct", "timestamp": 1737548700.528, "histogram_quantile(0.95, sum(rate(rpc_server_duration_milliseconds_bucket{job=\"opentelemetry-demo/productcatalogservice\"}[90s])) by (rpc_method, le))": 4.778839667191365, "product_catalog_latency": 4.778839667191365, "kubernetes_prometheus_rules": "kubernetes_prometheus_rules", "add_security_context": "add_security_context", "delay_treatment": "delay_treatment"}, {"rpc_method": "GetProduct", "timestamp": 1737548701.528, "histogram_quantile(0.95, sum(rate(rpc_server_duration_milliseconds_bucket{job=\"opentelemetry-demo/productcatalogservice\"}[90s])) by (rpc_method, le))": 4.778839667191365, "product_catalog_latency": 4.778839667191365, "kubernetes_prometheus_rules": "kubernetes_prometheus_rules", "add_security_context": "add_security_context", "delay_treatment": "delay_treatment"}, {"rpc_method": "GetProduct", "timestamp": 1737548702.528, "histogram_quantile(0.95, sum(rate(rpc_server_duration_milliseconds_bucket{job=\"opentelemetry-demo/productcatalogservice\"}[90s])) by (rpc_method, le))": 4.778839667191365, "product_catalog_latency": 4.778839667191365, "kubernetes_prometheus_rules": "kubernetes_prometheus_rules", "add_security_context": "add_security_context", "delay_treatment": "delay_treatment"}, {"rpc_method": "GetProduct", "timestamp": 1737548703.528, "histogram_quantile(0.95, sum(rate(rpc_server_duration_milliseconds_bucket{job=\"opentelemetry-demo/productcatalogservice\"}[90s])) by (rpc_method, le))": 4.778839667191365, "product_catalog_latency": 4.778839667191365, "kubernetes_prometheus_rules": "kubernetes_prometheus_rules", "add_security_context": "add_security_context", "delay_treatment": "delay_treatment"}, {"rpc_method": "GetProduct", "timestamp": 1737548704.528, "histogram_quantile(0.95, sum(rate(rpc_server_duration_milliseconds_bucket{job=\"opentelemetry-demo/productcatalogservice\"}[90s])) by (rpc_method, le))": 4.778839667191365, "product_catalog_latency": 4.778839667191365, "kubernetes_prometheus_rules": "kubernetes_prometheus_rules", "add_security_context": "add_security_context", "delay_treatment": "delay_treatment"}, {"rpc_method": "GetProduct", "timestamp": 1737548705.528, "histogram_quantile(0.95, sum(rate(rpc_server_duration_milliseconds_bucket{job=\"opentelemetry-demo/productcatalogservice\"}[90s])) by (rpc_method, le))": 4.778839667191365, "product_catalog_latency": 4.778839667191365, "kubernetes_prometheus_rules": "kubernetes_prometheus_rules", "add_security_context": "add_security_context", "delay_treatment": "delay_treatment"}, {"rpc_method": "GetProduct", "timestamp": 1737548706.528, "histogram_quantile(0.95, sum(rate(rpc_server_duration_milliseconds_bucket{job=\"opentelemetry-demo/productcatalogservice\"}[90s])) by (rpc_method, le))": 4.778839667191365, "product_catalog_latency": 4.778839667191365, "kubernetes_prometheus_rules": "kubernetes_prometheus_rules", "add_security_context": "add_security_context", "delay_treatment": "delay_treatment"}, {"rpc_method": "GetProduct", "timestamp": 1737548707.528, "histogram_quantile(0.95, sum(rate(rpc_server_duration_milliseconds_bucket{job=\"opentelemetry-demo/productcatalogservice\"}[90s])) by (rpc_method, le))": 4.778839667191365, "product_catalog_latency": 4.778839667191365, "kubernetes_prometheus_rules": "kubernetes_prometheus_rules", "add_security_context": "add_security_context", "delay_treatment": "delay_treatment"}, {"rpc_method": "GetProduct", "timestamp": 1737548708.528, "histogram_quantile(0.95, sum(rate(rpc_server_duration_milliseconds_bucket{job=\"opentelemetry-demo/productcatalogservice\"}[90s])) by (rpc_method, le))": 4.778839667191365, "product_catalog_latency": 4.778839667191365, "kubernetes_prometheus_rules": "kubernetes_prometheus_rules", "add_security_context": "add_security_context", "delay_treatment": "delay_treatment"}, {"rpc_method": "GetProduct", "timestamp": 1737548709.528, "histogram_quantile(0.95, sum(rate(rpc_server_duration_milliseconds_bucket{job=\"opentelemetry-demo/productcatalogservice\"}[90s])) by (rpc_method, le))": 4.778839667191365, "product_catalog_latency": 4.778839667191365, "kubernetes_prometheus_rules": "kubernetes_prometheus_rules", "add_security_context": "add_security_context", "delay_treatment": "delay_treatment"}, {"rpc_method": "GetProduct", "timestamp": 1737548710.528, "histogram_quantile(0.95, sum(rate(rpc_server_duration_milliseconds_bucket{job=\"opentelemetry-demo/productcatalogservice\"}[90s])) by (rpc_method, le))": 4.778839667191365, "product_catalog_latency": 4.778839667191365, "kubernetes_prometheus_rules": "kubernetes_prometheus_rules", "add_security_context": "add_security_context", "delay_treatment": "delay_treatment"}, {"rpc_method": "GetProduct", "timestamp": 1737548711.528, "histogram_quantile(0.95, sum(rate(rpc_server_duration_milliseconds_bucket{job=\"opentelemetry-demo/productcatalogservice\"}[90s])) by (rpc_method, le))": 4.778839667191365, "product_catalog_latency": 4.778839667191365, "kubernetes_prometheus_rules": "kubernetes_prometheus_rules", "add_security_context": "add_security_context", "delay_treatment": "delay_treatment"}, {"rpc_method": "GetProduct", "timestamp": 1737548712.528, "histogram_quantile(0.95, sum(rate(rpc_server_duration_milliseconds_bucket{job=\"opentelemetry-demo/productcatalogservice\"}[90s])) by (rpc_method, le))": 4.778839667191365, "product_catalog_latency": 4.778839667191365, "kubernetes_prometheus_rules": "kubernetes_prometheus_rules", "add_security_context": "add_security_context", "delay_treatment": "delay_treatment"}, {"rpc_method": "GetProduct", "timestamp": 1737548713.528, "histogram_quantile(0.95, sum(rate(rpc_server_duration_milliseconds_bucket{job=\"opentelemetry-demo/productcatalogservice\"}[90s])) by (rpc_method, le))": 4.778839667191365, "product_catalog_latency": 4.778839667191365, "kubernetes_prometheus_rules": "kubernetes_prometheus_rules", "add_security_context": "add_security_context", "delay_treatment": "delay_treatment"}, {"rpc_method": "GetProduct", "timestamp": 1737548714.528, "histogram_quantile(0.95, sum(rate(rpc_server_duration_milliseconds_bucket{job=\"opentelemetry-demo/productcatalogservice\"}[90s])) by (rpc_method, le))": 4.778839667191365, "product_catalog_latency": 4.778839667191365, "kubernetes_prometheus_rules": "kubernetes_prometheus_rules", "add_security_context": "add_security_context", "delay_treatment": "delay_treatment"}, {"rpc_method": "GetProduct", "timestamp": 1737548715.528, "histogram_quantile(0.95, sum(rate(rpc_server_duration_milliseconds_bucket{job=\"opentelemetry-demo/productcatalogservice\"}[90s])) by (rpc_method, le))": 4.778839667191365, "product_catalog_latency": 4.778839667191365, "kubernetes_prometheus_rules": "kubernetes_prometheus_rules", "add_security_context": "add_security_context", "delay_treatment": "delay_treatment"}, {"rpc_method": "GetProduct", "timestamp": 1737548716.528, "histogram_quantile(0.95, sum(rate(rpc_server_duration_milliseconds_bucket{job=\"opentelemetry-demo/productcatalogservice\"}[90s])) by (rpc_method, le))": 4.778839667191365, "product_catalog_latency": 4.778839667191365, "kubernetes_prometheus_rules": "kubernetes_prometheus_rules", "add_security_context": "add_security_context", "delay_treatment": "delay_treatment"}, {"rpc_method": "GetProduct", "timestamp": 1737548717.528, "histogram_quantile(0.95, sum(rate(rpc_server_duration_milliseconds_bucket{job=\"opentelemetry-demo/productcatalogservice\"}[90s])) by (rpc_method, le))": 4.778839667191365, "product_catalog_latency": 4.778839667191365, "kubernetes_prometheus_rules": "kubernetes_prometheus_rules", "add_security_context": "add_security_context", "delay_treatment": "delay_treatment"}, {"rpc_method": "GetProduct", "timestamp": 1737548718.528, "histogram_quantile(0.95, sum(rate(rpc_server_duration_milliseconds_bucket{job=\"opentelemetry-demo/productcatalogservice\"}[90s])) by (rpc_method, le))": 4.778839667191365, "product_catalog_latency": 4.778839667191365, "kubernetes_prometheus_rules": "kubernetes_prometheus_rules", "add_security_context": "add_security_context", "delay_treatment": "delay_treatment"}, {"rpc_method": "GetProduct", "timestamp": 1737548719.528, "histogram_quantile(0.95, sum(rate(rpc_server_duration_milliseconds_bucket{job=\"opentelemetry-demo/productcatalogservice\"}[90s])) by (rpc_method, le))": 4.778839667191365, "product_catalog_latency": 4.778839667191365, "kubernetes_prometheus_rules": "kubernetes_prometheus_rules", "add_security_context": "add_security_context", "delay_treatment": "delay_treatment"}, {"rpc_method": "GetProduct", "timestamp": 1737548720.528, "histogram_quantile(0.95, sum(rate(rpc_server_duration_milliseconds_bucket{job=\"opentelemetry-demo/productcatalogservice\"}[90s])) by (rpc_method, le))": 4.778839667191365, "product_catalog_latency": 4.778839667191365, "kubernetes_prometheus_rules": "kubernetes_prometheus_rules", "add_security_context": "add_security_context", "delay_treatment": "delay_treatment"}, {"rpc_method": "GetProduct", "timestamp": 1737548721.528, "histogram_quantile(0.95, sum(rate(rpc_server_duration_milliseconds_bucket{job=\"opentelemetry-demo/productcatalogservice\"}[90s])) by (rpc_method, le))": 4.778839667191365, "product_catalog_latency": 4.778839667191365, "kubernetes_prometheus_rules": "kubernetes_prometheus_rules", "add_security_context": "add_security_context", "delay_treatment": "delay_treatment"}, {"rpc_method": "GetProduct", "timestamp": 1737548722.528, "histogram_quantile(0.95, sum(rate(rpc_server_duration_milliseconds_bucket{job=\"opentelemetry-demo/productcatalogservice\"}[90s])) by (rpc_method, le))": 4.778839667191365, "product_catalog_latency": 4.778839667191365, "kubernetes_prometheus_rules": "kubernetes_prometheus_rules", "add_security_context": "add_security_context", "delay_treatment": "delay_treatment"}, {"rpc_method": "GetProduct", "timestamp": 1737548723.528, "histogram_quantile(0.95, sum(rate(rpc_server_duration_milliseconds_bucket{job=\"opentelemetry-demo/productcatalogservice\"}[90s])) by (rpc_method, le))": 4.778839667191365, "product_catalog_latency": 4.778839667191365, "kubernetes_prometheus_rules": "kubernetes_prometheus_rules", "add_security_context": "add_security_context", "delay_treatment": "delay_treatment"}, {"rpc_method": "GetProduct", "timestamp": 1737548724.528, "histogram_quantile(0.95, sum(rate(rpc_server_duration_milliseconds_bucket{job=\"opentelemetry-demo/productcatalogservice\"}[90s])) by (rpc_method, le))": 4.778839667191365, "product_catalog_latency": 4.778839667191365, "kubernetes_prometheus_rules": "kubernetes_prometheus_rules", "add_security_context": "add_security_context", "delay_treatment": "delay_treatment"}, {"rpc_method": "GetProduct", "timestamp": 1737548725.528, "histogram_quantile(0.95, sum(rate(rpc_server_duration_milliseconds_bucket{job=\"opentelemetry-demo/productcatalogservice\"}[90s])) by (rpc_method, le))": 4.778839667191365, "product_catalog_latency": 4.778839667191365, "kubernetes_prometheus_rules": "kubernetes_prometheus_rules", "add_security_context": "add_security_context", "delay_treatment": "delay_treatment"}, {"rpc_method": "GetProduct", "timestamp": 1737548726.528, "histogram_quantile(0.95, sum(rate(rpc_server_duration_milliseconds_bucket{job=\"opentelemetry-demo/productcatalogservice\"}[90s])) by (rpc_method, le))": 4.778839667191365, "product_catalog_latency": 4.778839667191365, "kubernetes_prometheus_rules": "kubernetes_prometheus_rules", "add_security_context": "add_security_context", "delay_treatment": "delay_treatment"}, {"rpc_method": "GetProduct", "timestamp": 1737548757.528, "histogram_quantile(0.95, sum(rate(rpc_server_duration_milliseconds_bucket{job=\"opentelemetry-demo/productcatalogservice\"}[90s])) by (rpc_method, le))": 4.77804091158704, "product_catalog_latency": 4.77804091158704, "kubernetes_prometheus_rules": "kubernetes_prometheus_rules", "add_security_context": "add_security_context", "delay_treatment": "delay_treatment"}, {"rpc_method": "GetProduct", "timestamp": 1737548758.528, "histogram_quantile(0.95, sum(rate(rpc_server_duration_milliseconds_bucket{job=\"opentelemetry-demo/productcatalogservice\"}[90s])) by (rpc_method, le))": 4.77804091158704, "product_catalog_latency": 4.77804091158704, "kubernetes_prometheus_rules": "kubernetes_prometheus_rules", "add_security_context": "add_security_context", "delay_treatment": "delay_treatment"}, {"rpc_method": "GetProduct", "timestamp": 1737548759.528, "histogram_quantile(0.95, sum(rate(rpc_server_duration_milliseconds_bucket{job=\"opentelemetry-demo/productcatalogservice\"}[90s])) by (rpc_method, le))": 4.77804091158704, "product_catalog_latency": 4.77804091158704, "kubernetes_prometheus_rules": "kubernetes_prometheus_rules", "add_security_context": "add_security_context", "delay_treatment": "delay_treatment"}, {"rpc_method": "GetProduct", "timestamp": 1737548760.528, "histogram_quantile(0.95, sum(rate(rpc_server_duration_milliseconds_bucket{job=\"opentelemetry-demo/productcatalogservice\"}[90s])) by (rpc_method, le))": 4.77804091158704, "product_catalog_latency": 4.77804091158704, "kubernetes_prometheus_rules": "kubernetes_prometheus_rules", "add_security_context": "add_security_context", "delay_treatment": "delay_treatment"}, {"rpc_method": "GetProduct", "timestamp": 1737548761.528, "histogram_quantile(0.95, sum(rate(rpc_server_duration_milliseconds_bucket{job=\"opentelemetry-demo/productcatalogservice\"}[90s])) by (rpc_method, le))": 4.77804091158704, "product_catalog_latency": 4.77804091158704, "kubernetes_prometheus_rules": "kubernetes_prometheus_rules", "add_security_context": "add_security_context", "delay_treatment": "delay_treatment"}, {"rpc_method": "GetProduct", "timestamp": 1737548762.528, "histogram_quantile(0.95, sum(rate(rpc_server_duration_milliseconds_bucket{job=\"opentelemetry-demo/productcatalogservice\"}[90s])) by (rpc_method, le))": 4.77804091158704, "product_catalog_latency": 4.77804091158704, "kubernetes_prometheus_rules": "kubernetes_prometheus_rules", "add_security_context": "add_security_context", "delay_treatment": "delay_treatment"}, {"rpc_method": "GetProduct", "timestamp": 1737548763.528, "histogram_quantile(0.95, sum(rate(rpc_server_duration_milliseconds_bucket{job=\"opentelemetry-demo/productcatalogservice\"}[90s])) by (rpc_method, le))": 4.77804091158704, "product_catalog_latency": 4.77804091158704, "kubernetes_prometheus_rules": "kubernetes_prometheus_rules", "add_security_context": "add_security_context", "delay_treatment": "delay_treatment"}, {"rpc_method": "GetProduct", "timestamp": 1737548764.528, "histogram_quantile(0.95, sum(rate(rpc_server_duration_milliseconds_bucket{job=\"opentelemetry-demo/productcatalogservice\"}[90s])) by (rpc_method, le))": 4.77804091158704, "product_catalog_latency": 4.77804091158704, "kubernetes_prometheus_rules": "kubernetes_prometheus_rules", "add_security_context": "add_security_context", "delay_treatment": "delay_treatment"}, {"rpc_method": "GetProduct", "timestamp": 1737548765.528, "histogram_quantile(0.95, sum(rate(rpc_server_duration_milliseconds_bucket{job=\"opentelemetry-demo/productcatalogservice\"}[90s])) by (rpc_method, le))": 4.77804091158704, "product_catalog_latency": 4.77804091158704, "kubernetes_prometheus_rules": "kubernetes_prometheus_rules", "add_security_context": "add_security_context", "delay_treatment": "delay_treatment"}, {"rpc_method": "GetProduct", "timestamp": 1737548766.528, "histogram_quantile(0.95, sum(rate(rpc_server_duration_milliseconds_bucket{job=\"opentelemetry-demo/productcatalogservice\"}[90s])) by (rpc_method, le))": 4.77804091158704, "product_catalog_latency": 4.77804091158704, "kubernetes_prometheus_rules": "kubernetes_prometheus_rules", "add_security_context": "add_security_context", "delay_treatment": "delay_treatment"}, {"rpc_method": "GetProduct", "timestamp": 1737548767.528, "histogram_quantile(0.95, sum(rate(rpc_server_duration_milliseconds_bucket{job=\"opentelemetry-demo/productcatalogservice\"}[90s])) by (rpc_method, le))": 4.77804091158704, "product_catalog_latency": 4.77804091158704, "kubernetes_prometheus_rules": "kubernetes_prometheus_rules", "add_security_context": "add_security_context", "delay_treatment": "delay_treatment"}, {"rpc_method": "GetProduct", "timestamp": 1737548768.528, "histogram_quantile(0.95, sum(rate(rpc_server_duration_milliseconds_bucket{job=\"opentelemetry-demo/productcatalogservice\"}[90s])) by (rpc_method, le))": 4.77804091158704, "product_catalog_latency": 4.77804091158704, "kubernetes_prometheus_rules": "kubernetes_prometheus_rules", "add_security_context": "add_security_context", "delay_treatment": "delay_treatment"}, {"rpc_method": "GetProduct", "timestamp": 1737548769.528, "histogram_quantile(0.95, sum(rate(rpc_server_duration_milliseconds_bucket{job=\"opentelemetry-demo/productcatalogservice\"}[90s])) by (rpc_method, le))": 4.77804091158704, "product_catalog_latency": 4.77804091158704, "kubernetes_prometheus_rules": "kubernetes_prometheus_rules", "add_security_context": "add_security_context", "delay_treatment": "delay_treatment"}, {"rpc_method": "GetProduct", "timestamp": 1737548770.528, "histogram_quantile(0.95, sum(rate(rpc_server_duration_milliseconds_bucket{job=\"opentelemetry-demo/productcatalogservice\"}[90s])) by (rpc_method, le))": 4.77804091158704, "product_catalog_latency": 4.77804091158704, "kubernetes_prometheus_rules": "kubernetes_prometheus_rules", "add_security_context": "add_security_context", "delay_treatment": "delay_treatment"}, {"rpc_method": "GetProduct", "timestamp": 1737548771.528, "histogram_quantile(0.95, sum(rate(rpc_server_duration_milliseconds_bucket{job=\"opentelemetry-demo/productcatalogservice\"}[90s])) by (rpc_method, le))": 4.77804091158704, "product_catalog_latency": 4.77804091158704, "kubernetes_prometheus_rules": "kubernetes_prometheus_rules", "add_security_context": "add_security_context", "delay_treatment": "delay_treatment"}, {"rpc_method": "GetProduct", "timestamp": 1737548772.528, "histogram_quantile(0.95, sum(rate(rpc_server_duration_milliseconds_bucket{job=\"opentelemetry-demo/productcatalogservice\"}[90s])) by (rpc_method, le))": 4.77804091158704, "product_catalog_latency": 4.77804091158704, "kubernetes_prometheus_rules": "kubernetes_prometheus_rules", "add_security_context": "add_security_context", "delay_treatment": "delay_treatment"}, {"rpc_method": "GetProduct", "timestamp": 1737548773.528, "histogram_quantile(0.95, sum(rate(rpc_server_duration_milliseconds_bucket{job=\"opentelemetry-demo/productcatalogservice\"}[90s])) by (rpc_method, le))": 4.77804091158704, "product_catalog_latency": 4.77804091158704, "kubernetes_prometheus_rules": "kubernetes_prometheus_rules", "add_security_context": "add_security_context", "delay_treatment": "delay_treatment"}, {"rpc_method": "GetProduct", "timestamp": 1737548774.528, "histogram_quantile(0.95, sum(rate(rpc_server_duration_milliseconds_bucket{job=\"opentelemetry-demo/productcatalogservice\"}[90s])) by (rpc_method, le))": 4.77804091158704, "product_catalog_latency": 4.77804091158704, "kubernetes_prometheus_rules": "kubernetes_prometheus_rules", "add_security_context": "add_security_context", "delay_treatment": "delay_treatment"}, {"rpc_method": "GetProduct", "timestamp": 1737548775.528, "histogram_quantile(0.95, sum(rate(rpc_server_duration_milliseconds_bucket{job=\"opentelemetry-demo/productcatalogservice\"}[90s])) by (rpc_method, le))": 4.77804091158704, "product_catalog_latency": 4.77804091158704, "kubernetes_prometheus_rules": "kubernetes_prometheus_rules", "add_security_context": "add_security_context", "delay_treatment": "delay_treatment"}, {"rpc_method": "GetProduct", "timestamp": 1737548776.528, "histogram_quantile(0.95, sum(rate(rpc_server_duration_milliseconds_bucket{job=\"opentelemetry-demo/productcatalogservice\"}[90s])) by (rpc_method, le))": 4.77804091158704, "product_catalog_latency": 4.77804091158704, "kubernetes_prometheus_rules": "kubernetes_prometheus_rules", "add_security_context": "add_security_context", "delay_treatment": "delay_treatment"}, {"rpc_method": "GetProduct", "timestamp": 1737548777.528, "histogram_quantile(0.95, sum(rate(rpc_server_duration_milliseconds_bucket{job=\"opentelemetry-demo/productcatalogservice\"}[90s])) by (rpc_method, le))": 4.77804091158704, "product_catalog_latency": 4.77804091158704, "kubernetes_prometheus_rules": "kubernetes_prometheus_rules", "add_security_context": "add_security_context", "delay_treatment": "delay_treatment"}, {"rpc_method": "GetProduct", "timestamp": 1737548778.528, "histogram_quantile(0.95, sum(rate(rpc_server_duration_milliseconds_bucket{job=\"opentelemetry-demo/productcatalogservice\"}[90s])) by (rpc_method, le))": 4.77804091158704, "product_catalog_latency": 4.77804091158704, "kubernetes_prometheus_rules": "kubernetes_prometheus_rules", "add_security_context": "add_security_context", "delay_treatment": "delay_treatment"}, {"rpc_method": "GetProduct", "timestamp": 1737548779.528, "histogram_quantile(0.95, sum(rate(rpc_server_duration_milliseconds_bucket{job=\"opentelemetry-demo/productcatalogservice\"}[90s])) by (rpc_method, le))": 4.77804091158704, "product_catalog_latency": 4.77804091158704, "kubernetes_prometheus_rules": "kubernetes_prometheus_rules", "add_security_context": "add_security_context", "delay_treatment": "delay_treatment"}, {"rpc_method": "GetProduct", "timestamp": 1737548780.528, "histogram_quantile(0.95, sum(rate(rpc_server_duration_milliseconds_bucket{job=\"opentelemetry-demo/productcatalogservice\"}[90s])) by (rpc_method, le))": 4.77804091158704, "product_catalog_latency": 4.77804091158704, "kubernetes_prometheus_rules": "kubernetes_prometheus_rules", "add_security_context": "add_security_context", "delay_treatment": "delay_treatment"}, {"rpc_method": "GetProduct", "timestamp": 1737548781.528, "histogram_quantile(0.95, sum(rate(rpc_server_duration_milliseconds_bucket{job=\"opentelemetry-demo/productcatalogservice\"}[90s])) by (rpc_method, le))": 4.77804091158704, "product_catalog_latency": 4.77804091158704, "kubernetes_prometheus_rules": "kubernetes_prometheus_rules", "add_security_context": "add_security_context", "delay_treatment": "delay_treatment"}, {"rpc_method": "GetProduct", "timestamp": 1737548782.528, "histogram_quantile(0.95, sum(rate(rpc_server_duration_milliseconds_bucket{job=\"opentelemetry-demo/productcatalogservice\"}[90s])) by (rpc_method, le))": 4.77804091158704, "product_catalog_latency": 4.77804091158704, "kubernetes_prometheus_rules": "kubernetes_prometheus_rules", "add_security_context": "add_security_context", "delay_treatment": "delay_treatment"}, {"rpc_method": "GetProduct", "timestamp": 1737548783.528, "histogram_quantile(0.95, sum(rate(rpc_server_duration_milliseconds_bucket{job=\"opentelemetry-demo/productcatalogservice\"}[90s])) by (rpc_method, le))": 4.77804091158704, "product_catalog_latency": 4.77804091158704, "kubernetes_prometheus_rules": "kubernetes_prometheus_rules", "add_security_context": "add_security_context", "delay_treatment": "delay_treatment"}, {"rpc_method": "GetProduct", "timestamp": 1737548784.528, "histogram_quantile(0.95, sum(rate(rpc_server_duration_milliseconds_bucket{job=\"opentelemetry-demo/productcatalogservice\"}[90s])) by (rpc_method, le))": 4.77804091158704, "product_catalog_latency": 4.77804091158704, "kubernetes_prometheus_rules": "kubernetes_prometheus_rules", "add_security_context": "add_security_context", "delay_treatment": "delay_treatment"}, {"rpc_method": "GetProduct", "timestamp": 1737548785.528, "histogram_quantile(0.95, sum(rate(rpc_server_duration_milliseconds_bucket{job=\"opentelemetry-demo/productcatalogservice\"}[90s])) by (rpc_method, le))": 4.77804091158704, "product_catalog_latency": 4.77804091158704, "kubernetes_prometheus_rules": "kubernetes_prometheus_rules", "add_security_context": "add_security_context", "delay_treatment": "delay_treatment"}, {"rpc_method": "GetProduct", "timestamp": 1737548786.528, "histogram_quantile(0.95, sum(rate(rpc_server_duration_milliseconds_bucket{job=\"opentelemetry-demo/productcatalogservice\"}[90s])) by (rpc_method, le))": 4.77804091158704, "product_catalog_latency": 4.77804091158704, "kubernetes_prometheus_rules": "kubernetes_prometheus_rules", "add_security_context": "add_security_context", "delay_treatment": "delay_treatment"}, {"rpc_method": "GetProduct", "timestamp": 1737548817.528, "histogram_quantile(0.95, sum(rate(rpc_server_duration_milliseconds_bucket{job=\"opentelemetry-demo/productcatalogservice\"}[90s])) by (rpc_method, le))": 4.885313087879602, "product_catalog_latency": 4.885313087879602, "kubernetes_prometheus_rules": "kubernetes_prometheus_rules", "add_security_context": "add_security_context", "delay_treatment": "delay_treatment"}, {"rpc_method": "GetProduct", "timestamp": 1737548818.528, "histogram_quantile(0.95, sum(rate(rpc_server_duration_milliseconds_bucket{job=\"opentelemetry-demo/productcatalogservice\"}[90s])) by (rpc_method, le))": 4.885313087879602, "product_catalog_latency": 4.885313087879602, "kubernetes_prometheus_rules": "kubernetes_prometheus_rules", "add_security_context": "add_security_context", "delay_treatment": "delay_treatment"}, {"rpc_method": "GetProduct", "timestamp": 1737548819.528, "histogram_quantile(0.95, sum(rate(rpc_server_duration_milliseconds_bucket{job=\"opentelemetry-demo/productcatalogservice\"}[90s])) by (rpc_method, le))": 4.885313087879602, "product_catalog_latency": 4.885313087879602, "kubernetes_prometheus_rules": "kubernetes_prometheus_rules", "add_security_context": "add_security_context", "delay_treatment": "delay_treatment"}, {"rpc_method": "GetProduct", "timestamp": 1737548820.528, "histogram_quantile(0.95, sum(rate(rpc_server_duration_milliseconds_bucket{job=\"opentelemetry-demo/productcatalogservice\"}[90s])) by (rpc_method, le))": 4.885313087879602, "product_catalog_latency": 4.885313087879602, "kubernetes_prometheus_rules": "kubernetes_prometheus_rules", "add_security_context": "add_security_context", "delay_treatment": "delay_treatment"}, {"rpc_method": "GetProduct", "timestamp": 1737548821.528, "histogram_quantile(0.95, sum(rate(rpc_server_duration_milliseconds_bucket{job=\"opentelemetry-demo/productcatalogservice\"}[90s])) by (rpc_method, le))": 4.885313087879602, "product_catalog_latency": 4.885313087879602, "kubernetes_prometheus_rules": "kubernetes_prometheus_rules", "add_security_context": "add_security_context", "delay_treatment": "delay_treatment"}, {"rpc_method": "GetProduct", "timestamp": 1737548822.528, "histogram_quantile(0.95, sum(rate(rpc_server_duration_milliseconds_bucket{job=\"opentelemetry-demo/productcatalogservice\"}[90s])) by (rpc_method, le))": 4.885313087879602, "product_catalog_latency": 4.885313087879602, "kubernetes_prometheus_rules": "kubernetes_prometheus_rules", "add_security_context": "add_security_context", "delay_treatment": "delay_treatment"}, {"rpc_method": "GetProduct", "timestamp": 1737548823.528, "histogram_quantile(0.95, sum(rate(rpc_server_duration_milliseconds_bucket{job=\"opentelemetry-demo/productcatalogservice\"}[90s])) by (rpc_method, le))": 4.885313087879602, "product_catalog_latency": 4.885313087879602, "kubernetes_prometheus_rules": "kubernetes_prometheus_rules", "add_security_context": "add_security_context", "delay_treatment": "delay_treatment"}, {"rpc_method": "GetProduct", "timestamp": 1737548824.528, "histogram_quantile(0.95, sum(rate(rpc_server_duration_milliseconds_bucket{job=\"opentelemetry-demo/productcatalogservice\"}[90s])) by (rpc_method, le))": 4.885313087879602, "product_catalog_latency": 4.885313087879602, "kubernetes_prometheus_rules": "kubernetes_prometheus_rules", "add_security_context": "add_security_context", "delay_treatment": "delay_treatment"}, {"rpc_method": "GetProduct", "timestamp": 1737548825.528, "histogram_quantile(0.95, sum(rate(rpc_server_duration_milliseconds_bucket{job=\"opentelemetry-demo/productcatalogservice\"}[90s])) by (rpc_method, le))": 4.885313087879602, "product_catalog_latency": 4.885313087879602, "kubernetes_prometheus_rules": "kubernetes_prometheus_rules", "add_security_context": "add_security_context", "delay_treatment": "delay_treatment"}, {"rpc_method": "GetProduct", "timestamp": 1737548826.528, "histogram_quantile(0.95, sum(rate(rpc_server_duration_milliseconds_bucket{job=\"opentelemetry-demo/productcatalogservice\"}[90s])) by (rpc_method, le))": 4.885313087879602, "product_catalog_latency": 4.885313087879602, "kubernetes_prometheus_rules": "NoTreatment", "add_security_context": "NoTreatment", "delay_treatment": "NoTreatment"}, {"rpc_method": "GetProduct", "timestamp": 1737548827.528, "histogram_quantile(0.95, sum(rate(rpc_server_duration_milliseconds_bucket{job=\"opentelemetry-demo/productcatalogservice\"}[90s])) by (rpc_method, le))": 4.885313087879602, "product_catalog_latency": 4.885313087879602, "kubernetes_prometheus_rules": "NoTreatment", "add_security_context": "NoTreatment", "delay_treatment": "NoTreatment"}, {"rpc_method": "GetProduct", "timestamp": 1737548828.528, "histogram_quantile(0.95, sum(rate(rpc_server_duration_milliseconds_bucket{job=\"opentelemetry-demo/productcatalogservice\"}[90s])) by (rpc_method, le))": 4.885313087879602, "product_catalog_latency": 4.885313087879602, "kubernetes_prometheus_rules": "NoTreatment", "add_security_context": "NoTreatment", "delay_treatment": "NoTreatment"}, {"rpc_method": "GetProduct", "timestamp": 1737548829.528, "histogram_quantile(0.95, sum(rate(rpc_server_duration_milliseconds_bucket{job=\"opentelemetry-demo/productcatalogservice\"}[90s])) by (rpc_method, le))": 4.885313087879602, "product_catalog_latency": 4.885313087879602, "kubernetes_prometheus_rules": "NoTreatment", "add_security_context": "NoTreatment", "delay_treatment": "NoTreatment"}, {"rpc_method": "GetProduct", "timestamp": 1737548830.528, "histogram_quantile(0.95, sum(rate(rpc_server_duration_milliseconds_bucket{job=\"opentelemetry-demo/productcatalogservice\"}[90s])) by (rpc_method, le))": 4.885313087879602, "product_catalog_latency": 4.885313087879602, "kubernetes_prometheus_rules": "NoTreatment", "add_security_context": "NoTreatment", "delay_treatment": "NoTreatment"}, {"rpc_method": "GetProduct", "timestamp": 1737548831.528, "histogram_quantile(0.95, sum(rate(rpc_server_duration_milliseconds_bucket{job=\"opentelemetry-demo/productcatalogservice\"}[90s])) by (rpc_method, le))": 4.885313087879602, "product_catalog_latency": 4.885313087879602, "kubernetes_prometheus_rules": "NoTreatment", "add_security_context": "NoTreatment", "delay_treatment": "NoTreatment"}, {"rpc_method": "GetProduct", "timestamp": 1737548832.528, "histogram_quantile(0.95, sum(rate(rpc_server_duration_milliseconds_bucket{job=\"opentelemetry-demo/productcatalogservice\"}[90s])) by (rpc_method, le))": 4.885313087879602, "product_catalog_latency": 4.885313087879602, "kubernetes_prometheus_rules": "NoTreatment", "add_security_context": "NoTreatment", "delay_treatment": "NoTreatment"}, {"rpc_method": "GetProduct", "timestamp": 1737548833.528, "histogram_quantile(0.95, sum(rate(rpc_server_duration_milliseconds_bucket{job=\"opentelemetry-demo/productcatalogservice\"}[90s])) by (rpc_method, le))": 4.885313087879602, "product_catalog_latency": 4.885313087879602, "kubernetes_prometheus_rules": "NoTreatment", "add_security_context": "NoTreatment", "delay_treatment": "NoTreatment"}, {"rpc_method": "GetProduct", "timestamp": 1737548834.528, "histogram_quantile(0.95, sum(rate(rpc_server_duration_milliseconds_bucket{job=\"opentelemetry-demo/productcatalogservice\"}[90s])) by (rpc_method, le))": 4.885313087879602, "product_catalog_latency": 4.885313087879602, "kubernetes_prometheus_rules": "NoTreatment", "add_security_context": "NoTreatment", "delay_treatment": "NoTreatment"}, {"rpc_method": "GetProduct", "timestamp": 1737548835.528, "histogram_quantile(0.95, sum(rate(rpc_server_duration_milliseconds_bucket{job=\"opentelemetry-demo/productcatalogservice\"}[90s])) by (rpc_method, le))": 4.885313087879602, "product_catalog_latency": 4.885313087879602, "kubernetes_prometheus_rules": "NoTreatment", "add_security_context": "NoTreatment", "delay_treatment": "NoTreatment"}, {"rpc_method": "ListProducts", "timestamp": 1737548637.528, "histogram_quantile(0.95, sum(rate(rpc_server_duration_milliseconds_bucket{job=\"opentelemetry-demo/productcatalogservice\"}[90s])) by (rpc_method, le))": 4.75, "product_catalog_latency": 4.75, "kubernetes_prometheus_rules": "kubernetes_prometheus_rules", "add_security_context": "NoTreatment", "delay_treatment": "NoTreatment"}, {"rpc_method": "ListProducts", "timestamp": 1737548638.528, "histogram_quantile(0.95, sum(rate(rpc_server_duration_milliseconds_bucket{job=\"opentelemetry-demo/productcatalogservice\"}[90s])) by (rpc_method, le))": 4.75, "product_catalog_latency": 4.75, "kubernetes_prometheus_rules": "kubernetes_prometheus_rules", "add_security_context": "NoTreatment", "delay_treatment": "NoTreatment"}, {"rpc_method": "ListProducts", "timestamp": 1737548639.528, "histogram_quantile(0.95, sum(rate(rpc_server_duration_milliseconds_bucket{job=\"opentelemetry-demo/productcatalogservice\"}[90s])) by (rpc_method, le))": 4.75, "product_catalog_latency": 4.75, "kubernetes_prometheus_rules": "kubernetes_prometheus_rules", "add_security_context": "NoTreatment", "delay_treatment": "NoTreatment"}, {"rpc_method": "ListProducts", "timestamp": 1737548640.528, "histogram_quantile(0.95, sum(rate(rpc_server_duration_milliseconds_bucket{job=\"opentelemetry-demo/productcatalogservice\"}[90s])) by (rpc_method, le))": 4.75, "product_catalog_latency": 4.75, "kubernetes_prometheus_rules": "kubernetes_prometheus_rules", "add_security_context": "NoTreatment", "delay_treatment": "NoTreatment"}, {"rpc_method": "ListProducts", "timestamp": 1737548641.528, "histogram_quantile(0.95, sum(rate(rpc_server_duration_milliseconds_bucket{job=\"opentelemetry-demo/productcatalogservice\"}[90s])) by (rpc_method, le))": 4.75, "product_catalog_latency": 4.75, "kubernetes_prometheus_rules": "kubernetes_prometheus_rules", "add_security_context": "NoTreatment", "delay_treatment": "NoTreatment"}, {"rpc_method": "ListProducts", "timestamp": 1737548642.528, "histogram_quantile(0.95, sum(rate(rpc_server_duration_milliseconds_bucket{job=\"opentelemetry-demo/productcatalogservice\"}[90s])) by (rpc_method, le))": 4.75, "product_catalog_latency": 4.75, "kubernetes_prometheus_rules": "kubernetes_prometheus_rules", "add_security_context": "NoTreatment", "delay_treatment": "NoTreatment"}, {"rpc_method": "ListProducts", "timestamp": 1737548643.528, "histogram_quantile(0.95, sum(rate(rpc_server_duration_milliseconds_bucket{job=\"opentelemetry-demo/productcatalogservice\"}[90s])) by (rpc_method, le))": 4.75, "product_catalog_latency": 4.75, "kubernetes_prometheus_rules": "kubernetes_prometheus_rules", "add_security_context": "NoTreatment", "delay_treatment": "NoTreatment"}, {"rpc_method": "ListProducts", "timestamp": 1737548644.528, "histogram_quantile(0.95, sum(rate(rpc_server_duration_milliseconds_bucket{job=\"opentelemetry-demo/productcatalogservice\"}[90s])) by (rpc_method, le))": 4.75, "product_catalog_latency": 4.75, "kubernetes_prometheus_rules": "kubernetes_prometheus_rules", "add_security_context": "NoTreatment", "delay_treatment": "NoTreatment"}, {"rpc_method": "ListProducts", "timestamp": 1737548645.528, "histogram_quantile(0.95, sum(rate(rpc_server_duration_milliseconds_bucket{job=\"opentelemetry-demo/productcatalogservice\"}[90s])) by (rpc_method, le))": 4.75, "product_catalog_latency": 4.75, "kubernetes_prometheus_rules": "kubernetes_prometheus_rules", "add_security_context": "add_security_context", "delay_treatment": "NoTreatment"}, {"rpc_method": "ListProducts", "timestamp": 1737548646.528, "histogram_quantile(0.95, sum(rate(rpc_server_duration_milliseconds_bucket{job=\"opentelemetry-demo/productcatalogservice\"}[90s])) by (rpc_method, le))": 4.75, "product_catalog_latency": 4.75, "kubernetes_prometheus_rules": "kubernetes_prometheus_rules", "add_security_context": "add_security_context", "delay_treatment": "delay_treatment"}, {"rpc_method": "ListProducts", "timestamp": 1737548647.528, "histogram_quantile(0.95, sum(rate(rpc_server_duration_milliseconds_bucket{job=\"opentelemetry-demo/productcatalogservice\"}[90s])) by (rpc_method, le))": 4.75, "product_catalog_latency": 4.75, "kubernetes_prometheus_rules": "kubernetes_prometheus_rules", "add_security_context": "add_security_context", "delay_treatment": "delay_treatment"}, {"rpc_method": "ListProducts", "timestamp": 1737548648.528, "histogram_quantile(0.95, sum(rate(rpc_server_duration_milliseconds_bucket{job=\"opentelemetry-demo/productcatalogservice\"}[90s])) by (rpc_method, le))": 4.75, "product_catalog_latency": 4.75, "kubernetes_prometheus_rules": "kubernetes_prometheus_rules", "add_security_context": "add_security_context", "delay_treatment": "delay_treatment"}, {"rpc_method": "ListProducts", "timestamp": 1737548649.528, "histogram_quantile(0.95, sum(rate(rpc_server_duration_milliseconds_bucket{job=\"opentelemetry-demo/productcatalogservice\"}[90s])) by (rpc_method, le))": 4.75, "product_catalog_latency": 4.75, "kubernetes_prometheus_rules": "kubernetes_prometheus_rules", "add_security_context": "add_security_context", "delay_treatment": "delay_treatment"}, {"rpc_method": "ListProducts", "timestamp": 1737548650.528, "histogram_quantile(0.95, sum(rate(rpc_server_duration_milliseconds_bucket{job=\"opentelemetry-demo/productcatalogservice\"}[90s])) by (rpc_method, le))": 4.75, "product_catalog_latency": 4.75, "kubernetes_prometheus_rules": "kubernetes_prometheus_rules", "add_security_context": "add_security_context", "delay_treatment": "delay_treatment"}, {"rpc_method": "ListProducts", "timestamp": 1737548651.528, "histogram_quantile(0.95, sum(rate(rpc_server_duration_milliseconds_bucket{job=\"opentelemetry-demo/productcatalogservice\"}[90s])) by (rpc_method, le))": 4.75, "product_catalog_latency": 4.75, "kubernetes_prometheus_rules": "kubernetes_prometheus_rules", "add_security_context": "add_security_context", "delay_treatment": "delay_treatment"}, {"rpc_method": "ListProducts", "timestamp": 1737548652.528, "histogram_quantile(0.95, sum(rate(rpc_server_duration_milliseconds_bucket{job=\"opentelemetry-demo/productcatalogservice\"}[90s])) by (rpc_method, le))": 4.75, "product_catalog_latency": 4.75, "kubernetes_prometheus_rules": "kubernetes_prometheus_rules", "add_security_context": "add_security_context", "delay_treatment": "delay_treatment"}, {"rpc_method": "ListProducts", "timestamp": 1737548653.528, "histogram_quantile(0.95, sum(rate(rpc_server_duration_milliseconds_bucket{job=\"opentelemetry-demo/productcatalogservice\"}[90s])) by (rpc_method, le))": 4.75, "product_catalog_latency": 4.75, "kubernetes_prometheus_rules": "kubernetes_prometheus_rules", "add_security_context": "add_security_context", "delay_treatment": "delay_treatment"}, {"rpc_method": "ListProducts", "timestamp": 1737548654.528, "histogram_quantile(0.95, sum(rate(rpc_server_duration_milliseconds_bucket{job=\"opentelemetry-demo/productcatalogservice\"}[90s])) by (rpc_method, le))": 4.75, "product_catalog_latency": 4.75, "kubernetes_prometheus_rules": "kubernetes_prometheus_rules", "add_security_context": "add_security_context", "delay_treatment": "delay_treatment"}, {"rpc_method": "ListProducts", "timestamp": 1737548655.528, "histogram_quantile(0.95, sum(rate(rpc_server_duration_milliseconds_bucket{job=\"opentelemetry-demo/productcatalogservice\"}[90s])) by (rpc_method, le))": 4.75, "product_catalog_latency": 4.75, "kubernetes_prometheus_rules": "kubernetes_prometheus_rules", "add_security_context": "add_security_context", "delay_treatment": "delay_treatment"}, {"rpc_method": "ListProducts", "timestamp": 1737548656.528, "histogram_quantile(0.95, sum(rate(rpc_server_duration_milliseconds_bucket{job=\"opentelemetry-demo/productcatalogservice\"}[90s])) by (rpc_method, le))": 4.75, "product_catalog_latency": 4.75, "kubernetes_prometheus_rules": "kubernetes_prometheus_rules", "add_security_context": "add_security_context", "delay_treatment": "delay_treatment"}, {"rpc_method": "ListProducts", "timestamp": 1737548657.528, "histogram_quantile(0.95, sum(rate(rpc_server_duration_milliseconds_bucket{job=\"opentelemetry-demo/productcatalogservice\"}[90s])) by (rpc_method, le))": 4.75, "product_catalog_latency": 4.75, "kubernetes_prometheus_rules": "kubernetes_prometheus_rules", "add_security_context": "add_security_context", "delay_treatment": "delay_treatment"}, {"rpc_method": "ListProducts", "timestamp": 1737548658.528, "histogram_quantile(0.95, sum(rate(rpc_server_duration_milliseconds_bucket{job=\"opentelemetry-demo/productcatalogservice\"}[90s])) by (rpc_method, le))": 4.75, "product_catalog_latency": 4.75, "kubernetes_prometheus_rules": "kubernetes_prometheus_rules", "add_security_context": "add_security_context", "delay_treatment": "delay_treatment"}, {"rpc_method": "ListProducts", "timestamp": 1737548659.528, "histogram_quantile(0.95, sum(rate(rpc_server_duration_milliseconds_bucket{job=\"opentelemetry-demo/productcatalogservice\"}[90s])) by (rpc_method, le))": 4.75, "product_catalog_latency": 4.75, "kubernetes_prometheus_rules": "kubernetes_prometheus_rules", "add_security_context": "add_security_context", "delay_treatment": "delay_treatment"}, {"rpc_method": "ListProducts", "timestamp": 1737548660.528, "histogram_quantile(0.95, sum(rate(rpc_server_duration_milliseconds_bucket{job=\"opentelemetry-demo/productcatalogservice\"}[90s])) by (rpc_method, le))": 4.75, "product_catalog_latency": 4.75, "kubernetes_prometheus_rules": "kubernetes_prometheus_rules", "add_security_context": "add_security_context", "delay_treatment": "delay_treatment"}, {"rpc_method": "ListProducts", "timestamp": 1737548661.528, "histogram_quantile(0.95, sum(rate(rpc_server_duration_milliseconds_bucket{job=\"opentelemetry-demo/productcatalogservice\"}[90s])) by (rpc_method, le))": 4.75, "product_catalog_latency": 4.75, "kubernetes_prometheus_rules": "kubernetes_prometheus_rules", "add_security_context": "add_security_context", "delay_treatment": "delay_treatment"}, {"rpc_method": "ListProducts", "timestamp": 1737548662.528, "histogram_quantile(0.95, sum(rate(rpc_server_duration_milliseconds_bucket{job=\"opentelemetry-demo/productcatalogservice\"}[90s])) by (rpc_method, le))": 4.75, "product_catalog_latency": 4.75, "kubernetes_prometheus_rules": "kubernetes_prometheus_rules", "add_security_context": "add_security_context", "delay_treatment": "delay_treatment"}, {"rpc_method": "ListProducts", "timestamp": 1737548663.528, "histogram_quantile(0.95, sum(rate(rpc_server_duration_milliseconds_bucket{job=\"opentelemetry-demo/productcatalogservice\"}[90s])) by (rpc_method, le))": 4.75, "product_catalog_latency": 4.75, "kubernetes_prometheus_rules": "kubernetes_prometheus_rules", "add_security_context": "add_security_context", "delay_treatment": "delay_treatment"}, {"rpc_method": "ListProducts", "timestamp": 1737548664.528, "histogram_quantile(0.95, sum(rate(rpc_server_duration_milliseconds_bucket{job=\"opentelemetry-demo/productcatalogservice\"}[90s])) by (rpc_method, le))": 4.75, "product_catalog_latency": 4.75, "kubernetes_prometheus_rules": "kubernetes_prometheus_rules", "add_security_context": "add_security_context", "delay_treatment": "delay_treatment"}, {"rpc_method": "ListProducts", "timestamp": 1737548665.528, "histogram_quantile(0.95, sum(rate(rpc_server_duration_milliseconds_bucket{job=\"opentelemetry-demo/productcatalogservice\"}[90s])) by (rpc_method, le))": 4.75, "product_catalog_latency": 4.75, "kubernetes_prometheus_rules": "kubernetes_prometheus_rules", "add_security_context": "add_security_context", "delay_treatment": "delay_treatment"}, {"rpc_method": "ListProducts", "timestamp": 1737548666.528, "histogram_quantile(0.95, sum(rate(rpc_server_duration_milliseconds_bucket{job=\"opentelemetry-demo/productcatalogservice\"}[90s])) by (rpc_method, le))": 4.75, "product_catalog_latency": 4.75, "kubernetes_prometheus_rules": "kubernetes_prometheus_rules", "add_security_context": "add_security_context", "delay_treatment": "delay_treatment"}, {"rpc_method": "ListProducts", "timestamp": 1737548697.528, "histogram_quantile(0.95, sum(rate(rpc_server_duration_milliseconds_bucket{job=\"opentelemetry-demo/productcatalogservice\"}[90s])) by (rpc_method, le))": 4.75, "product_catalog_latency": 4.75, "kubernetes_prometheus_rules": "kubernetes_prometheus_rules", "add_security_context": "add_security_context", "delay_treatment": "delay_treatment"}, {"rpc_method": "ListProducts", "timestamp": 1737548698.528, "histogram_quantile(0.95, sum(rate(rpc_server_duration_milliseconds_bucket{job=\"opentelemetry-demo/productcatalogservice\"}[90s])) by (rpc_method, le))": 4.75, "product_catalog_latency": 4.75, "kubernetes_prometheus_rules": "kubernetes_prometheus_rules", "add_security_context": "add_security_context", "delay_treatment": "delay_treatment"}, {"rpc_method": "ListProducts", "timestamp": 1737548699.528, "histogram_quantile(0.95, sum(rate(rpc_server_duration_milliseconds_bucket{job=\"opentelemetry-demo/productcatalogservice\"}[90s])) by (rpc_method, le))": 4.75, "product_catalog_latency": 4.75, "kubernetes_prometheus_rules": "kubernetes_prometheus_rules", "add_security_context": "add_security_context", "delay_treatment": "delay_treatment"}, {"rpc_method": "ListProducts", "timestamp": 1737548700.528, "histogram_quantile(0.95, sum(rate(rpc_server_duration_milliseconds_bucket{job=\"opentelemetry-demo/productcatalogservice\"}[90s])) by (rpc_method, le))": 4.75, "product_catalog_latency": 4.75, "kubernetes_prometheus_rules": "kubernetes_prometheus_rules", "add_security_context": "add_security_context", "delay_treatment": "delay_treatment"}, {"rpc_method": "ListProducts", "timestamp": 1737548701.528, "histogram_quantile(0.95, sum(rate(rpc_server_duration_milliseconds_bucket{job=\"opentelemetry-demo/productcatalogservice\"}[90s])) by (rpc_method, le))": 4.75, "product_catalog_latency": 4.75, "kubernetes_prometheus_rules": "kubernetes_prometheus_rules", "add_security_context": "add_security_context", "delay_treatment": "delay_treatment"}, {"rpc_method": "ListProducts", "timestamp": 1737548702.528, "histogram_quantile(0.95, sum(rate(rpc_server_duration_milliseconds_bucket{job=\"opentelemetry-demo/productcatalogservice\"}[90s])) by (rpc_method, le))": 4.75, "product_catalog_latency": 4.75, "kubernetes_prometheus_rules": "kubernetes_prometheus_rules", "add_security_context": "add_security_context", "delay_treatment": "delay_treatment"}, {"rpc_method": "ListProducts", "timestamp": 1737548703.528, "histogram_quantile(0.95, sum(rate(rpc_server_duration_milliseconds_bucket{job=\"opentelemetry-demo/productcatalogservice\"}[90s])) by (rpc_method, le))": 4.75, "product_catalog_latency": 4.75, "kubernetes_prometheus_rules": "kubernetes_prometheus_rules", "add_security_context": "add_security_context", "delay_treatment": "delay_treatment"}, {"rpc_method": "ListProducts", "timestamp": 1737548704.528, "histogram_quantile(0.95, sum(rate(rpc_server_duration_milliseconds_bucket{job=\"opentelemetry-demo/productcatalogservice\"}[90s])) by (rpc_method, le))": 4.75, "product_catalog_latency": 4.75, "kubernetes_prometheus_rules": "kubernetes_prometheus_rules", "add_security_context": "add_security_context", "delay_treatment": "delay_treatment"}, {"rpc_method": "ListProducts", "timestamp": 1737548705.528, "histogram_quantile(0.95, sum(rate(rpc_server_duration_milliseconds_bucket{job=\"opentelemetry-demo/productcatalogservice\"}[90s])) by (rpc_method, le))": 4.75, "product_catalog_latency": 4.75, "kubernetes_prometheus_rules": "kubernetes_prometheus_rules", "add_security_context": "add_security_context", "delay_treatment": "delay_treatment"}, {"rpc_method": "ListProducts", "timestamp": 1737548706.528, "histogram_quantile(0.95, sum(rate(rpc_server_duration_milliseconds_bucket{job=\"opentelemetry-demo/productcatalogservice\"}[90s])) by (rpc_method, le))": 4.75, "product_catalog_latency": 4.75, "kubernetes_prometheus_rules": "kubernetes_prometheus_rules", "add_security_context": "add_security_context", "delay_treatment": "delay_treatment"}, {"rpc_method": "ListProducts", "timestamp": 1737548707.528, "histogram_quantile(0.95, sum(rate(rpc_server_duration_milliseconds_bucket{job=\"opentelemetry-demo/productcatalogservice\"}[90s])) by (rpc_method, le))": 4.75, "product_catalog_latency": 4.75, "kubernetes_prometheus_rules": "kubernetes_prometheus_rules", "add_security_context": "add_security_context", "delay_treatment": "delay_treatment"}, {"rpc_method": "ListProducts", "timestamp": 1737548708.528, "histogram_quantile(0.95, sum(rate(rpc_server_duration_milliseconds_bucket{job=\"opentelemetry-demo/productcatalogservice\"}[90s])) by (rpc_method, le))": 4.75, "product_catalog_latency": 4.75, "kubernetes_prometheus_rules": "kubernetes_prometheus_rules", "add_security_context": "add_security_context", "delay_treatment": "delay_treatment"}, {"rpc_method": "ListProducts", "timestamp": 1737548709.528, "histogram_quantile(0.95, sum(rate(rpc_server_duration_milliseconds_bucket{job=\"opentelemetry-demo/productcatalogservice\"}[90s])) by (rpc_method, le))": 4.75, "product_catalog_latency": 4.75, "kubernetes_prometheus_rules": "kubernetes_prometheus_rules", "add_security_context": "add_security_context", "delay_treatment": "delay_treatment"}, {"rpc_method": "ListProducts", "timestamp": 1737548710.528, "histogram_quantile(0.95, sum(rate(rpc_server_duration_milliseconds_bucket{job=\"opentelemetry-demo/productcatalogservice\"}[90s])) by (rpc_method, le))": 4.75, "product_catalog_latency": 4.75, "kubernetes_prometheus_rules": "kubernetes_prometheus_rules", "add_security_context": "add_security_context", "delay_treatment": "delay_treatment"}, {"rpc_method": "ListProducts", "timestamp": 1737548711.528, "histogram_quantile(0.95, sum(rate(rpc_server_duration_milliseconds_bucket{job=\"opentelemetry-demo/productcatalogservice\"}[90s])) by (rpc_method, le))": 4.75, "product_catalog_latency": 4.75, "kubernetes_prometheus_rules": "kubernetes_prometheus_rules", "add_security_context": "add_security_context", "delay_treatment": "delay_treatment"}, {"rpc_method": "ListProducts", "timestamp": 1737548712.528, "histogram_quantile(0.95, sum(rate(rpc_server_duration_milliseconds_bucket{job=\"opentelemetry-demo/productcatalogservice\"}[90s])) by (rpc_method, le))": 4.75, "product_catalog_latency": 4.75, "kubernetes_prometheus_rules": "kubernetes_prometheus_rules", "add_security_context": "add_security_context", "delay_treatment": "delay_treatment"}, {"rpc_method": "ListProducts", "timestamp": 1737548713.528, "histogram_quantile(0.95, sum(rate(rpc_server_duration_milliseconds_bucket{job=\"opentelemetry-demo/productcatalogservice\"}[90s])) by (rpc_method, le))": 4.75, "product_catalog_latency": 4.75, "kubernetes_prometheus_rules": "kubernetes_prometheus_rules", "add_security_context": "add_security_context", "delay_treatment": "delay_treatment"}, {"rpc_method": "ListProducts", "timestamp": 1737548714.528, "histogram_quantile(0.95, sum(rate(rpc_server_duration_milliseconds_bucket{job=\"opentelemetry-demo/productcatalogservice\"}[90s])) by (rpc_method, le))": 4.75, "product_catalog_latency": 4.75, "kubernetes_prometheus_rules": "kubernetes_prometheus_rules", "add_security_context": "add_security_context", "delay_treatment": "delay_treatment"}, {"rpc_method": "ListProducts", "timestamp": 1737548715.528, "histogram_quantile(0.95, sum(rate(rpc_server_duration_milliseconds_bucket{job=\"opentelemetry-demo/productcatalogservice\"}[90s])) by (rpc_method, le))": 4.75, "product_catalog_latency": 4.75, "kubernetes_prometheus_rules": "kubernetes_prometheus_rules", "add_security_context": "add_security_context", "delay_treatment": "delay_treatment"}, {"rpc_method": "ListProducts", "timestamp": 1737548716.528, "histogram_quantile(0.95, sum(rate(rpc_server_duration_milliseconds_bucket{job=\"opentelemetry-demo/productcatalogservice\"}[90s])) by (rpc_method, le))": 4.75, "product_catalog_latency": 4.75, "kubernetes_prometheus_rules": "kubernetes_prometheus_rules", "add_security_context": "add_security_context", "delay_treatment": "delay_treatment"}, {"rpc_method": "ListProducts", "timestamp": 1737548717.528, "histogram_quantile(0.95, sum(rate(rpc_server_duration_milliseconds_bucket{job=\"opentelemetry-demo/productcatalogservice\"}[90s])) by (rpc_method, le))": 4.75, "product_catalog_latency": 4.75, "kubernetes_prometheus_rules": "kubernetes_prometheus_rules", "add_security_context": "add_security_context", "delay_treatment": "delay_treatment"}, {"rpc_method": "ListProducts", "timestamp": 1737548718.528, "histogram_quantile(0.95, sum(rate(rpc_server_duration_milliseconds_bucket{job=\"opentelemetry-demo/productcatalogservice\"}[90s])) by (rpc_method, le))": 4.75, "product_catalog_latency": 4.75, "kubernetes_prometheus_rules": "kubernetes_prometheus_rules", "add_security_context": "add_security_context", "delay_treatment": "delay_treatment"}, {"rpc_method": "ListProducts", "timestamp": 1737548719.528, "histogram_quantile(0.95, sum(rate(rpc_server_duration_milliseconds_bucket{job=\"opentelemetry-demo/productcatalogservice\"}[90s])) by (rpc_method, le))": 4.75, "product_catalog_latency": 4.75, "kubernetes_prometheus_rules": "kubernetes_prometheus_rules", "add_security_context": "add_security_context", "delay_treatment": "delay_treatment"}, {"rpc_method": "ListProducts", "timestamp": 1737548720.528, "histogram_quantile(0.95, sum(rate(rpc_server_duration_milliseconds_bucket{job=\"opentelemetry-demo/productcatalogservice\"}[90s])) by (rpc_method, le))": 4.75, "product_catalog_latency": 4.75, "kubernetes_prometheus_rules": "kubernetes_prometheus_rules", "add_security_context": "add_security_context", "delay_treatment": "delay_treatment"}, {"rpc_method": "ListProducts", "timestamp": 1737548721.528, "histogram_quantile(0.95, sum(rate(rpc_server_duration_milliseconds_bucket{job=\"opentelemetry-demo/productcatalogservice\"}[90s])) by (rpc_method, le))": 4.75, "product_catalog_latency": 4.75, "kubernetes_prometheus_rules": "kubernetes_prometheus_rules", "add_security_context": "add_security_context", "delay_treatment": "delay_treatment"}, {"rpc_method": "ListProducts", "timestamp": 1737548722.528, "histogram_quantile(0.95, sum(rate(rpc_server_duration_milliseconds_bucket{job=\"opentelemetry-demo/productcatalogservice\"}[90s])) by (rpc_method, le))": 4.75, "product_catalog_latency": 4.75, "kubernetes_prometheus_rules": "kubernetes_prometheus_rules", "add_security_context": "add_security_context", "delay_treatment": "delay_treatment"}, {"rpc_method": "ListProducts", "timestamp": 1737548723.528, "histogram_quantile(0.95, sum(rate(rpc_server_duration_milliseconds_bucket{job=\"opentelemetry-demo/productcatalogservice\"}[90s])) by (rpc_method, le))": 4.75, "product_catalog_latency": 4.75, "kubernetes_prometheus_rules": "kubernetes_prometheus_rules", "add_security_context": "add_security_context", "delay_treatment": "delay_treatment"}, {"rpc_method": "ListProducts", "timestamp": 1737548724.528, "histogram_quantile(0.95, sum(rate(rpc_server_duration_milliseconds_bucket{job=\"opentelemetry-demo/productcatalogservice\"}[90s])) by (rpc_method, le))": 4.75, "product_catalog_latency": 4.75, "kubernetes_prometheus_rules": "kubernetes_prometheus_rules", "add_security_context": "add_security_context", "delay_treatment": "delay_treatment"}, {"rpc_method": "ListProducts", "timestamp": 1737548725.528, "histogram_quantile(0.95, sum(rate(rpc_server_duration_milliseconds_bucket{job=\"opentelemetry-demo/productcatalogservice\"}[90s])) by (rpc_method, le))": 4.75, "product_catalog_latency": 4.75, "kubernetes_prometheus_rules": "kubernetes_prometheus_rules", "add_security_context": "add_security_context", "delay_treatment": "delay_treatment"}, {"rpc_method": "ListProducts", "timestamp": 1737548726.528, "histogram_quantile(0.95, sum(rate(rpc_server_duration_milliseconds_bucket{job=\"opentelemetry-demo/productcatalogservice\"}[90s])) by (rpc_method, le))": 4.75, "product_catalog_latency": 4.75, "kubernetes_prometheus_rules": "kubernetes_prometheus_rules", "add_security_context": "add_security_context", "delay_treatment": "delay_treatment"}, {"rpc_method": "ListProducts", "timestamp": 1737548757.528, "histogram_quantile(0.95, sum(rate(rpc_server_duration_milliseconds_bucket{job=\"opentelemetry-demo/productcatalogservice\"}[90s])) by (rpc_method, le))": 4.757864238410595, "product_catalog_latency": 4.757864238410595, "kubernetes_prometheus_rules": "kubernetes_prometheus_rules", "add_security_context": "add_security_context", "delay_treatment": "delay_treatment"}, {"rpc_method": "ListProducts", "timestamp": 1737548758.528, "histogram_quantile(0.95, sum(rate(rpc_server_duration_milliseconds_bucket{job=\"opentelemetry-demo/productcatalogservice\"}[90s])) by (rpc_method, le))": 4.757864238410595, "product_catalog_latency": 4.757864238410595, "kubernetes_prometheus_rules": "kubernetes_prometheus_rules", "add_security_context": "add_security_context", "delay_treatment": "delay_treatment"}, {"rpc_method": "ListProducts", "timestamp": 1737548759.528, "histogram_quantile(0.95, sum(rate(rpc_server_duration_milliseconds_bucket{job=\"opentelemetry-demo/productcatalogservice\"}[90s])) by (rpc_method, le))": 4.757864238410595, "product_catalog_latency": 4.757864238410595, "kubernetes_prometheus_rules": "kubernetes_prometheus_rules", "add_security_context": "add_security_context", "delay_treatment": "delay_treatment"}, {"rpc_method": "ListProducts", "timestamp": 1737548760.528, "histogram_quantile(0.95, sum(rate(rpc_server_duration_milliseconds_bucket{job=\"opentelemetry-demo/productcatalogservice\"}[90s])) by (rpc_method, le))": 4.757864238410595, "product_catalog_latency": 4.757864238410595, "kubernetes_prometheus_rules": "kubernetes_prometheus_rules", "add_security_context": "add_security_context", "delay_treatment": "delay_treatment"}, {"rpc_method": "ListProducts", "timestamp": 1737548761.528, "histogram_quantile(0.95, sum(rate(rpc_server_duration_milliseconds_bucket{job=\"opentelemetry-demo/productcatalogservice\"}[90s])) by (rpc_method, le))": 4.757864238410595, "product_catalog_latency": 4.757864238410595, "kubernetes_prometheus_rules": "kubernetes_prometheus_rules", "add_security_context": "add_security_context", "delay_treatment": "delay_treatment"}, {"rpc_method": "ListProducts", "timestamp": 1737548762.528, "histogram_quantile(0.95, sum(rate(rpc_server_duration_milliseconds_bucket{job=\"opentelemetry-demo/productcatalogservice\"}[90s])) by (rpc_method, le))": 4.757864238410595, "product_catalog_latency": 4.757864238410595, "kubernetes_prometheus_rules": "kubernetes_prometheus_rules", "add_security_context": "add_security_context", "delay_treatment": "delay_treatment"}, {"rpc_method": "ListProducts", "timestamp": 1737548763.528, "histogram_quantile(0.95, sum(rate(rpc_server_duration_milliseconds_bucket{job=\"opentelemetry-demo/productcatalogservice\"}[90s])) by (rpc_method, le))": 4.757864238410595, "product_catalog_latency": 4.757864238410595, "kubernetes_prometheus_rules": "kubernetes_prometheus_rules", "add_security_context": "add_security_context", "delay_treatment": "delay_treatment"}, {"rpc_method": "ListProducts", "timestamp": 1737548764.528, "histogram_quantile(0.95, sum(rate(rpc_server_duration_milliseconds_bucket{job=\"opentelemetry-demo/productcatalogservice\"}[90s])) by (rpc_method, le))": 4.757864238410595, "product_catalog_latency": 4.757864238410595, "kubernetes_prometheus_rules": "kubernetes_prometheus_rules", "add_security_context": "add_security_context", "delay_treatment": "delay_treatment"}, {"rpc_method": "ListProducts", "timestamp": 1737548765.528, "histogram_quantile(0.95, sum(rate(rpc_server_duration_milliseconds_bucket{job=\"opentelemetry-demo/productcatalogservice\"}[90s])) by (rpc_method, le))": 4.757864238410595, "product_catalog_latency": 4.757864238410595, "kubernetes_prometheus_rules": "kubernetes_prometheus_rules", "add_security_context": "add_security_context", "delay_treatment": "delay_treatment"}, {"rpc_method": "ListProducts", "timestamp": 1737548766.528, "histogram_quantile(0.95, sum(rate(rpc_server_duration_milliseconds_bucket{job=\"opentelemetry-demo/productcatalogservice\"}[90s])) by (rpc_method, le))": 4.757864238410595, "product_catalog_latency": 4.757864238410595, "kubernetes_prometheus_rules": "kubernetes_prometheus_rules", "add_security_context": "add_security_context", "delay_treatment": "delay_treatment"}, {"rpc_method": "ListProducts", "timestamp": 1737548767.528, "histogram_quantile(0.95, sum(rate(rpc_server_duration_milliseconds_bucket{job=\"opentelemetry-demo/productcatalogservice\"}[90s])) by (rpc_method, le))": 4.757864238410595, "product_catalog_latency": 4.757864238410595, "kubernetes_prometheus_rules": "kubernetes_prometheus_rules", "add_security_context": "add_security_context", "delay_treatment": "delay_treatment"}, {"rpc_method": "ListProducts", "timestamp": 1737548768.528, "histogram_quantile(0.95, sum(rate(rpc_server_duration_milliseconds_bucket{job=\"opentelemetry-demo/productcatalogservice\"}[90s])) by (rpc_method, le))": 4.757864238410595, "product_catalog_latency": 4.757864238410595, "kubernetes_prometheus_rules": "kubernetes_prometheus_rules", "add_security_context": "add_security_context", "delay_treatment": "delay_treatment"}, {"rpc_method": "ListProducts", "timestamp": 1737548769.528, "histogram_quantile(0.95, sum(rate(rpc_server_duration_milliseconds_bucket{job=\"opentelemetry-demo/productcatalogservice\"}[90s])) by (rpc_method, le))": 4.757864238410595, "product_catalog_latency": 4.757864238410595, "kubernetes_prometheus_rules": "kubernetes_prometheus_rules", "add_security_context": "add_security_context", "delay_treatment": "delay_treatment"}, {"rpc_method": "ListProducts", "timestamp": 1737548770.528, "histogram_quantile(0.95, sum(rate(rpc_server_duration_milliseconds_bucket{job=\"opentelemetry-demo/productcatalogservice\"}[90s])) by (rpc_method, le))": 4.757864238410595, "product_catalog_latency": 4.757864238410595, "kubernetes_prometheus_rules": "kubernetes_prometheus_rules", "add_security_context": "add_security_context", "delay_treatment": "delay_treatment"}, {"rpc_method": "ListProducts", "timestamp": 1737548771.528, "histogram_quantile(0.95, sum(rate(rpc_server_duration_milliseconds_bucket{job=\"opentelemetry-demo/productcatalogservice\"}[90s])) by (rpc_method, le))": 4.757864238410595, "product_catalog_latency": 4.757864238410595, "kubernetes_prometheus_rules": "kubernetes_prometheus_rules", "add_security_context": "add_security_context", "delay_treatment": "delay_treatment"}, {"rpc_method": "ListProducts", "timestamp": 1737548772.528, "histogram_quantile(0.95, sum(rate(rpc_server_duration_milliseconds_bucket{job=\"opentelemetry-demo/productcatalogservice\"}[90s])) by (rpc_method, le))": 4.757864238410595, "product_catalog_latency": 4.757864238410595, "kubernetes_prometheus_rules": "kubernetes_prometheus_rules", "add_security_context": "add_security_context", "delay_treatment": "delay_treatment"}, {"rpc_method": "ListProducts", "timestamp": 1737548773.528, "histogram_quantile(0.95, sum(rate(rpc_server_duration_milliseconds_bucket{job=\"opentelemetry-demo/productcatalogservice\"}[90s])) by (rpc_method, le))": 4.757864238410595, "product_catalog_latency": 4.757864238410595, "kubernetes_prometheus_rules": "kubernetes_prometheus_rules", "add_security_context": "add_security_context", "delay_treatment": "delay_treatment"}, {"rpc_method": "ListProducts", "timestamp": 1737548774.528, "histogram_quantile(0.95, sum(rate(rpc_server_duration_milliseconds_bucket{job=\"opentelemetry-demo/productcatalogservice\"}[90s])) by (rpc_method, le))": 4.757864238410595, "product_catalog_latency": 4.757864238410595, "kubernetes_prometheus_rules": "kubernetes_prometheus_rules", "add_security_context": "add_security_context", "delay_treatment": "delay_treatment"}, {"rpc_method": "ListProducts", "timestamp": 1737548775.528, "histogram_quantile(0.95, sum(rate(rpc_server_duration_milliseconds_bucket{job=\"opentelemetry-demo/productcatalogservice\"}[90s])) by (rpc_method, le))": 4.757864238410595, "product_catalog_latency": 4.757864238410595, "kubernetes_prometheus_rules": "kubernetes_prometheus_rules", "add_security_context": "add_security_context", "delay_treatment": "delay_treatment"}, {"rpc_method": "ListProducts", "timestamp": 1737548776.528, "histogram_quantile(0.95, sum(rate(rpc_server_duration_milliseconds_bucket{job=\"opentelemetry-demo/productcatalogservice\"}[90s])) by (rpc_method, le))": 4.757864238410595, "product_catalog_latency": 4.757864238410595, "kubernetes_prometheus_rules": "kubernetes_prometheus_rules", "add_security_context": "add_security_context", "delay_treatment": "delay_treatment"}, {"rpc_method": "ListProducts", "timestamp": 1737548777.528, "histogram_quantile(0.95, sum(rate(rpc_server_duration_milliseconds_bucket{job=\"opentelemetry-demo/productcatalogservice\"}[90s])) by (rpc_method, le))": 4.757864238410595, "product_catalog_latency": 4.757864238410595, "kubernetes_prometheus_rules": "kubernetes_prometheus_rules", "add_security_context": "add_security_context", "delay_treatment": "delay_treatment"}, {"rpc_method": "ListProducts", "timestamp": 1737548778.528, "histogram_quantile(0.95, sum(rate(rpc_server_duration_milliseconds_bucket{job=\"opentelemetry-demo/productcatalogservice\"}[90s])) by (rpc_method, le))": 4.757864238410595, "product_catalog_latency": 4.757864238410595, "kubernetes_prometheus_rules": "kubernetes_prometheus_rules", "add_security_context": "add_security_context", "delay_treatment": "delay_treatment"}, {"rpc_method": "ListProducts", "timestamp": 1737548779.528, "histogram_quantile(0.95, sum(rate(rpc_server_duration_milliseconds_bucket{job=\"opentelemetry-demo/productcatalogservice\"}[90s])) by (rpc_method, le))": 4.757864238410595, "product_catalog_latency": 4.757864238410595, "kubernetes_prometheus_rules": "kubernetes_prometheus_rules", "add_security_context": "add_security_context", "delay_treatment": "delay_treatment"}, {"rpc_method": "ListProducts", "timestamp": 1737548780.528, "histogram_quantile(0.95, sum(rate(rpc_server_duration_milliseconds_bucket{job=\"opentelemetry-demo/productcatalogservice\"}[90s])) by (rpc_method, le))": 4.757864238410595, "product_catalog_latency": 4.757864238410595, "kubernetes_prometheus_rules": "kubernetes_prometheus_rules", "add_security_context": "add_security_context", "delay_treatment": "delay_treatment"}, {"rpc_method": "ListProducts", "timestamp": 1737548781.528, "histogram_quantile(0.95, sum(rate(rpc_server_duration_milliseconds_bucket{job=\"opentelemetry-demo/productcatalogservice\"}[90s])) by (rpc_method, le))": 4.757864238410595, "product_catalog_latency": 4.757864238410595, "kubernetes_prometheus_rules": "kubernetes_prometheus_rules", "add_security_context": "add_security_context", "delay_treatment": "delay_treatment"}, {"rpc_method": "ListProducts", "timestamp": 1737548782.528, "histogram_quantile(0.95, sum(rate(rpc_server_duration_milliseconds_bucket{job=\"opentelemetry-demo/productcatalogservice\"}[90s])) by (rpc_method, le))": 4.757864238410595, "product_catalog_latency": 4.757864238410595, "kubernetes_prometheus_rules": "kubernetes_prometheus_rules", "add_security_context": "add_security_context", "delay_treatment": "delay_treatment"}, {"rpc_method": "ListProducts", "timestamp": 1737548783.528, "histogram_quantile(0.95, sum(rate(rpc_server_duration_milliseconds_bucket{job=\"opentelemetry-demo/productcatalogservice\"}[90s])) by (rpc_method, le))": 4.757864238410595, "product_catalog_latency": 4.757864238410595, "kubernetes_prometheus_rules": "kubernetes_prometheus_rules", "add_security_context": "add_security_context", "delay_treatment": "delay_treatment"}, {"rpc_method": "ListProducts", "timestamp": 1737548784.528, "histogram_quantile(0.95, sum(rate(rpc_server_duration_milliseconds_bucket{job=\"opentelemetry-demo/productcatalogservice\"}[90s])) by (rpc_method, le))": 4.757864238410595, "product_catalog_latency": 4.757864238410595, "kubernetes_prometheus_rules": "kubernetes_prometheus_rules", "add_security_context": "add_security_context", "delay_treatment": "delay_treatment"}, {"rpc_method": "ListProducts", "timestamp": 1737548785.528, "histogram_quantile(0.95, sum(rate(rpc_server_duration_milliseconds_bucket{job=\"opentelemetry-demo/productcatalogservice\"}[90s])) by (rpc_method, le))": 4.757864238410595, "product_catalog_latency": 4.757864238410595, "kubernetes_prometheus_rules": "kubernetes_prometheus_rules", "add_security_context": "add_security_context", "delay_treatment": "delay_treatment"}, {"rpc_method": "ListProducts", "timestamp": 1737548786.528, "histogram_quantile(0.95, sum(rate(rpc_server_duration_milliseconds_bucket{job=\"opentelemetry-demo/productcatalogservice\"}[90s])) by (rpc_method, le))": 4.757864238410595, "product_catalog_latency": 4.757864238410595, "kubernetes_prometheus_rules": "kubernetes_prometheus_rules", "add_security_context": "add_security_context", "delay_treatment": "delay_treatment"}, {"rpc_method": "ListProducts", "timestamp": 1737548817.528, "histogram_quantile(0.95, sum(rate(rpc_server_duration_milliseconds_bucket{job=\"opentelemetry-demo/productcatalogservice\"}[90s])) by (rpc_method, le))": 4.75, "product_catalog_latency": 4.75, "kubernetes_prometheus_rules": "kubernetes_prometheus_rules", "add_security_context": "add_security_context", "delay_treatment": "delay_treatment"}, {"rpc_method": "ListProducts", "timestamp": 1737548818.528, "histogram_quantile(0.95, sum(rate(rpc_server_duration_milliseconds_bucket{job=\"opentelemetry-demo/productcatalogservice\"}[90s])) by (rpc_method, le))": 4.75, "product_catalog_latency": 4.75, "kubernetes_prometheus_rules": "kubernetes_prometheus_rules", "add_security_context": "add_security_context", "delay_treatment": "delay_treatment"}, {"rpc_method": "ListProducts", "timestamp": 1737548819.528, "histogram_quantile(0.95, sum(rate(rpc_server_duration_milliseconds_bucket{job=\"opentelemetry-demo/productcatalogservice\"}[90s])) by (rpc_method, le))": 4.75, "product_catalog_latency": 4.75, "kubernetes_prometheus_rules": "kubernetes_prometheus_rules", "add_security_context": "add_security_context", "delay_treatment": "delay_treatment"}, {"rpc_method": "ListProducts", "timestamp": 1737548820.528, "histogram_quantile(0.95, sum(rate(rpc_server_duration_milliseconds_bucket{job=\"opentelemetry-demo/productcatalogservice\"}[90s])) by (rpc_method, le))": 4.75, "product_catalog_latency": 4.75, "kubernetes_prometheus_rules": "kubernetes_prometheus_rules", "add_security_context": "add_security_context", "delay_treatment": "delay_treatment"}, {"rpc_method": "ListProducts", "timestamp": 1737548821.528, "histogram_quantile(0.95, sum(rate(rpc_server_duration_milliseconds_bucket{job=\"opentelemetry-demo/productcatalogservice\"}[90s])) by (rpc_method, le))": 4.75, "product_catalog_latency": 4.75, "kubernetes_prometheus_rules": "kubernetes_prometheus_rules", "add_security_context": "add_security_context", "delay_treatment": "delay_treatment"}, {"rpc_method": "ListProducts", "timestamp": 1737548822.528, "histogram_quantile(0.95, sum(rate(rpc_server_duration_milliseconds_bucket{job=\"opentelemetry-demo/productcatalogservice\"}[90s])) by (rpc_method, le))": 4.75, "product_catalog_latency": 4.75, "kubernetes_prometheus_rules": "kubernetes_prometheus_rules", "add_security_context": "add_security_context", "delay_treatment": "delay_treatment"}, {"rpc_method": "ListProducts", "timestamp": 1737548823.528, "histogram_quantile(0.95, sum(rate(rpc_server_duration_milliseconds_bucket{job=\"opentelemetry-demo/productcatalogservice\"}[90s])) by (rpc_method, le))": 4.75, "product_catalog_latency": 4.75, "kubernetes_prometheus_rules": "kubernetes_prometheus_rules", "add_security_context": "add_security_context", "delay_treatment": "delay_treatment"}, {"rpc_method": "ListProducts", "timestamp": 1737548824.528, "histogram_quantile(0.95, sum(rate(rpc_server_duration_milliseconds_bucket{job=\"opentelemetry-demo/productcatalogservice\"}[90s])) by (rpc_method, le))": 4.75, "product_catalog_latency": 4.75, "kubernetes_prometheus_rules": "kubernetes_prometheus_rules", "add_security_context": "add_security_context", "delay_treatment": "delay_treatment"}, {"rpc_method": "ListProducts", "timestamp": 1737548825.528, "histogram_quantile(0.95, sum(rate(rpc_server_duration_milliseconds_bucket{job=\"opentelemetry-demo/productcatalogservice\"}[90s])) by (rpc_method, le))": 4.75, "product_catalog_latency": 4.75, "kubernetes_prometheus_rules": "kubernetes_prometheus_rules", "add_security_context": "add_security_context", "delay_treatment": "delay_treatment"}, {"rpc_method": "ListProducts", "timestamp": 1737548826.528, "histogram_quantile(0.95, sum(rate(rpc_server_duration_milliseconds_bucket{job=\"opentelemetry-demo/productcatalogservice\"}[90s])) by (rpc_method, le))": 4.75, "product_catalog_latency": 4.75, "kubernetes_prometheus_rules": "NoTreatment", "add_security_context": "NoTreatment", "delay_treatment": "NoTreatment"}, {"rpc_method": "ListProducts", "timestamp": 1737548827.528, "histogram_quantile(0.95, sum(rate(rpc_server_duration_milliseconds_bucket{job=\"opentelemetry-demo/productcatalogservice\"}[90s])) by (rpc_method, le))": 4.75, "product_catalog_latency": 4.75, "kubernetes_prometheus_rules": "NoTreatment", "add_security_context": "NoTreatment", "delay_treatment": "NoTreatment"}, {"rpc_method": "ListProducts", "timestamp": 1737548828.528, "histogram_quantile(0.95, sum(rate(rpc_server_duration_milliseconds_bucket{job=\"opentelemetry-demo/productcatalogservice\"}[90s])) by (rpc_method, le))": 4.75, "product_catalog_latency": 4.75, "kubernetes_prometheus_rules": "NoTreatment", "add_security_context": "NoTreatment", "delay_treatment": "NoTreatment"}, {"rpc_method": "ListProducts", "timestamp": 1737548829.528, "histogram_quantile(0.95, sum(rate(rpc_server_duration_milliseconds_bucket{job=\"opentelemetry-demo/productcatalogservice\"}[90s])) by (rpc_method, le))": 4.75, "product_catalog_latency": 4.75, "kubernetes_prometheus_rules": "NoTreatment", "add_security_context": "NoTreatment", "delay_treatment": "NoTreatment"}, {"rpc_method": "ListProducts", "timestamp": 1737548830.528, "histogram_quantile(0.95, sum(rate(rpc_server_duration_milliseconds_bucket{job=\"opentelemetry-demo/productcatalogservice\"}[90s])) by (rpc_method, le))": 4.75, "product_catalog_latency": 4.75, "kubernetes_prometheus_rules": "NoTreatment", "add_security_context": "NoTreatment", "delay_treatment": "NoTreatment"}, {"rpc_method": "ListProducts", "timestamp": 1737548831.528, "histogram_quantile(0.95, sum(rate(rpc_server_duration_milliseconds_bucket{job=\"opentelemetry-demo/productcatalogservice\"}[90s])) by (rpc_method, le))": 4.75, "product_catalog_latency": 4.75, "kubernetes_prometheus_rules": "NoTreatment", "add_security_context": "NoTreatment", "delay_treatment": "NoTreatment"}, {"rpc_method": "ListProducts", "timestamp": 1737548832.528, "histogram_quantile(0.95, sum(rate(rpc_server_duration_milliseconds_bucket{job=\"opentelemetry-demo/productcatalogservice\"}[90s])) by (rpc_method, le))": 4.75, "product_catalog_latency": 4.75, "kubernetes_prometheus_rules": "NoTreatment", "add_security_context": "NoTreatment", "delay_treatment": "NoTreatment"}, {"rpc_method": "ListProducts", "timestamp": 1737548833.528, "histogram_quantile(0.95, sum(rate(rpc_server_duration_milliseconds_bucket{job=\"opentelemetry-demo/productcatalogservice\"}[90s])) by (rpc_method, le))": 4.75, "product_catalog_latency": 4.75, "kubernetes_prometheus_rules": "NoTreatment", "add_security_context": "NoTreatment", "delay_treatment": "NoTreatment"}, {"rpc_method": "ListProducts", "timestamp": 1737548834.528, "histogram_quantile(0.95, sum(rate(rpc_server_duration_milliseconds_bucket{job=\"opentelemetry-demo/productcatalogservice\"}[90s])) by (rpc_method, le))": 4.75, "product_catalog_latency": 4.75, "kubernetes_prometheus_rules": "NoTreatment", "add_security_context": "NoTreatment", "delay_treatment": "NoTreatment"}, {"rpc_method": "ListProducts", "timestamp": 1737548835.528, "histogram_quantile(0.95, sum(rate(rpc_server_duration_milliseconds_bucket{job=\"opentelemetry-demo/productcatalogservice\"}[90s])) by (rpc_method, le))": 4.75, "product_catalog_latency": 4.75, "kubernetes_prometheus_rules": "NoTreatment", "add_security_context": "NoTreatment", "delay_treatment": "NoTreatment"}]