[{"pod": "astronomy-shop-recommendationservice-7b9564b48f-s8x9k", "timestamp": 1737551305.674, "sum(rate(container_cpu_usage_seconds_total{namespace=\"system-under-evaluation\", pod=~\"astronomy-shop-recommendationservice.*\"}[90s])) by (pod)": 0.13122986245890023, "recommendation_deployment_CPU": 0.13122986245890023, "kubernetes_prometheus_rules": "kubernetes_prometheus_rules", "add_security_context": "NoTreatment", "delay_treatment": "NoTreatment"}, {"pod": "astronomy-shop-recommendationservice-7b9564b48f-s8x9k", "timestamp": 1737551306.674, "sum(rate(container_cpu_usage_seconds_total{namespace=\"system-under-evaluation\", pod=~\"astronomy-shop-recommendationservice.*\"}[90s])) by (pod)": 0.13122986245890023, "recommendation_deployment_CPU": 0.13122986245890023, "kubernetes_prometheus_rules": "kubernetes_prometheus_rules", "add_security_context": "NoTreatment", "delay_treatment": "NoTreatment"}, {"pod": "astronomy-shop-recommendationservice-7b9564b48f-s8x9k", "timestamp": 1737551307.674, "sum(rate(container_cpu_usage_seconds_total{namespace=\"system-under-evaluation\", pod=~\"astronomy-shop-recommendationservice.*\"}[90s])) by (pod)": 0.13122986245890023, "recommendation_deployment_CPU": 0.13122986245890023, "kubernetes_prometheus_rules": "kubernetes_prometheus_rules", "add_security_context": "NoTreatment", "delay_treatment": "NoTreatment"}, {"pod": "astronomy-shop-recommendationservice-7b9564b48f-s8x9k", "timestamp": 1737551308.674, "sum(rate(container_cpu_usage_seconds_total{namespace=\"system-under-evaluation\", pod=~\"astronomy-shop-recommendationservice.*\"}[90s])) by (pod)": 0.13122986245890023, "recommendation_deployment_CPU": 0.13122986245890023, "kubernetes_prometheus_rules": "kubernetes_prometheus_rules", "add_security_context": "NoTreatment", "delay_treatment": "NoTreatment"}, {"pod": "astronomy-shop-recommendationservice-7b9564b48f-s8x9k", "timestamp": 1737551309.674, "sum(rate(container_cpu_usage_seconds_total{namespace=\"system-under-evaluation\", pod=~\"astronomy-shop-recommendationservice.*\"}[90s])) by (pod)": 0.1197158889697573, "recommendation_deployment_CPU": 0.1197158889697573, "kubernetes_prometheus_rules": "kubernetes_prometheus_rules", "add_security_context": "NoTreatment", "delay_treatment": "NoTreatment"}, {"pod": "astronomy-shop-recommendationservice-7b9564b48f-s8x9k", "timestamp": 1737551310.674, "sum(rate(container_cpu_usage_seconds_total{namespace=\"system-under-evaluation\", pod=~\"astronomy-shop-recommendationservice.*\"}[90s])) by (pod)": 0.11891990048105056, "recommendation_deployment_CPU": 0.11891990048105056, "kubernetes_prometheus_rules": "kubernetes_prometheus_rules", "add_security_context": "NoTreatment", "delay_treatment": "NoTreatment"}, {"pod": "astronomy-shop-recommendationservice-7b9564b48f-s8x9k", "timestamp": 1737551311.674, "sum(rate(container_cpu_usage_seconds_total{namespace=\"system-under-evaluation\", pod=~\"astronomy-shop-recommendationservice.*\"}[90s])) by (pod)": 0.11812391199234382, "recommendation_deployment_CPU": 0.11812391199234382, "kubernetes_prometheus_rules": "kubernetes_prometheus_rules", "add_security_context": "NoTreatment", "delay_treatment": "NoTreatment"}, {"pod": "astronomy-shop-recommendationservice-7b9564b48f-s8x9k", "timestamp": 1737551312.674, "sum(rate(container_cpu_usage_seconds_total{namespace=\"system-under-evaluation\", pod=~\"astronomy-shop-recommendationservice.*\"}[90s])) by (pod)": 0.1173279235036371, "recommendation_deployment_CPU": 0.1173279235036371, "kubernetes_prometheus_rules": "kubernetes_prometheus_rules", "add_security_context": "NoTreatment", "delay_treatment": "NoTreatment"}, {"pod": "astronomy-shop-recommendationservice-7b9564b48f-s8x9k", "timestamp": 1737551313.674, "sum(rate(container_cpu_usage_seconds_total{namespace=\"system-under-evaluation\", pod=~\"astronomy-shop-recommendationservice.*\"}[90s])) by (pod)": 0.10332407025177141, "recommendation_deployment_CPU": 0.10332407025177141, "kubernetes_prometheus_rules": "kubernetes_prometheus_rules", "add_security_context": "NoTreatment", "delay_treatment": "NoTreatment"}, {"pod": "astronomy-shop-recommendationservice-7b9564b48f-s8x9k", "timestamp": 1737551314.674, "sum(rate(container_cpu_usage_seconds_total{namespace=\"system-under-evaluation\", pod=~\"astronomy-shop-recommendationservice.*\"}[90s])) by (pod)": 0.10252808176306467, "recommendation_deployment_CPU": 0.10252808176306467, "kubernetes_prometheus_rules": "kubernetes_prometheus_rules", "add_security_context": "NoTreatment", "delay_treatment": "NoTreatment"}, {"pod": "astronomy-shop-recommendationservice-7b9564b48f-s8x9k", "timestamp": 1737551315.674, "sum(rate(container_cpu_usage_seconds_total{namespace=\"system-under-evaluation\", pod=~\"astronomy-shop-recommendationservice.*\"}[90s])) by (pod)": 0.10173209327435793, "recommendation_deployment_CPU": 0.10173209327435793, "kubernetes_prometheus_rules": "kubernetes_prometheus_rules", "add_security_context": "add_security_context", "delay_treatment": "NoTreatment"}, {"pod": "astronomy-shop-recommendationservice-7b9564b48f-s8x9k", "timestamp": 1737551316.674, "sum(rate(container_cpu_usage_seconds_total{namespace=\"system-under-evaluation\", pod=~\"astronomy-shop-recommendationservice.*\"}[90s])) by (pod)": 0.10093610478565121, "recommendation_deployment_CPU": 0.10093610478565121, "kubernetes_prometheus_rules": "kubernetes_prometheus_rules", "add_security_context": "add_security_context", "delay_treatment": "delay_treatment"}, {"pod": "astronomy-shop-recommendationservice-7b9564b48f-s8x9k", "timestamp": 1737551317.674, "sum(rate(container_cpu_usage_seconds_total{namespace=\"system-under-evaluation\", pod=~\"astronomy-shop-recommendationservice.*\"}[90s])) by (pod)": 0.10014011629694447, "recommendation_deployment_CPU": 0.10014011629694447, "kubernetes_prometheus_rules": "kubernetes_prometheus_rules", "add_security_context": "add_security_context", "delay_treatment": "delay_treatment"}, {"pod": "astronomy-shop-recommendationservice-7b9564b48f-s8x9k", "timestamp": 1737551318.674, "sum(rate(container_cpu_usage_seconds_total{namespace=\"system-under-evaluation\", pod=~\"astronomy-shop-recommendationservice.*\"}[90s])) by (pod)": 0.09934412780823773, "recommendation_deployment_CPU": 0.09934412780823773, "kubernetes_prometheus_rules": "kubernetes_prometheus_rules", "add_security_context": "add_security_context", "delay_treatment": "delay_treatment"}, {"pod": "astronomy-shop-recommendationservice-7b9564b48f-s8x9k", "timestamp": 1737551319.674, "sum(rate(container_cpu_usage_seconds_total{namespace=\"system-under-evaluation\", pod=~\"astronomy-shop-recommendationservice.*\"}[90s])) by (pod)": 0.09854813931953099, "recommendation_deployment_CPU": 0.09854813931953099, "kubernetes_prometheus_rules": "kubernetes_prometheus_rules", "add_security_context": "add_security_context", "delay_treatment": "delay_treatment"}, {"pod": "astronomy-shop-recommendationservice-7b9564b48f-s8x9k", "timestamp": 1737551320.674, "sum(rate(container_cpu_usage_seconds_total{namespace=\"system-under-evaluation\", pod=~\"astronomy-shop-recommendationservice.*\"}[90s])) by (pod)": 0.09775215083082427, "recommendation_deployment_CPU": 0.09775215083082427, "kubernetes_prometheus_rules": "kubernetes_prometheus_rules", "add_security_context": "add_security_context", "delay_treatment": "delay_treatment"}, {"pod": "astronomy-shop-recommendationservice-7b9564b48f-s8x9k", "timestamp": 1737551321.674, "sum(rate(container_cpu_usage_seconds_total{namespace=\"system-under-evaluation\", pod=~\"astronomy-shop-recommendationservice.*\"}[90s])) by (pod)": 0.09695616234211754, "recommendation_deployment_CPU": 0.09695616234211754, "kubernetes_prometheus_rules": "kubernetes_prometheus_rules", "add_security_context": "add_security_context", "delay_treatment": "delay_treatment"}, {"pod": "astronomy-shop-recommendationservice-7b9564b48f-s8x9k", "timestamp": 1737551322.674, "sum(rate(container_cpu_usage_seconds_total{namespace=\"system-under-evaluation\", pod=~\"astronomy-shop-recommendationservice.*\"}[90s])) by (pod)": 0.0961601738534108, "recommendation_deployment_CPU": 0.0961601738534108, "kubernetes_prometheus_rules": "kubernetes_prometheus_rules", "add_security_context": "add_security_context", "delay_treatment": "delay_treatment"}, {"pod": "astronomy-shop-recommendationservice-7b9564b48f-s8x9k", "timestamp": 1737551323.674, "sum(rate(container_cpu_usage_seconds_total{namespace=\"system-under-evaluation\", pod=~\"astronomy-shop-recommendationservice.*\"}[90s])) by (pod)": 0.09536418536470406, "recommendation_deployment_CPU": 0.09536418536470406, "kubernetes_prometheus_rules": "kubernetes_prometheus_rules", "add_security_context": "add_security_context", "delay_treatment": "delay_treatment"}, {"pod": "astronomy-shop-recommendationservice-7b9564b48f-s8x9k", "timestamp": 1737551324.674, "sum(rate(container_cpu_usage_seconds_total{namespace=\"system-under-evaluation\", pod=~\"astronomy-shop-recommendationservice.*\"}[90s])) by (pod)": 0.06924561029654719, "recommendation_deployment_CPU": 0.06924561029654719, "kubernetes_prometheus_rules": "kubernetes_prometheus_rules", "add_security_context": "add_security_context", "delay_treatment": "delay_treatment"}, {"pod": "astronomy-shop-recommendationservice-7b9564b48f-s8x9k", "timestamp": 1737551325.674, "sum(rate(container_cpu_usage_seconds_total{namespace=\"system-under-evaluation\", pod=~\"astronomy-shop-recommendationservice.*\"}[90s])) by (pod)": 0.06844962180784046, "recommendation_deployment_CPU": 0.06844962180784046, "kubernetes_prometheus_rules": "kubernetes_prometheus_rules", "add_security_context": "add_security_context", "delay_treatment": "delay_treatment"}, {"pod": "astronomy-shop-recommendationservice-7b9564b48f-s8x9k", "timestamp": 1737551326.674, "sum(rate(container_cpu_usage_seconds_total{namespace=\"system-under-evaluation\", pod=~\"astronomy-shop-recommendationservice.*\"}[90s])) by (pod)": 0.06765363331913372, "recommendation_deployment_CPU": 0.06765363331913372, "kubernetes_prometheus_rules": "kubernetes_prometheus_rules", "add_security_context": "add_security_context", "delay_treatment": "delay_treatment"}, {"pod": "astronomy-shop-recommendationservice-7b9564b48f-s8x9k", "timestamp": 1737551327.674, "sum(rate(container_cpu_usage_seconds_total{namespace=\"system-under-evaluation\", pod=~\"astronomy-shop-recommendationservice.*\"}[90s])) by (pod)": 0.066857644830427, "recommendation_deployment_CPU": 0.066857644830427, "kubernetes_prometheus_rules": "kubernetes_prometheus_rules", "add_security_context": "add_security_context", "delay_treatment": "delay_treatment"}, {"pod": "astronomy-shop-recommendationservice-7b9564b48f-s8x9k", "timestamp": 1737551328.674, "sum(rate(container_cpu_usage_seconds_total{namespace=\"system-under-evaluation\", pod=~\"astronomy-shop-recommendationservice.*\"}[90s])) by (pod)": 0.03302964713268486, "recommendation_deployment_CPU": 0.03302964713268486, "kubernetes_prometheus_rules": "kubernetes_prometheus_rules", "add_security_context": "add_security_context", "delay_treatment": "delay_treatment"}, {"pod": "astronomy-shop-recommendationservice-7b9564b48f-s8x9k", "timestamp": 1737551329.674, "sum(rate(container_cpu_usage_seconds_total{namespace=\"system-under-evaluation\", pod=~\"astronomy-shop-recommendationservice.*\"}[90s])) by (pod)": 0.03302964713268486, "recommendation_deployment_CPU": 0.03302964713268486, "kubernetes_prometheus_rules": "kubernetes_prometheus_rules", "add_security_context": "add_security_context", "delay_treatment": "delay_treatment"}, {"pod": "astronomy-shop-recommendationservice-7b9564b48f-s8x9k", "timestamp": 1737551330.674, "sum(rate(container_cpu_usage_seconds_total{namespace=\"system-under-evaluation\", pod=~\"astronomy-shop-recommendationservice.*\"}[90s])) by (pod)": 0.03980457551295999, "recommendation_deployment_CPU": 0.03980457551295999, "kubernetes_prometheus_rules": "kubernetes_prometheus_rules", "add_security_context": "add_security_context", "delay_treatment": "delay_treatment"}, {"pod": "astronomy-shop-recommendationservice-7b9564b48f-s8x9k", "timestamp": 1737551331.674, "sum(rate(container_cpu_usage_seconds_total{namespace=\"system-under-evaluation\", pod=~\"astronomy-shop-recommendationservice.*\"}[90s])) by (pod)": 0.03980457551295999, "recommendation_deployment_CPU": 0.03980457551295999, "kubernetes_prometheus_rules": "kubernetes_prometheus_rules", "add_security_context": "add_security_context", "delay_treatment": "delay_treatment"}, {"pod": "astronomy-shop-recommendationservice-7b9564b48f-s8x9k", "timestamp": 1737551332.674, "sum(rate(container_cpu_usage_seconds_total{namespace=\"system-under-evaluation\", pod=~\"astronomy-shop-recommendationservice.*\"}[90s])) by (pod)": 0.03980457551295999, "recommendation_deployment_CPU": 0.03980457551295999, "kubernetes_prometheus_rules": "kubernetes_prometheus_rules", "add_security_context": "add_security_context", "delay_treatment": "delay_treatment"}, {"pod": "astronomy-shop-recommendationservice-7b9564b48f-s8x9k", "timestamp": 1737551333.674, "sum(rate(container_cpu_usage_seconds_total{namespace=\"system-under-evaluation\", pod=~\"astronomy-shop-recommendationservice.*\"}[90s])) by (pod)": 0.03980457551295999, "recommendation_deployment_CPU": 0.03980457551295999, "kubernetes_prometheus_rules": "kubernetes_prometheus_rules", "add_security_context": "add_security_context", "delay_treatment": "delay_treatment"}, {"pod": "astronomy-shop-recommendationservice-7b9564b48f-s8x9k", "timestamp": 1737551334.674, "sum(rate(container_cpu_usage_seconds_total{namespace=\"system-under-evaluation\", pod=~\"astronomy-shop-recommendationservice.*\"}[90s])) by (pod)": 0.03980457551295999, "recommendation_deployment_CPU": 0.03980457551295999, "kubernetes_prometheus_rules": "kubernetes_prometheus_rules", "add_security_context": "add_security_context", "delay_treatment": "delay_treatment"}, {"pod": "astronomy-shop-recommendationservice-7b9564b48f-s8x9k", "timestamp": 1737551335.674, "sum(rate(container_cpu_usage_seconds_total{namespace=\"system-under-evaluation\", pod=~\"astronomy-shop-recommendationservice.*\"}[90s])) by (pod)": 0.03980457551295999, "recommendation_deployment_CPU": 0.03980457551295999, "kubernetes_prometheus_rules": "kubernetes_prometheus_rules", "add_security_context": "add_security_context", "delay_treatment": "delay_treatment"}, {"pod": "astronomy-shop-recommendationservice-7b9564b48f-s8x9k", "timestamp": 1737551336.674, "sum(rate(container_cpu_usage_seconds_total{namespace=\"system-under-evaluation\", pod=~\"astronomy-shop-recommendationservice.*\"}[90s])) by (pod)": 0.03980457551295999, "recommendation_deployment_CPU": 0.03980457551295999, "kubernetes_prometheus_rules": "kubernetes_prometheus_rules", "add_security_context": "add_security_context", "delay_treatment": "delay_treatment"}, {"pod": "astronomy-shop-recommendationservice-7b9564b48f-s8x9k", "timestamp": 1737551337.674, "sum(rate(container_cpu_usage_seconds_total{namespace=\"system-under-evaluation\", pod=~\"astronomy-shop-recommendationservice.*\"}[90s])) by (pod)": 0.03980457551295999, "recommendation_deployment_CPU": 0.03980457551295999, "kubernetes_prometheus_rules": "kubernetes_prometheus_rules", "add_security_context": "add_security_context", "delay_treatment": "delay_treatment"}, {"pod": "astronomy-shop-recommendationservice-7b9564b48f-s8x9k", "timestamp": 1737551338.674, "sum(rate(container_cpu_usage_seconds_total{namespace=\"system-under-evaluation\", pod=~\"astronomy-shop-recommendationservice.*\"}[90s])) by (pod)": 0.03980457551295999, "recommendation_deployment_CPU": 0.03980457551295999, "kubernetes_prometheus_rules": "kubernetes_prometheus_rules", "add_security_context": "add_security_context", "delay_treatment": "delay_treatment"}, {"pod": "astronomy-shop-recommendationservice-7b9564b48f-s8x9k", "timestamp": 1737551339.674, "sum(rate(container_cpu_usage_seconds_total{namespace=\"system-under-evaluation\", pod=~\"astronomy-shop-recommendationservice.*\"}[90s])) by (pod)": 0.03980457551295999, "recommendation_deployment_CPU": 0.03980457551295999, "kubernetes_prometheus_rules": "kubernetes_prometheus_rules", "add_security_context": "add_security_context", "delay_treatment": "delay_treatment"}, {"pod": "astronomy-shop-recommendationservice-7b9564b48f-s8x9k", "timestamp": 1737551340.674, "sum(rate(container_cpu_usage_seconds_total{namespace=\"system-under-evaluation\", pod=~\"astronomy-shop-recommendationservice.*\"}[90s])) by (pod)": 0.03980457551295999, "recommendation_deployment_CPU": 0.03980457551295999, "kubernetes_prometheus_rules": "kubernetes_prometheus_rules", "add_security_context": "add_security_context", "delay_treatment": "delay_treatment"}, {"pod": "astronomy-shop-recommendationservice-7b9564b48f-s8x9k", "timestamp": 1737551341.674, "sum(rate(container_cpu_usage_seconds_total{namespace=\"system-under-evaluation\", pod=~\"astronomy-shop-recommendationservice.*\"}[90s])) by (pod)": 0.03980457551295999, "recommendation_deployment_CPU": 0.03980457551295999, "kubernetes_prometheus_rules": "kubernetes_prometheus_rules", "add_security_context": "add_security_context", "delay_treatment": "delay_treatment"}, {"pod": "astronomy-shop-recommendationservice-7b9564b48f-s8x9k", "timestamp": 1737551342.674, "sum(rate(container_cpu_usage_seconds_total{namespace=\"system-under-evaluation\", pod=~\"astronomy-shop-recommendationservice.*\"}[90s])) by (pod)": 0.03604434967990316, "recommendation_deployment_CPU": 0.03604434967990316, "kubernetes_prometheus_rules": "kubernetes_prometheus_rules", "add_security_context": "add_security_context", "delay_treatment": "delay_treatment"}, {"pod": "astronomy-shop-recommendationservice-7b9564b48f-s8x9k", "timestamp": 1737551343.674, "sum(rate(container_cpu_usage_seconds_total{namespace=\"system-under-evaluation\", pod=~\"astronomy-shop-recommendationservice.*\"}[90s])) by (pod)": 0.03581034471176221, "recommendation_deployment_CPU": 0.03581034471176221, "kubernetes_prometheus_rules": "kubernetes_prometheus_rules", "add_security_context": "add_security_context", "delay_treatment": "delay_treatment"}, {"pod": "astronomy-shop-recommendationservice-7b9564b48f-s8x9k", "timestamp": 1737551344.674, "sum(rate(container_cpu_usage_seconds_total{namespace=\"system-under-evaluation\", pod=~\"astronomy-shop-recommendationservice.*\"}[90s])) by (pod)": 0.03557633974362127, "recommendation_deployment_CPU": 0.03557633974362127, "kubernetes_prometheus_rules": "kubernetes_prometheus_rules", "add_security_context": "add_security_context", "delay_treatment": "delay_treatment"}, {"pod": "astronomy-shop-recommendationservice-7b9564b48f-s8x9k", "timestamp": 1737551345.674, "sum(rate(container_cpu_usage_seconds_total{namespace=\"system-under-evaluation\", pod=~\"astronomy-shop-recommendationservice.*\"}[90s])) by (pod)": 0.03534233477548032, "recommendation_deployment_CPU": 0.03534233477548032, "kubernetes_prometheus_rules": "kubernetes_prometheus_rules", "add_security_context": "add_security_context", "delay_treatment": "delay_treatment"}, {"pod": "astronomy-shop-recommendationservice-7b9564b48f-s8x9k", "timestamp": 1737551346.674, "sum(rate(container_cpu_usage_seconds_total{namespace=\"system-under-evaluation\", pod=~\"astronomy-shop-recommendationservice.*\"}[90s])) by (pod)": 0.0507638726845045, "recommendation_deployment_CPU": 0.0507638726845045, "kubernetes_prometheus_rules": "kubernetes_prometheus_rules", "add_security_context": "add_security_context", "delay_treatment": "delay_treatment"}, {"pod": "astronomy-shop-recommendationservice-7b9564b48f-s8x9k", "timestamp": 1737551347.674, "sum(rate(container_cpu_usage_seconds_total{namespace=\"system-under-evaluation\", pod=~\"astronomy-shop-recommendationservice.*\"}[90s])) by (pod)": 0.05052986771636356, "recommendation_deployment_CPU": 0.05052986771636356, "kubernetes_prometheus_rules": "kubernetes_prometheus_rules", "add_security_context": "add_security_context", "delay_treatment": "delay_treatment"}, {"pod": "astronomy-shop-recommendationservice-7b9564b48f-s8x9k", "timestamp": 1737551348.674, "sum(rate(container_cpu_usage_seconds_total{namespace=\"system-under-evaluation\", pod=~\"astronomy-shop-recommendationservice.*\"}[90s])) by (pod)": 0.05029586274822262, "recommendation_deployment_CPU": 0.05029586274822262, "kubernetes_prometheus_rules": "kubernetes_prometheus_rules", "add_security_context": "add_security_context", "delay_treatment": "delay_treatment"}, {"pod": "astronomy-shop-recommendationservice-7b9564b48f-s8x9k", "timestamp": 1737551349.674, "sum(rate(container_cpu_usage_seconds_total{namespace=\"system-under-evaluation\", pod=~\"astronomy-shop-recommendationservice.*\"}[90s])) by (pod)": 0.050061857780081674, "recommendation_deployment_CPU": 0.050061857780081674, "kubernetes_prometheus_rules": "kubernetes_prometheus_rules", "add_security_context": "add_security_context", "delay_treatment": "delay_treatment"}, {"pod": "astronomy-shop-recommendationservice-7b9564b48f-s8x9k", "timestamp": 1737551350.674, "sum(rate(container_cpu_usage_seconds_total{namespace=\"system-under-evaluation\", pod=~\"astronomy-shop-recommendationservice.*\"}[90s])) by (pod)": 0.04982785281194073, "recommendation_deployment_CPU": 0.04982785281194073, "kubernetes_prometheus_rules": "kubernetes_prometheus_rules", "add_security_context": "add_security_context", "delay_treatment": "delay_treatment"}, {"pod": "astronomy-shop-recommendationservice-7b9564b48f-s8x9k", "timestamp": 1737551351.674, "sum(rate(container_cpu_usage_seconds_total{namespace=\"system-under-evaluation\", pod=~\"astronomy-shop-recommendationservice.*\"}[90s])) by (pod)": 0.036375582368550895, "recommendation_deployment_CPU": 0.036375582368550895, "kubernetes_prometheus_rules": "kubernetes_prometheus_rules", "add_security_context": "add_security_context", "delay_treatment": "delay_treatment"}, {"pod": "astronomy-shop-recommendationservice-7b9564b48f-s8x9k", "timestamp": 1737551352.674, "sum(rate(container_cpu_usage_seconds_total{namespace=\"system-under-evaluation\", pod=~\"astronomy-shop-recommendationservice.*\"}[90s])) by (pod)": 0.036375582368550895, "recommendation_deployment_CPU": 0.036375582368550895, "kubernetes_prometheus_rules": "kubernetes_prometheus_rules", "add_security_context": "add_security_context", "delay_treatment": "delay_treatment"}, {"pod": "astronomy-shop-recommendationservice-7b9564b48f-s8x9k", "timestamp": 1737551353.674, "sum(rate(container_cpu_usage_seconds_total{namespace=\"system-under-evaluation\", pod=~\"astronomy-shop-recommendationservice.*\"}[90s])) by (pod)": 0.036375582368550895, "recommendation_deployment_CPU": 0.036375582368550895, "kubernetes_prometheus_rules": "kubernetes_prometheus_rules", "add_security_context": "add_security_context", "delay_treatment": "delay_treatment"}, {"pod": "astronomy-shop-recommendationservice-7b9564b48f-s8x9k", "timestamp": 1737551354.674, "sum(rate(container_cpu_usage_seconds_total{namespace=\"system-under-evaluation\", pod=~\"astronomy-shop-recommendationservice.*\"}[90s])) by (pod)": 0.036375582368550895, "recommendation_deployment_CPU": 0.036375582368550895, "kubernetes_prometheus_rules": "kubernetes_prometheus_rules", "add_security_context": "add_security_context", "delay_treatment": "delay_treatment"}, {"pod": "astronomy-shop-recommendationservice-7b9564b48f-s8x9k", "timestamp": 1737551355.674, "sum(rate(container_cpu_usage_seconds_total{namespace=\"system-under-evaluation\", pod=~\"astronomy-shop-recommendationservice.*\"}[90s])) by (pod)": 0.036375582368550895, "recommendation_deployment_CPU": 0.036375582368550895, "kubernetes_prometheus_rules": "kubernetes_prometheus_rules", "add_security_context": "add_security_context", "delay_treatment": "delay_treatment"}, {"pod": "astronomy-shop-recommendationservice-7b9564b48f-s8x9k", "timestamp": 1737551356.674, "sum(rate(container_cpu_usage_seconds_total{namespace=\"system-under-evaluation\", pod=~\"astronomy-shop-recommendationservice.*\"}[90s])) by (pod)": 0.03763110895629757, "recommendation_deployment_CPU": 0.03763110895629757, "kubernetes_prometheus_rules": "kubernetes_prometheus_rules", "add_security_context": "add_security_context", "delay_treatment": "delay_treatment"}, {"pod": "astronomy-shop-recommendationservice-7b9564b48f-s8x9k", "timestamp": 1737551357.674, "sum(rate(container_cpu_usage_seconds_total{namespace=\"system-under-evaluation\", pod=~\"astronomy-shop-recommendationservice.*\"}[90s])) by (pod)": 0.0939356639657179, "recommendation_deployment_CPU": 0.0939356639657179, "kubernetes_prometheus_rules": "kubernetes_prometheus_rules", "add_security_context": "add_security_context", "delay_treatment": "delay_treatment"}, {"pod": "astronomy-shop-recommendationservice-7b9564b48f-s8x9k", "timestamp": 1737551358.674, "sum(rate(container_cpu_usage_seconds_total{namespace=\"system-under-evaluation\", pod=~\"astronomy-shop-recommendationservice.*\"}[90s])) by (pod)": 0.0939356639657179, "recommendation_deployment_CPU": 0.0939356639657179, "kubernetes_prometheus_rules": "kubernetes_prometheus_rules", "add_security_context": "add_security_context", "delay_treatment": "delay_treatment"}, {"pod": "astronomy-shop-recommendationservice-7b9564b48f-s8x9k", "timestamp": 1737551359.674, "sum(rate(container_cpu_usage_seconds_total{namespace=\"system-under-evaluation\", pod=~\"astronomy-shop-recommendationservice.*\"}[90s])) by (pod)": 0.0939356639657179, "recommendation_deployment_CPU": 0.0939356639657179, "kubernetes_prometheus_rules": "kubernetes_prometheus_rules", "add_security_context": "add_security_context", "delay_treatment": "delay_treatment"}, {"pod": "astronomy-shop-recommendationservice-7b9564b48f-s8x9k", "timestamp": 1737551360.674, "sum(rate(container_cpu_usage_seconds_total{namespace=\"system-under-evaluation\", pod=~\"astronomy-shop-recommendationservice.*\"}[90s])) by (pod)": 0.0939356639657179, "recommendation_deployment_CPU": 0.0939356639657179, "kubernetes_prometheus_rules": "kubernetes_prometheus_rules", "add_security_context": "add_security_context", "delay_treatment": "delay_treatment"}, {"pod": "astronomy-shop-recommendationservice-7b9564b48f-s8x9k", "timestamp": 1737551361.674, "sum(rate(container_cpu_usage_seconds_total{namespace=\"system-under-evaluation\", pod=~\"astronomy-shop-recommendationservice.*\"}[90s])) by (pod)": 0.0939356639657179, "recommendation_deployment_CPU": 0.0939356639657179, "kubernetes_prometheus_rules": "kubernetes_prometheus_rules", "add_security_context": "add_security_context", "delay_treatment": "delay_treatment"}, {"pod": "astronomy-shop-recommendationservice-7b9564b48f-s8x9k", "timestamp": 1737551362.674, "sum(rate(container_cpu_usage_seconds_total{namespace=\"system-under-evaluation\", pod=~\"astronomy-shop-recommendationservice.*\"}[90s])) by (pod)": 0.0939356639657179, "recommendation_deployment_CPU": 0.0939356639657179, "kubernetes_prometheus_rules": "kubernetes_prometheus_rules", "add_security_context": "add_security_context", "delay_treatment": "delay_treatment"}, {"pod": "astronomy-shop-recommendationservice-7b9564b48f-s8x9k", "timestamp": 1737551363.674, "sum(rate(container_cpu_usage_seconds_total{namespace=\"system-under-evaluation\", pod=~\"astronomy-shop-recommendationservice.*\"}[90s])) by (pod)": 0.0939356639657179, "recommendation_deployment_CPU": 0.0939356639657179, "kubernetes_prometheus_rules": "kubernetes_prometheus_rules", "add_security_context": "add_security_context", "delay_treatment": "delay_treatment"}, {"pod": "astronomy-shop-recommendationservice-7b9564b48f-s8x9k", "timestamp": 1737551364.674, "sum(rate(container_cpu_usage_seconds_total{namespace=\"system-under-evaluation\", pod=~\"astronomy-shop-recommendationservice.*\"}[90s])) by (pod)": 0.0939356639657179, "recommendation_deployment_CPU": 0.0939356639657179, "kubernetes_prometheus_rules": "kubernetes_prometheus_rules", "add_security_context": "add_security_context", "delay_treatment": "delay_treatment"}, {"pod": "astronomy-shop-recommendationservice-7b9564b48f-s8x9k", "timestamp": 1737551365.674, "sum(rate(container_cpu_usage_seconds_total{namespace=\"system-under-evaluation\", pod=~\"astronomy-shop-recommendationservice.*\"}[90s])) by (pod)": 0.0939356639657179, "recommendation_deployment_CPU": 0.0939356639657179, "kubernetes_prometheus_rules": "kubernetes_prometheus_rules", "add_security_context": "add_security_context", "delay_treatment": "delay_treatment"}, {"pod": "astronomy-shop-recommendationservice-7b9564b48f-s8x9k", "timestamp": 1737551366.674, "sum(rate(container_cpu_usage_seconds_total{namespace=\"system-under-evaluation\", pod=~\"astronomy-shop-recommendationservice.*\"}[90s])) by (pod)": 0.0939356639657179, "recommendation_deployment_CPU": 0.0939356639657179, "kubernetes_prometheus_rules": "kubernetes_prometheus_rules", "add_security_context": "add_security_context", "delay_treatment": "delay_treatment"}, {"pod": "astronomy-shop-recommendationservice-7b9564b48f-s8x9k", "timestamp": 1737551367.674, "sum(rate(container_cpu_usage_seconds_total{namespace=\"system-under-evaluation\", pod=~\"astronomy-shop-recommendationservice.*\"}[90s])) by (pod)": 0.0939356639657179, "recommendation_deployment_CPU": 0.0939356639657179, "kubernetes_prometheus_rules": "kubernetes_prometheus_rules", "add_security_context": "add_security_context", "delay_treatment": "delay_treatment"}, {"pod": "astronomy-shop-recommendationservice-7b9564b48f-s8x9k", "timestamp": 1737551368.674, "sum(rate(container_cpu_usage_seconds_total{namespace=\"system-under-evaluation\", pod=~\"astronomy-shop-recommendationservice.*\"}[90s])) by (pod)": 0.0939356639657179, "recommendation_deployment_CPU": 0.0939356639657179, "kubernetes_prometheus_rules": "kubernetes_prometheus_rules", "add_security_context": "add_security_context", "delay_treatment": "delay_treatment"}, {"pod": "astronomy-shop-recommendationservice-7b9564b48f-s8x9k", "timestamp": 1737551369.674, "sum(rate(container_cpu_usage_seconds_total{namespace=\"system-under-evaluation\", pod=~\"astronomy-shop-recommendationservice.*\"}[90s])) by (pod)": 0.0939356639657179, "recommendation_deployment_CPU": 0.0939356639657179, "kubernetes_prometheus_rules": "kubernetes_prometheus_rules", "add_security_context": "add_security_context", "delay_treatment": "delay_treatment"}, {"pod": "astronomy-shop-recommendationservice-7b9564b48f-s8x9k", "timestamp": 1737551370.674, "sum(rate(container_cpu_usage_seconds_total{namespace=\"system-under-evaluation\", pod=~\"astronomy-shop-recommendationservice.*\"}[90s])) by (pod)": 0.0939356639657179, "recommendation_deployment_CPU": 0.0939356639657179, "kubernetes_prometheus_rules": "kubernetes_prometheus_rules", "add_security_context": "add_security_context", "delay_treatment": "delay_treatment"}, {"pod": "astronomy-shop-recommendationservice-7b9564b48f-s8x9k", "timestamp": 1737551371.674, "sum(rate(container_cpu_usage_seconds_total{namespace=\"system-under-evaluation\", pod=~\"astronomy-shop-recommendationservice.*\"}[90s])) by (pod)": 0.0939356639657179, "recommendation_deployment_CPU": 0.0939356639657179, "kubernetes_prometheus_rules": "kubernetes_prometheus_rules", "add_security_context": "add_security_context", "delay_treatment": "delay_treatment"}, {"pod": "astronomy-shop-recommendationservice-7b9564b48f-s8x9k", "timestamp": 1737551372.674, "sum(rate(container_cpu_usage_seconds_total{namespace=\"system-under-evaluation\", pod=~\"astronomy-shop-recommendationservice.*\"}[90s])) by (pod)": 0.0939356639657179, "recommendation_deployment_CPU": 0.0939356639657179, "kubernetes_prometheus_rules": "kubernetes_prometheus_rules", "add_security_context": "add_security_context", "delay_treatment": "delay_treatment"}, {"pod": "astronomy-shop-recommendationservice-7b9564b48f-s8x9k", "timestamp": 1737551373.674, "sum(rate(container_cpu_usage_seconds_total{namespace=\"system-under-evaluation\", pod=~\"astronomy-shop-recommendationservice.*\"}[90s])) by (pod)": 0.0939356639657179, "recommendation_deployment_CPU": 0.0939356639657179, "kubernetes_prometheus_rules": "kubernetes_prometheus_rules", "add_security_context": "add_security_context", "delay_treatment": "delay_treatment"}, {"pod": "astronomy-shop-recommendationservice-7b9564b48f-s8x9k", "timestamp": 1737551374.674, "sum(rate(container_cpu_usage_seconds_total{namespace=\"system-under-evaluation\", pod=~\"astronomy-shop-recommendationservice.*\"}[90s])) by (pod)": 0.09296022167608647, "recommendation_deployment_CPU": 0.09296022167608647, "kubernetes_prometheus_rules": "kubernetes_prometheus_rules", "add_security_context": "add_security_context", "delay_treatment": "delay_treatment"}, {"pod": "astronomy-shop-recommendationservice-7b9564b48f-s8x9k", "timestamp": 1737551375.674, "sum(rate(container_cpu_usage_seconds_total{namespace=\"system-under-evaluation\", pod=~\"astronomy-shop-recommendationservice.*\"}[90s])) by (pod)": 0.09296022167608647, "recommendation_deployment_CPU": 0.09296022167608647, "kubernetes_prometheus_rules": "kubernetes_prometheus_rules", "add_security_context": "add_security_context", "delay_treatment": "delay_treatment"}, {"pod": "astronomy-shop-recommendationservice-7b9564b48f-s8x9k", "timestamp": 1737551376.674, "sum(rate(container_cpu_usage_seconds_total{namespace=\"system-under-evaluation\", pod=~\"astronomy-shop-recommendationservice.*\"}[90s])) by (pod)": 0.09296022167608647, "recommendation_deployment_CPU": 0.09296022167608647, "kubernetes_prometheus_rules": "kubernetes_prometheus_rules", "add_security_context": "add_security_context", "delay_treatment": "delay_treatment"}, {"pod": "astronomy-shop-recommendationservice-7b9564b48f-s8x9k", "timestamp": 1737551377.674, "sum(rate(container_cpu_usage_seconds_total{namespace=\"system-under-evaluation\", pod=~\"astronomy-shop-recommendationservice.*\"}[90s])) by (pod)": 0.09296022167608647, "recommendation_deployment_CPU": 0.09296022167608647, "kubernetes_prometheus_rules": "kubernetes_prometheus_rules", "add_security_context": "add_security_context", "delay_treatment": "delay_treatment"}, {"pod": "astronomy-shop-recommendationservice-7b9564b48f-s8x9k", "timestamp": 1737551378.674, "sum(rate(container_cpu_usage_seconds_total{namespace=\"system-under-evaluation\", pod=~\"astronomy-shop-recommendationservice.*\"}[90s])) by (pod)": 0.09296022167608647, "recommendation_deployment_CPU": 0.09296022167608647, "kubernetes_prometheus_rules": "kubernetes_prometheus_rules", "add_security_context": "add_security_context", "delay_treatment": "delay_treatment"}, {"pod": "astronomy-shop-recommendationservice-7b9564b48f-s8x9k", "timestamp": 1737551379.674, "sum(rate(container_cpu_usage_seconds_total{namespace=\"system-under-evaluation\", pod=~\"astronomy-shop-recommendationservice.*\"}[90s])) by (pod)": 0.09296022167608647, "recommendation_deployment_CPU": 0.09296022167608647, "kubernetes_prometheus_rules": "kubernetes_prometheus_rules", "add_security_context": "add_security_context", "delay_treatment": "delay_treatment"}, {"pod": "astronomy-shop-recommendationservice-7b9564b48f-s8x9k", "timestamp": 1737551380.674, "sum(rate(container_cpu_usage_seconds_total{namespace=\"system-under-evaluation\", pod=~\"astronomy-shop-recommendationservice.*\"}[90s])) by (pod)": 0.09296022167608647, "recommendation_deployment_CPU": 0.09296022167608647, "kubernetes_prometheus_rules": "kubernetes_prometheus_rules", "add_security_context": "add_security_context", "delay_treatment": "delay_treatment"}, {"pod": "astronomy-shop-recommendationservice-7b9564b48f-s8x9k", "timestamp": 1737551381.674, "sum(rate(container_cpu_usage_seconds_total{namespace=\"system-under-evaluation\", pod=~\"astronomy-shop-recommendationservice.*\"}[90s])) by (pod)": 0.09296022167608647, "recommendation_deployment_CPU": 0.09296022167608647, "kubernetes_prometheus_rules": "kubernetes_prometheus_rules", "add_security_context": "add_security_context", "delay_treatment": "delay_treatment"}, {"pod": "astronomy-shop-recommendationservice-7b9564b48f-s8x9k", "timestamp": 1737551382.674, "sum(rate(container_cpu_usage_seconds_total{namespace=\"system-under-evaluation\", pod=~\"astronomy-shop-recommendationservice.*\"}[90s])) by (pod)": 0.14208633628000705, "recommendation_deployment_CPU": 0.14208633628000705, "kubernetes_prometheus_rules": "kubernetes_prometheus_rules", "add_security_context": "add_security_context", "delay_treatment": "delay_treatment"}, {"pod": "astronomy-shop-recommendationservice-7b9564b48f-s8x9k", "timestamp": 1737551383.674, "sum(rate(container_cpu_usage_seconds_total{namespace=\"system-under-evaluation\", pod=~\"astronomy-shop-recommendationservice.*\"}[90s])) by (pod)": 0.1433583868269577, "recommendation_deployment_CPU": 0.1433583868269577, "kubernetes_prometheus_rules": "kubernetes_prometheus_rules", "add_security_context": "add_security_context", "delay_treatment": "delay_treatment"}, {"pod": "astronomy-shop-recommendationservice-7b9564b48f-s8x9k", "timestamp": 1737551384.674, "sum(rate(container_cpu_usage_seconds_total{namespace=\"system-under-evaluation\", pod=~\"astronomy-shop-recommendationservice.*\"}[90s])) by (pod)": 0.18080341594760896, "recommendation_deployment_CPU": 0.18080341594760896, "kubernetes_prometheus_rules": "kubernetes_prometheus_rules", "add_security_context": "add_security_context", "delay_treatment": "delay_treatment"}, {"pod": "astronomy-shop-recommendationservice-7b9564b48f-s8x9k", "timestamp": 1737551385.674, "sum(rate(container_cpu_usage_seconds_total{namespace=\"system-under-evaluation\", pod=~\"astronomy-shop-recommendationservice.*\"}[90s])) by (pod)": 0.18207546649455958, "recommendation_deployment_CPU": 0.18207546649455958, "kubernetes_prometheus_rules": "kubernetes_prometheus_rules", "add_security_context": "add_security_context", "delay_treatment": "delay_treatment"}, {"pod": "astronomy-shop-recommendationservice-7b9564b48f-s8x9k", "timestamp": 1737551386.674, "sum(rate(container_cpu_usage_seconds_total{namespace=\"system-under-evaluation\", pod=~\"astronomy-shop-recommendationservice.*\"}[90s])) by (pod)": 0.18334751704151026, "recommendation_deployment_CPU": 0.18334751704151026, "kubernetes_prometheus_rules": "kubernetes_prometheus_rules", "add_security_context": "add_security_context", "delay_treatment": "delay_treatment"}, {"pod": "astronomy-shop-recommendationservice-7b9564b48f-s8x9k", "timestamp": 1737551387.674, "sum(rate(container_cpu_usage_seconds_total{namespace=\"system-under-evaluation\", pod=~\"astronomy-shop-recommendationservice.*\"}[90s])) by (pod)": 0.18461956758846088, "recommendation_deployment_CPU": 0.18461956758846088, "kubernetes_prometheus_rules": "kubernetes_prometheus_rules", "add_security_context": "add_security_context", "delay_treatment": "delay_treatment"}, {"pod": "astronomy-shop-recommendationservice-7b9564b48f-s8x9k", "timestamp": 1737551388.674, "sum(rate(container_cpu_usage_seconds_total{namespace=\"system-under-evaluation\", pod=~\"astronomy-shop-recommendationservice.*\"}[90s])) by (pod)": 0.18589161813541155, "recommendation_deployment_CPU": 0.18589161813541155, "kubernetes_prometheus_rules": "kubernetes_prometheus_rules", "add_security_context": "add_security_context", "delay_treatment": "delay_treatment"}, {"pod": "astronomy-shop-recommendationservice-7b9564b48f-s8x9k", "timestamp": 1737551389.674, "sum(rate(container_cpu_usage_seconds_total{namespace=\"system-under-evaluation\", pod=~\"astronomy-shop-recommendationservice.*\"}[90s])) by (pod)": 0.18716366868236217, "recommendation_deployment_CPU": 0.18716366868236217, "kubernetes_prometheus_rules": "kubernetes_prometheus_rules", "add_security_context": "add_security_context", "delay_treatment": "delay_treatment"}, {"pod": "astronomy-shop-recommendationservice-7b9564b48f-s8x9k", "timestamp": 1737551390.674, "sum(rate(container_cpu_usage_seconds_total{namespace=\"system-under-evaluation\", pod=~\"astronomy-shop-recommendationservice.*\"}[90s])) by (pod)": 0.18843571922931285, "recommendation_deployment_CPU": 0.18843571922931285, "kubernetes_prometheus_rules": "kubernetes_prometheus_rules", "add_security_context": "add_security_context", "delay_treatment": "delay_treatment"}, {"pod": "astronomy-shop-recommendationservice-7b9564b48f-s8x9k", "timestamp": 1737551391.674, "sum(rate(container_cpu_usage_seconds_total{namespace=\"system-under-evaluation\", pod=~\"astronomy-shop-recommendationservice.*\"}[90s])) by (pod)": 0.2089379939197899, "recommendation_deployment_CPU": 0.2089379939197899, "kubernetes_prometheus_rules": "kubernetes_prometheus_rules", "add_security_context": "add_security_context", "delay_treatment": "delay_treatment"}, {"pod": "astronomy-shop-recommendationservice-7b9564b48f-s8x9k", "timestamp": 1737551392.674, "sum(rate(container_cpu_usage_seconds_total{namespace=\"system-under-evaluation\", pod=~\"astronomy-shop-recommendationservice.*\"}[90s])) by (pod)": 0.2089379939197899, "recommendation_deployment_CPU": 0.2089379939197899, "kubernetes_prometheus_rules": "kubernetes_prometheus_rules", "add_security_context": "add_security_context", "delay_treatment": "delay_treatment"}, {"pod": "astronomy-shop-recommendationservice-7b9564b48f-s8x9k", "timestamp": 1737551393.674, "sum(rate(container_cpu_usage_seconds_total{namespace=\"system-under-evaluation\", pod=~\"astronomy-shop-recommendationservice.*\"}[90s])) by (pod)": 0.2089379939197899, "recommendation_deployment_CPU": 0.2089379939197899, "kubernetes_prometheus_rules": "kubernetes_prometheus_rules", "add_security_context": "add_security_context", "delay_treatment": "delay_treatment"}, {"pod": "astronomy-shop-recommendationservice-7b9564b48f-s8x9k", "timestamp": 1737551394.674, "sum(rate(container_cpu_usage_seconds_total{namespace=\"system-under-evaluation\", pod=~\"astronomy-shop-recommendationservice.*\"}[90s])) by (pod)": 0.2089379939197899, "recommendation_deployment_CPU": 0.2089379939197899, "kubernetes_prometheus_rules": "kubernetes_prometheus_rules", "add_security_context": "add_security_context", "delay_treatment": "delay_treatment"}, {"pod": "astronomy-shop-recommendationservice-7b9564b48f-s8x9k", "timestamp": 1737551395.674, "sum(rate(container_cpu_usage_seconds_total{namespace=\"system-under-evaluation\", pod=~\"astronomy-shop-recommendationservice.*\"}[90s])) by (pod)": 0.2089379939197899, "recommendation_deployment_CPU": 0.2089379939197899, "kubernetes_prometheus_rules": "kubernetes_prometheus_rules", "add_security_context": "add_security_context", "delay_treatment": "delay_treatment"}, {"pod": "astronomy-shop-recommendationservice-7b9564b48f-s8x9k", "timestamp": 1737551396.674, "sum(rate(container_cpu_usage_seconds_total{namespace=\"system-under-evaluation\", pod=~\"astronomy-shop-recommendationservice.*\"}[90s])) by (pod)": 0.2089379939197899, "recommendation_deployment_CPU": 0.2089379939197899, "kubernetes_prometheus_rules": "kubernetes_prometheus_rules", "add_security_context": "add_security_context", "delay_treatment": "delay_treatment"}, {"pod": "astronomy-shop-recommendationservice-7b9564b48f-s8x9k", "timestamp": 1737551397.674, "sum(rate(container_cpu_usage_seconds_total{namespace=\"system-under-evaluation\", pod=~\"astronomy-shop-recommendationservice.*\"}[90s])) by (pod)": 0.2089379939197899, "recommendation_deployment_CPU": 0.2089379939197899, "kubernetes_prometheus_rules": "kubernetes_prometheus_rules", "add_security_context": "add_security_context", "delay_treatment": "delay_treatment"}, {"pod": "astronomy-shop-recommendationservice-7b9564b48f-s8x9k", "timestamp": 1737551398.674, "sum(rate(container_cpu_usage_seconds_total{namespace=\"system-under-evaluation\", pod=~\"astronomy-shop-recommendationservice.*\"}[90s])) by (pod)": 0.2089379939197899, "recommendation_deployment_CPU": 0.2089379939197899, "kubernetes_prometheus_rules": "kubernetes_prometheus_rules", "add_security_context": "add_security_context", "delay_treatment": "delay_treatment"}, {"pod": "astronomy-shop-recommendationservice-7b9564b48f-s8x9k", "timestamp": 1737551399.674, "sum(rate(container_cpu_usage_seconds_total{namespace=\"system-under-evaluation\", pod=~\"astronomy-shop-recommendationservice.*\"}[90s])) by (pod)": 0.2089379939197899, "recommendation_deployment_CPU": 0.2089379939197899, "kubernetes_prometheus_rules": "kubernetes_prometheus_rules", "add_security_context": "add_security_context", "delay_treatment": "delay_treatment"}, {"pod": "astronomy-shop-recommendationservice-7b9564b48f-s8x9k", "timestamp": 1737551400.674, "sum(rate(container_cpu_usage_seconds_total{namespace=\"system-under-evaluation\", pod=~\"astronomy-shop-recommendationservice.*\"}[90s])) by (pod)": 0.2089379939197899, "recommendation_deployment_CPU": 0.2089379939197899, "kubernetes_prometheus_rules": "kubernetes_prometheus_rules", "add_security_context": "add_security_context", "delay_treatment": "delay_treatment"}, {"pod": "astronomy-shop-recommendationservice-7b9564b48f-s8x9k", "timestamp": 1737551401.674, "sum(rate(container_cpu_usage_seconds_total{namespace=\"system-under-evaluation\", pod=~\"astronomy-shop-recommendationservice.*\"}[90s])) by (pod)": 0.2089379939197899, "recommendation_deployment_CPU": 0.2089379939197899, "kubernetes_prometheus_rules": "kubernetes_prometheus_rules", "add_security_context": "add_security_context", "delay_treatment": "delay_treatment"}, {"pod": "astronomy-shop-recommendationservice-7b9564b48f-s8x9k", "timestamp": 1737551402.674, "sum(rate(container_cpu_usage_seconds_total{namespace=\"system-under-evaluation\", pod=~\"astronomy-shop-recommendationservice.*\"}[90s])) by (pod)": 0.2089379939197899, "recommendation_deployment_CPU": 0.2089379939197899, "kubernetes_prometheus_rules": "kubernetes_prometheus_rules", "add_security_context": "add_security_context", "delay_treatment": "delay_treatment"}, {"pod": "astronomy-shop-recommendationservice-7b9564b48f-s8x9k", "timestamp": 1737551403.674, "sum(rate(container_cpu_usage_seconds_total{namespace=\"system-under-evaluation\", pod=~\"astronomy-shop-recommendationservice.*\"}[90s])) by (pod)": 0.1910699725979556, "recommendation_deployment_CPU": 0.1910699725979556, "kubernetes_prometheus_rules": "kubernetes_prometheus_rules", "add_security_context": "add_security_context", "delay_treatment": "delay_treatment"}, {"pod": "astronomy-shop-recommendationservice-7b9564b48f-s8x9k", "timestamp": 1737551404.674, "sum(rate(container_cpu_usage_seconds_total{namespace=\"system-under-evaluation\", pod=~\"astronomy-shop-recommendationservice.*\"}[90s])) by (pod)": 0.19236212831670466, "recommendation_deployment_CPU": 0.19236212831670466, "kubernetes_prometheus_rules": "kubernetes_prometheus_rules", "add_security_context": "add_security_context", "delay_treatment": "delay_treatment"}, {"pod": "astronomy-shop-recommendationservice-7b9564b48f-s8x9k", "timestamp": 1737551405.674, "sum(rate(container_cpu_usage_seconds_total{namespace=\"system-under-evaluation\", pod=~\"astronomy-shop-recommendationservice.*\"}[90s])) by (pod)": 0.19365428403545373, "recommendation_deployment_CPU": 0.19365428403545373, "kubernetes_prometheus_rules": "kubernetes_prometheus_rules", "add_security_context": "add_security_context", "delay_treatment": "delay_treatment"}, {"pod": "astronomy-shop-recommendationservice-7b9564b48f-s8x9k", "timestamp": 1737551406.674, "sum(rate(container_cpu_usage_seconds_total{namespace=\"system-under-evaluation\", pod=~\"astronomy-shop-recommendationservice.*\"}[90s])) by (pod)": 0.19494643975420278, "recommendation_deployment_CPU": 0.19494643975420278, "kubernetes_prometheus_rules": "kubernetes_prometheus_rules", "add_security_context": "add_security_context", "delay_treatment": "delay_treatment"}, {"pod": "astronomy-shop-recommendationservice-7b9564b48f-s8x9k", "timestamp": 1737551407.674, "sum(rate(container_cpu_usage_seconds_total{namespace=\"system-under-evaluation\", pod=~\"astronomy-shop-recommendationservice.*\"}[90s])) by (pod)": 0.19623859547295186, "recommendation_deployment_CPU": 0.19623859547295186, "kubernetes_prometheus_rules": "kubernetes_prometheus_rules", "add_security_context": "add_security_context", "delay_treatment": "delay_treatment"}, {"pod": "astronomy-shop-recommendationservice-7b9564b48f-s8x9k", "timestamp": 1737551408.674, "sum(rate(container_cpu_usage_seconds_total{namespace=\"system-under-evaluation\", pod=~\"astronomy-shop-recommendationservice.*\"}[90s])) by (pod)": 0.1975307511917009, "recommendation_deployment_CPU": 0.1975307511917009, "kubernetes_prometheus_rules": "kubernetes_prometheus_rules", "add_security_context": "add_security_context", "delay_treatment": "delay_treatment"}, {"pod": "astronomy-shop-recommendationservice-7b9564b48f-s8x9k", "timestamp": 1737551409.674, "sum(rate(container_cpu_usage_seconds_total{namespace=\"system-under-evaluation\", pod=~\"astronomy-shop-recommendationservice.*\"}[90s])) by (pod)": 0.19882290691044996, "recommendation_deployment_CPU": 0.19882290691044996, "kubernetes_prometheus_rules": "kubernetes_prometheus_rules", "add_security_context": "add_security_context", "delay_treatment": "delay_treatment"}, {"pod": "astronomy-shop-recommendationservice-7b9564b48f-s8x9k", "timestamp": 1737551410.674, "sum(rate(container_cpu_usage_seconds_total{namespace=\"system-under-evaluation\", pod=~\"astronomy-shop-recommendationservice.*\"}[90s])) by (pod)": 0.20011506262919904, "recommendation_deployment_CPU": 0.20011506262919904, "kubernetes_prometheus_rules": "kubernetes_prometheus_rules", "add_security_context": "add_security_context", "delay_treatment": "delay_treatment"}, {"pod": "astronomy-shop-recommendationservice-7b9564b48f-s8x9k", "timestamp": 1737551411.674, "sum(rate(container_cpu_usage_seconds_total{namespace=\"system-under-evaluation\", pod=~\"astronomy-shop-recommendationservice.*\"}[90s])) by (pod)": 0.1809888989935698, "recommendation_deployment_CPU": 0.1809888989935698, "kubernetes_prometheus_rules": "kubernetes_prometheus_rules", "add_security_context": "add_security_context", "delay_treatment": "delay_treatment"}, {"pod": "astronomy-shop-recommendationservice-7b9564b48f-s8x9k", "timestamp": 1737551412.674, "sum(rate(container_cpu_usage_seconds_total{namespace=\"system-under-evaluation\", pod=~\"astronomy-shop-recommendationservice.*\"}[90s])) by (pod)": 0.18100900416536816, "recommendation_deployment_CPU": 0.18100900416536816, "kubernetes_prometheus_rules": "kubernetes_prometheus_rules", "add_security_context": "add_security_context", "delay_treatment": "delay_treatment"}, {"pod": "astronomy-shop-recommendationservice-7b9564b48f-s8x9k", "timestamp": 1737551413.674, "sum(rate(container_cpu_usage_seconds_total{namespace=\"system-under-evaluation\", pod=~\"astronomy-shop-recommendationservice.*\"}[90s])) by (pod)": 0.15944041766616668, "recommendation_deployment_CPU": 0.15944041766616668, "kubernetes_prometheus_rules": "kubernetes_prometheus_rules", "add_security_context": "add_security_context", "delay_treatment": "delay_treatment"}, {"pod": "astronomy-shop-recommendationservice-7b9564b48f-s8x9k", "timestamp": 1737551414.674, "sum(rate(container_cpu_usage_seconds_total{namespace=\"system-under-evaluation\", pod=~\"astronomy-shop-recommendationservice.*\"}[90s])) by (pod)": 0.15816836711921606, "recommendation_deployment_CPU": 0.15816836711921606, "kubernetes_prometheus_rules": "kubernetes_prometheus_rules", "add_security_context": "add_security_context", "delay_treatment": "delay_treatment"}, {"pod": "astronomy-shop-recommendationservice-7b9564b48f-s8x9k", "timestamp": 1737551415.674, "sum(rate(container_cpu_usage_seconds_total{namespace=\"system-under-evaluation\", pod=~\"astronomy-shop-recommendationservice.*\"}[90s])) by (pod)": 0.15689631657226538, "recommendation_deployment_CPU": 0.15689631657226538, "kubernetes_prometheus_rules": "kubernetes_prometheus_rules", "add_security_context": "add_security_context", "delay_treatment": "delay_treatment"}, {"pod": "astronomy-shop-recommendationservice-7b9564b48f-s8x9k", "timestamp": 1737551416.674, "sum(rate(container_cpu_usage_seconds_total{namespace=\"system-under-evaluation\", pod=~\"astronomy-shop-recommendationservice.*\"}[90s])) by (pod)": 0.21346253997355824, "recommendation_deployment_CPU": 0.21346253997355824, "kubernetes_prometheus_rules": "kubernetes_prometheus_rules", "add_security_context": "add_security_context", "delay_treatment": "delay_treatment"}, {"pod": "astronomy-shop-recommendationservice-7b9564b48f-s8x9k", "timestamp": 1737551417.674, "sum(rate(container_cpu_usage_seconds_total{namespace=\"system-under-evaluation\", pod=~\"astronomy-shop-recommendationservice.*\"}[90s])) by (pod)": 0.2121904894266076, "recommendation_deployment_CPU": 0.2121904894266076, "kubernetes_prometheus_rules": "kubernetes_prometheus_rules", "add_security_context": "add_security_context", "delay_treatment": "delay_treatment"}, {"pod": "astronomy-shop-recommendationservice-7b9564b48f-s8x9k", "timestamp": 1737551418.674, "sum(rate(container_cpu_usage_seconds_total{namespace=\"system-under-evaluation\", pod=~\"astronomy-shop-recommendationservice.*\"}[90s])) by (pod)": 0.21091843887965694, "recommendation_deployment_CPU": 0.21091843887965694, "kubernetes_prometheus_rules": "kubernetes_prometheus_rules", "add_security_context": "add_security_context", "delay_treatment": "delay_treatment"}, {"pod": "astronomy-shop-recommendationservice-7b9564b48f-s8x9k", "timestamp": 1737551419.674, "sum(rate(container_cpu_usage_seconds_total{namespace=\"system-under-evaluation\", pod=~\"astronomy-shop-recommendationservice.*\"}[90s])) by (pod)": 0.20964638833270632, "recommendation_deployment_CPU": 0.20964638833270632, "kubernetes_prometheus_rules": "kubernetes_prometheus_rules", "add_security_context": "add_security_context", "delay_treatment": "delay_treatment"}, {"pod": "astronomy-shop-recommendationservice-7b9564b48f-s8x9k", "timestamp": 1737551420.674, "sum(rate(container_cpu_usage_seconds_total{namespace=\"system-under-evaluation\", pod=~\"astronomy-shop-recommendationservice.*\"}[90s])) by (pod)": 0.2482760019352892, "recommendation_deployment_CPU": 0.2482760019352892, "kubernetes_prometheus_rules": "kubernetes_prometheus_rules", "add_security_context": "add_security_context", "delay_treatment": "delay_treatment"}, {"pod": "astronomy-shop-recommendationservice-7b9564b48f-s8x9k", "timestamp": 1737551421.674, "sum(rate(container_cpu_usage_seconds_total{namespace=\"system-under-evaluation\", pod=~\"astronomy-shop-recommendationservice.*\"}[90s])) by (pod)": 0.25276624543365855, "recommendation_deployment_CPU": 0.25276624543365855, "kubernetes_prometheus_rules": "kubernetes_prometheus_rules", "add_security_context": "add_security_context", "delay_treatment": "delay_treatment"}, {"pod": "astronomy-shop-recommendationservice-7b9564b48f-s8x9k", "timestamp": 1737551422.674, "sum(rate(container_cpu_usage_seconds_total{namespace=\"system-under-evaluation\", pod=~\"astronomy-shop-recommendationservice.*\"}[90s])) by (pod)": 0.25276624543365855, "recommendation_deployment_CPU": 0.25276624543365855, "kubernetes_prometheus_rules": "kubernetes_prometheus_rules", "add_security_context": "add_security_context", "delay_treatment": "delay_treatment"}, {"pod": "astronomy-shop-recommendationservice-7b9564b48f-s8x9k", "timestamp": 1737551423.674, "sum(rate(container_cpu_usage_seconds_total{namespace=\"system-under-evaluation\", pod=~\"astronomy-shop-recommendationservice.*\"}[90s])) by (pod)": 0.25276624543365855, "recommendation_deployment_CPU": 0.25276624543365855, "kubernetes_prometheus_rules": "kubernetes_prometheus_rules", "add_security_context": "add_security_context", "delay_treatment": "delay_treatment"}, {"pod": "astronomy-shop-recommendationservice-7b9564b48f-s8x9k", "timestamp": 1737551424.674, "sum(rate(container_cpu_usage_seconds_total{namespace=\"system-under-evaluation\", pod=~\"astronomy-shop-recommendationservice.*\"}[90s])) by (pod)": 0.25276624543365855, "recommendation_deployment_CPU": 0.25276624543365855, "kubernetes_prometheus_rules": "kubernetes_prometheus_rules", "add_security_context": "add_security_context", "delay_treatment": "delay_treatment"}, {"pod": "astronomy-shop-recommendationservice-7b9564b48f-s8x9k", "timestamp": 1737551425.674, "sum(rate(container_cpu_usage_seconds_total{namespace=\"system-under-evaluation\", pod=~\"astronomy-shop-recommendationservice.*\"}[90s])) by (pod)": 0.25276624543365855, "recommendation_deployment_CPU": 0.25276624543365855, "kubernetes_prometheus_rules": "kubernetes_prometheus_rules", "add_security_context": "add_security_context", "delay_treatment": "delay_treatment"}, {"pod": "astronomy-shop-recommendationservice-7b9564b48f-s8x9k", "timestamp": 1737551426.674, "sum(rate(container_cpu_usage_seconds_total{namespace=\"system-under-evaluation\", pod=~\"astronomy-shop-recommendationservice.*\"}[90s])) by (pod)": 0.25276624543365855, "recommendation_deployment_CPU": 0.25276624543365855, "kubernetes_prometheus_rules": "kubernetes_prometheus_rules", "add_security_context": "add_security_context", "delay_treatment": "delay_treatment"}, {"pod": "astronomy-shop-recommendationservice-7b9564b48f-s8x9k", "timestamp": 1737551427.674, "sum(rate(container_cpu_usage_seconds_total{namespace=\"system-under-evaluation\", pod=~\"astronomy-shop-recommendationservice.*\"}[90s])) by (pod)": 0.25276624543365855, "recommendation_deployment_CPU": 0.25276624543365855, "kubernetes_prometheus_rules": "kubernetes_prometheus_rules", "add_security_context": "add_security_context", "delay_treatment": "delay_treatment"}, {"pod": "astronomy-shop-recommendationservice-7b9564b48f-s8x9k", "timestamp": 1737551428.674, "sum(rate(container_cpu_usage_seconds_total{namespace=\"system-under-evaluation\", pod=~\"astronomy-shop-recommendationservice.*\"}[90s])) by (pod)": 0.25276624543365855, "recommendation_deployment_CPU": 0.25276624543365855, "kubernetes_prometheus_rules": "kubernetes_prometheus_rules", "add_security_context": "add_security_context", "delay_treatment": "delay_treatment"}, {"pod": "astronomy-shop-recommendationservice-7b9564b48f-s8x9k", "timestamp": 1737551429.674, "sum(rate(container_cpu_usage_seconds_total{namespace=\"system-under-evaluation\", pod=~\"astronomy-shop-recommendationservice.*\"}[90s])) by (pod)": 0.25276624543365855, "recommendation_deployment_CPU": 0.25276624543365855, "kubernetes_prometheus_rules": "kubernetes_prometheus_rules", "add_security_context": "add_security_context", "delay_treatment": "delay_treatment"}, {"pod": "astronomy-shop-recommendationservice-7b9564b48f-s8x9k", "timestamp": 1737551430.674, "sum(rate(container_cpu_usage_seconds_total{namespace=\"system-under-evaluation\", pod=~\"astronomy-shop-recommendationservice.*\"}[90s])) by (pod)": 0.25276624543365855, "recommendation_deployment_CPU": 0.25276624543365855, "kubernetes_prometheus_rules": "kubernetes_prometheus_rules", "add_security_context": "add_security_context", "delay_treatment": "delay_treatment"}, {"pod": "astronomy-shop-recommendationservice-7b9564b48f-s8x9k", "timestamp": 1737551431.674, "sum(rate(container_cpu_usage_seconds_total{namespace=\"system-under-evaluation\", pod=~\"astronomy-shop-recommendationservice.*\"}[90s])) by (pod)": 0.25276624543365855, "recommendation_deployment_CPU": 0.25276624543365855, "kubernetes_prometheus_rules": "kubernetes_prometheus_rules", "add_security_context": "add_security_context", "delay_treatment": "delay_treatment"}, {"pod": "astronomy-shop-recommendationservice-7b9564b48f-s8x9k", "timestamp": 1737551432.674, "sum(rate(container_cpu_usage_seconds_total{namespace=\"system-under-evaluation\", pod=~\"astronomy-shop-recommendationservice.*\"}[90s])) by (pod)": 0.25276624543365855, "recommendation_deployment_CPU": 0.25276624543365855, "kubernetes_prometheus_rules": "kubernetes_prometheus_rules", "add_security_context": "add_security_context", "delay_treatment": "delay_treatment"}, {"pod": "astronomy-shop-recommendationservice-7b9564b48f-s8x9k", "timestamp": 1737551433.674, "sum(rate(container_cpu_usage_seconds_total{namespace=\"system-under-evaluation\", pod=~\"astronomy-shop-recommendationservice.*\"}[90s])) by (pod)": 0.25276624543365855, "recommendation_deployment_CPU": 0.25276624543365855, "kubernetes_prometheus_rules": "kubernetes_prometheus_rules", "add_security_context": "add_security_context", "delay_treatment": "delay_treatment"}, {"pod": "astronomy-shop-recommendationservice-7b9564b48f-s8x9k", "timestamp": 1737551434.674, "sum(rate(container_cpu_usage_seconds_total{namespace=\"system-under-evaluation\", pod=~\"astronomy-shop-recommendationservice.*\"}[90s])) by (pod)": 0.25276624543365855, "recommendation_deployment_CPU": 0.25276624543365855, "kubernetes_prometheus_rules": "kubernetes_prometheus_rules", "add_security_context": "add_security_context", "delay_treatment": "delay_treatment"}, {"pod": "astronomy-shop-recommendationservice-7b9564b48f-s8x9k", "timestamp": 1737551435.674, "sum(rate(container_cpu_usage_seconds_total{namespace=\"system-under-evaluation\", pod=~\"astronomy-shop-recommendationservice.*\"}[90s])) by (pod)": 0.25276624543365855, "recommendation_deployment_CPU": 0.25276624543365855, "kubernetes_prometheus_rules": "kubernetes_prometheus_rules", "add_security_context": "add_security_context", "delay_treatment": "delay_treatment"}, {"pod": "astronomy-shop-recommendationservice-7b9564b48f-s8x9k", "timestamp": 1737551436.674, "sum(rate(container_cpu_usage_seconds_total{namespace=\"system-under-evaluation\", pod=~\"astronomy-shop-recommendationservice.*\"}[90s])) by (pod)": 0.256951217271695, "recommendation_deployment_CPU": 0.256951217271695, "kubernetes_prometheus_rules": "kubernetes_prometheus_rules", "add_security_context": "add_security_context", "delay_treatment": "delay_treatment"}, {"pod": "astronomy-shop-recommendationservice-7b9564b48f-s8x9k", "timestamp": 1737551437.674, "sum(rate(container_cpu_usage_seconds_total{namespace=\"system-under-evaluation\", pod=~\"astronomy-shop-recommendationservice.*\"}[90s])) by (pod)": 0.256951217271695, "recommendation_deployment_CPU": 0.256951217271695, "kubernetes_prometheus_rules": "kubernetes_prometheus_rules", "add_security_context": "add_security_context", "delay_treatment": "delay_treatment"}, {"pod": "astronomy-shop-recommendationservice-7b9564b48f-s8x9k", "timestamp": 1737551438.674, "sum(rate(container_cpu_usage_seconds_total{namespace=\"system-under-evaluation\", pod=~\"astronomy-shop-recommendationservice.*\"}[90s])) by (pod)": 0.256951217271695, "recommendation_deployment_CPU": 0.256951217271695, "kubernetes_prometheus_rules": "kubernetes_prometheus_rules", "add_security_context": "add_security_context", "delay_treatment": "delay_treatment"}, {"pod": "astronomy-shop-recommendationservice-7b9564b48f-s8x9k", "timestamp": 1737551439.674, "sum(rate(container_cpu_usage_seconds_total{namespace=\"system-under-evaluation\", pod=~\"astronomy-shop-recommendationservice.*\"}[90s])) by (pod)": 0.256951217271695, "recommendation_deployment_CPU": 0.256951217271695, "kubernetes_prometheus_rules": "kubernetes_prometheus_rules", "add_security_context": "add_security_context", "delay_treatment": "delay_treatment"}, {"pod": "astronomy-shop-recommendationservice-7b9564b48f-s8x9k", "timestamp": 1737551440.674, "sum(rate(container_cpu_usage_seconds_total{namespace=\"system-under-evaluation\", pod=~\"astronomy-shop-recommendationservice.*\"}[90s])) by (pod)": 0.256951217271695, "recommendation_deployment_CPU": 0.256951217271695, "kubernetes_prometheus_rules": "kubernetes_prometheus_rules", "add_security_context": "add_security_context", "delay_treatment": "delay_treatment"}, {"pod": "astronomy-shop-recommendationservice-7b9564b48f-s8x9k", "timestamp": 1737551441.674, "sum(rate(container_cpu_usage_seconds_total{namespace=\"system-under-evaluation\", pod=~\"astronomy-shop-recommendationservice.*\"}[90s])) by (pod)": 0.256951217271695, "recommendation_deployment_CPU": 0.256951217271695, "kubernetes_prometheus_rules": "kubernetes_prometheus_rules", "add_security_context": "add_security_context", "delay_treatment": "delay_treatment"}, {"pod": "astronomy-shop-recommendationservice-7b9564b48f-s8x9k", "timestamp": 1737551442.674, "sum(rate(container_cpu_usage_seconds_total{namespace=\"system-under-evaluation\", pod=~\"astronomy-shop-recommendationservice.*\"}[90s])) by (pod)": 0.256951217271695, "recommendation_deployment_CPU": 0.256951217271695, "kubernetes_prometheus_rules": "kubernetes_prometheus_rules", "add_security_context": "add_security_context", "delay_treatment": "delay_treatment"}, {"pod": "astronomy-shop-recommendationservice-7b9564b48f-s8x9k", "timestamp": 1737551443.674, "sum(rate(container_cpu_usage_seconds_total{namespace=\"system-under-evaluation\", pod=~\"astronomy-shop-recommendationservice.*\"}[90s])) by (pod)": 0.256951217271695, "recommendation_deployment_CPU": 0.256951217271695, "kubernetes_prometheus_rules": "kubernetes_prometheus_rules", "add_security_context": "add_security_context", "delay_treatment": "delay_treatment"}, {"pod": "astronomy-shop-recommendationservice-7b9564b48f-s8x9k", "timestamp": 1737551444.674, "sum(rate(container_cpu_usage_seconds_total{namespace=\"system-under-evaluation\", pod=~\"astronomy-shop-recommendationservice.*\"}[90s])) by (pod)": 0.256951217271695, "recommendation_deployment_CPU": 0.256951217271695, "kubernetes_prometheus_rules": "kubernetes_prometheus_rules", "add_security_context": "add_security_context", "delay_treatment": "delay_treatment"}, {"pod": "astronomy-shop-recommendationservice-7b9564b48f-s8x9k", "timestamp": 1737551445.674, "sum(rate(container_cpu_usage_seconds_total{namespace=\"system-under-evaluation\", pod=~\"astronomy-shop-recommendationservice.*\"}[90s])) by (pod)": 0.2611092021818981, "recommendation_deployment_CPU": 0.2611092021818981, "kubernetes_prometheus_rules": "kubernetes_prometheus_rules", "add_security_context": "add_security_context", "delay_treatment": "delay_treatment"}, {"pod": "astronomy-shop-recommendationservice-7b9564b48f-s8x9k", "timestamp": 1737551446.674, "sum(rate(container_cpu_usage_seconds_total{namespace=\"system-under-evaluation\", pod=~\"astronomy-shop-recommendationservice.*\"}[90s])) by (pod)": 0.2611092021818981, "recommendation_deployment_CPU": 0.2611092021818981, "kubernetes_prometheus_rules": "kubernetes_prometheus_rules", "add_security_context": "add_security_context", "delay_treatment": "delay_treatment"}, {"pod": "astronomy-shop-recommendationservice-7b9564b48f-s8x9k", "timestamp": 1737551447.674, "sum(rate(container_cpu_usage_seconds_total{namespace=\"system-under-evaluation\", pod=~\"astronomy-shop-recommendationservice.*\"}[90s])) by (pod)": 0.2669823293759085, "recommendation_deployment_CPU": 0.2669823293759085, "kubernetes_prometheus_rules": "kubernetes_prometheus_rules", "add_security_context": "add_security_context", "delay_treatment": "delay_treatment"}, {"pod": "astronomy-shop-recommendationservice-7b9564b48f-s8x9k", "timestamp": 1737551448.674, "sum(rate(container_cpu_usage_seconds_total{namespace=\"system-under-evaluation\", pod=~\"astronomy-shop-recommendationservice.*\"}[90s])) by (pod)": 0.2669823293759085, "recommendation_deployment_CPU": 0.2669823293759085, "kubernetes_prometheus_rules": "kubernetes_prometheus_rules", "add_security_context": "add_security_context", "delay_treatment": "delay_treatment"}, {"pod": "astronomy-shop-recommendationservice-7b9564b48f-s8x9k", "timestamp": 1737551449.674, "sum(rate(container_cpu_usage_seconds_total{namespace=\"system-under-evaluation\", pod=~\"astronomy-shop-recommendationservice.*\"}[90s])) by (pod)": 0.2669823293759085, "recommendation_deployment_CPU": 0.2669823293759085, "kubernetes_prometheus_rules": "kubernetes_prometheus_rules", "add_security_context": "add_security_context", "delay_treatment": "delay_treatment"}, {"pod": "astronomy-shop-recommendationservice-7b9564b48f-s8x9k", "timestamp": 1737551450.674, "sum(rate(container_cpu_usage_seconds_total{namespace=\"system-under-evaluation\", pod=~\"astronomy-shop-recommendationservice.*\"}[90s])) by (pod)": 0.2669823293759085, "recommendation_deployment_CPU": 0.2669823293759085, "kubernetes_prometheus_rules": "kubernetes_prometheus_rules", "add_security_context": "add_security_context", "delay_treatment": "delay_treatment"}, {"pod": "astronomy-shop-recommendationservice-7b9564b48f-s8x9k", "timestamp": 1737551451.674, "sum(rate(container_cpu_usage_seconds_total{namespace=\"system-under-evaluation\", pod=~\"astronomy-shop-recommendationservice.*\"}[90s])) by (pod)": 0.27034648855779286, "recommendation_deployment_CPU": 0.27034648855779286, "kubernetes_prometheus_rules": "kubernetes_prometheus_rules", "add_security_context": "add_security_context", "delay_treatment": "delay_treatment"}, {"pod": "astronomy-shop-recommendationservice-7b9564b48f-s8x9k", "timestamp": 1737551452.674, "sum(rate(container_cpu_usage_seconds_total{namespace=\"system-under-evaluation\", pod=~\"astronomy-shop-recommendationservice.*\"}[90s])) by (pod)": 0.27034648855779286, "recommendation_deployment_CPU": 0.27034648855779286, "kubernetes_prometheus_rules": "kubernetes_prometheus_rules", "add_security_context": "add_security_context", "delay_treatment": "delay_treatment"}, {"pod": "astronomy-shop-recommendationservice-7b9564b48f-s8x9k", "timestamp": 1737551453.674, "sum(rate(container_cpu_usage_seconds_total{namespace=\"system-under-evaluation\", pod=~\"astronomy-shop-recommendationservice.*\"}[90s])) by (pod)": 0.27034648855779286, "recommendation_deployment_CPU": 0.27034648855779286, "kubernetes_prometheus_rules": "kubernetes_prometheus_rules", "add_security_context": "add_security_context", "delay_treatment": "delay_treatment"}, {"pod": "astronomy-shop-recommendationservice-7b9564b48f-s8x9k", "timestamp": 1737551454.674, "sum(rate(container_cpu_usage_seconds_total{namespace=\"system-under-evaluation\", pod=~\"astronomy-shop-recommendationservice.*\"}[90s])) by (pod)": 0.27034648855779286, "recommendation_deployment_CPU": 0.27034648855779286, "kubernetes_prometheus_rules": "kubernetes_prometheus_rules", "add_security_context": "add_security_context", "delay_treatment": "delay_treatment"}, {"pod": "astronomy-shop-recommendationservice-7b9564b48f-s8x9k", "timestamp": 1737551455.674, "sum(rate(container_cpu_usage_seconds_total{namespace=\"system-under-evaluation\", pod=~\"astronomy-shop-recommendationservice.*\"}[90s])) by (pod)": 0.27034648855779286, "recommendation_deployment_CPU": 0.27034648855779286, "kubernetes_prometheus_rules": "kubernetes_prometheus_rules", "add_security_context": "add_security_context", "delay_treatment": "delay_treatment"}, {"pod": "astronomy-shop-recommendationservice-7b9564b48f-s8x9k", "timestamp": 1737551456.674, "sum(rate(container_cpu_usage_seconds_total{namespace=\"system-under-evaluation\", pod=~\"astronomy-shop-recommendationservice.*\"}[90s])) by (pod)": 0.27034648855779286, "recommendation_deployment_CPU": 0.27034648855779286, "kubernetes_prometheus_rules": "kubernetes_prometheus_rules", "add_security_context": "add_security_context", "delay_treatment": "delay_treatment"}, {"pod": "astronomy-shop-recommendationservice-7b9564b48f-s8x9k", "timestamp": 1737551457.674, "sum(rate(container_cpu_usage_seconds_total{namespace=\"system-under-evaluation\", pod=~\"astronomy-shop-recommendationservice.*\"}[90s])) by (pod)": 0.27034648855779286, "recommendation_deployment_CPU": 0.27034648855779286, "kubernetes_prometheus_rules": "kubernetes_prometheus_rules", "add_security_context": "add_security_context", "delay_treatment": "delay_treatment"}, {"pod": "astronomy-shop-recommendationservice-7b9564b48f-s8x9k", "timestamp": 1737551458.674, "sum(rate(container_cpu_usage_seconds_total{namespace=\"system-under-evaluation\", pod=~\"astronomy-shop-recommendationservice.*\"}[90s])) by (pod)": 0.27034648855779286, "recommendation_deployment_CPU": 0.27034648855779286, "kubernetes_prometheus_rules": "kubernetes_prometheus_rules", "add_security_context": "add_security_context", "delay_treatment": "delay_treatment"}, {"pod": "astronomy-shop-recommendationservice-7b9564b48f-s8x9k", "timestamp": 1737551459.674, "sum(rate(container_cpu_usage_seconds_total{namespace=\"system-under-evaluation\", pod=~\"astronomy-shop-recommendationservice.*\"}[90s])) by (pod)": 0.27034648855779286, "recommendation_deployment_CPU": 0.27034648855779286, "kubernetes_prometheus_rules": "kubernetes_prometheus_rules", "add_security_context": "add_security_context", "delay_treatment": "delay_treatment"}, {"pod": "astronomy-shop-recommendationservice-7b9564b48f-s8x9k", "timestamp": 1737551460.674, "sum(rate(container_cpu_usage_seconds_total{namespace=\"system-under-evaluation\", pod=~\"astronomy-shop-recommendationservice.*\"}[90s])) by (pod)": 0.27034648855779286, "recommendation_deployment_CPU": 0.27034648855779286, "kubernetes_prometheus_rules": "kubernetes_prometheus_rules", "add_security_context": "add_security_context", "delay_treatment": "delay_treatment"}, {"pod": "astronomy-shop-recommendationservice-7b9564b48f-s8x9k", "timestamp": 1737551461.674, "sum(rate(container_cpu_usage_seconds_total{namespace=\"system-under-evaluation\", pod=~\"astronomy-shop-recommendationservice.*\"}[90s])) by (pod)": 0.27034648855779286, "recommendation_deployment_CPU": 0.27034648855779286, "kubernetes_prometheus_rules": "kubernetes_prometheus_rules", "add_security_context": "add_security_context", "delay_treatment": "delay_treatment"}, {"pod": "astronomy-shop-recommendationservice-7b9564b48f-s8x9k", "timestamp": 1737551462.674, "sum(rate(container_cpu_usage_seconds_total{namespace=\"system-under-evaluation\", pod=~\"astronomy-shop-recommendationservice.*\"}[90s])) by (pod)": 0.27034648855779286, "recommendation_deployment_CPU": 0.27034648855779286, "kubernetes_prometheus_rules": "kubernetes_prometheus_rules", "add_security_context": "add_security_context", "delay_treatment": "delay_treatment"}, {"pod": "astronomy-shop-recommendationservice-7b9564b48f-s8x9k", "timestamp": 1737551463.674, "sum(rate(container_cpu_usage_seconds_total{namespace=\"system-under-evaluation\", pod=~\"astronomy-shop-recommendationservice.*\"}[90s])) by (pod)": 0.27034648855779286, "recommendation_deployment_CPU": 0.27034648855779286, "kubernetes_prometheus_rules": "kubernetes_prometheus_rules", "add_security_context": "add_security_context", "delay_treatment": "delay_treatment"}, {"pod": "astronomy-shop-recommendationservice-7b9564b48f-s8x9k", "timestamp": 1737551464.674, "sum(rate(container_cpu_usage_seconds_total{namespace=\"system-under-evaluation\", pod=~\"astronomy-shop-recommendationservice.*\"}[90s])) by (pod)": 0.27034648855779286, "recommendation_deployment_CPU": 0.27034648855779286, "kubernetes_prometheus_rules": "kubernetes_prometheus_rules", "add_security_context": "add_security_context", "delay_treatment": "delay_treatment"}, {"pod": "astronomy-shop-recommendationservice-7b9564b48f-s8x9k", "timestamp": 1737551465.674, "sum(rate(container_cpu_usage_seconds_total{namespace=\"system-under-evaluation\", pod=~\"astronomy-shop-recommendationservice.*\"}[90s])) by (pod)": 0.27034648855779286, "recommendation_deployment_CPU": 0.27034648855779286, "kubernetes_prometheus_rules": "kubernetes_prometheus_rules", "add_security_context": "add_security_context", "delay_treatment": "delay_treatment"}, {"pod": "astronomy-shop-recommendationservice-7b9564b48f-s8x9k", "timestamp": 1737551466.674, "sum(rate(container_cpu_usage_seconds_total{namespace=\"system-under-evaluation\", pod=~\"astronomy-shop-recommendationservice.*\"}[90s])) by (pod)": 0.27034648855779286, "recommendation_deployment_CPU": 0.27034648855779286, "kubernetes_prometheus_rules": "kubernetes_prometheus_rules", "add_security_context": "add_security_context", "delay_treatment": "delay_treatment"}, {"pod": "astronomy-shop-recommendationservice-7b9564b48f-s8x9k", "timestamp": 1737551467.674, "sum(rate(container_cpu_usage_seconds_total{namespace=\"system-under-evaluation\", pod=~\"astronomy-shop-recommendationservice.*\"}[90s])) by (pod)": 0.27340350403498814, "recommendation_deployment_CPU": 0.27340350403498814, "kubernetes_prometheus_rules": "kubernetes_prometheus_rules", "add_security_context": "add_security_context", "delay_treatment": "delay_treatment"}, {"pod": "astronomy-shop-recommendationservice-7b9564b48f-s8x9k", "timestamp": 1737551468.674, "sum(rate(container_cpu_usage_seconds_total{namespace=\"system-under-evaluation\", pod=~\"astronomy-shop-recommendationservice.*\"}[90s])) by (pod)": 0.27340350403498814, "recommendation_deployment_CPU": 0.27340350403498814, "kubernetes_prometheus_rules": "kubernetes_prometheus_rules", "add_security_context": "add_security_context", "delay_treatment": "delay_treatment"}, {"pod": "astronomy-shop-recommendationservice-7b9564b48f-s8x9k", "timestamp": 1737551469.674, "sum(rate(container_cpu_usage_seconds_total{namespace=\"system-under-evaluation\", pod=~\"astronomy-shop-recommendationservice.*\"}[90s])) by (pod)": 0.27340350403498814, "recommendation_deployment_CPU": 0.27340350403498814, "kubernetes_prometheus_rules": "kubernetes_prometheus_rules", "add_security_context": "add_security_context", "delay_treatment": "delay_treatment"}, {"pod": "astronomy-shop-recommendationservice-7b9564b48f-s8x9k", "timestamp": 1737551470.674, "sum(rate(container_cpu_usage_seconds_total{namespace=\"system-under-evaluation\", pod=~\"astronomy-shop-recommendationservice.*\"}[90s])) by (pod)": 0.27340350403498814, "recommendation_deployment_CPU": 0.27340350403498814, "kubernetes_prometheus_rules": "kubernetes_prometheus_rules", "add_security_context": "add_security_context", "delay_treatment": "delay_treatment"}, {"pod": "astronomy-shop-recommendationservice-7b9564b48f-s8x9k", "timestamp": 1737551471.674, "sum(rate(container_cpu_usage_seconds_total{namespace=\"system-under-evaluation\", pod=~\"astronomy-shop-recommendationservice.*\"}[90s])) by (pod)": 0.27340350403498814, "recommendation_deployment_CPU": 0.27340350403498814, "kubernetes_prometheus_rules": "kubernetes_prometheus_rules", "add_security_context": "add_security_context", "delay_treatment": "delay_treatment"}, {"pod": "astronomy-shop-recommendationservice-7b9564b48f-s8x9k", "timestamp": 1737551472.674, "sum(rate(container_cpu_usage_seconds_total{namespace=\"system-under-evaluation\", pod=~\"astronomy-shop-recommendationservice.*\"}[90s])) by (pod)": 0.2404700136758943, "recommendation_deployment_CPU": 0.2404700136758943, "kubernetes_prometheus_rules": "kubernetes_prometheus_rules", "add_security_context": "add_security_context", "delay_treatment": "delay_treatment"}, {"pod": "astronomy-shop-recommendationservice-7b9564b48f-s8x9k", "timestamp": 1737551473.674, "sum(rate(container_cpu_usage_seconds_total{namespace=\"system-under-evaluation\", pod=~\"astronomy-shop-recommendationservice.*\"}[90s])) by (pod)": 0.2395416353792072, "recommendation_deployment_CPU": 0.2395416353792072, "kubernetes_prometheus_rules": "kubernetes_prometheus_rules", "add_security_context": "add_security_context", "delay_treatment": "delay_treatment"}, {"pod": "astronomy-shop-recommendationservice-7b9564b48f-s8x9k", "timestamp": 1737551474.674, "sum(rate(container_cpu_usage_seconds_total{namespace=\"system-under-evaluation\", pod=~\"astronomy-shop-recommendationservice.*\"}[90s])) by (pod)": 0.21543995105923802, "recommendation_deployment_CPU": 0.21543995105923802, "kubernetes_prometheus_rules": "kubernetes_prometheus_rules", "add_security_context": "add_security_context", "delay_treatment": "delay_treatment"}, {"pod": "astronomy-shop-recommendationservice-7b9564b48f-s8x9k", "timestamp": 1737551475.674, "sum(rate(container_cpu_usage_seconds_total{namespace=\"system-under-evaluation\", pod=~\"astronomy-shop-recommendationservice.*\"}[90s])) by (pod)": 0.21856455651254503, "recommendation_deployment_CPU": 0.21856455651254503, "kubernetes_prometheus_rules": "kubernetes_prometheus_rules", "add_security_context": "add_security_context", "delay_treatment": "delay_treatment"}, {"pod": "astronomy-shop-recommendationservice-7b9564b48f-s8x9k", "timestamp": 1737551476.674, "sum(rate(container_cpu_usage_seconds_total{namespace=\"system-under-evaluation\", pod=~\"astronomy-shop-recommendationservice.*\"}[90s])) by (pod)": 0.22168916196585203, "recommendation_deployment_CPU": 0.22168916196585203, "kubernetes_prometheus_rules": "kubernetes_prometheus_rules", "add_security_context": "add_security_context", "delay_treatment": "delay_treatment"}, {"pod": "astronomy-shop-recommendationservice-7b9564b48f-s8x9k", "timestamp": 1737551477.674, "sum(rate(container_cpu_usage_seconds_total{namespace=\"system-under-evaluation\", pod=~\"astronomy-shop-recommendationservice.*\"}[90s])) by (pod)": 0.24904038349759614, "recommendation_deployment_CPU": 0.24904038349759614, "kubernetes_prometheus_rules": "kubernetes_prometheus_rules", "add_security_context": "add_security_context", "delay_treatment": "delay_treatment"}, {"pod": "astronomy-shop-recommendationservice-7b9564b48f-s8x9k", "timestamp": 1737551478.674, "sum(rate(container_cpu_usage_seconds_total{namespace=\"system-under-evaluation\", pod=~\"astronomy-shop-recommendationservice.*\"}[90s])) by (pod)": 0.25058539573318567, "recommendation_deployment_CPU": 0.25058539573318567, "kubernetes_prometheus_rules": "kubernetes_prometheus_rules", "add_security_context": "add_security_context", "delay_treatment": "delay_treatment"}, {"pod": "astronomy-shop-recommendationservice-7b9564b48f-s8x9k", "timestamp": 1737551479.674, "sum(rate(container_cpu_usage_seconds_total{namespace=\"system-under-evaluation\", pod=~\"astronomy-shop-recommendationservice.*\"}[90s])) by (pod)": 0.2521304079687752, "recommendation_deployment_CPU": 0.2521304079687752, "kubernetes_prometheus_rules": "kubernetes_prometheus_rules", "add_security_context": "add_security_context", "delay_treatment": "delay_treatment"}, {"pod": "astronomy-shop-recommendationservice-7b9564b48f-s8x9k", "timestamp": 1737551480.674, "sum(rate(container_cpu_usage_seconds_total{namespace=\"system-under-evaluation\", pod=~\"astronomy-shop-recommendationservice.*\"}[90s])) by (pod)": 0.2536754202043648, "recommendation_deployment_CPU": 0.2536754202043648, "kubernetes_prometheus_rules": "kubernetes_prometheus_rules", "add_security_context": "add_security_context", "delay_treatment": "delay_treatment"}, {"pod": "astronomy-shop-recommendationservice-7b9564b48f-s8x9k", "timestamp": 1737551481.674, "sum(rate(container_cpu_usage_seconds_total{namespace=\"system-under-evaluation\", pod=~\"astronomy-shop-recommendationservice.*\"}[90s])) by (pod)": 0.25522043243995435, "recommendation_deployment_CPU": 0.25522043243995435, "kubernetes_prometheus_rules": "kubernetes_prometheus_rules", "add_security_context": "add_security_context", "delay_treatment": "delay_treatment"}, {"pod": "astronomy-shop-recommendationservice-7b9564b48f-s8x9k", "timestamp": 1737551482.674, "sum(rate(container_cpu_usage_seconds_total{namespace=\"system-under-evaluation\", pod=~\"astronomy-shop-recommendationservice.*\"}[90s])) by (pod)": 0.25676544467554385, "recommendation_deployment_CPU": 0.25676544467554385, "kubernetes_prometheus_rules": "kubernetes_prometheus_rules", "add_security_context": "add_security_context", "delay_treatment": "delay_treatment"}, {"pod": "astronomy-shop-recommendationservice-7b9564b48f-s8x9k", "timestamp": 1737551483.674, "sum(rate(container_cpu_usage_seconds_total{namespace=\"system-under-evaluation\", pod=~\"astronomy-shop-recommendationservice.*\"}[90s])) by (pod)": 0.2812144907976307, "recommendation_deployment_CPU": 0.2812144907976307, "kubernetes_prometheus_rules": "kubernetes_prometheus_rules", "add_security_context": "add_security_context", "delay_treatment": "delay_treatment"}, {"pod": "astronomy-shop-recommendationservice-7b9564b48f-s8x9k", "timestamp": 1737551484.674, "sum(rate(container_cpu_usage_seconds_total{namespace=\"system-under-evaluation\", pod=~\"astronomy-shop-recommendationservice.*\"}[90s])) by (pod)": 0.2812144907976307, "recommendation_deployment_CPU": 0.2812144907976307, "kubernetes_prometheus_rules": "kubernetes_prometheus_rules", "add_security_context": "add_security_context", "delay_treatment": "delay_treatment"}, {"pod": "astronomy-shop-recommendationservice-7b9564b48f-s8x9k", "timestamp": 1737551485.674, "sum(rate(container_cpu_usage_seconds_total{namespace=\"system-under-evaluation\", pod=~\"astronomy-shop-recommendationservice.*\"}[90s])) by (pod)": 0.2812144907976307, "recommendation_deployment_CPU": 0.2812144907976307, "kubernetes_prometheus_rules": "kubernetes_prometheus_rules", "add_security_context": "add_security_context", "delay_treatment": "delay_treatment"}, {"pod": "astronomy-shop-recommendationservice-7b9564b48f-s8x9k", "timestamp": 1737551486.674, "sum(rate(container_cpu_usage_seconds_total{namespace=\"system-under-evaluation\", pod=~\"astronomy-shop-recommendationservice.*\"}[90s])) by (pod)": 0.2812144907976307, "recommendation_deployment_CPU": 0.2812144907976307, "kubernetes_prometheus_rules": "kubernetes_prometheus_rules", "add_security_context": "add_security_context", "delay_treatment": "delay_treatment"}, {"pod": "astronomy-shop-recommendationservice-7b9564b48f-s8x9k", "timestamp": 1737551487.674, "sum(rate(container_cpu_usage_seconds_total{namespace=\"system-under-evaluation\", pod=~\"astronomy-shop-recommendationservice.*\"}[90s])) by (pod)": 0.2812144907976307, "recommendation_deployment_CPU": 0.2812144907976307, "kubernetes_prometheus_rules": "kubernetes_prometheus_rules", "add_security_context": "add_security_context", "delay_treatment": "delay_treatment"}, {"pod": "astronomy-shop-recommendationservice-7b9564b48f-s8x9k", "timestamp": 1737551488.674, "sum(rate(container_cpu_usage_seconds_total{namespace=\"system-under-evaluation\", pod=~\"astronomy-shop-recommendationservice.*\"}[90s])) by (pod)": 0.2812144907976307, "recommendation_deployment_CPU": 0.2812144907976307, "kubernetes_prometheus_rules": "kubernetes_prometheus_rules", "add_security_context": "add_security_context", "delay_treatment": "delay_treatment"}, {"pod": "astronomy-shop-recommendationservice-7b9564b48f-s8x9k", "timestamp": 1737551489.674, "sum(rate(container_cpu_usage_seconds_total{namespace=\"system-under-evaluation\", pod=~\"astronomy-shop-recommendationservice.*\"}[90s])) by (pod)": 0.2812144907976307, "recommendation_deployment_CPU": 0.2812144907976307, "kubernetes_prometheus_rules": "kubernetes_prometheus_rules", "add_security_context": "add_security_context", "delay_treatment": "delay_treatment"}, {"pod": "astronomy-shop-recommendationservice-7b9564b48f-s8x9k", "timestamp": 1737551490.674, "sum(rate(container_cpu_usage_seconds_total{namespace=\"system-under-evaluation\", pod=~\"astronomy-shop-recommendationservice.*\"}[90s])) by (pod)": 0.2812144907976307, "recommendation_deployment_CPU": 0.2812144907976307, "kubernetes_prometheus_rules": "kubernetes_prometheus_rules", "add_security_context": "add_security_context", "delay_treatment": "delay_treatment"}, {"pod": "astronomy-shop-recommendationservice-7b9564b48f-s8x9k", "timestamp": 1737551491.674, "sum(rate(container_cpu_usage_seconds_total{namespace=\"system-under-evaluation\", pod=~\"astronomy-shop-recommendationservice.*\"}[90s])) by (pod)": 0.2812144907976307, "recommendation_deployment_CPU": 0.2812144907976307, "kubernetes_prometheus_rules": "kubernetes_prometheus_rules", "add_security_context": "add_security_context", "delay_treatment": "delay_treatment"}, {"pod": "astronomy-shop-recommendationservice-7b9564b48f-s8x9k", "timestamp": 1737551492.674, "sum(rate(container_cpu_usage_seconds_total{namespace=\"system-under-evaluation\", pod=~\"astronomy-shop-recommendationservice.*\"}[90s])) by (pod)": 0.2812144907976307, "recommendation_deployment_CPU": 0.2812144907976307, "kubernetes_prometheus_rules": "kubernetes_prometheus_rules", "add_security_context": "add_security_context", "delay_treatment": "delay_treatment"}, {"pod": "astronomy-shop-recommendationservice-7b9564b48f-s8x9k", "timestamp": 1737551493.674, "sum(rate(container_cpu_usage_seconds_total{namespace=\"system-under-evaluation\", pod=~\"astronomy-shop-recommendationservice.*\"}[90s])) by (pod)": 0.2812144907976307, "recommendation_deployment_CPU": 0.2812144907976307, "kubernetes_prometheus_rules": "kubernetes_prometheus_rules", "add_security_context": "add_security_context", "delay_treatment": "delay_treatment"}, {"pod": "astronomy-shop-recommendationservice-7b9564b48f-s8x9k", "timestamp": 1737551494.674, "sum(rate(container_cpu_usage_seconds_total{namespace=\"system-under-evaluation\", pod=~\"astronomy-shop-recommendationservice.*\"}[90s])) by (pod)": 0.2812144907976307, "recommendation_deployment_CPU": 0.2812144907976307, "kubernetes_prometheus_rules": "kubernetes_prometheus_rules", "add_security_context": "add_security_context", "delay_treatment": "delay_treatment"}, {"pod": "astronomy-shop-recommendationservice-7b9564b48f-s8x9k", "timestamp": 1737551495.674, "sum(rate(container_cpu_usage_seconds_total{namespace=\"system-under-evaluation\", pod=~\"astronomy-shop-recommendationservice.*\"}[90s])) by (pod)": 0.2812144907976307, "recommendation_deployment_CPU": 0.2812144907976307, "kubernetes_prometheus_rules": "kubernetes_prometheus_rules", "add_security_context": "add_security_context", "delay_treatment": "delay_treatment"}, {"pod": "astronomy-shop-recommendationservice-7b9564b48f-s8x9k", "timestamp": 1737551496.674, "sum(rate(container_cpu_usage_seconds_total{namespace=\"system-under-evaluation\", pod=~\"astronomy-shop-recommendationservice.*\"}[90s])) by (pod)": 0.25581739614486504, "recommendation_deployment_CPU": 0.25581739614486504, "kubernetes_prometheus_rules": "NoTreatment", "add_security_context": "NoTreatment", "delay_treatment": "NoTreatment"}, {"pod": "astronomy-shop-recommendationservice-7b9564b48f-s8x9k", "timestamp": 1737551497.674, "sum(rate(container_cpu_usage_seconds_total{namespace=\"system-under-evaluation\", pod=~\"astronomy-shop-recommendationservice.*\"}[90s])) by (pod)": 0.2542378029271476, "recommendation_deployment_CPU": 0.2542378029271476, "kubernetes_prometheus_rules": "NoTreatment", "add_security_context": "NoTreatment", "delay_treatment": "NoTreatment"}, {"pod": "astronomy-shop-recommendationservice-7b9564b48f-s8x9k", "timestamp": 1737551498.674, "sum(rate(container_cpu_usage_seconds_total{namespace=\"system-under-evaluation\", pod=~\"astronomy-shop-recommendationservice.*\"}[90s])) by (pod)": 0.25265820970943015, "recommendation_deployment_CPU": 0.25265820970943015, "kubernetes_prometheus_rules": "NoTreatment", "add_security_context": "NoTreatment", "delay_treatment": "NoTreatment"}, {"pod": "astronomy-shop-recommendationservice-7b9564b48f-s8x9k", "timestamp": 1737551499.674, "sum(rate(container_cpu_usage_seconds_total{namespace=\"system-under-evaluation\", pod=~\"astronomy-shop-recommendationservice.*\"}[90s])) by (pod)": 0.2510786164917127, "recommendation_deployment_CPU": 0.2510786164917127, "kubernetes_prometheus_rules": "NoTreatment", "add_security_context": "NoTreatment", "delay_treatment": "NoTreatment"}, {"pod": "astronomy-shop-recommendationservice-7b9564b48f-s8x9k", "timestamp": 1737551500.674, "sum(rate(container_cpu_usage_seconds_total{namespace=\"system-under-evaluation\", pod=~\"astronomy-shop-recommendationservice.*\"}[90s])) by (pod)": 0.24949902327399523, "recommendation_deployment_CPU": 0.24949902327399523, "kubernetes_prometheus_rules": "NoTreatment", "add_security_context": "NoTreatment", "delay_treatment": "NoTreatment"}, {"pod": "astronomy-shop-recommendationservice-7b9564b48f-s8x9k", "timestamp": 1737551501.674, "sum(rate(container_cpu_usage_seconds_total{namespace=\"system-under-evaluation\", pod=~\"astronomy-shop-recommendationservice.*\"}[90s])) by (pod)": 0.24791943005627776, "recommendation_deployment_CPU": 0.24791943005627776, "kubernetes_prometheus_rules": "NoTreatment", "add_security_context": "NoTreatment", "delay_treatment": "NoTreatment"}, {"pod": "astronomy-shop-recommendationservice-7b9564b48f-s8x9k", "timestamp": 1737551502.674, "sum(rate(container_cpu_usage_seconds_total{namespace=\"system-under-evaluation\", pod=~\"astronomy-shop-recommendationservice.*\"}[90s])) by (pod)": 0.2214272870457966, "recommendation_deployment_CPU": 0.2214272870457966, "kubernetes_prometheus_rules": "NoTreatment", "add_security_context": "NoTreatment", "delay_treatment": "NoTreatment"}, {"pod": "astronomy-shop-recommendationservice-7b9564b48f-s8x9k", "timestamp": 1737551503.674, "sum(rate(container_cpu_usage_seconds_total{namespace=\"system-under-evaluation\", pod=~\"astronomy-shop-recommendationservice.*\"}[90s])) by (pod)": 0.247573108238404, "recommendation_deployment_CPU": 0.247573108238404, "kubernetes_prometheus_rules": "NoTreatment", "add_security_context": "NoTreatment", "delay_treatment": "NoTreatment"}, {"pod": "astronomy-shop-recommendationservice-7b9564b48f-s8x9k", "timestamp": 1737551504.674, "sum(rate(container_cpu_usage_seconds_total{namespace=\"system-under-evaluation\", pod=~\"astronomy-shop-recommendationservice.*\"}[90s])) by (pod)": 0.24602809600281444, "recommendation_deployment_CPU": 0.24602809600281444, "kubernetes_prometheus_rules": "NoTreatment", "add_security_context": "NoTreatment", "delay_treatment": "NoTreatment"}, {"pod": "astronomy-shop-recommendationservice-7b9564b48f-s8x9k", "timestamp": 1737551505.674, "sum(rate(container_cpu_usage_seconds_total{namespace=\"system-under-evaluation\", pod=~\"astronomy-shop-recommendationservice.*\"}[90s])) by (pod)": 0.2681133668486212, "recommendation_deployment_CPU": 0.2681133668486212, "kubernetes_prometheus_rules": "NoTreatment", "add_security_context": "NoTreatment", "delay_treatment": "NoTreatment"}]