[{"instance": "kube-prometheus-prometheus-node-exporter.oxn-external-monitoring.svc:9100", "timestamp": 1737549027.765, "sum(rate(node_network_receive_bytes_total[1m]) + rate(node_network_transmit_bytes_total[1m])) by (instance)": 286444568.2014617, "network_bytes": 286444568.2014617, "kubernetes_prometheus_rules": "kubernetes_prometheus_rules", "add_security_context": "NoTreatment", "delay_treatment": "NoTreatment"}, {"instance": "kube-prometheus-prometheus-node-exporter.oxn-external-monitoring.svc:9100", "timestamp": 1737549028.765, "sum(rate(node_network_receive_bytes_total[1m]) + rate(node_network_transmit_bytes_total[1m])) by (instance)": 286437673.3639617, "network_bytes": 286437673.3639617, "kubernetes_prometheus_rules": "kubernetes_prometheus_rules", "add_security_context": "NoTreatment", "delay_treatment": "NoTreatment"}, {"instance": "kube-prometheus-prometheus-node-exporter.oxn-external-monitoring.svc:9100", "timestamp": 1737549029.765, "sum(rate(node_network_receive_bytes_total[1m]) + rate(node_network_transmit_bytes_total[1m])) by (instance)": 307187334.0772569, "network_bytes": 307187334.0772569, "kubernetes_prometheus_rules": "kubernetes_prometheus_rules", "add_security_context": "NoTreatment", "delay_treatment": "NoTreatment"}, {"instance": "kube-prometheus-prometheus-node-exporter.oxn-external-monitoring.svc:9100", "timestamp": 1737549030.765, "sum(rate(node_network_receive_bytes_total[1m]) + rate(node_network_transmit_bytes_total[1m])) by (instance)": 284570874.1232386, "network_bytes": 284570874.1232386, "kubernetes_prometheus_rules": "kubernetes_prometheus_rules", "add_security_context": "NoTreatment", "delay_treatment": "NoTreatment"}, {"instance": "kube-prometheus-prometheus-node-exporter.oxn-external-monitoring.svc:9100", "timestamp": 1737549031.765, "sum(rate(node_network_receive_bytes_total[1m]) + rate(node_network_transmit_bytes_total[1m])) by (instance)": 286334580.63826567, "network_bytes": 286334580.63826567, "kubernetes_prometheus_rules": "kubernetes_prometheus_rules", "add_security_context": "NoTreatment", "delay_treatment": "NoTreatment"}, {"instance": "kube-prometheus-prometheus-node-exporter.oxn-external-monitoring.svc:9100", "timestamp": 1737549032.765, "sum(rate(node_network_receive_bytes_total[1m]) + rate(node_network_transmit_bytes_total[1m])) by (instance)": 286327787.16993237, "network_bytes": 286327787.16993237, "kubernetes_prometheus_rules": "kubernetes_prometheus_rules", "add_security_context": "NoTreatment", "delay_treatment": "NoTreatment"}, {"instance": "kube-prometheus-prometheus-node-exporter.oxn-external-monitoring.svc:9100", "timestamp": 1737549033.765, "sum(rate(node_network_receive_bytes_total[1m]) + rate(node_network_transmit_bytes_total[1m])) by (instance)": 286320993.701599, "network_bytes": 286320993.701599, "kubernetes_prometheus_rules": "kubernetes_prometheus_rules", "add_security_context": "NoTreatment", "delay_treatment": "NoTreatment"}, {"instance": "kube-prometheus-prometheus-node-exporter.oxn-external-monitoring.svc:9100", "timestamp": 1737549034.765, "sum(rate(node_network_receive_bytes_total[1m]) + rate(node_network_transmit_bytes_total[1m])) by (instance)": 307088398.2203296, "network_bytes": 307088398.2203296, "kubernetes_prometheus_rules": "kubernetes_prometheus_rules", "add_security_context": "NoTreatment", "delay_treatment": "NoTreatment"}, {"instance": "kube-prometheus-prometheus-node-exporter.oxn-external-monitoring.svc:9100", "timestamp": 1737549035.765, "sum(rate(node_network_receive_bytes_total[1m]) + rate(node_network_transmit_bytes_total[1m])) by (instance)": 284496980.19616073, "network_bytes": 284496980.19616073, "kubernetes_prometheus_rules": "kubernetes_prometheus_rules", "add_security_context": "NoTreatment", "delay_treatment": "NoTreatment"}, {"instance": "kube-prometheus-prometheus-node-exporter.oxn-external-monitoring.svc:9100", "timestamp": 1737549036.765, "sum(rate(node_network_receive_bytes_total[1m]) + rate(node_network_transmit_bytes_total[1m])) by (instance)": 286260266.21872574, "network_bytes": 286260266.21872574, "kubernetes_prometheus_rules": "kubernetes_prometheus_rules", "add_security_context": "NoTreatment", "delay_treatment": "NoTreatment"}, {"instance": "kube-prometheus-prometheus-node-exporter.oxn-external-monitoring.svc:9100", "timestamp": 1737549037.765, "sum(rate(node_network_receive_bytes_total[1m]) + rate(node_network_transmit_bytes_total[1m])) by (instance)": 286253342.67305905, "network_bytes": 286253342.67305905, "kubernetes_prometheus_rules": "kubernetes_prometheus_rules", "add_security_context": "add_security_context", "delay_treatment": "NoTreatment"}, {"instance": "kube-prometheus-prometheus-node-exporter.oxn-external-monitoring.svc:9100", "timestamp": 1737549038.765, "sum(rate(node_network_receive_bytes_total[1m]) + rate(node_network_transmit_bytes_total[1m])) by (instance)": 286246419.1273924, "network_bytes": 286246419.1273924, "kubernetes_prometheus_rules": "kubernetes_prometheus_rules", "add_security_context": "add_security_context", "delay_treatment": "delay_treatment"}, {"instance": "kube-prometheus-prometheus-node-exporter.oxn-external-monitoring.svc:9100", "timestamp": 1737549039.765, "sum(rate(node_network_receive_bytes_total[1m]) + rate(node_network_transmit_bytes_total[1m])) by (instance)": 306980809.147524, "network_bytes": 306980809.147524, "kubernetes_prometheus_rules": "kubernetes_prometheus_rules", "add_security_context": "add_security_context", "delay_treatment": "delay_treatment"}, {"instance": "kube-prometheus-prometheus-node-exporter.oxn-external-monitoring.svc:9100", "timestamp": 1737549040.765, "sum(rate(node_network_receive_bytes_total[1m]) + rate(node_network_transmit_bytes_total[1m])) by (instance)": 284390324.2477861, "network_bytes": 284390324.2477861, "kubernetes_prometheus_rules": "kubernetes_prometheus_rules", "add_security_context": "add_security_context", "delay_treatment": "delay_treatment"}, {"instance": "kube-prometheus-prometheus-node-exporter.oxn-external-monitoring.svc:9100", "timestamp": 1737549041.765, "sum(rate(node_network_receive_bytes_total[1m]) + rate(node_network_transmit_bytes_total[1m])) by (instance)": 286153485.92538327, "network_bytes": 286153485.92538327, "kubernetes_prometheus_rules": "kubernetes_prometheus_rules", "add_security_context": "add_security_context", "delay_treatment": "delay_treatment"}, {"instance": "kube-prometheus-prometheus-node-exporter.oxn-external-monitoring.svc:9100", "timestamp": 1737549042.765, "sum(rate(node_network_receive_bytes_total[1m]) + rate(node_network_transmit_bytes_total[1m])) by (instance)": 286146769.21371657, "network_bytes": 286146769.21371657, "kubernetes_prometheus_rules": "kubernetes_prometheus_rules", "add_security_context": "add_security_context", "delay_treatment": "delay_treatment"}, {"instance": "kube-prometheus-prometheus-node-exporter.oxn-external-monitoring.svc:9100", "timestamp": 1737549043.765, "sum(rate(node_network_receive_bytes_total[1m]) + rate(node_network_transmit_bytes_total[1m])) by (instance)": 286140052.5020499, "network_bytes": 286140052.5020499, "kubernetes_prometheus_rules": "kubernetes_prometheus_rules", "add_security_context": "add_security_context", "delay_treatment": "delay_treatment"}, {"instance": "kube-prometheus-prometheus-node-exporter.oxn-external-monitoring.svc:9100", "timestamp": 1737549044.765, "sum(rate(node_network_receive_bytes_total[1m]) + rate(node_network_transmit_bytes_total[1m])) by (instance)": 306762530.2977418, "network_bytes": 306762530.2977418, "kubernetes_prometheus_rules": "kubernetes_prometheus_rules", "add_security_context": "add_security_context", "delay_treatment": "delay_treatment"}, {"instance": "kube-prometheus-prometheus-node-exporter.oxn-external-monitoring.svc:9100", "timestamp": 1737549045.765, "sum(rate(node_network_receive_bytes_total[1m]) + rate(node_network_transmit_bytes_total[1m])) by (instance)": 284211452.38278216, "network_bytes": 284211452.38278216, "kubernetes_prometheus_rules": "kubernetes_prometheus_rules", "add_security_context": "add_security_context", "delay_treatment": "delay_treatment"}, {"instance": "kube-prometheus-prometheus-node-exporter.oxn-external-monitoring.svc:9100", "timestamp": 1737549046.765, "sum(rate(node_network_receive_bytes_total[1m]) + rate(node_network_transmit_bytes_total[1m])) by (instance)": 285990851.1630618, "network_bytes": 285990851.1630618, "kubernetes_prometheus_rules": "kubernetes_prometheus_rules", "add_security_context": "add_security_context", "delay_treatment": "delay_treatment"}, {"instance": "kube-prometheus-prometheus-node-exporter.oxn-external-monitoring.svc:9100", "timestamp": 1737549047.765, "sum(rate(node_network_receive_bytes_total[1m]) + rate(node_network_transmit_bytes_total[1m])) by (instance)": 286001178.59401417, "network_bytes": 286001178.59401417, "kubernetes_prometheus_rules": "kubernetes_prometheus_rules", "add_security_context": "add_security_context", "delay_treatment": "delay_treatment"}, {"instance": "kube-prometheus-prometheus-node-exporter.oxn-external-monitoring.svc:9100", "timestamp": 1737549048.765, "sum(rate(node_network_receive_bytes_total[1m]) + rate(node_network_transmit_bytes_total[1m])) by (instance)": 286011506.02496654, "network_bytes": 286011506.02496654, "kubernetes_prometheus_rules": "kubernetes_prometheus_rules", "add_security_context": "add_security_context", "delay_treatment": "delay_treatment"}, {"instance": "kube-prometheus-prometheus-node-exporter.oxn-external-monitoring.svc:9100", "timestamp": 1737549049.765, "sum(rate(node_network_receive_bytes_total[1m]) + rate(node_network_transmit_bytes_total[1m])) by (instance)": 1309214.5517542853, "network_bytes": 1309214.5517542853, "kubernetes_prometheus_rules": "kubernetes_prometheus_rules", "add_security_context": "add_security_context", "delay_treatment": "delay_treatment"}, {"instance": "kube-prometheus-prometheus-node-exporter.oxn-external-monitoring.svc:9100", "timestamp": 1737549050.765, "sum(rate(node_network_receive_bytes_total[1m]) + rate(node_network_transmit_bytes_total[1m])) by (instance)": 1357542.6145950002, "network_bytes": 1357542.6145950002, "kubernetes_prometheus_rules": "kubernetes_prometheus_rules", "add_security_context": "add_security_context", "delay_treatment": "delay_treatment"}, {"instance": "kube-prometheus-prometheus-node-exporter.oxn-external-monitoring.svc:9100", "timestamp": 1737549051.765, "sum(rate(node_network_receive_bytes_total[1m]) + rate(node_network_transmit_bytes_total[1m])) by (instance)": 1389217.9754283333, "network_bytes": 1389217.9754283333, "kubernetes_prometheus_rules": "kubernetes_prometheus_rules", "add_security_context": "add_security_context", "delay_treatment": "delay_treatment"}, {"instance": "kube-prometheus-prometheus-node-exporter.oxn-external-monitoring.svc:9100", "timestamp": 1737549052.765, "sum(rate(node_network_receive_bytes_total[1m]) + rate(node_network_transmit_bytes_total[1m])) by (instance)": 1420893.3362616664, "network_bytes": 1420893.3362616664, "kubernetes_prometheus_rules": "kubernetes_prometheus_rules", "add_security_context": "add_security_context", "delay_treatment": "delay_treatment"}, {"instance": "kube-prometheus-prometheus-node-exporter.oxn-external-monitoring.svc:9100", "timestamp": 1737549053.765, "sum(rate(node_network_receive_bytes_total[1m]) + rate(node_network_transmit_bytes_total[1m])) by (instance)": 1452568.697095, "network_bytes": 1452568.697095, "kubernetes_prometheus_rules": "kubernetes_prometheus_rules", "add_security_context": "add_security_context", "delay_treatment": "delay_treatment"}, {"instance": "kube-prometheus-prometheus-node-exporter.oxn-external-monitoring.svc:9100", "timestamp": 1737549054.765, "sum(rate(node_network_receive_bytes_total[1m]) + rate(node_network_transmit_bytes_total[1m])) by (instance)": 1484244.0579283333, "network_bytes": 1484244.0579283333, "kubernetes_prometheus_rules": "kubernetes_prometheus_rules", "add_security_context": "add_security_context", "delay_treatment": "delay_treatment"}, {"instance": "kube-prometheus-prometheus-node-exporter.oxn-external-monitoring.svc:9100", "timestamp": 1737549055.765, "sum(rate(node_network_receive_bytes_total[1m]) + rate(node_network_transmit_bytes_total[1m])) by (instance)": 1561175.711648889, "network_bytes": 1561175.711648889, "kubernetes_prometheus_rules": "kubernetes_prometheus_rules", "add_security_context": "add_security_context", "delay_treatment": "delay_treatment"}, {"instance": "kube-prometheus-prometheus-node-exporter.oxn-external-monitoring.svc:9100", "timestamp": 1737549056.765, "sum(rate(node_network_receive_bytes_total[1m]) + rate(node_network_transmit_bytes_total[1m])) by (instance)": 1593796.7094266664, "network_bytes": 1593796.7094266664, "kubernetes_prometheus_rules": "kubernetes_prometheus_rules", "add_security_context": "add_security_context", "delay_treatment": "delay_treatment"}, {"instance": "kube-prometheus-prometheus-node-exporter.oxn-external-monitoring.svc:9100", "timestamp": 1737549057.765, "sum(rate(node_network_receive_bytes_total[1m]) + rate(node_network_transmit_bytes_total[1m])) by (instance)": 1626417.7072044446, "network_bytes": 1626417.7072044446, "kubernetes_prometheus_rules": "kubernetes_prometheus_rules", "add_security_context": "add_security_context", "delay_treatment": "delay_treatment"}, {"instance": "kube-prometheus-prometheus-node-exporter.oxn-external-monitoring.svc:9100", "timestamp": 1737549058.765, "sum(rate(node_network_receive_bytes_total[1m]) + rate(node_network_transmit_bytes_total[1m])) by (instance)": 1659038.704982222, "network_bytes": 1659038.704982222, "kubernetes_prometheus_rules": "kubernetes_prometheus_rules", "add_security_context": "add_security_context", "delay_treatment": "delay_treatment"}, {"instance": "kube-prometheus-prometheus-node-exporter.oxn-external-monitoring.svc:9100", "timestamp": 1737549059.765, "sum(rate(node_network_receive_bytes_total[1m]) + rate(node_network_transmit_bytes_total[1m])) by (instance)": 1691659.7027599998, "network_bytes": 1691659.7027599998, "kubernetes_prometheus_rules": "kubernetes_prometheus_rules", "add_security_context": "add_security_context", "delay_treatment": "delay_treatment"}, {"instance": "kube-prometheus-prometheus-node-exporter.oxn-external-monitoring.svc:9100", "timestamp": 1737549060.765, "sum(rate(node_network_receive_bytes_total[1m]) + rate(node_network_transmit_bytes_total[1m])) by (instance)": 1786701.0768706664, "network_bytes": 1786701.0768706664, "kubernetes_prometheus_rules": "kubernetes_prometheus_rules", "add_security_context": "add_security_context", "delay_treatment": "delay_treatment"}, {"instance": "kube-prometheus-prometheus-node-exporter.oxn-external-monitoring.svc:9100", "timestamp": 1737549061.765, "sum(rate(node_network_receive_bytes_total[1m]) + rate(node_network_transmit_bytes_total[1m])) by (instance)": 1820502.9815373332, "network_bytes": 1820502.9815373332, "kubernetes_prometheus_rules": "kubernetes_prometheus_rules", "add_security_context": "add_security_context", "delay_treatment": "delay_treatment"}, {"instance": "kube-prometheus-prometheus-node-exporter.oxn-external-monitoring.svc:9100", "timestamp": 1737549062.765, "sum(rate(node_network_receive_bytes_total[1m]) + rate(node_network_transmit_bytes_total[1m])) by (instance)": 1854304.886204, "network_bytes": 1854304.886204, "kubernetes_prometheus_rules": "kubernetes_prometheus_rules", "add_security_context": "add_security_context", "delay_treatment": "delay_treatment"}, {"instance": "kube-prometheus-prometheus-node-exporter.oxn-external-monitoring.svc:9100", "timestamp": 1737549063.765, "sum(rate(node_network_receive_bytes_total[1m]) + rate(node_network_transmit_bytes_total[1m])) by (instance)": 1888106.7908706665, "network_bytes": 1888106.7908706665, "kubernetes_prometheus_rules": "kubernetes_prometheus_rules", "add_security_context": "add_security_context", "delay_treatment": "delay_treatment"}, {"instance": "kube-prometheus-prometheus-node-exporter.oxn-external-monitoring.svc:9100", "timestamp": 1737549064.765, "sum(rate(node_network_receive_bytes_total[1m]) + rate(node_network_transmit_bytes_total[1m])) by (instance)": 1921908.6955373331, "network_bytes": 1921908.6955373331, "kubernetes_prometheus_rules": "kubernetes_prometheus_rules", "add_security_context": "add_security_context", "delay_treatment": "delay_treatment"}, {"instance": "kube-prometheus-prometheus-node-exporter.oxn-external-monitoring.svc:9100", "timestamp": 1737549065.765, "sum(rate(node_network_receive_bytes_total[1m]) + rate(node_network_transmit_bytes_total[1m])) by (instance)": 2083041.0326333975, "network_bytes": 2083041.0326333975, "kubernetes_prometheus_rules": "kubernetes_prometheus_rules", "add_security_context": "add_security_context", "delay_treatment": "delay_treatment"}, {"instance": "kube-prometheus-prometheus-node-exporter.oxn-external-monitoring.svc:9100", "timestamp": 1737549066.765, "sum(rate(node_network_receive_bytes_total[1m]) + rate(node_network_transmit_bytes_total[1m])) by (instance)": 2083041.0326333975, "network_bytes": 2083041.0326333975, "kubernetes_prometheus_rules": "kubernetes_prometheus_rules", "add_security_context": "add_security_context", "delay_treatment": "delay_treatment"}, {"instance": "kube-prometheus-prometheus-node-exporter.oxn-external-monitoring.svc:9100", "timestamp": 1737549067.765, "sum(rate(node_network_receive_bytes_total[1m]) + rate(node_network_transmit_bytes_total[1m])) by (instance)": 2083041.0326333975, "network_bytes": 2083041.0326333975, "kubernetes_prometheus_rules": "kubernetes_prometheus_rules", "add_security_context": "add_security_context", "delay_treatment": "delay_treatment"}, {"instance": "kube-prometheus-prometheus-node-exporter.oxn-external-monitoring.svc:9100", "timestamp": 1737549068.765, "sum(rate(node_network_receive_bytes_total[1m]) + rate(node_network_transmit_bytes_total[1m])) by (instance)": 2083041.0326333975, "network_bytes": 2083041.0326333975, "kubernetes_prometheus_rules": "kubernetes_prometheus_rules", "add_security_context": "add_security_context", "delay_treatment": "delay_treatment"}, {"instance": "kube-prometheus-prometheus-node-exporter.oxn-external-monitoring.svc:9100", "timestamp": 1737549069.765, "sum(rate(node_network_receive_bytes_total[1m]) + rate(node_network_transmit_bytes_total[1m])) by (instance)": 2083041.0326333975, "network_bytes": 2083041.0326333975, "kubernetes_prometheus_rules": "kubernetes_prometheus_rules", "add_security_context": "add_security_context", "delay_treatment": "delay_treatment"}, {"instance": "kube-prometheus-prometheus-node-exporter.oxn-external-monitoring.svc:9100", "timestamp": 1737549070.765, "sum(rate(node_network_receive_bytes_total[1m]) + rate(node_network_transmit_bytes_total[1m])) by (instance)": 2161514.727272727, "network_bytes": 2161514.727272727, "kubernetes_prometheus_rules": "kubernetes_prometheus_rules", "add_security_context": "add_security_context", "delay_treatment": "delay_treatment"}, {"instance": "kube-prometheus-prometheus-node-exporter.oxn-external-monitoring.svc:9100", "timestamp": 1737549071.765, "sum(rate(node_network_receive_bytes_total[1m]) + rate(node_network_transmit_bytes_total[1m])) by (instance)": 2161514.727272727, "network_bytes": 2161514.727272727, "kubernetes_prometheus_rules": "kubernetes_prometheus_rules", "add_security_context": "add_security_context", "delay_treatment": "delay_treatment"}, {"instance": "kube-prometheus-prometheus-node-exporter.oxn-external-monitoring.svc:9100", "timestamp": 1737549072.765, "sum(rate(node_network_receive_bytes_total[1m]) + rate(node_network_transmit_bytes_total[1m])) by (instance)": 2161514.727272727, "network_bytes": 2161514.727272727, "kubernetes_prometheus_rules": "kubernetes_prometheus_rules", "add_security_context": "add_security_context", "delay_treatment": "delay_treatment"}, {"instance": "kube-prometheus-prometheus-node-exporter.oxn-external-monitoring.svc:9100", "timestamp": 1737549073.765, "sum(rate(node_network_receive_bytes_total[1m]) + rate(node_network_transmit_bytes_total[1m])) by (instance)": 2161514.727272727, "network_bytes": 2161514.727272727, "kubernetes_prometheus_rules": "kubernetes_prometheus_rules", "add_security_context": "add_security_context", "delay_treatment": "delay_treatment"}, {"instance": "kube-prometheus-prometheus-node-exporter.oxn-external-monitoring.svc:9100", "timestamp": 1737549074.765, "sum(rate(node_network_receive_bytes_total[1m]) + rate(node_network_transmit_bytes_total[1m])) by (instance)": 2161514.727272727, "network_bytes": 2161514.727272727, "kubernetes_prometheus_rules": "kubernetes_prometheus_rules", "add_security_context": "add_security_context", "delay_treatment": "delay_treatment"}, {"instance": "kube-prometheus-prometheus-node-exporter.oxn-external-monitoring.svc:9100", "timestamp": 1737549075.765, "sum(rate(node_network_receive_bytes_total[1m]) + rate(node_network_transmit_bytes_total[1m])) by (instance)": 2255867.036363636, "network_bytes": 2255867.036363636, "kubernetes_prometheus_rules": "kubernetes_prometheus_rules", "add_security_context": "add_security_context", "delay_treatment": "delay_treatment"}, {"instance": "kube-prometheus-prometheus-node-exporter.oxn-external-monitoring.svc:9100", "timestamp": 1737549076.765, "sum(rate(node_network_receive_bytes_total[1m]) + rate(node_network_transmit_bytes_total[1m])) by (instance)": 2255867.036363636, "network_bytes": 2255867.036363636, "kubernetes_prometheus_rules": "kubernetes_prometheus_rules", "add_security_context": "add_security_context", "delay_treatment": "delay_treatment"}, {"instance": "kube-prometheus-prometheus-node-exporter.oxn-external-monitoring.svc:9100", "timestamp": 1737549077.765, "sum(rate(node_network_receive_bytes_total[1m]) + rate(node_network_transmit_bytes_total[1m])) by (instance)": 2255867.036363636, "network_bytes": 2255867.036363636, "kubernetes_prometheus_rules": "kubernetes_prometheus_rules", "add_security_context": "add_security_context", "delay_treatment": "delay_treatment"}, {"instance": "kube-prometheus-prometheus-node-exporter.oxn-external-monitoring.svc:9100", "timestamp": 1737549078.765, "sum(rate(node_network_receive_bytes_total[1m]) + rate(node_network_transmit_bytes_total[1m])) by (instance)": 2255867.036363636, "network_bytes": 2255867.036363636, "kubernetes_prometheus_rules": "kubernetes_prometheus_rules", "add_security_context": "add_security_context", "delay_treatment": "delay_treatment"}, {"instance": "kube-prometheus-prometheus-node-exporter.oxn-external-monitoring.svc:9100", "timestamp": 1737549079.765, "sum(rate(node_network_receive_bytes_total[1m]) + rate(node_network_transmit_bytes_total[1m])) by (instance)": 2255867.036363636, "network_bytes": 2255867.036363636, "kubernetes_prometheus_rules": "kubernetes_prometheus_rules", "add_security_context": "add_security_context", "delay_treatment": "delay_treatment"}, {"instance": "kube-prometheus-prometheus-node-exporter.oxn-external-monitoring.svc:9100", "timestamp": 1737549080.765, "sum(rate(node_network_receive_bytes_total[1m]) + rate(node_network_transmit_bytes_total[1m])) by (instance)": 2353722.4545454546, "network_bytes": 2353722.4545454546, "kubernetes_prometheus_rules": "kubernetes_prometheus_rules", "add_security_context": "add_security_context", "delay_treatment": "delay_treatment"}, {"instance": "kube-prometheus-prometheus-node-exporter.oxn-external-monitoring.svc:9100", "timestamp": 1737549081.765, "sum(rate(node_network_receive_bytes_total[1m]) + rate(node_network_transmit_bytes_total[1m])) by (instance)": 2353722.4545454546, "network_bytes": 2353722.4545454546, "kubernetes_prometheus_rules": "kubernetes_prometheus_rules", "add_security_context": "add_security_context", "delay_treatment": "delay_treatment"}, {"instance": "kube-prometheus-prometheus-node-exporter.oxn-external-monitoring.svc:9100", "timestamp": 1737549082.765, "sum(rate(node_network_receive_bytes_total[1m]) + rate(node_network_transmit_bytes_total[1m])) by (instance)": 2353722.4545454546, "network_bytes": 2353722.4545454546, "kubernetes_prometheus_rules": "kubernetes_prometheus_rules", "add_security_context": "add_security_context", "delay_treatment": "delay_treatment"}, {"instance": "kube-prometheus-prometheus-node-exporter.oxn-external-monitoring.svc:9100", "timestamp": 1737549083.765, "sum(rate(node_network_receive_bytes_total[1m]) + rate(node_network_transmit_bytes_total[1m])) by (instance)": 2353722.4545454546, "network_bytes": 2353722.4545454546, "kubernetes_prometheus_rules": "kubernetes_prometheus_rules", "add_security_context": "add_security_context", "delay_treatment": "delay_treatment"}, {"instance": "kube-prometheus-prometheus-node-exporter.oxn-external-monitoring.svc:9100", "timestamp": 1737549084.765, "sum(rate(node_network_receive_bytes_total[1m]) + rate(node_network_transmit_bytes_total[1m])) by (instance)": 2353722.4545454546, "network_bytes": 2353722.4545454546, "kubernetes_prometheus_rules": "kubernetes_prometheus_rules", "add_security_context": "add_security_context", "delay_treatment": "delay_treatment"}, {"instance": "kube-prometheus-prometheus-node-exporter.oxn-external-monitoring.svc:9100", "timestamp": 1737549085.765, "sum(rate(node_network_receive_bytes_total[1m]) + rate(node_network_transmit_bytes_total[1m])) by (instance)": 2473361.109090909, "network_bytes": 2473361.109090909, "kubernetes_prometheus_rules": "kubernetes_prometheus_rules", "add_security_context": "add_security_context", "delay_treatment": "delay_treatment"}, {"instance": "kube-prometheus-prometheus-node-exporter.oxn-external-monitoring.svc:9100", "timestamp": 1737549086.765, "sum(rate(node_network_receive_bytes_total[1m]) + rate(node_network_transmit_bytes_total[1m])) by (instance)": 2473361.109090909, "network_bytes": 2473361.109090909, "kubernetes_prometheus_rules": "kubernetes_prometheus_rules", "add_security_context": "add_security_context", "delay_treatment": "delay_treatment"}, {"instance": "kube-prometheus-prometheus-node-exporter.oxn-external-monitoring.svc:9100", "timestamp": 1737549087.765, "sum(rate(node_network_receive_bytes_total[1m]) + rate(node_network_transmit_bytes_total[1m])) by (instance)": 2473361.109090909, "network_bytes": 2473361.109090909, "kubernetes_prometheus_rules": "kubernetes_prometheus_rules", "add_security_context": "add_security_context", "delay_treatment": "delay_treatment"}, {"instance": "kube-prometheus-prometheus-node-exporter.oxn-external-monitoring.svc:9100", "timestamp": 1737549088.765, "sum(rate(node_network_receive_bytes_total[1m]) + rate(node_network_transmit_bytes_total[1m])) by (instance)": 2473361.109090909, "network_bytes": 2473361.109090909, "kubernetes_prometheus_rules": "kubernetes_prometheus_rules", "add_security_context": "add_security_context", "delay_treatment": "delay_treatment"}, {"instance": "kube-prometheus-prometheus-node-exporter.oxn-external-monitoring.svc:9100", "timestamp": 1737549089.765, "sum(rate(node_network_receive_bytes_total[1m]) + rate(node_network_transmit_bytes_total[1m])) by (instance)": 2473361.109090909, "network_bytes": 2473361.109090909, "kubernetes_prometheus_rules": "kubernetes_prometheus_rules", "add_security_context": "add_security_context", "delay_treatment": "delay_treatment"}, {"instance": "kube-prometheus-prometheus-node-exporter.oxn-external-monitoring.svc:9100", "timestamp": 1737549090.765, "sum(rate(node_network_receive_bytes_total[1m]) + rate(node_network_transmit_bytes_total[1m])) by (instance)": 2548543.6, "network_bytes": 2548543.6, "kubernetes_prometheus_rules": "kubernetes_prometheus_rules", "add_security_context": "add_security_context", "delay_treatment": "delay_treatment"}, {"instance": "kube-prometheus-prometheus-node-exporter.oxn-external-monitoring.svc:9100", "timestamp": 1737549091.765, "sum(rate(node_network_receive_bytes_total[1m]) + rate(node_network_transmit_bytes_total[1m])) by (instance)": 2548543.6, "network_bytes": 2548543.6, "kubernetes_prometheus_rules": "kubernetes_prometheus_rules", "add_security_context": "add_security_context", "delay_treatment": "delay_treatment"}, {"instance": "kube-prometheus-prometheus-node-exporter.oxn-external-monitoring.svc:9100", "timestamp": 1737549092.765, "sum(rate(node_network_receive_bytes_total[1m]) + rate(node_network_transmit_bytes_total[1m])) by (instance)": 2548543.6, "network_bytes": 2548543.6, "kubernetes_prometheus_rules": "kubernetes_prometheus_rules", "add_security_context": "add_security_context", "delay_treatment": "delay_treatment"}, {"instance": "kube-prometheus-prometheus-node-exporter.oxn-external-monitoring.svc:9100", "timestamp": 1737549093.765, "sum(rate(node_network_receive_bytes_total[1m]) + rate(node_network_transmit_bytes_total[1m])) by (instance)": 2548543.6, "network_bytes": 2548543.6, "kubernetes_prometheus_rules": "kubernetes_prometheus_rules", "add_security_context": "add_security_context", "delay_treatment": "delay_treatment"}, {"instance": "kube-prometheus-prometheus-node-exporter.oxn-external-monitoring.svc:9100", "timestamp": 1737549094.765, "sum(rate(node_network_receive_bytes_total[1m]) + rate(node_network_transmit_bytes_total[1m])) by (instance)": 2548543.6, "network_bytes": 2548543.6, "kubernetes_prometheus_rules": "kubernetes_prometheus_rules", "add_security_context": "add_security_context", "delay_treatment": "delay_treatment"}, {"instance": "kube-prometheus-prometheus-node-exporter.oxn-external-monitoring.svc:9100", "timestamp": 1737549095.765, "sum(rate(node_network_receive_bytes_total[1m]) + rate(node_network_transmit_bytes_total[1m])) by (instance)": 2658268.4727272727, "network_bytes": 2658268.4727272727, "kubernetes_prometheus_rules": "kubernetes_prometheus_rules", "add_security_context": "add_security_context", "delay_treatment": "delay_treatment"}, {"instance": "kube-prometheus-prometheus-node-exporter.oxn-external-monitoring.svc:9100", "timestamp": 1737549096.765, "sum(rate(node_network_receive_bytes_total[1m]) + rate(node_network_transmit_bytes_total[1m])) by (instance)": 2658268.4727272727, "network_bytes": 2658268.4727272727, "kubernetes_prometheus_rules": "kubernetes_prometheus_rules", "add_security_context": "add_security_context", "delay_treatment": "delay_treatment"}, {"instance": "kube-prometheus-prometheus-node-exporter.oxn-external-monitoring.svc:9100", "timestamp": 1737549097.765, "sum(rate(node_network_receive_bytes_total[1m]) + rate(node_network_transmit_bytes_total[1m])) by (instance)": 2658268.4727272727, "network_bytes": 2658268.4727272727, "kubernetes_prometheus_rules": "kubernetes_prometheus_rules", "add_security_context": "add_security_context", "delay_treatment": "delay_treatment"}, {"instance": "kube-prometheus-prometheus-node-exporter.oxn-external-monitoring.svc:9100", "timestamp": 1737549098.765, "sum(rate(node_network_receive_bytes_total[1m]) + rate(node_network_transmit_bytes_total[1m])) by (instance)": 2658268.4727272727, "network_bytes": 2658268.4727272727, "kubernetes_prometheus_rules": "kubernetes_prometheus_rules", "add_security_context": "add_security_context", "delay_treatment": "delay_treatment"}, {"instance": "kube-prometheus-prometheus-node-exporter.oxn-external-monitoring.svc:9100", "timestamp": 1737549099.765, "sum(rate(node_network_receive_bytes_total[1m]) + rate(node_network_transmit_bytes_total[1m])) by (instance)": 2658268.4727272727, "network_bytes": 2658268.4727272727, "kubernetes_prometheus_rules": "kubernetes_prometheus_rules", "add_security_context": "add_security_context", "delay_treatment": "delay_treatment"}, {"instance": "kube-prometheus-prometheus-node-exporter.oxn-external-monitoring.svc:9100", "timestamp": 1737549100.765, "sum(rate(node_network_receive_bytes_total[1m]) + rate(node_network_transmit_bytes_total[1m])) by (instance)": 2727820.2909090905, "network_bytes": 2727820.2909090905, "kubernetes_prometheus_rules": "kubernetes_prometheus_rules", "add_security_context": "add_security_context", "delay_treatment": "delay_treatment"}, {"instance": "kube-prometheus-prometheus-node-exporter.oxn-external-monitoring.svc:9100", "timestamp": 1737549101.765, "sum(rate(node_network_receive_bytes_total[1m]) + rate(node_network_transmit_bytes_total[1m])) by (instance)": 2727820.2909090905, "network_bytes": 2727820.2909090905, "kubernetes_prometheus_rules": "kubernetes_prometheus_rules", "add_security_context": "add_security_context", "delay_treatment": "delay_treatment"}, {"instance": "kube-prometheus-prometheus-node-exporter.oxn-external-monitoring.svc:9100", "timestamp": 1737549102.765, "sum(rate(node_network_receive_bytes_total[1m]) + rate(node_network_transmit_bytes_total[1m])) by (instance)": 2727820.2909090905, "network_bytes": 2727820.2909090905, "kubernetes_prometheus_rules": "kubernetes_prometheus_rules", "add_security_context": "add_security_context", "delay_treatment": "delay_treatment"}, {"instance": "kube-prometheus-prometheus-node-exporter.oxn-external-monitoring.svc:9100", "timestamp": 1737549103.765, "sum(rate(node_network_receive_bytes_total[1m]) + rate(node_network_transmit_bytes_total[1m])) by (instance)": 2727820.2909090905, "network_bytes": 2727820.2909090905, "kubernetes_prometheus_rules": "kubernetes_prometheus_rules", "add_security_context": "add_security_context", "delay_treatment": "delay_treatment"}, {"instance": "kube-prometheus-prometheus-node-exporter.oxn-external-monitoring.svc:9100", "timestamp": 1737549104.765, "sum(rate(node_network_receive_bytes_total[1m]) + rate(node_network_transmit_bytes_total[1m])) by (instance)": 2727820.2909090905, "network_bytes": 2727820.2909090905, "kubernetes_prometheus_rules": "kubernetes_prometheus_rules", "add_security_context": "add_security_context", "delay_treatment": "delay_treatment"}, {"instance": "kube-prometheus-prometheus-node-exporter.oxn-external-monitoring.svc:9100", "timestamp": 1737549105.765, "sum(rate(node_network_receive_bytes_total[1m]) + rate(node_network_transmit_bytes_total[1m])) by (instance)": 2787857.2909090905, "network_bytes": 2787857.2909090905, "kubernetes_prometheus_rules": "kubernetes_prometheus_rules", "add_security_context": "add_security_context", "delay_treatment": "delay_treatment"}, {"instance": "kube-prometheus-prometheus-node-exporter.oxn-external-monitoring.svc:9100", "timestamp": 1737549106.765, "sum(rate(node_network_receive_bytes_total[1m]) + rate(node_network_transmit_bytes_total[1m])) by (instance)": 2787857.2909090905, "network_bytes": 2787857.2909090905, "kubernetes_prometheus_rules": "kubernetes_prometheus_rules", "add_security_context": "add_security_context", "delay_treatment": "delay_treatment"}, {"instance": "kube-prometheus-prometheus-node-exporter.oxn-external-monitoring.svc:9100", "timestamp": 1737549107.765, "sum(rate(node_network_receive_bytes_total[1m]) + rate(node_network_transmit_bytes_total[1m])) by (instance)": 2787857.2909090905, "network_bytes": 2787857.2909090905, "kubernetes_prometheus_rules": "kubernetes_prometheus_rules", "add_security_context": "add_security_context", "delay_treatment": "delay_treatment"}, {"instance": "kube-prometheus-prometheus-node-exporter.oxn-external-monitoring.svc:9100", "timestamp": 1737549108.765, "sum(rate(node_network_receive_bytes_total[1m]) + rate(node_network_transmit_bytes_total[1m])) by (instance)": 2787857.2909090905, "network_bytes": 2787857.2909090905, "kubernetes_prometheus_rules": "kubernetes_prometheus_rules", "add_security_context": "add_security_context", "delay_treatment": "delay_treatment"}, {"instance": "kube-prometheus-prometheus-node-exporter.oxn-external-monitoring.svc:9100", "timestamp": 1737549109.765, "sum(rate(node_network_receive_bytes_total[1m]) + rate(node_network_transmit_bytes_total[1m])) by (instance)": 2787857.2909090905, "network_bytes": 2787857.2909090905, "kubernetes_prometheus_rules": "kubernetes_prometheus_rules", "add_security_context": "add_security_context", "delay_treatment": "delay_treatment"}, {"instance": "kube-prometheus-prometheus-node-exporter.oxn-external-monitoring.svc:9100", "timestamp": 1737549110.765, "sum(rate(node_network_receive_bytes_total[1m]) + rate(node_network_transmit_bytes_total[1m])) by (instance)": 2838940.1818181816, "network_bytes": 2838940.1818181816, "kubernetes_prometheus_rules": "kubernetes_prometheus_rules", "add_security_context": "add_security_context", "delay_treatment": "delay_treatment"}, {"instance": "kube-prometheus-prometheus-node-exporter.oxn-external-monitoring.svc:9100", "timestamp": 1737549111.765, "sum(rate(node_network_receive_bytes_total[1m]) + rate(node_network_transmit_bytes_total[1m])) by (instance)": 2838940.1818181816, "network_bytes": 2838940.1818181816, "kubernetes_prometheus_rules": "kubernetes_prometheus_rules", "add_security_context": "add_security_context", "delay_treatment": "delay_treatment"}, {"instance": "kube-prometheus-prometheus-node-exporter.oxn-external-monitoring.svc:9100", "timestamp": 1737549112.765, "sum(rate(node_network_receive_bytes_total[1m]) + rate(node_network_transmit_bytes_total[1m])) by (instance)": 2838940.1818181816, "network_bytes": 2838940.1818181816, "kubernetes_prometheus_rules": "kubernetes_prometheus_rules", "add_security_context": "add_security_context", "delay_treatment": "delay_treatment"}, {"instance": "kube-prometheus-prometheus-node-exporter.oxn-external-monitoring.svc:9100", "timestamp": 1737549113.765, "sum(rate(node_network_receive_bytes_total[1m]) + rate(node_network_transmit_bytes_total[1m])) by (instance)": 2838940.1818181816, "network_bytes": 2838940.1818181816, "kubernetes_prometheus_rules": "kubernetes_prometheus_rules", "add_security_context": "add_security_context", "delay_treatment": "delay_treatment"}, {"instance": "kube-prometheus-prometheus-node-exporter.oxn-external-monitoring.svc:9100", "timestamp": 1737549114.765, "sum(rate(node_network_receive_bytes_total[1m]) + rate(node_network_transmit_bytes_total[1m])) by (instance)": 2838940.1818181816, "network_bytes": 2838940.1818181816, "kubernetes_prometheus_rules": "kubernetes_prometheus_rules", "add_security_context": "add_security_context", "delay_treatment": "delay_treatment"}, {"instance": "kube-prometheus-prometheus-node-exporter.oxn-external-monitoring.svc:9100", "timestamp": 1737549115.765, "sum(rate(node_network_receive_bytes_total[1m]) + rate(node_network_transmit_bytes_total[1m])) by (instance)": 2862377.018181818, "network_bytes": 2862377.018181818, "kubernetes_prometheus_rules": "kubernetes_prometheus_rules", "add_security_context": "add_security_context", "delay_treatment": "delay_treatment"}, {"instance": "kube-prometheus-prometheus-node-exporter.oxn-external-monitoring.svc:9100", "timestamp": 1737549116.765, "sum(rate(node_network_receive_bytes_total[1m]) + rate(node_network_transmit_bytes_total[1m])) by (instance)": 2862377.018181818, "network_bytes": 2862377.018181818, "kubernetes_prometheus_rules": "kubernetes_prometheus_rules", "add_security_context": "add_security_context", "delay_treatment": "delay_treatment"}, {"instance": "kube-prometheus-prometheus-node-exporter.oxn-external-monitoring.svc:9100", "timestamp": 1737549117.765, "sum(rate(node_network_receive_bytes_total[1m]) + rate(node_network_transmit_bytes_total[1m])) by (instance)": 2862377.018181818, "network_bytes": 2862377.018181818, "kubernetes_prometheus_rules": "kubernetes_prometheus_rules", "add_security_context": "add_security_context", "delay_treatment": "delay_treatment"}, {"instance": "kube-prometheus-prometheus-node-exporter.oxn-external-monitoring.svc:9100", "timestamp": 1737549118.765, "sum(rate(node_network_receive_bytes_total[1m]) + rate(node_network_transmit_bytes_total[1m])) by (instance)": 2862377.018181818, "network_bytes": 2862377.018181818, "kubernetes_prometheus_rules": "kubernetes_prometheus_rules", "add_security_context": "add_security_context", "delay_treatment": "delay_treatment"}, {"instance": "kube-prometheus-prometheus-node-exporter.oxn-external-monitoring.svc:9100", "timestamp": 1737549119.765, "sum(rate(node_network_receive_bytes_total[1m]) + rate(node_network_transmit_bytes_total[1m])) by (instance)": 2862377.018181818, "network_bytes": 2862377.018181818, "kubernetes_prometheus_rules": "kubernetes_prometheus_rules", "add_security_context": "add_security_context", "delay_treatment": "delay_treatment"}, {"instance": "kube-prometheus-prometheus-node-exporter.oxn-external-monitoring.svc:9100", "timestamp": 1737549120.765, "sum(rate(node_network_receive_bytes_total[1m]) + rate(node_network_transmit_bytes_total[1m])) by (instance)": 2892354.5776888807, "network_bytes": 2892354.5776888807, "kubernetes_prometheus_rules": "kubernetes_prometheus_rules", "add_security_context": "add_security_context", "delay_treatment": "delay_treatment"}, {"instance": "kube-prometheus-prometheus-node-exporter.oxn-external-monitoring.svc:9100", "timestamp": 1737549121.765, "sum(rate(node_network_receive_bytes_total[1m]) + rate(node_network_transmit_bytes_total[1m])) by (instance)": 2892354.5776888807, "network_bytes": 2892354.5776888807, "kubernetes_prometheus_rules": "kubernetes_prometheus_rules", "add_security_context": "add_security_context", "delay_treatment": "delay_treatment"}, {"instance": "kube-prometheus-prometheus-node-exporter.oxn-external-monitoring.svc:9100", "timestamp": 1737549122.765, "sum(rate(node_network_receive_bytes_total[1m]) + rate(node_network_transmit_bytes_total[1m])) by (instance)": 2892354.5776888807, "network_bytes": 2892354.5776888807, "kubernetes_prometheus_rules": "kubernetes_prometheus_rules", "add_security_context": "add_security_context", "delay_treatment": "delay_treatment"}, {"instance": "kube-prometheus-prometheus-node-exporter.oxn-external-monitoring.svc:9100", "timestamp": 1737549123.765, "sum(rate(node_network_receive_bytes_total[1m]) + rate(node_network_transmit_bytes_total[1m])) by (instance)": 2892354.5776888807, "network_bytes": 2892354.5776888807, "kubernetes_prometheus_rules": "kubernetes_prometheus_rules", "add_security_context": "add_security_context", "delay_treatment": "delay_treatment"}, {"instance": "kube-prometheus-prometheus-node-exporter.oxn-external-monitoring.svc:9100", "timestamp": 1737549124.765, "sum(rate(node_network_receive_bytes_total[1m]) + rate(node_network_transmit_bytes_total[1m])) by (instance)": 2892354.5776888807, "network_bytes": 2892354.5776888807, "kubernetes_prometheus_rules": "kubernetes_prometheus_rules", "add_security_context": "add_security_context", "delay_treatment": "delay_treatment"}, {"instance": "kube-prometheus-prometheus-node-exporter.oxn-external-monitoring.svc:9100", "timestamp": 1737549125.765, "sum(rate(node_network_receive_bytes_total[1m]) + rate(node_network_transmit_bytes_total[1m])) by (instance)": 2901256.690909091, "network_bytes": 2901256.690909091, "kubernetes_prometheus_rules": "kubernetes_prometheus_rules", "add_security_context": "add_security_context", "delay_treatment": "delay_treatment"}, {"instance": "kube-prometheus-prometheus-node-exporter.oxn-external-monitoring.svc:9100", "timestamp": 1737549126.765, "sum(rate(node_network_receive_bytes_total[1m]) + rate(node_network_transmit_bytes_total[1m])) by (instance)": 2901256.690909091, "network_bytes": 2901256.690909091, "kubernetes_prometheus_rules": "kubernetes_prometheus_rules", "add_security_context": "add_security_context", "delay_treatment": "delay_treatment"}, {"instance": "kube-prometheus-prometheus-node-exporter.oxn-external-monitoring.svc:9100", "timestamp": 1737549127.765, "sum(rate(node_network_receive_bytes_total[1m]) + rate(node_network_transmit_bytes_total[1m])) by (instance)": 2901256.690909091, "network_bytes": 2901256.690909091, "kubernetes_prometheus_rules": "kubernetes_prometheus_rules", "add_security_context": "add_security_context", "delay_treatment": "delay_treatment"}, {"instance": "kube-prometheus-prometheus-node-exporter.oxn-external-monitoring.svc:9100", "timestamp": 1737549128.765, "sum(rate(node_network_receive_bytes_total[1m]) + rate(node_network_transmit_bytes_total[1m])) by (instance)": 2901256.690909091, "network_bytes": 2901256.690909091, "kubernetes_prometheus_rules": "kubernetes_prometheus_rules", "add_security_context": "add_security_context", "delay_treatment": "delay_treatment"}, {"instance": "kube-prometheus-prometheus-node-exporter.oxn-external-monitoring.svc:9100", "timestamp": 1737549129.765, "sum(rate(node_network_receive_bytes_total[1m]) + rate(node_network_transmit_bytes_total[1m])) by (instance)": 2901256.690909091, "network_bytes": 2901256.690909091, "kubernetes_prometheus_rules": "kubernetes_prometheus_rules", "add_security_context": "add_security_context", "delay_treatment": "delay_treatment"}, {"instance": "kube-prometheus-prometheus-node-exporter.oxn-external-monitoring.svc:9100", "timestamp": 1737549130.765, "sum(rate(node_network_receive_bytes_total[1m]) + rate(node_network_transmit_bytes_total[1m])) by (instance)": 2921722.4909090907, "network_bytes": 2921722.4909090907, "kubernetes_prometheus_rules": "kubernetes_prometheus_rules", "add_security_context": "add_security_context", "delay_treatment": "delay_treatment"}, {"instance": "kube-prometheus-prometheus-node-exporter.oxn-external-monitoring.svc:9100", "timestamp": 1737549131.765, "sum(rate(node_network_receive_bytes_total[1m]) + rate(node_network_transmit_bytes_total[1m])) by (instance)": 2921722.4909090907, "network_bytes": 2921722.4909090907, "kubernetes_prometheus_rules": "kubernetes_prometheus_rules", "add_security_context": "add_security_context", "delay_treatment": "delay_treatment"}, {"instance": "kube-prometheus-prometheus-node-exporter.oxn-external-monitoring.svc:9100", "timestamp": 1737549132.765, "sum(rate(node_network_receive_bytes_total[1m]) + rate(node_network_transmit_bytes_total[1m])) by (instance)": 2921722.4909090907, "network_bytes": 2921722.4909090907, "kubernetes_prometheus_rules": "kubernetes_prometheus_rules", "add_security_context": "add_security_context", "delay_treatment": "delay_treatment"}, {"instance": "kube-prometheus-prometheus-node-exporter.oxn-external-monitoring.svc:9100", "timestamp": 1737549133.765, "sum(rate(node_network_receive_bytes_total[1m]) + rate(node_network_transmit_bytes_total[1m])) by (instance)": 2921722.4909090907, "network_bytes": 2921722.4909090907, "kubernetes_prometheus_rules": "kubernetes_prometheus_rules", "add_security_context": "add_security_context", "delay_treatment": "delay_treatment"}, {"instance": "kube-prometheus-prometheus-node-exporter.oxn-external-monitoring.svc:9100", "timestamp": 1737549134.765, "sum(rate(node_network_receive_bytes_total[1m]) + rate(node_network_transmit_bytes_total[1m])) by (instance)": 2921722.4909090907, "network_bytes": 2921722.4909090907, "kubernetes_prometheus_rules": "kubernetes_prometheus_rules", "add_security_context": "add_security_context", "delay_treatment": "delay_treatment"}, {"instance": "kube-prometheus-prometheus-node-exporter.oxn-external-monitoring.svc:9100", "timestamp": 1737549135.765, "sum(rate(node_network_receive_bytes_total[1m]) + rate(node_network_transmit_bytes_total[1m])) by (instance)": 2929956.7454545456, "network_bytes": 2929956.7454545456, "kubernetes_prometheus_rules": "kubernetes_prometheus_rules", "add_security_context": "add_security_context", "delay_treatment": "delay_treatment"}, {"instance": "kube-prometheus-prometheus-node-exporter.oxn-external-monitoring.svc:9100", "timestamp": 1737549136.765, "sum(rate(node_network_receive_bytes_total[1m]) + rate(node_network_transmit_bytes_total[1m])) by (instance)": 2929956.7454545456, "network_bytes": 2929956.7454545456, "kubernetes_prometheus_rules": "kubernetes_prometheus_rules", "add_security_context": "add_security_context", "delay_treatment": "delay_treatment"}, {"instance": "kube-prometheus-prometheus-node-exporter.oxn-external-monitoring.svc:9100", "timestamp": 1737549137.765, "sum(rate(node_network_receive_bytes_total[1m]) + rate(node_network_transmit_bytes_total[1m])) by (instance)": 2929956.7454545456, "network_bytes": 2929956.7454545456, "kubernetes_prometheus_rules": "kubernetes_prometheus_rules", "add_security_context": "add_security_context", "delay_treatment": "delay_treatment"}, {"instance": "kube-prometheus-prometheus-node-exporter.oxn-external-monitoring.svc:9100", "timestamp": 1737549138.765, "sum(rate(node_network_receive_bytes_total[1m]) + rate(node_network_transmit_bytes_total[1m])) by (instance)": 2929956.7454545456, "network_bytes": 2929956.7454545456, "kubernetes_prometheus_rules": "kubernetes_prometheus_rules", "add_security_context": "add_security_context", "delay_treatment": "delay_treatment"}, {"instance": "kube-prometheus-prometheus-node-exporter.oxn-external-monitoring.svc:9100", "timestamp": 1737549139.765, "sum(rate(node_network_receive_bytes_total[1m]) + rate(node_network_transmit_bytes_total[1m])) by (instance)": 2929956.7454545456, "network_bytes": 2929956.7454545456, "kubernetes_prometheus_rules": "kubernetes_prometheus_rules", "add_security_context": "add_security_context", "delay_treatment": "delay_treatment"}, {"instance": "kube-prometheus-prometheus-node-exporter.oxn-external-monitoring.svc:9100", "timestamp": 1737549140.765, "sum(rate(node_network_receive_bytes_total[1m]) + rate(node_network_transmit_bytes_total[1m])) by (instance)": 2912455.3818181814, "network_bytes": 2912455.3818181814, "kubernetes_prometheus_rules": "kubernetes_prometheus_rules", "add_security_context": "add_security_context", "delay_treatment": "delay_treatment"}, {"instance": "kube-prometheus-prometheus-node-exporter.oxn-external-monitoring.svc:9100", "timestamp": 1737549141.765, "sum(rate(node_network_receive_bytes_total[1m]) + rate(node_network_transmit_bytes_total[1m])) by (instance)": 2912455.3818181814, "network_bytes": 2912455.3818181814, "kubernetes_prometheus_rules": "kubernetes_prometheus_rules", "add_security_context": "add_security_context", "delay_treatment": "delay_treatment"}, {"instance": "kube-prometheus-prometheus-node-exporter.oxn-external-monitoring.svc:9100", "timestamp": 1737549142.765, "sum(rate(node_network_receive_bytes_total[1m]) + rate(node_network_transmit_bytes_total[1m])) by (instance)": 2912455.3818181814, "network_bytes": 2912455.3818181814, "kubernetes_prometheus_rules": "kubernetes_prometheus_rules", "add_security_context": "add_security_context", "delay_treatment": "delay_treatment"}, {"instance": "kube-prometheus-prometheus-node-exporter.oxn-external-monitoring.svc:9100", "timestamp": 1737549143.765, "sum(rate(node_network_receive_bytes_total[1m]) + rate(node_network_transmit_bytes_total[1m])) by (instance)": 2912455.3818181814, "network_bytes": 2912455.3818181814, "kubernetes_prometheus_rules": "kubernetes_prometheus_rules", "add_security_context": "add_security_context", "delay_treatment": "delay_treatment"}, {"instance": "kube-prometheus-prometheus-node-exporter.oxn-external-monitoring.svc:9100", "timestamp": 1737549144.765, "sum(rate(node_network_receive_bytes_total[1m]) + rate(node_network_transmit_bytes_total[1m])) by (instance)": 2912455.3818181814, "network_bytes": 2912455.3818181814, "kubernetes_prometheus_rules": "kubernetes_prometheus_rules", "add_security_context": "add_security_context", "delay_treatment": "delay_treatment"}, {"instance": "kube-prometheus-prometheus-node-exporter.oxn-external-monitoring.svc:9100", "timestamp": 1737549145.765, "sum(rate(node_network_receive_bytes_total[1m]) + rate(node_network_transmit_bytes_total[1m])) by (instance)": 2939849.9272727272, "network_bytes": 2939849.9272727272, "kubernetes_prometheus_rules": "kubernetes_prometheus_rules", "add_security_context": "add_security_context", "delay_treatment": "delay_treatment"}, {"instance": "kube-prometheus-prometheus-node-exporter.oxn-external-monitoring.svc:9100", "timestamp": 1737549146.765, "sum(rate(node_network_receive_bytes_total[1m]) + rate(node_network_transmit_bytes_total[1m])) by (instance)": 2939849.9272727272, "network_bytes": 2939849.9272727272, "kubernetes_prometheus_rules": "kubernetes_prometheus_rules", "add_security_context": "add_security_context", "delay_treatment": "delay_treatment"}, {"instance": "kube-prometheus-prometheus-node-exporter.oxn-external-monitoring.svc:9100", "timestamp": 1737549147.765, "sum(rate(node_network_receive_bytes_total[1m]) + rate(node_network_transmit_bytes_total[1m])) by (instance)": 2939849.9272727272, "network_bytes": 2939849.9272727272, "kubernetes_prometheus_rules": "kubernetes_prometheus_rules", "add_security_context": "add_security_context", "delay_treatment": "delay_treatment"}, {"instance": "kube-prometheus-prometheus-node-exporter.oxn-external-monitoring.svc:9100", "timestamp": 1737549148.765, "sum(rate(node_network_receive_bytes_total[1m]) + rate(node_network_transmit_bytes_total[1m])) by (instance)": 2939849.9272727272, "network_bytes": 2939849.9272727272, "kubernetes_prometheus_rules": "kubernetes_prometheus_rules", "add_security_context": "add_security_context", "delay_treatment": "delay_treatment"}, {"instance": "kube-prometheus-prometheus-node-exporter.oxn-external-monitoring.svc:9100", "timestamp": 1737549149.765, "sum(rate(node_network_receive_bytes_total[1m]) + rate(node_network_transmit_bytes_total[1m])) by (instance)": 2939849.9272727272, "network_bytes": 2939849.9272727272, "kubernetes_prometheus_rules": "kubernetes_prometheus_rules", "add_security_context": "add_security_context", "delay_treatment": "delay_treatment"}, {"instance": "kube-prometheus-prometheus-node-exporter.oxn-external-monitoring.svc:9100", "timestamp": 1737549150.765, "sum(rate(node_network_receive_bytes_total[1m]) + rate(node_network_transmit_bytes_total[1m])) by (instance)": 2903629.8363636364, "network_bytes": 2903629.8363636364, "kubernetes_prometheus_rules": "kubernetes_prometheus_rules", "add_security_context": "add_security_context", "delay_treatment": "delay_treatment"}, {"instance": "kube-prometheus-prometheus-node-exporter.oxn-external-monitoring.svc:9100", "timestamp": 1737549151.765, "sum(rate(node_network_receive_bytes_total[1m]) + rate(node_network_transmit_bytes_total[1m])) by (instance)": 2903629.8363636364, "network_bytes": 2903629.8363636364, "kubernetes_prometheus_rules": "kubernetes_prometheus_rules", "add_security_context": "add_security_context", "delay_treatment": "delay_treatment"}, {"instance": "kube-prometheus-prometheus-node-exporter.oxn-external-monitoring.svc:9100", "timestamp": 1737549152.765, "sum(rate(node_network_receive_bytes_total[1m]) + rate(node_network_transmit_bytes_total[1m])) by (instance)": 2903629.8363636364, "network_bytes": 2903629.8363636364, "kubernetes_prometheus_rules": "kubernetes_prometheus_rules", "add_security_context": "add_security_context", "delay_treatment": "delay_treatment"}, {"instance": "kube-prometheus-prometheus-node-exporter.oxn-external-monitoring.svc:9100", "timestamp": 1737549153.765, "sum(rate(node_network_receive_bytes_total[1m]) + rate(node_network_transmit_bytes_total[1m])) by (instance)": 2903629.8363636364, "network_bytes": 2903629.8363636364, "kubernetes_prometheus_rules": "kubernetes_prometheus_rules", "add_security_context": "add_security_context", "delay_treatment": "delay_treatment"}, {"instance": "kube-prometheus-prometheus-node-exporter.oxn-external-monitoring.svc:9100", "timestamp": 1737549154.765, "sum(rate(node_network_receive_bytes_total[1m]) + rate(node_network_transmit_bytes_total[1m])) by (instance)": 2903629.8363636364, "network_bytes": 2903629.8363636364, "kubernetes_prometheus_rules": "kubernetes_prometheus_rules", "add_security_context": "add_security_context", "delay_treatment": "delay_treatment"}, {"instance": "kube-prometheus-prometheus-node-exporter.oxn-external-monitoring.svc:9100", "timestamp": 1737549155.765, "sum(rate(node_network_receive_bytes_total[1m]) + rate(node_network_transmit_bytes_total[1m])) by (instance)": 2931729.327272727, "network_bytes": 2931729.327272727, "kubernetes_prometheus_rules": "kubernetes_prometheus_rules", "add_security_context": "add_security_context", "delay_treatment": "delay_treatment"}, {"instance": "kube-prometheus-prometheus-node-exporter.oxn-external-monitoring.svc:9100", "timestamp": 1737549156.765, "sum(rate(node_network_receive_bytes_total[1m]) + rate(node_network_transmit_bytes_total[1m])) by (instance)": 2931729.327272727, "network_bytes": 2931729.327272727, "kubernetes_prometheus_rules": "kubernetes_prometheus_rules", "add_security_context": "add_security_context", "delay_treatment": "delay_treatment"}, {"instance": "kube-prometheus-prometheus-node-exporter.oxn-external-monitoring.svc:9100", "timestamp": 1737549157.765, "sum(rate(node_network_receive_bytes_total[1m]) + rate(node_network_transmit_bytes_total[1m])) by (instance)": 2931729.327272727, "network_bytes": 2931729.327272727, "kubernetes_prometheus_rules": "kubernetes_prometheus_rules", "add_security_context": "add_security_context", "delay_treatment": "delay_treatment"}, {"instance": "kube-prometheus-prometheus-node-exporter.oxn-external-monitoring.svc:9100", "timestamp": 1737549158.765, "sum(rate(node_network_receive_bytes_total[1m]) + rate(node_network_transmit_bytes_total[1m])) by (instance)": 2931729.327272727, "network_bytes": 2931729.327272727, "kubernetes_prometheus_rules": "kubernetes_prometheus_rules", "add_security_context": "add_security_context", "delay_treatment": "delay_treatment"}, {"instance": "kube-prometheus-prometheus-node-exporter.oxn-external-monitoring.svc:9100", "timestamp": 1737549159.765, "sum(rate(node_network_receive_bytes_total[1m]) + rate(node_network_transmit_bytes_total[1m])) by (instance)": 2931729.327272727, "network_bytes": 2931729.327272727, "kubernetes_prometheus_rules": "kubernetes_prometheus_rules", "add_security_context": "add_security_context", "delay_treatment": "delay_treatment"}, {"instance": "kube-prometheus-prometheus-node-exporter.oxn-external-monitoring.svc:9100", "timestamp": 1737549160.765, "sum(rate(node_network_receive_bytes_total[1m]) + rate(node_network_transmit_bytes_total[1m])) by (instance)": 2960932.6363636362, "network_bytes": 2960932.6363636362, "kubernetes_prometheus_rules": "kubernetes_prometheus_rules", "add_security_context": "add_security_context", "delay_treatment": "delay_treatment"}, {"instance": "kube-prometheus-prometheus-node-exporter.oxn-external-monitoring.svc:9100", "timestamp": 1737549161.765, "sum(rate(node_network_receive_bytes_total[1m]) + rate(node_network_transmit_bytes_total[1m])) by (instance)": 2960932.6363636362, "network_bytes": 2960932.6363636362, "kubernetes_prometheus_rules": "kubernetes_prometheus_rules", "add_security_context": "add_security_context", "delay_treatment": "delay_treatment"}, {"instance": "kube-prometheus-prometheus-node-exporter.oxn-external-monitoring.svc:9100", "timestamp": 1737549162.765, "sum(rate(node_network_receive_bytes_total[1m]) + rate(node_network_transmit_bytes_total[1m])) by (instance)": 2960932.6363636362, "network_bytes": 2960932.6363636362, "kubernetes_prometheus_rules": "kubernetes_prometheus_rules", "add_security_context": "add_security_context", "delay_treatment": "delay_treatment"}, {"instance": "kube-prometheus-prometheus-node-exporter.oxn-external-monitoring.svc:9100", "timestamp": 1737549163.765, "sum(rate(node_network_receive_bytes_total[1m]) + rate(node_network_transmit_bytes_total[1m])) by (instance)": 2960932.6363636362, "network_bytes": 2960932.6363636362, "kubernetes_prometheus_rules": "kubernetes_prometheus_rules", "add_security_context": "add_security_context", "delay_treatment": "delay_treatment"}, {"instance": "kube-prometheus-prometheus-node-exporter.oxn-external-monitoring.svc:9100", "timestamp": 1737549164.765, "sum(rate(node_network_receive_bytes_total[1m]) + rate(node_network_transmit_bytes_total[1m])) by (instance)": 2960932.6363636362, "network_bytes": 2960932.6363636362, "kubernetes_prometheus_rules": "kubernetes_prometheus_rules", "add_security_context": "add_security_context", "delay_treatment": "delay_treatment"}, {"instance": "kube-prometheus-prometheus-node-exporter.oxn-external-monitoring.svc:9100", "timestamp": 1737549165.765, "sum(rate(node_network_receive_bytes_total[1m]) + rate(node_network_transmit_bytes_total[1m])) by (instance)": 2957958.018181818, "network_bytes": 2957958.018181818, "kubernetes_prometheus_rules": "kubernetes_prometheus_rules", "add_security_context": "add_security_context", "delay_treatment": "delay_treatment"}, {"instance": "kube-prometheus-prometheus-node-exporter.oxn-external-monitoring.svc:9100", "timestamp": 1737549166.765, "sum(rate(node_network_receive_bytes_total[1m]) + rate(node_network_transmit_bytes_total[1m])) by (instance)": 2957958.018181818, "network_bytes": 2957958.018181818, "kubernetes_prometheus_rules": "kubernetes_prometheus_rules", "add_security_context": "add_security_context", "delay_treatment": "delay_treatment"}, {"instance": "kube-prometheus-prometheus-node-exporter.oxn-external-monitoring.svc:9100", "timestamp": 1737549167.765, "sum(rate(node_network_receive_bytes_total[1m]) + rate(node_network_transmit_bytes_total[1m])) by (instance)": 2957958.018181818, "network_bytes": 2957958.018181818, "kubernetes_prometheus_rules": "kubernetes_prometheus_rules", "add_security_context": "add_security_context", "delay_treatment": "delay_treatment"}, {"instance": "kube-prometheus-prometheus-node-exporter.oxn-external-monitoring.svc:9100", "timestamp": 1737549168.765, "sum(rate(node_network_receive_bytes_total[1m]) + rate(node_network_transmit_bytes_total[1m])) by (instance)": 2957958.018181818, "network_bytes": 2957958.018181818, "kubernetes_prometheus_rules": "kubernetes_prometheus_rules", "add_security_context": "add_security_context", "delay_treatment": "delay_treatment"}, {"instance": "kube-prometheus-prometheus-node-exporter.oxn-external-monitoring.svc:9100", "timestamp": 1737549169.765, "sum(rate(node_network_receive_bytes_total[1m]) + rate(node_network_transmit_bytes_total[1m])) by (instance)": 2957958.018181818, "network_bytes": 2957958.018181818, "kubernetes_prometheus_rules": "kubernetes_prometheus_rules", "add_security_context": "add_security_context", "delay_treatment": "delay_treatment"}, {"instance": "kube-prometheus-prometheus-node-exporter.oxn-external-monitoring.svc:9100", "timestamp": 1737549170.765, "sum(rate(node_network_receive_bytes_total[1m]) + rate(node_network_transmit_bytes_total[1m])) by (instance)": 2963458.690909091, "network_bytes": 2963458.690909091, "kubernetes_prometheus_rules": "kubernetes_prometheus_rules", "add_security_context": "add_security_context", "delay_treatment": "delay_treatment"}, {"instance": "kube-prometheus-prometheus-node-exporter.oxn-external-monitoring.svc:9100", "timestamp": 1737549171.765, "sum(rate(node_network_receive_bytes_total[1m]) + rate(node_network_transmit_bytes_total[1m])) by (instance)": 2963458.690909091, "network_bytes": 2963458.690909091, "kubernetes_prometheus_rules": "kubernetes_prometheus_rules", "add_security_context": "add_security_context", "delay_treatment": "delay_treatment"}, {"instance": "kube-prometheus-prometheus-node-exporter.oxn-external-monitoring.svc:9100", "timestamp": 1737549172.765, "sum(rate(node_network_receive_bytes_total[1m]) + rate(node_network_transmit_bytes_total[1m])) by (instance)": 2963458.690909091, "network_bytes": 2963458.690909091, "kubernetes_prometheus_rules": "kubernetes_prometheus_rules", "add_security_context": "add_security_context", "delay_treatment": "delay_treatment"}, {"instance": "kube-prometheus-prometheus-node-exporter.oxn-external-monitoring.svc:9100", "timestamp": 1737549173.765, "sum(rate(node_network_receive_bytes_total[1m]) + rate(node_network_transmit_bytes_total[1m])) by (instance)": 2963458.690909091, "network_bytes": 2963458.690909091, "kubernetes_prometheus_rules": "kubernetes_prometheus_rules", "add_security_context": "add_security_context", "delay_treatment": "delay_treatment"}, {"instance": "kube-prometheus-prometheus-node-exporter.oxn-external-monitoring.svc:9100", "timestamp": 1737549174.765, "sum(rate(node_network_receive_bytes_total[1m]) + rate(node_network_transmit_bytes_total[1m])) by (instance)": 2963458.690909091, "network_bytes": 2963458.690909091, "kubernetes_prometheus_rules": "kubernetes_prometheus_rules", "add_security_context": "add_security_context", "delay_treatment": "delay_treatment"}, {"instance": "kube-prometheus-prometheus-node-exporter.oxn-external-monitoring.svc:9100", "timestamp": 1737549175.765, "sum(rate(node_network_receive_bytes_total[1m]) + rate(node_network_transmit_bytes_total[1m])) by (instance)": 2952953.709090909, "network_bytes": 2952953.709090909, "kubernetes_prometheus_rules": "kubernetes_prometheus_rules", "add_security_context": "add_security_context", "delay_treatment": "delay_treatment"}, {"instance": "kube-prometheus-prometheus-node-exporter.oxn-external-monitoring.svc:9100", "timestamp": 1737549176.765, "sum(rate(node_network_receive_bytes_total[1m]) + rate(node_network_transmit_bytes_total[1m])) by (instance)": 2952953.709090909, "network_bytes": 2952953.709090909, "kubernetes_prometheus_rules": "kubernetes_prometheus_rules", "add_security_context": "add_security_context", "delay_treatment": "delay_treatment"}, {"instance": "kube-prometheus-prometheus-node-exporter.oxn-external-monitoring.svc:9100", "timestamp": 1737549177.765, "sum(rate(node_network_receive_bytes_total[1m]) + rate(node_network_transmit_bytes_total[1m])) by (instance)": 2952953.709090909, "network_bytes": 2952953.709090909, "kubernetes_prometheus_rules": "kubernetes_prometheus_rules", "add_security_context": "add_security_context", "delay_treatment": "delay_treatment"}, {"instance": "kube-prometheus-prometheus-node-exporter.oxn-external-monitoring.svc:9100", "timestamp": 1737549178.765, "sum(rate(node_network_receive_bytes_total[1m]) + rate(node_network_transmit_bytes_total[1m])) by (instance)": 2952953.709090909, "network_bytes": 2952953.709090909, "kubernetes_prometheus_rules": "kubernetes_prometheus_rules", "add_security_context": "add_security_context", "delay_treatment": "delay_treatment"}, {"instance": "kube-prometheus-prometheus-node-exporter.oxn-external-monitoring.svc:9100", "timestamp": 1737549179.765, "sum(rate(node_network_receive_bytes_total[1m]) + rate(node_network_transmit_bytes_total[1m])) by (instance)": 2952953.709090909, "network_bytes": 2952953.709090909, "kubernetes_prometheus_rules": "kubernetes_prometheus_rules", "add_security_context": "add_security_context", "delay_treatment": "delay_treatment"}, {"instance": "kube-prometheus-prometheus-node-exporter.oxn-external-monitoring.svc:9100", "timestamp": 1737549180.765, "sum(rate(node_network_receive_bytes_total[1m]) + rate(node_network_transmit_bytes_total[1m])) by (instance)": 2979389.5454545454, "network_bytes": 2979389.5454545454, "kubernetes_prometheus_rules": "kubernetes_prometheus_rules", "add_security_context": "add_security_context", "delay_treatment": "delay_treatment"}, {"instance": "kube-prometheus-prometheus-node-exporter.oxn-external-monitoring.svc:9100", "timestamp": 1737549181.765, "sum(rate(node_network_receive_bytes_total[1m]) + rate(node_network_transmit_bytes_total[1m])) by (instance)": 2979389.5454545454, "network_bytes": 2979389.5454545454, "kubernetes_prometheus_rules": "kubernetes_prometheus_rules", "add_security_context": "add_security_context", "delay_treatment": "delay_treatment"}, {"instance": "kube-prometheus-prometheus-node-exporter.oxn-external-monitoring.svc:9100", "timestamp": 1737549182.765, "sum(rate(node_network_receive_bytes_total[1m]) + rate(node_network_transmit_bytes_total[1m])) by (instance)": 2979389.5454545454, "network_bytes": 2979389.5454545454, "kubernetes_prometheus_rules": "kubernetes_prometheus_rules", "add_security_context": "add_security_context", "delay_treatment": "delay_treatment"}, {"instance": "kube-prometheus-prometheus-node-exporter.oxn-external-monitoring.svc:9100", "timestamp": 1737549183.765, "sum(rate(node_network_receive_bytes_total[1m]) + rate(node_network_transmit_bytes_total[1m])) by (instance)": 2979389.5454545454, "network_bytes": 2979389.5454545454, "kubernetes_prometheus_rules": "kubernetes_prometheus_rules", "add_security_context": "add_security_context", "delay_treatment": "delay_treatment"}, {"instance": "kube-prometheus-prometheus-node-exporter.oxn-external-monitoring.svc:9100", "timestamp": 1737549184.765, "sum(rate(node_network_receive_bytes_total[1m]) + rate(node_network_transmit_bytes_total[1m])) by (instance)": 2979389.5454545454, "network_bytes": 2979389.5454545454, "kubernetes_prometheus_rules": "kubernetes_prometheus_rules", "add_security_context": "add_security_context", "delay_treatment": "delay_treatment"}, {"instance": "kube-prometheus-prometheus-node-exporter.oxn-external-monitoring.svc:9100", "timestamp": 1737549185.765, "sum(rate(node_network_receive_bytes_total[1m]) + rate(node_network_transmit_bytes_total[1m])) by (instance)": 3005345.198705596, "network_bytes": 3005345.198705596, "kubernetes_prometheus_rules": "kubernetes_prometheus_rules", "add_security_context": "add_security_context", "delay_treatment": "delay_treatment"}, {"instance": "kube-prometheus-prometheus-node-exporter.oxn-external-monitoring.svc:9100", "timestamp": 1737549186.765, "sum(rate(node_network_receive_bytes_total[1m]) + rate(node_network_transmit_bytes_total[1m])) by (instance)": 3005345.198705596, "network_bytes": 3005345.198705596, "kubernetes_prometheus_rules": "kubernetes_prometheus_rules", "add_security_context": "add_security_context", "delay_treatment": "delay_treatment"}, {"instance": "kube-prometheus-prometheus-node-exporter.oxn-external-monitoring.svc:9100", "timestamp": 1737549187.765, "sum(rate(node_network_receive_bytes_total[1m]) + rate(node_network_transmit_bytes_total[1m])) by (instance)": 3005345.198705596, "network_bytes": 3005345.198705596, "kubernetes_prometheus_rules": "kubernetes_prometheus_rules", "add_security_context": "add_security_context", "delay_treatment": "delay_treatment"}, {"instance": "kube-prometheus-prometheus-node-exporter.oxn-external-monitoring.svc:9100", "timestamp": 1737549188.765, "sum(rate(node_network_receive_bytes_total[1m]) + rate(node_network_transmit_bytes_total[1m])) by (instance)": 3005345.198705596, "network_bytes": 3005345.198705596, "kubernetes_prometheus_rules": "kubernetes_prometheus_rules", "add_security_context": "add_security_context", "delay_treatment": "delay_treatment"}, {"instance": "kube-prometheus-prometheus-node-exporter.oxn-external-monitoring.svc:9100", "timestamp": 1737549189.765, "sum(rate(node_network_receive_bytes_total[1m]) + rate(node_network_transmit_bytes_total[1m])) by (instance)": 3005345.198705596, "network_bytes": 3005345.198705596, "kubernetes_prometheus_rules": "kubernetes_prometheus_rules", "add_security_context": "add_security_context", "delay_treatment": "delay_treatment"}, {"instance": "kube-prometheus-prometheus-node-exporter.oxn-external-monitoring.svc:9100", "timestamp": 1737549190.765, "sum(rate(node_network_receive_bytes_total[1m]) + rate(node_network_transmit_bytes_total[1m])) by (instance)": 2998069.290909091, "network_bytes": 2998069.290909091, "kubernetes_prometheus_rules": "kubernetes_prometheus_rules", "add_security_context": "add_security_context", "delay_treatment": "delay_treatment"}, {"instance": "kube-prometheus-prometheus-node-exporter.oxn-external-monitoring.svc:9100", "timestamp": 1737549191.765, "sum(rate(node_network_receive_bytes_total[1m]) + rate(node_network_transmit_bytes_total[1m])) by (instance)": 2998069.290909091, "network_bytes": 2998069.290909091, "kubernetes_prometheus_rules": "kubernetes_prometheus_rules", "add_security_context": "add_security_context", "delay_treatment": "delay_treatment"}, {"instance": "kube-prometheus-prometheus-node-exporter.oxn-external-monitoring.svc:9100", "timestamp": 1737549192.765, "sum(rate(node_network_receive_bytes_total[1m]) + rate(node_network_transmit_bytes_total[1m])) by (instance)": 2998069.290909091, "network_bytes": 2998069.290909091, "kubernetes_prometheus_rules": "kubernetes_prometheus_rules", "add_security_context": "add_security_context", "delay_treatment": "delay_treatment"}, {"instance": "kube-prometheus-prometheus-node-exporter.oxn-external-monitoring.svc:9100", "timestamp": 1737549193.765, "sum(rate(node_network_receive_bytes_total[1m]) + rate(node_network_transmit_bytes_total[1m])) by (instance)": 2998069.290909091, "network_bytes": 2998069.290909091, "kubernetes_prometheus_rules": "kubernetes_prometheus_rules", "add_security_context": "add_security_context", "delay_treatment": "delay_treatment"}, {"instance": "kube-prometheus-prometheus-node-exporter.oxn-external-monitoring.svc:9100", "timestamp": 1737549194.765, "sum(rate(node_network_receive_bytes_total[1m]) + rate(node_network_transmit_bytes_total[1m])) by (instance)": 2998069.290909091, "network_bytes": 2998069.290909091, "kubernetes_prometheus_rules": "kubernetes_prometheus_rules", "add_security_context": "add_security_context", "delay_treatment": "delay_treatment"}, {"instance": "kube-prometheus-prometheus-node-exporter.oxn-external-monitoring.svc:9100", "timestamp": 1737549195.765, "sum(rate(node_network_receive_bytes_total[1m]) + rate(node_network_transmit_bytes_total[1m])) by (instance)": 2983694.2909090905, "network_bytes": 2983694.2909090905, "kubernetes_prometheus_rules": "kubernetes_prometheus_rules", "add_security_context": "add_security_context", "delay_treatment": "delay_treatment"}, {"instance": "kube-prometheus-prometheus-node-exporter.oxn-external-monitoring.svc:9100", "timestamp": 1737549196.765, "sum(rate(node_network_receive_bytes_total[1m]) + rate(node_network_transmit_bytes_total[1m])) by (instance)": 2983694.2909090905, "network_bytes": 2983694.2909090905, "kubernetes_prometheus_rules": "kubernetes_prometheus_rules", "add_security_context": "add_security_context", "delay_treatment": "delay_treatment"}, {"instance": "kube-prometheus-prometheus-node-exporter.oxn-external-monitoring.svc:9100", "timestamp": 1737549197.765, "sum(rate(node_network_receive_bytes_total[1m]) + rate(node_network_transmit_bytes_total[1m])) by (instance)": 2983694.2909090905, "network_bytes": 2983694.2909090905, "kubernetes_prometheus_rules": "kubernetes_prometheus_rules", "add_security_context": "add_security_context", "delay_treatment": "delay_treatment"}, {"instance": "kube-prometheus-prometheus-node-exporter.oxn-external-monitoring.svc:9100", "timestamp": 1737549198.765, "sum(rate(node_network_receive_bytes_total[1m]) + rate(node_network_transmit_bytes_total[1m])) by (instance)": 2983694.2909090905, "network_bytes": 2983694.2909090905, "kubernetes_prometheus_rules": "kubernetes_prometheus_rules", "add_security_context": "add_security_context", "delay_treatment": "delay_treatment"}, {"instance": "kube-prometheus-prometheus-node-exporter.oxn-external-monitoring.svc:9100", "timestamp": 1737549199.765, "sum(rate(node_network_receive_bytes_total[1m]) + rate(node_network_transmit_bytes_total[1m])) by (instance)": 2983694.2909090905, "network_bytes": 2983694.2909090905, "kubernetes_prometheus_rules": "kubernetes_prometheus_rules", "add_security_context": "add_security_context", "delay_treatment": "delay_treatment"}, {"instance": "kube-prometheus-prometheus-node-exporter.oxn-external-monitoring.svc:9100", "timestamp": 1737549200.765, "sum(rate(node_network_receive_bytes_total[1m]) + rate(node_network_transmit_bytes_total[1m])) by (instance)": 2949449.1454545455, "network_bytes": 2949449.1454545455, "kubernetes_prometheus_rules": "kubernetes_prometheus_rules", "add_security_context": "add_security_context", "delay_treatment": "delay_treatment"}, {"instance": "kube-prometheus-prometheus-node-exporter.oxn-external-monitoring.svc:9100", "timestamp": 1737549201.765, "sum(rate(node_network_receive_bytes_total[1m]) + rate(node_network_transmit_bytes_total[1m])) by (instance)": 2949449.1454545455, "network_bytes": 2949449.1454545455, "kubernetes_prometheus_rules": "kubernetes_prometheus_rules", "add_security_context": "add_security_context", "delay_treatment": "delay_treatment"}, {"instance": "kube-prometheus-prometheus-node-exporter.oxn-external-monitoring.svc:9100", "timestamp": 1737549202.765, "sum(rate(node_network_receive_bytes_total[1m]) + rate(node_network_transmit_bytes_total[1m])) by (instance)": 2949449.1454545455, "network_bytes": 2949449.1454545455, "kubernetes_prometheus_rules": "kubernetes_prometheus_rules", "add_security_context": "add_security_context", "delay_treatment": "delay_treatment"}, {"instance": "kube-prometheus-prometheus-node-exporter.oxn-external-monitoring.svc:9100", "timestamp": 1737549203.765, "sum(rate(node_network_receive_bytes_total[1m]) + rate(node_network_transmit_bytes_total[1m])) by (instance)": 2949449.1454545455, "network_bytes": 2949449.1454545455, "kubernetes_prometheus_rules": "kubernetes_prometheus_rules", "add_security_context": "add_security_context", "delay_treatment": "delay_treatment"}, {"instance": "kube-prometheus-prometheus-node-exporter.oxn-external-monitoring.svc:9100", "timestamp": 1737549204.765, "sum(rate(node_network_receive_bytes_total[1m]) + rate(node_network_transmit_bytes_total[1m])) by (instance)": 2949449.1454545455, "network_bytes": 2949449.1454545455, "kubernetes_prometheus_rules": "kubernetes_prometheus_rules", "add_security_context": "add_security_context", "delay_treatment": "delay_treatment"}, {"instance": "kube-prometheus-prometheus-node-exporter.oxn-external-monitoring.svc:9100", "timestamp": 1737549205.765, "sum(rate(node_network_receive_bytes_total[1m]) + rate(node_network_transmit_bytes_total[1m])) by (instance)": 2962290.109090909, "network_bytes": 2962290.109090909, "kubernetes_prometheus_rules": "kubernetes_prometheus_rules", "add_security_context": "add_security_context", "delay_treatment": "delay_treatment"}, {"instance": "kube-prometheus-prometheus-node-exporter.oxn-external-monitoring.svc:9100", "timestamp": 1737549206.765, "sum(rate(node_network_receive_bytes_total[1m]) + rate(node_network_transmit_bytes_total[1m])) by (instance)": 2962290.109090909, "network_bytes": 2962290.109090909, "kubernetes_prometheus_rules": "kubernetes_prometheus_rules", "add_security_context": "add_security_context", "delay_treatment": "delay_treatment"}, {"instance": "kube-prometheus-prometheus-node-exporter.oxn-external-monitoring.svc:9100", "timestamp": 1737549207.765, "sum(rate(node_network_receive_bytes_total[1m]) + rate(node_network_transmit_bytes_total[1m])) by (instance)": 2962290.109090909, "network_bytes": 2962290.109090909, "kubernetes_prometheus_rules": "kubernetes_prometheus_rules", "add_security_context": "add_security_context", "delay_treatment": "delay_treatment"}, {"instance": "kube-prometheus-prometheus-node-exporter.oxn-external-monitoring.svc:9100", "timestamp": 1737549208.765, "sum(rate(node_network_receive_bytes_total[1m]) + rate(node_network_transmit_bytes_total[1m])) by (instance)": 2962290.109090909, "network_bytes": 2962290.109090909, "kubernetes_prometheus_rules": "kubernetes_prometheus_rules", "add_security_context": "add_security_context", "delay_treatment": "delay_treatment"}, {"instance": "kube-prometheus-prometheus-node-exporter.oxn-external-monitoring.svc:9100", "timestamp": 1737549209.765, "sum(rate(node_network_receive_bytes_total[1m]) + rate(node_network_transmit_bytes_total[1m])) by (instance)": 2962290.109090909, "network_bytes": 2962290.109090909, "kubernetes_prometheus_rules": "kubernetes_prometheus_rules", "add_security_context": "add_security_context", "delay_treatment": "delay_treatment"}, {"instance": "kube-prometheus-prometheus-node-exporter.oxn-external-monitoring.svc:9100", "timestamp": 1737549210.765, "sum(rate(node_network_receive_bytes_total[1m]) + rate(node_network_transmit_bytes_total[1m])) by (instance)": 2960149.1454545455, "network_bytes": 2960149.1454545455, "kubernetes_prometheus_rules": "kubernetes_prometheus_rules", "add_security_context": "add_security_context", "delay_treatment": "delay_treatment"}, {"instance": "kube-prometheus-prometheus-node-exporter.oxn-external-monitoring.svc:9100", "timestamp": 1737549211.765, "sum(rate(node_network_receive_bytes_total[1m]) + rate(node_network_transmit_bytes_total[1m])) by (instance)": 2960149.1454545455, "network_bytes": 2960149.1454545455, "kubernetes_prometheus_rules": "kubernetes_prometheus_rules", "add_security_context": "add_security_context", "delay_treatment": "delay_treatment"}, {"instance": "kube-prometheus-prometheus-node-exporter.oxn-external-monitoring.svc:9100", "timestamp": 1737549212.765, "sum(rate(node_network_receive_bytes_total[1m]) + rate(node_network_transmit_bytes_total[1m])) by (instance)": 2960149.1454545455, "network_bytes": 2960149.1454545455, "kubernetes_prometheus_rules": "kubernetes_prometheus_rules", "add_security_context": "add_security_context", "delay_treatment": "delay_treatment"}, {"instance": "kube-prometheus-prometheus-node-exporter.oxn-external-monitoring.svc:9100", "timestamp": 1737549213.765, "sum(rate(node_network_receive_bytes_total[1m]) + rate(node_network_transmit_bytes_total[1m])) by (instance)": 2960149.1454545455, "network_bytes": 2960149.1454545455, "kubernetes_prometheus_rules": "kubernetes_prometheus_rules", "add_security_context": "add_security_context", "delay_treatment": "delay_treatment"}, {"instance": "kube-prometheus-prometheus-node-exporter.oxn-external-monitoring.svc:9100", "timestamp": 1737549214.765, "sum(rate(node_network_receive_bytes_total[1m]) + rate(node_network_transmit_bytes_total[1m])) by (instance)": 2960149.1454545455, "network_bytes": 2960149.1454545455, "kubernetes_prometheus_rules": "kubernetes_prometheus_rules", "add_security_context": "add_security_context", "delay_treatment": "delay_treatment"}, {"instance": "kube-prometheus-prometheus-node-exporter.oxn-external-monitoring.svc:9100", "timestamp": 1737549215.765, "sum(rate(node_network_receive_bytes_total[1m]) + rate(node_network_transmit_bytes_total[1m])) by (instance)": 2968699.054545454, "network_bytes": 2968699.054545454, "kubernetes_prometheus_rules": "kubernetes_prometheus_rules", "add_security_context": "add_security_context", "delay_treatment": "delay_treatment"}, {"instance": "kube-prometheus-prometheus-node-exporter.oxn-external-monitoring.svc:9100", "timestamp": 1737549216.765, "sum(rate(node_network_receive_bytes_total[1m]) + rate(node_network_transmit_bytes_total[1m])) by (instance)": 2968699.054545454, "network_bytes": 2968699.054545454, "kubernetes_prometheus_rules": "kubernetes_prometheus_rules", "add_security_context": "add_security_context", "delay_treatment": "delay_treatment"}, {"instance": "kube-prometheus-prometheus-node-exporter.oxn-external-monitoring.svc:9100", "timestamp": 1737549217.765, "sum(rate(node_network_receive_bytes_total[1m]) + rate(node_network_transmit_bytes_total[1m])) by (instance)": 2968699.054545454, "network_bytes": 2968699.054545454, "kubernetes_prometheus_rules": "kubernetes_prometheus_rules", "add_security_context": "add_security_context", "delay_treatment": "delay_treatment"}, {"instance": "kube-prometheus-prometheus-node-exporter.oxn-external-monitoring.svc:9100", "timestamp": 1737549218.765, "sum(rate(node_network_receive_bytes_total[1m]) + rate(node_network_transmit_bytes_total[1m])) by (instance)": 2968699.054545454, "network_bytes": 2968699.054545454, "kubernetes_prometheus_rules": "NoTreatment", "add_security_context": "NoTreatment", "delay_treatment": "NoTreatment"}, {"instance": "kube-prometheus-prometheus-node-exporter.oxn-external-monitoring.svc:9100", "timestamp": 1737549219.765, "sum(rate(node_network_receive_bytes_total[1m]) + rate(node_network_transmit_bytes_total[1m])) by (instance)": 2968699.054545454, "network_bytes": 2968699.054545454, "kubernetes_prometheus_rules": "NoTreatment", "add_security_context": "NoTreatment", "delay_treatment": "NoTreatment"}, {"instance": "kube-prometheus-prometheus-node-exporter.oxn-external-monitoring.svc:9100", "timestamp": 1737549220.765, "sum(rate(node_network_receive_bytes_total[1m]) + rate(node_network_transmit_bytes_total[1m])) by (instance)": 2967776.309090909, "network_bytes": 2967776.309090909, "kubernetes_prometheus_rules": "NoTreatment", "add_security_context": "NoTreatment", "delay_treatment": "NoTreatment"}, {"instance": "kube-prometheus-prometheus-node-exporter.oxn-external-monitoring.svc:9100", "timestamp": 1737549221.765, "sum(rate(node_network_receive_bytes_total[1m]) + rate(node_network_transmit_bytes_total[1m])) by (instance)": 2967776.309090909, "network_bytes": 2967776.309090909, "kubernetes_prometheus_rules": "NoTreatment", "add_security_context": "NoTreatment", "delay_treatment": "NoTreatment"}, {"instance": "kube-prometheus-prometheus-node-exporter.oxn-external-monitoring.svc:9100", "timestamp": 1737549222.765, "sum(rate(node_network_receive_bytes_total[1m]) + rate(node_network_transmit_bytes_total[1m])) by (instance)": 2967776.309090909, "network_bytes": 2967776.309090909, "kubernetes_prometheus_rules": "NoTreatment", "add_security_context": "NoTreatment", "delay_treatment": "NoTreatment"}, {"instance": "kube-prometheus-prometheus-node-exporter.oxn-external-monitoring.svc:9100", "timestamp": 1737549223.765, "sum(rate(node_network_receive_bytes_total[1m]) + rate(node_network_transmit_bytes_total[1m])) by (instance)": 2967776.309090909, "network_bytes": 2967776.309090909, "kubernetes_prometheus_rules": "NoTreatment", "add_security_context": "NoTreatment", "delay_treatment": "NoTreatment"}, {"instance": "kube-prometheus-prometheus-node-exporter.oxn-external-monitoring.svc:9100", "timestamp": 1737549224.765, "sum(rate(node_network_receive_bytes_total[1m]) + rate(node_network_transmit_bytes_total[1m])) by (instance)": 2967776.309090909, "network_bytes": 2967776.309090909, "kubernetes_prometheus_rules": "NoTreatment", "add_security_context": "NoTreatment", "delay_treatment": "NoTreatment"}, {"instance": "kube-prometheus-prometheus-node-exporter.oxn-external-monitoring.svc:9100", "timestamp": 1737549225.765, "sum(rate(node_network_receive_bytes_total[1m]) + rate(node_network_transmit_bytes_total[1m])) by (instance)": 3001387.145454545, "network_bytes": 3001387.145454545, "kubernetes_prometheus_rules": "NoTreatment", "add_security_context": "NoTreatment", "delay_treatment": "NoTreatment"}, {"instance": "kube-prometheus-prometheus-node-exporter.oxn-external-monitoring.svc:9100", "timestamp": 1737549226.765, "sum(rate(node_network_receive_bytes_total[1m]) + rate(node_network_transmit_bytes_total[1m])) by (instance)": 3001387.145454545, "network_bytes": 3001387.145454545, "kubernetes_prometheus_rules": "NoTreatment", "add_security_context": "NoTreatment", "delay_treatment": "NoTreatment"}, {"instance": "kube-prometheus-prometheus-node-exporter.oxn-external-monitoring.svc:9100", "timestamp": 1737549227.765, "sum(rate(node_network_receive_bytes_total[1m]) + rate(node_network_transmit_bytes_total[1m])) by (instance)": 3001387.145454545, "network_bytes": 3001387.145454545, "kubernetes_prometheus_rules": "NoTreatment", "add_security_context": "NoTreatment", "delay_treatment": "NoTreatment"}]