[{"rpc_method": "GetProduct", "timestamp": 1737548233.676, "histogram_quantile(0.95, sum(rate(rpc_server_duration_milliseconds_bucket{job=\"opentelemetry-demo/productcatalogservice\"}[90s])) by (rpc_method, le))": 6.793750000000003, "product_catalog_latency": 6.793750000000003, "kubernetes_prometheus_rules": "kubernetes_prometheus_rules", "add_security_context": "NoTreatment", "delay_treatment": "NoTreatment"}, {"rpc_method": "GetProduct", "timestamp": 1737548234.676, "histogram_quantile(0.95, sum(rate(rpc_server_duration_milliseconds_bucket{job=\"opentelemetry-demo/productcatalogservice\"}[90s])) by (rpc_method, le))": 6.793750000000003, "product_catalog_latency": 6.793750000000003, "kubernetes_prometheus_rules": "kubernetes_prometheus_rules", "add_security_context": "NoTreatment", "delay_treatment": "NoTreatment"}, {"rpc_method": "GetProduct", "timestamp": 1737548235.676, "histogram_quantile(0.95, sum(rate(rpc_server_duration_milliseconds_bucket{job=\"opentelemetry-demo/productcatalogservice\"}[90s])) by (rpc_method, le))": 6.793750000000003, "product_catalog_latency": 6.793750000000003, "kubernetes_prometheus_rules": "kubernetes_prometheus_rules", "add_security_context": "NoTreatment", "delay_treatment": "NoTreatment"}, {"rpc_method": "GetProduct", "timestamp": 1737548236.676, "histogram_quantile(0.95, sum(rate(rpc_server_duration_milliseconds_bucket{job=\"opentelemetry-demo/productcatalogservice\"}[90s])) by (rpc_method, le))": 6.793750000000003, "product_catalog_latency": 6.793750000000003, "kubernetes_prometheus_rules": "kubernetes_prometheus_rules", "add_security_context": "NoTreatment", "delay_treatment": "NoTreatment"}, {"rpc_method": "GetProduct", "timestamp": 1737548237.676, "histogram_quantile(0.95, sum(rate(rpc_server_duration_milliseconds_bucket{job=\"opentelemetry-demo/productcatalogservice\"}[90s])) by (rpc_method, le))": 6.793750000000003, "product_catalog_latency": 6.793750000000003, "kubernetes_prometheus_rules": "kubernetes_prometheus_rules", "add_security_context": "NoTreatment", "delay_treatment": "NoTreatment"}, {"rpc_method": "GetProduct", "timestamp": 1737548238.676, "histogram_quantile(0.95, sum(rate(rpc_server_duration_milliseconds_bucket{job=\"opentelemetry-demo/productcatalogservice\"}[90s])) by (rpc_method, le))": 6.793750000000003, "product_catalog_latency": 6.793750000000003, "kubernetes_prometheus_rules": "kubernetes_prometheus_rules", "add_security_context": "NoTreatment", "delay_treatment": "NoTreatment"}, {"rpc_method": "GetProduct", "timestamp": 1737548239.676, "histogram_quantile(0.95, sum(rate(rpc_server_duration_milliseconds_bucket{job=\"opentelemetry-demo/productcatalogservice\"}[90s])) by (rpc_method, le))": 6.793750000000003, "product_catalog_latency": 6.793750000000003, "kubernetes_prometheus_rules": "kubernetes_prometheus_rules", "add_security_context": "NoTreatment", "delay_treatment": "NoTreatment"}, {"rpc_method": "GetProduct", "timestamp": 1737548240.676, "histogram_quantile(0.95, sum(rate(rpc_server_duration_milliseconds_bucket{job=\"opentelemetry-demo/productcatalogservice\"}[90s])) by (rpc_method, le))": 6.793750000000003, "product_catalog_latency": 6.793750000000003, "kubernetes_prometheus_rules": "kubernetes_prometheus_rules", "add_security_context": "NoTreatment", "delay_treatment": "NoTreatment"}, {"rpc_method": "GetProduct", "timestamp": 1737548241.676, "histogram_quantile(0.95, sum(rate(rpc_server_duration_milliseconds_bucket{job=\"opentelemetry-demo/productcatalogservice\"}[90s])) by (rpc_method, le))": 6.793750000000003, "product_catalog_latency": 6.793750000000003, "kubernetes_prometheus_rules": "kubernetes_prometheus_rules", "add_security_context": "NoTreatment", "delay_treatment": "NoTreatment"}, {"rpc_method": "GetProduct", "timestamp": 1737548242.676, "histogram_quantile(0.95, sum(rate(rpc_server_duration_milliseconds_bucket{job=\"opentelemetry-demo/productcatalogservice\"}[90s])) by (rpc_method, le))": 6.793750000000003, "product_catalog_latency": 6.793750000000003, "kubernetes_prometheus_rules": "kubernetes_prometheus_rules", "add_security_context": "NoTreatment", "delay_treatment": "NoTreatment"}, {"rpc_method": "GetProduct", "timestamp": 1737548243.676, "histogram_quantile(0.95, sum(rate(rpc_server_duration_milliseconds_bucket{job=\"opentelemetry-demo/productcatalogservice\"}[90s])) by (rpc_method, le))": 6.793750000000003, "product_catalog_latency": 6.793750000000003, "kubernetes_prometheus_rules": "kubernetes_prometheus_rules", "add_security_context": "add_security_context", "delay_treatment": "NoTreatment"}, {"rpc_method": "GetProduct", "timestamp": 1737548244.676, "histogram_quantile(0.95, sum(rate(rpc_server_duration_milliseconds_bucket{job=\"opentelemetry-demo/productcatalogservice\"}[90s])) by (rpc_method, le))": 6.793750000000003, "product_catalog_latency": 6.793750000000003, "kubernetes_prometheus_rules": "kubernetes_prometheus_rules", "add_security_context": "add_security_context", "delay_treatment": "delay_treatment"}, {"rpc_method": "GetProduct", "timestamp": 1737548245.676, "histogram_quantile(0.95, sum(rate(rpc_server_duration_milliseconds_bucket{job=\"opentelemetry-demo/productcatalogservice\"}[90s])) by (rpc_method, le))": 6.793750000000003, "product_catalog_latency": 6.793750000000003, "kubernetes_prometheus_rules": "kubernetes_prometheus_rules", "add_security_context": "add_security_context", "delay_treatment": "delay_treatment"}, {"rpc_method": "GetProduct", "timestamp": 1737548246.676, "histogram_quantile(0.95, sum(rate(rpc_server_duration_milliseconds_bucket{job=\"opentelemetry-demo/productcatalogservice\"}[90s])) by (rpc_method, le))": 6.793750000000003, "product_catalog_latency": 6.793750000000003, "kubernetes_prometheus_rules": "kubernetes_prometheus_rules", "add_security_context": "add_security_context", "delay_treatment": "delay_treatment"}, {"rpc_method": "GetProduct", "timestamp": 1737548277.676, "histogram_quantile(0.95, sum(rate(rpc_server_duration_milliseconds_bucket{job=\"opentelemetry-demo/productcatalogservice\"}[90s])) by (rpc_method, le))": 4.804986642920748, "product_catalog_latency": 4.804986642920748, "kubernetes_prometheus_rules": "kubernetes_prometheus_rules", "add_security_context": "add_security_context", "delay_treatment": "delay_treatment"}, {"rpc_method": "GetProduct", "timestamp": 1737548278.676, "histogram_quantile(0.95, sum(rate(rpc_server_duration_milliseconds_bucket{job=\"opentelemetry-demo/productcatalogservice\"}[90s])) by (rpc_method, le))": 4.804986642920748, "product_catalog_latency": 4.804986642920748, "kubernetes_prometheus_rules": "kubernetes_prometheus_rules", "add_security_context": "add_security_context", "delay_treatment": "delay_treatment"}, {"rpc_method": "GetProduct", "timestamp": 1737548279.676, "histogram_quantile(0.95, sum(rate(rpc_server_duration_milliseconds_bucket{job=\"opentelemetry-demo/productcatalogservice\"}[90s])) by (rpc_method, le))": 4.804986642920748, "product_catalog_latency": 4.804986642920748, "kubernetes_prometheus_rules": "kubernetes_prometheus_rules", "add_security_context": "add_security_context", "delay_treatment": "delay_treatment"}, {"rpc_method": "GetProduct", "timestamp": 1737548280.676, "histogram_quantile(0.95, sum(rate(rpc_server_duration_milliseconds_bucket{job=\"opentelemetry-demo/productcatalogservice\"}[90s])) by (rpc_method, le))": 4.804986642920748, "product_catalog_latency": 4.804986642920748, "kubernetes_prometheus_rules": "kubernetes_prometheus_rules", "add_security_context": "add_security_context", "delay_treatment": "delay_treatment"}, {"rpc_method": "GetProduct", "timestamp": 1737548281.676, "histogram_quantile(0.95, sum(rate(rpc_server_duration_milliseconds_bucket{job=\"opentelemetry-demo/productcatalogservice\"}[90s])) by (rpc_method, le))": 4.804986642920748, "product_catalog_latency": 4.804986642920748, "kubernetes_prometheus_rules": "kubernetes_prometheus_rules", "add_security_context": "add_security_context", "delay_treatment": "delay_treatment"}, {"rpc_method": "GetProduct", "timestamp": 1737548282.676, "histogram_quantile(0.95, sum(rate(rpc_server_duration_milliseconds_bucket{job=\"opentelemetry-demo/productcatalogservice\"}[90s])) by (rpc_method, le))": 4.804986642920748, "product_catalog_latency": 4.804986642920748, "kubernetes_prometheus_rules": "kubernetes_prometheus_rules", "add_security_context": "add_security_context", "delay_treatment": "delay_treatment"}, {"rpc_method": "GetProduct", "timestamp": 1737548283.676, "histogram_quantile(0.95, sum(rate(rpc_server_duration_milliseconds_bucket{job=\"opentelemetry-demo/productcatalogservice\"}[90s])) by (rpc_method, le))": 4.804986642920748, "product_catalog_latency": 4.804986642920748, "kubernetes_prometheus_rules": "kubernetes_prometheus_rules", "add_security_context": "add_security_context", "delay_treatment": "delay_treatment"}, {"rpc_method": "GetProduct", "timestamp": 1737548284.676, "histogram_quantile(0.95, sum(rate(rpc_server_duration_milliseconds_bucket{job=\"opentelemetry-demo/productcatalogservice\"}[90s])) by (rpc_method, le))": 4.804986642920748, "product_catalog_latency": 4.804986642920748, "kubernetes_prometheus_rules": "kubernetes_prometheus_rules", "add_security_context": "add_security_context", "delay_treatment": "delay_treatment"}, {"rpc_method": "GetProduct", "timestamp": 1737548285.676, "histogram_quantile(0.95, sum(rate(rpc_server_duration_milliseconds_bucket{job=\"opentelemetry-demo/productcatalogservice\"}[90s])) by (rpc_method, le))": 4.804986642920748, "product_catalog_latency": 4.804986642920748, "kubernetes_prometheus_rules": "kubernetes_prometheus_rules", "add_security_context": "add_security_context", "delay_treatment": "delay_treatment"}, {"rpc_method": "GetProduct", "timestamp": 1737548286.676, "histogram_quantile(0.95, sum(rate(rpc_server_duration_milliseconds_bucket{job=\"opentelemetry-demo/productcatalogservice\"}[90s])) by (rpc_method, le))": 4.804986642920748, "product_catalog_latency": 4.804986642920748, "kubernetes_prometheus_rules": "kubernetes_prometheus_rules", "add_security_context": "add_security_context", "delay_treatment": "delay_treatment"}, {"rpc_method": "GetProduct", "timestamp": 1737548287.676, "histogram_quantile(0.95, sum(rate(rpc_server_duration_milliseconds_bucket{job=\"opentelemetry-demo/productcatalogservice\"}[90s])) by (rpc_method, le))": 4.804986642920748, "product_catalog_latency": 4.804986642920748, "kubernetes_prometheus_rules": "kubernetes_prometheus_rules", "add_security_context": "add_security_context", "delay_treatment": "delay_treatment"}, {"rpc_method": "GetProduct", "timestamp": 1737548288.676, "histogram_quantile(0.95, sum(rate(rpc_server_duration_milliseconds_bucket{job=\"opentelemetry-demo/productcatalogservice\"}[90s])) by (rpc_method, le))": 4.804986642920748, "product_catalog_latency": 4.804986642920748, "kubernetes_prometheus_rules": "kubernetes_prometheus_rules", "add_security_context": "add_security_context", "delay_treatment": "delay_treatment"}, {"rpc_method": "GetProduct", "timestamp": 1737548289.676, "histogram_quantile(0.95, sum(rate(rpc_server_duration_milliseconds_bucket{job=\"opentelemetry-demo/productcatalogservice\"}[90s])) by (rpc_method, le))": 4.804986642920748, "product_catalog_latency": 4.804986642920748, "kubernetes_prometheus_rules": "kubernetes_prometheus_rules", "add_security_context": "add_security_context", "delay_treatment": "delay_treatment"}, {"rpc_method": "GetProduct", "timestamp": 1737548290.676, "histogram_quantile(0.95, sum(rate(rpc_server_duration_milliseconds_bucket{job=\"opentelemetry-demo/productcatalogservice\"}[90s])) by (rpc_method, le))": 4.804986642920748, "product_catalog_latency": 4.804986642920748, "kubernetes_prometheus_rules": "kubernetes_prometheus_rules", "add_security_context": "add_security_context", "delay_treatment": "delay_treatment"}, {"rpc_method": "GetProduct", "timestamp": 1737548291.676, "histogram_quantile(0.95, sum(rate(rpc_server_duration_milliseconds_bucket{job=\"opentelemetry-demo/productcatalogservice\"}[90s])) by (rpc_method, le))": 4.804986642920748, "product_catalog_latency": 4.804986642920748, "kubernetes_prometheus_rules": "kubernetes_prometheus_rules", "add_security_context": "add_security_context", "delay_treatment": "delay_treatment"}, {"rpc_method": "GetProduct", "timestamp": 1737548292.676, "histogram_quantile(0.95, sum(rate(rpc_server_duration_milliseconds_bucket{job=\"opentelemetry-demo/productcatalogservice\"}[90s])) by (rpc_method, le))": 4.804986642920748, "product_catalog_latency": 4.804986642920748, "kubernetes_prometheus_rules": "kubernetes_prometheus_rules", "add_security_context": "add_security_context", "delay_treatment": "delay_treatment"}, {"rpc_method": "GetProduct", "timestamp": 1737548293.676, "histogram_quantile(0.95, sum(rate(rpc_server_duration_milliseconds_bucket{job=\"opentelemetry-demo/productcatalogservice\"}[90s])) by (rpc_method, le))": 4.804986642920748, "product_catalog_latency": 4.804986642920748, "kubernetes_prometheus_rules": "kubernetes_prometheus_rules", "add_security_context": "add_security_context", "delay_treatment": "delay_treatment"}, {"rpc_method": "GetProduct", "timestamp": 1737548294.676, "histogram_quantile(0.95, sum(rate(rpc_server_duration_milliseconds_bucket{job=\"opentelemetry-demo/productcatalogservice\"}[90s])) by (rpc_method, le))": 4.804986642920748, "product_catalog_latency": 4.804986642920748, "kubernetes_prometheus_rules": "kubernetes_prometheus_rules", "add_security_context": "add_security_context", "delay_treatment": "delay_treatment"}, {"rpc_method": "GetProduct", "timestamp": 1737548295.676, "histogram_quantile(0.95, sum(rate(rpc_server_duration_milliseconds_bucket{job=\"opentelemetry-demo/productcatalogservice\"}[90s])) by (rpc_method, le))": 4.804986642920748, "product_catalog_latency": 4.804986642920748, "kubernetes_prometheus_rules": "kubernetes_prometheus_rules", "add_security_context": "add_security_context", "delay_treatment": "delay_treatment"}, {"rpc_method": "GetProduct", "timestamp": 1737548296.676, "histogram_quantile(0.95, sum(rate(rpc_server_duration_milliseconds_bucket{job=\"opentelemetry-demo/productcatalogservice\"}[90s])) by (rpc_method, le))": 4.804986642920748, "product_catalog_latency": 4.804986642920748, "kubernetes_prometheus_rules": "kubernetes_prometheus_rules", "add_security_context": "add_security_context", "delay_treatment": "delay_treatment"}, {"rpc_method": "GetProduct", "timestamp": 1737548297.676, "histogram_quantile(0.95, sum(rate(rpc_server_duration_milliseconds_bucket{job=\"opentelemetry-demo/productcatalogservice\"}[90s])) by (rpc_method, le))": 4.804986642920748, "product_catalog_latency": 4.804986642920748, "kubernetes_prometheus_rules": "kubernetes_prometheus_rules", "add_security_context": "add_security_context", "delay_treatment": "delay_treatment"}, {"rpc_method": "GetProduct", "timestamp": 1737548298.676, "histogram_quantile(0.95, sum(rate(rpc_server_duration_milliseconds_bucket{job=\"opentelemetry-demo/productcatalogservice\"}[90s])) by (rpc_method, le))": 4.804986642920748, "product_catalog_latency": 4.804986642920748, "kubernetes_prometheus_rules": "kubernetes_prometheus_rules", "add_security_context": "add_security_context", "delay_treatment": "delay_treatment"}, {"rpc_method": "GetProduct", "timestamp": 1737548299.676, "histogram_quantile(0.95, sum(rate(rpc_server_duration_milliseconds_bucket{job=\"opentelemetry-demo/productcatalogservice\"}[90s])) by (rpc_method, le))": 4.804986642920748, "product_catalog_latency": 4.804986642920748, "kubernetes_prometheus_rules": "kubernetes_prometheus_rules", "add_security_context": "add_security_context", "delay_treatment": "delay_treatment"}, {"rpc_method": "GetProduct", "timestamp": 1737548300.676, "histogram_quantile(0.95, sum(rate(rpc_server_duration_milliseconds_bucket{job=\"opentelemetry-demo/productcatalogservice\"}[90s])) by (rpc_method, le))": 4.804986642920748, "product_catalog_latency": 4.804986642920748, "kubernetes_prometheus_rules": "kubernetes_prometheus_rules", "add_security_context": "add_security_context", "delay_treatment": "delay_treatment"}, {"rpc_method": "GetProduct", "timestamp": 1737548301.676, "histogram_quantile(0.95, sum(rate(rpc_server_duration_milliseconds_bucket{job=\"opentelemetry-demo/productcatalogservice\"}[90s])) by (rpc_method, le))": 4.804986642920748, "product_catalog_latency": 4.804986642920748, "kubernetes_prometheus_rules": "kubernetes_prometheus_rules", "add_security_context": "add_security_context", "delay_treatment": "delay_treatment"}, {"rpc_method": "GetProduct", "timestamp": 1737548302.676, "histogram_quantile(0.95, sum(rate(rpc_server_duration_milliseconds_bucket{job=\"opentelemetry-demo/productcatalogservice\"}[90s])) by (rpc_method, le))": 4.804986642920748, "product_catalog_latency": 4.804986642920748, "kubernetes_prometheus_rules": "kubernetes_prometheus_rules", "add_security_context": "add_security_context", "delay_treatment": "delay_treatment"}, {"rpc_method": "GetProduct", "timestamp": 1737548303.676, "histogram_quantile(0.95, sum(rate(rpc_server_duration_milliseconds_bucket{job=\"opentelemetry-demo/productcatalogservice\"}[90s])) by (rpc_method, le))": 4.804986642920748, "product_catalog_latency": 4.804986642920748, "kubernetes_prometheus_rules": "kubernetes_prometheus_rules", "add_security_context": "add_security_context", "delay_treatment": "delay_treatment"}, {"rpc_method": "GetProduct", "timestamp": 1737548304.676, "histogram_quantile(0.95, sum(rate(rpc_server_duration_milliseconds_bucket{job=\"opentelemetry-demo/productcatalogservice\"}[90s])) by (rpc_method, le))": 4.804986642920748, "product_catalog_latency": 4.804986642920748, "kubernetes_prometheus_rules": "kubernetes_prometheus_rules", "add_security_context": "add_security_context", "delay_treatment": "delay_treatment"}, {"rpc_method": "GetProduct", "timestamp": 1737548305.676, "histogram_quantile(0.95, sum(rate(rpc_server_duration_milliseconds_bucket{job=\"opentelemetry-demo/productcatalogservice\"}[90s])) by (rpc_method, le))": 4.804986642920748, "product_catalog_latency": 4.804986642920748, "kubernetes_prometheus_rules": "kubernetes_prometheus_rules", "add_security_context": "add_security_context", "delay_treatment": "delay_treatment"}, {"rpc_method": "GetProduct", "timestamp": 1737548306.676, "histogram_quantile(0.95, sum(rate(rpc_server_duration_milliseconds_bucket{job=\"opentelemetry-demo/productcatalogservice\"}[90s])) by (rpc_method, le))": 4.804986642920748, "product_catalog_latency": 4.804986642920748, "kubernetes_prometheus_rules": "kubernetes_prometheus_rules", "add_security_context": "add_security_context", "delay_treatment": "delay_treatment"}, {"rpc_method": "GetProduct", "timestamp": 1737548337.676, "histogram_quantile(0.95, sum(rate(rpc_server_duration_milliseconds_bucket{job=\"opentelemetry-demo/productcatalogservice\"}[90s])) by (rpc_method, le))": 4.781465636213083, "product_catalog_latency": 4.781465636213083, "kubernetes_prometheus_rules": "kubernetes_prometheus_rules", "add_security_context": "add_security_context", "delay_treatment": "delay_treatment"}, {"rpc_method": "GetProduct", "timestamp": 1737548338.676, "histogram_quantile(0.95, sum(rate(rpc_server_duration_milliseconds_bucket{job=\"opentelemetry-demo/productcatalogservice\"}[90s])) by (rpc_method, le))": 4.781465636213083, "product_catalog_latency": 4.781465636213083, "kubernetes_prometheus_rules": "kubernetes_prometheus_rules", "add_security_context": "add_security_context", "delay_treatment": "delay_treatment"}, {"rpc_method": "GetProduct", "timestamp": 1737548339.676, "histogram_quantile(0.95, sum(rate(rpc_server_duration_milliseconds_bucket{job=\"opentelemetry-demo/productcatalogservice\"}[90s])) by (rpc_method, le))": 4.781465636213083, "product_catalog_latency": 4.781465636213083, "kubernetes_prometheus_rules": "kubernetes_prometheus_rules", "add_security_context": "add_security_context", "delay_treatment": "delay_treatment"}, {"rpc_method": "GetProduct", "timestamp": 1737548340.676, "histogram_quantile(0.95, sum(rate(rpc_server_duration_milliseconds_bucket{job=\"opentelemetry-demo/productcatalogservice\"}[90s])) by (rpc_method, le))": 4.781465636213083, "product_catalog_latency": 4.781465636213083, "kubernetes_prometheus_rules": "kubernetes_prometheus_rules", "add_security_context": "add_security_context", "delay_treatment": "delay_treatment"}, {"rpc_method": "GetProduct", "timestamp": 1737548341.676, "histogram_quantile(0.95, sum(rate(rpc_server_duration_milliseconds_bucket{job=\"opentelemetry-demo/productcatalogservice\"}[90s])) by (rpc_method, le))": 4.781465636213083, "product_catalog_latency": 4.781465636213083, "kubernetes_prometheus_rules": "kubernetes_prometheus_rules", "add_security_context": "add_security_context", "delay_treatment": "delay_treatment"}, {"rpc_method": "GetProduct", "timestamp": 1737548342.676, "histogram_quantile(0.95, sum(rate(rpc_server_duration_milliseconds_bucket{job=\"opentelemetry-demo/productcatalogservice\"}[90s])) by (rpc_method, le))": 4.781465636213083, "product_catalog_latency": 4.781465636213083, "kubernetes_prometheus_rules": "kubernetes_prometheus_rules", "add_security_context": "add_security_context", "delay_treatment": "delay_treatment"}, {"rpc_method": "GetProduct", "timestamp": 1737548343.676, "histogram_quantile(0.95, sum(rate(rpc_server_duration_milliseconds_bucket{job=\"opentelemetry-demo/productcatalogservice\"}[90s])) by (rpc_method, le))": 4.781465636213083, "product_catalog_latency": 4.781465636213083, "kubernetes_prometheus_rules": "kubernetes_prometheus_rules", "add_security_context": "add_security_context", "delay_treatment": "delay_treatment"}, {"rpc_method": "GetProduct", "timestamp": 1737548344.676, "histogram_quantile(0.95, sum(rate(rpc_server_duration_milliseconds_bucket{job=\"opentelemetry-demo/productcatalogservice\"}[90s])) by (rpc_method, le))": 4.781465636213083, "product_catalog_latency": 4.781465636213083, "kubernetes_prometheus_rules": "kubernetes_prometheus_rules", "add_security_context": "add_security_context", "delay_treatment": "delay_treatment"}, {"rpc_method": "GetProduct", "timestamp": 1737548345.676, "histogram_quantile(0.95, sum(rate(rpc_server_duration_milliseconds_bucket{job=\"opentelemetry-demo/productcatalogservice\"}[90s])) by (rpc_method, le))": 4.781465636213083, "product_catalog_latency": 4.781465636213083, "kubernetes_prometheus_rules": "kubernetes_prometheus_rules", "add_security_context": "add_security_context", "delay_treatment": "delay_treatment"}, {"rpc_method": "GetProduct", "timestamp": 1737548346.676, "histogram_quantile(0.95, sum(rate(rpc_server_duration_milliseconds_bucket{job=\"opentelemetry-demo/productcatalogservice\"}[90s])) by (rpc_method, le))": 4.781465636213083, "product_catalog_latency": 4.781465636213083, "kubernetes_prometheus_rules": "kubernetes_prometheus_rules", "add_security_context": "add_security_context", "delay_treatment": "delay_treatment"}, {"rpc_method": "GetProduct", "timestamp": 1737548347.676, "histogram_quantile(0.95, sum(rate(rpc_server_duration_milliseconds_bucket{job=\"opentelemetry-demo/productcatalogservice\"}[90s])) by (rpc_method, le))": 4.781465636213083, "product_catalog_latency": 4.781465636213083, "kubernetes_prometheus_rules": "kubernetes_prometheus_rules", "add_security_context": "add_security_context", "delay_treatment": "delay_treatment"}, {"rpc_method": "GetProduct", "timestamp": 1737548348.676, "histogram_quantile(0.95, sum(rate(rpc_server_duration_milliseconds_bucket{job=\"opentelemetry-demo/productcatalogservice\"}[90s])) by (rpc_method, le))": 4.781465636213083, "product_catalog_latency": 4.781465636213083, "kubernetes_prometheus_rules": "kubernetes_prometheus_rules", "add_security_context": "add_security_context", "delay_treatment": "delay_treatment"}, {"rpc_method": "GetProduct", "timestamp": 1737548349.676, "histogram_quantile(0.95, sum(rate(rpc_server_duration_milliseconds_bucket{job=\"opentelemetry-demo/productcatalogservice\"}[90s])) by (rpc_method, le))": 4.781465636213083, "product_catalog_latency": 4.781465636213083, "kubernetes_prometheus_rules": "kubernetes_prometheus_rules", "add_security_context": "add_security_context", "delay_treatment": "delay_treatment"}, {"rpc_method": "GetProduct", "timestamp": 1737548350.676, "histogram_quantile(0.95, sum(rate(rpc_server_duration_milliseconds_bucket{job=\"opentelemetry-demo/productcatalogservice\"}[90s])) by (rpc_method, le))": 4.781465636213083, "product_catalog_latency": 4.781465636213083, "kubernetes_prometheus_rules": "kubernetes_prometheus_rules", "add_security_context": "add_security_context", "delay_treatment": "delay_treatment"}, {"rpc_method": "GetProduct", "timestamp": 1737548351.676, "histogram_quantile(0.95, sum(rate(rpc_server_duration_milliseconds_bucket{job=\"opentelemetry-demo/productcatalogservice\"}[90s])) by (rpc_method, le))": 4.781465636213083, "product_catalog_latency": 4.781465636213083, "kubernetes_prometheus_rules": "kubernetes_prometheus_rules", "add_security_context": "add_security_context", "delay_treatment": "delay_treatment"}, {"rpc_method": "GetProduct", "timestamp": 1737548352.676, "histogram_quantile(0.95, sum(rate(rpc_server_duration_milliseconds_bucket{job=\"opentelemetry-demo/productcatalogservice\"}[90s])) by (rpc_method, le))": 4.781465636213083, "product_catalog_latency": 4.781465636213083, "kubernetes_prometheus_rules": "kubernetes_prometheus_rules", "add_security_context": "add_security_context", "delay_treatment": "delay_treatment"}, {"rpc_method": "GetProduct", "timestamp": 1737548353.676, "histogram_quantile(0.95, sum(rate(rpc_server_duration_milliseconds_bucket{job=\"opentelemetry-demo/productcatalogservice\"}[90s])) by (rpc_method, le))": 4.781465636213083, "product_catalog_latency": 4.781465636213083, "kubernetes_prometheus_rules": "kubernetes_prometheus_rules", "add_security_context": "add_security_context", "delay_treatment": "delay_treatment"}, {"rpc_method": "GetProduct", "timestamp": 1737548354.676, "histogram_quantile(0.95, sum(rate(rpc_server_duration_milliseconds_bucket{job=\"opentelemetry-demo/productcatalogservice\"}[90s])) by (rpc_method, le))": 4.781465636213083, "product_catalog_latency": 4.781465636213083, "kubernetes_prometheus_rules": "kubernetes_prometheus_rules", "add_security_context": "add_security_context", "delay_treatment": "delay_treatment"}, {"rpc_method": "GetProduct", "timestamp": 1737548355.676, "histogram_quantile(0.95, sum(rate(rpc_server_duration_milliseconds_bucket{job=\"opentelemetry-demo/productcatalogservice\"}[90s])) by (rpc_method, le))": 4.781465636213083, "product_catalog_latency": 4.781465636213083, "kubernetes_prometheus_rules": "kubernetes_prometheus_rules", "add_security_context": "add_security_context", "delay_treatment": "delay_treatment"}, {"rpc_method": "GetProduct", "timestamp": 1737548356.676, "histogram_quantile(0.95, sum(rate(rpc_server_duration_milliseconds_bucket{job=\"opentelemetry-demo/productcatalogservice\"}[90s])) by (rpc_method, le))": 4.781465636213083, "product_catalog_latency": 4.781465636213083, "kubernetes_prometheus_rules": "kubernetes_prometheus_rules", "add_security_context": "add_security_context", "delay_treatment": "delay_treatment"}, {"rpc_method": "GetProduct", "timestamp": 1737548357.676, "histogram_quantile(0.95, sum(rate(rpc_server_duration_milliseconds_bucket{job=\"opentelemetry-demo/productcatalogservice\"}[90s])) by (rpc_method, le))": 4.781465636213083, "product_catalog_latency": 4.781465636213083, "kubernetes_prometheus_rules": "kubernetes_prometheus_rules", "add_security_context": "add_security_context", "delay_treatment": "delay_treatment"}, {"rpc_method": "GetProduct", "timestamp": 1737548358.676, "histogram_quantile(0.95, sum(rate(rpc_server_duration_milliseconds_bucket{job=\"opentelemetry-demo/productcatalogservice\"}[90s])) by (rpc_method, le))": 4.781465636213083, "product_catalog_latency": 4.781465636213083, "kubernetes_prometheus_rules": "kubernetes_prometheus_rules", "add_security_context": "add_security_context", "delay_treatment": "delay_treatment"}, {"rpc_method": "GetProduct", "timestamp": 1737548359.676, "histogram_quantile(0.95, sum(rate(rpc_server_duration_milliseconds_bucket{job=\"opentelemetry-demo/productcatalogservice\"}[90s])) by (rpc_method, le))": 4.781465636213083, "product_catalog_latency": 4.781465636213083, "kubernetes_prometheus_rules": "kubernetes_prometheus_rules", "add_security_context": "add_security_context", "delay_treatment": "delay_treatment"}, {"rpc_method": "GetProduct", "timestamp": 1737548360.676, "histogram_quantile(0.95, sum(rate(rpc_server_duration_milliseconds_bucket{job=\"opentelemetry-demo/productcatalogservice\"}[90s])) by (rpc_method, le))": 4.781465636213083, "product_catalog_latency": 4.781465636213083, "kubernetes_prometheus_rules": "kubernetes_prometheus_rules", "add_security_context": "add_security_context", "delay_treatment": "delay_treatment"}, {"rpc_method": "GetProduct", "timestamp": 1737548361.676, "histogram_quantile(0.95, sum(rate(rpc_server_duration_milliseconds_bucket{job=\"opentelemetry-demo/productcatalogservice\"}[90s])) by (rpc_method, le))": 4.781465636213083, "product_catalog_latency": 4.781465636213083, "kubernetes_prometheus_rules": "kubernetes_prometheus_rules", "add_security_context": "add_security_context", "delay_treatment": "delay_treatment"}, {"rpc_method": "GetProduct", "timestamp": 1737548362.676, "histogram_quantile(0.95, sum(rate(rpc_server_duration_milliseconds_bucket{job=\"opentelemetry-demo/productcatalogservice\"}[90s])) by (rpc_method, le))": 4.781465636213083, "product_catalog_latency": 4.781465636213083, "kubernetes_prometheus_rules": "kubernetes_prometheus_rules", "add_security_context": "add_security_context", "delay_treatment": "delay_treatment"}, {"rpc_method": "GetProduct", "timestamp": 1737548363.676, "histogram_quantile(0.95, sum(rate(rpc_server_duration_milliseconds_bucket{job=\"opentelemetry-demo/productcatalogservice\"}[90s])) by (rpc_method, le))": 4.781465636213083, "product_catalog_latency": 4.781465636213083, "kubernetes_prometheus_rules": "kubernetes_prometheus_rules", "add_security_context": "add_security_context", "delay_treatment": "delay_treatment"}, {"rpc_method": "GetProduct", "timestamp": 1737548364.676, "histogram_quantile(0.95, sum(rate(rpc_server_duration_milliseconds_bucket{job=\"opentelemetry-demo/productcatalogservice\"}[90s])) by (rpc_method, le))": 4.781465636213083, "product_catalog_latency": 4.781465636213083, "kubernetes_prometheus_rules": "kubernetes_prometheus_rules", "add_security_context": "add_security_context", "delay_treatment": "delay_treatment"}, {"rpc_method": "GetProduct", "timestamp": 1737548365.676, "histogram_quantile(0.95, sum(rate(rpc_server_duration_milliseconds_bucket{job=\"opentelemetry-demo/productcatalogservice\"}[90s])) by (rpc_method, le))": 4.781465636213083, "product_catalog_latency": 4.781465636213083, "kubernetes_prometheus_rules": "kubernetes_prometheus_rules", "add_security_context": "add_security_context", "delay_treatment": "delay_treatment"}, {"rpc_method": "GetProduct", "timestamp": 1737548366.676, "histogram_quantile(0.95, sum(rate(rpc_server_duration_milliseconds_bucket{job=\"opentelemetry-demo/productcatalogservice\"}[90s])) by (rpc_method, le))": 4.781465636213083, "product_catalog_latency": 4.781465636213083, "kubernetes_prometheus_rules": "kubernetes_prometheus_rules", "add_security_context": "add_security_context", "delay_treatment": "delay_treatment"}, {"rpc_method": "GetProduct", "timestamp": 1737548397.676, "histogram_quantile(0.95, sum(rate(rpc_server_duration_milliseconds_bucket{job=\"opentelemetry-demo/productcatalogservice\"}[90s])) by (rpc_method, le))": 4.770548871163985, "product_catalog_latency": 4.770548871163985, "kubernetes_prometheus_rules": "kubernetes_prometheus_rules", "add_security_context": "add_security_context", "delay_treatment": "delay_treatment"}, {"rpc_method": "GetProduct", "timestamp": 1737548398.676, "histogram_quantile(0.95, sum(rate(rpc_server_duration_milliseconds_bucket{job=\"opentelemetry-demo/productcatalogservice\"}[90s])) by (rpc_method, le))": 4.770548871163985, "product_catalog_latency": 4.770548871163985, "kubernetes_prometheus_rules": "kubernetes_prometheus_rules", "add_security_context": "add_security_context", "delay_treatment": "delay_treatment"}, {"rpc_method": "GetProduct", "timestamp": 1737548399.676, "histogram_quantile(0.95, sum(rate(rpc_server_duration_milliseconds_bucket{job=\"opentelemetry-demo/productcatalogservice\"}[90s])) by (rpc_method, le))": 4.770548871163985, "product_catalog_latency": 4.770548871163985, "kubernetes_prometheus_rules": "kubernetes_prometheus_rules", "add_security_context": "add_security_context", "delay_treatment": "delay_treatment"}, {"rpc_method": "GetProduct", "timestamp": 1737548400.676, "histogram_quantile(0.95, sum(rate(rpc_server_duration_milliseconds_bucket{job=\"opentelemetry-demo/productcatalogservice\"}[90s])) by (rpc_method, le))": 4.770548871163985, "product_catalog_latency": 4.770548871163985, "kubernetes_prometheus_rules": "kubernetes_prometheus_rules", "add_security_context": "add_security_context", "delay_treatment": "delay_treatment"}, {"rpc_method": "GetProduct", "timestamp": 1737548401.676, "histogram_quantile(0.95, sum(rate(rpc_server_duration_milliseconds_bucket{job=\"opentelemetry-demo/productcatalogservice\"}[90s])) by (rpc_method, le))": 4.770548871163985, "product_catalog_latency": 4.770548871163985, "kubernetes_prometheus_rules": "kubernetes_prometheus_rules", "add_security_context": "add_security_context", "delay_treatment": "delay_treatment"}, {"rpc_method": "GetProduct", "timestamp": 1737548402.676, "histogram_quantile(0.95, sum(rate(rpc_server_duration_milliseconds_bucket{job=\"opentelemetry-demo/productcatalogservice\"}[90s])) by (rpc_method, le))": 4.770548871163985, "product_catalog_latency": 4.770548871163985, "kubernetes_prometheus_rules": "kubernetes_prometheus_rules", "add_security_context": "add_security_context", "delay_treatment": "delay_treatment"}, {"rpc_method": "GetProduct", "timestamp": 1737548403.676, "histogram_quantile(0.95, sum(rate(rpc_server_duration_milliseconds_bucket{job=\"opentelemetry-demo/productcatalogservice\"}[90s])) by (rpc_method, le))": 4.770548871163985, "product_catalog_latency": 4.770548871163985, "kubernetes_prometheus_rules": "kubernetes_prometheus_rules", "add_security_context": "add_security_context", "delay_treatment": "delay_treatment"}, {"rpc_method": "GetProduct", "timestamp": 1737548404.676, "histogram_quantile(0.95, sum(rate(rpc_server_duration_milliseconds_bucket{job=\"opentelemetry-demo/productcatalogservice\"}[90s])) by (rpc_method, le))": 4.770548871163985, "product_catalog_latency": 4.770548871163985, "kubernetes_prometheus_rules": "kubernetes_prometheus_rules", "add_security_context": "add_security_context", "delay_treatment": "delay_treatment"}, {"rpc_method": "GetProduct", "timestamp": 1737548405.676, "histogram_quantile(0.95, sum(rate(rpc_server_duration_milliseconds_bucket{job=\"opentelemetry-demo/productcatalogservice\"}[90s])) by (rpc_method, le))": 4.770548871163985, "product_catalog_latency": 4.770548871163985, "kubernetes_prometheus_rules": "kubernetes_prometheus_rules", "add_security_context": "add_security_context", "delay_treatment": "delay_treatment"}, {"rpc_method": "GetProduct", "timestamp": 1737548406.676, "histogram_quantile(0.95, sum(rate(rpc_server_duration_milliseconds_bucket{job=\"opentelemetry-demo/productcatalogservice\"}[90s])) by (rpc_method, le))": 4.770548871163985, "product_catalog_latency": 4.770548871163985, "kubernetes_prometheus_rules": "kubernetes_prometheus_rules", "add_security_context": "add_security_context", "delay_treatment": "delay_treatment"}, {"rpc_method": "GetProduct", "timestamp": 1737548407.676, "histogram_quantile(0.95, sum(rate(rpc_server_duration_milliseconds_bucket{job=\"opentelemetry-demo/productcatalogservice\"}[90s])) by (rpc_method, le))": 4.770548871163985, "product_catalog_latency": 4.770548871163985, "kubernetes_prometheus_rules": "kubernetes_prometheus_rules", "add_security_context": "add_security_context", "delay_treatment": "delay_treatment"}, {"rpc_method": "GetProduct", "timestamp": 1737548408.676, "histogram_quantile(0.95, sum(rate(rpc_server_duration_milliseconds_bucket{job=\"opentelemetry-demo/productcatalogservice\"}[90s])) by (rpc_method, le))": 4.770548871163985, "product_catalog_latency": 4.770548871163985, "kubernetes_prometheus_rules": "kubernetes_prometheus_rules", "add_security_context": "add_security_context", "delay_treatment": "delay_treatment"}, {"rpc_method": "GetProduct", "timestamp": 1737548409.676, "histogram_quantile(0.95, sum(rate(rpc_server_duration_milliseconds_bucket{job=\"opentelemetry-demo/productcatalogservice\"}[90s])) by (rpc_method, le))": 4.770548871163985, "product_catalog_latency": 4.770548871163985, "kubernetes_prometheus_rules": "kubernetes_prometheus_rules", "add_security_context": "add_security_context", "delay_treatment": "delay_treatment"}, {"rpc_method": "GetProduct", "timestamp": 1737548410.676, "histogram_quantile(0.95, sum(rate(rpc_server_duration_milliseconds_bucket{job=\"opentelemetry-demo/productcatalogservice\"}[90s])) by (rpc_method, le))": 4.770548871163985, "product_catalog_latency": 4.770548871163985, "kubernetes_prometheus_rules": "kubernetes_prometheus_rules", "add_security_context": "add_security_context", "delay_treatment": "delay_treatment"}, {"rpc_method": "GetProduct", "timestamp": 1737548411.676, "histogram_quantile(0.95, sum(rate(rpc_server_duration_milliseconds_bucket{job=\"opentelemetry-demo/productcatalogservice\"}[90s])) by (rpc_method, le))": 4.770548871163985, "product_catalog_latency": 4.770548871163985, "kubernetes_prometheus_rules": "kubernetes_prometheus_rules", "add_security_context": "add_security_context", "delay_treatment": "delay_treatment"}, {"rpc_method": "GetProduct", "timestamp": 1737548412.676, "histogram_quantile(0.95, sum(rate(rpc_server_duration_milliseconds_bucket{job=\"opentelemetry-demo/productcatalogservice\"}[90s])) by (rpc_method, le))": 4.770548871163985, "product_catalog_latency": 4.770548871163985, "kubernetes_prometheus_rules": "kubernetes_prometheus_rules", "add_security_context": "add_security_context", "delay_treatment": "delay_treatment"}, {"rpc_method": "GetProduct", "timestamp": 1737548413.676, "histogram_quantile(0.95, sum(rate(rpc_server_duration_milliseconds_bucket{job=\"opentelemetry-demo/productcatalogservice\"}[90s])) by (rpc_method, le))": 4.770548871163985, "product_catalog_latency": 4.770548871163985, "kubernetes_prometheus_rules": "kubernetes_prometheus_rules", "add_security_context": "add_security_context", "delay_treatment": "delay_treatment"}, {"rpc_method": "GetProduct", "timestamp": 1737548414.676, "histogram_quantile(0.95, sum(rate(rpc_server_duration_milliseconds_bucket{job=\"opentelemetry-demo/productcatalogservice\"}[90s])) by (rpc_method, le))": 4.770548871163985, "product_catalog_latency": 4.770548871163985, "kubernetes_prometheus_rules": "kubernetes_prometheus_rules", "add_security_context": "add_security_context", "delay_treatment": "delay_treatment"}, {"rpc_method": "GetProduct", "timestamp": 1737548415.676, "histogram_quantile(0.95, sum(rate(rpc_server_duration_milliseconds_bucket{job=\"opentelemetry-demo/productcatalogservice\"}[90s])) by (rpc_method, le))": 4.770548871163985, "product_catalog_latency": 4.770548871163985, "kubernetes_prometheus_rules": "kubernetes_prometheus_rules", "add_security_context": "add_security_context", "delay_treatment": "delay_treatment"}, {"rpc_method": "GetProduct", "timestamp": 1737548416.676, "histogram_quantile(0.95, sum(rate(rpc_server_duration_milliseconds_bucket{job=\"opentelemetry-demo/productcatalogservice\"}[90s])) by (rpc_method, le))": 4.770548871163985, "product_catalog_latency": 4.770548871163985, "kubernetes_prometheus_rules": "kubernetes_prometheus_rules", "add_security_context": "add_security_context", "delay_treatment": "delay_treatment"}, {"rpc_method": "GetProduct", "timestamp": 1737548417.676, "histogram_quantile(0.95, sum(rate(rpc_server_duration_milliseconds_bucket{job=\"opentelemetry-demo/productcatalogservice\"}[90s])) by (rpc_method, le))": 4.770548871163985, "product_catalog_latency": 4.770548871163985, "kubernetes_prometheus_rules": "kubernetes_prometheus_rules", "add_security_context": "add_security_context", "delay_treatment": "delay_treatment"}, {"rpc_method": "GetProduct", "timestamp": 1737548418.676, "histogram_quantile(0.95, sum(rate(rpc_server_duration_milliseconds_bucket{job=\"opentelemetry-demo/productcatalogservice\"}[90s])) by (rpc_method, le))": 4.770548871163985, "product_catalog_latency": 4.770548871163985, "kubernetes_prometheus_rules": "kubernetes_prometheus_rules", "add_security_context": "add_security_context", "delay_treatment": "delay_treatment"}, {"rpc_method": "GetProduct", "timestamp": 1737548419.676, "histogram_quantile(0.95, sum(rate(rpc_server_duration_milliseconds_bucket{job=\"opentelemetry-demo/productcatalogservice\"}[90s])) by (rpc_method, le))": 4.770548871163985, "product_catalog_latency": 4.770548871163985, "kubernetes_prometheus_rules": "kubernetes_prometheus_rules", "add_security_context": "add_security_context", "delay_treatment": "delay_treatment"}, {"rpc_method": "GetProduct", "timestamp": 1737548420.676, "histogram_quantile(0.95, sum(rate(rpc_server_duration_milliseconds_bucket{job=\"opentelemetry-demo/productcatalogservice\"}[90s])) by (rpc_method, le))": 4.770548871163985, "product_catalog_latency": 4.770548871163985, "kubernetes_prometheus_rules": "kubernetes_prometheus_rules", "add_security_context": "add_security_context", "delay_treatment": "delay_treatment"}, {"rpc_method": "GetProduct", "timestamp": 1737548421.676, "histogram_quantile(0.95, sum(rate(rpc_server_duration_milliseconds_bucket{job=\"opentelemetry-demo/productcatalogservice\"}[90s])) by (rpc_method, le))": 4.770548871163985, "product_catalog_latency": 4.770548871163985, "kubernetes_prometheus_rules": "kubernetes_prometheus_rules", "add_security_context": "add_security_context", "delay_treatment": "delay_treatment"}, {"rpc_method": "GetProduct", "timestamp": 1737548422.676, "histogram_quantile(0.95, sum(rate(rpc_server_duration_milliseconds_bucket{job=\"opentelemetry-demo/productcatalogservice\"}[90s])) by (rpc_method, le))": 4.770548871163985, "product_catalog_latency": 4.770548871163985, "kubernetes_prometheus_rules": "kubernetes_prometheus_rules", "add_security_context": "add_security_context", "delay_treatment": "delay_treatment"}, {"rpc_method": "GetProduct", "timestamp": 1737548423.676, "histogram_quantile(0.95, sum(rate(rpc_server_duration_milliseconds_bucket{job=\"opentelemetry-demo/productcatalogservice\"}[90s])) by (rpc_method, le))": 4.770548871163985, "product_catalog_latency": 4.770548871163985, "kubernetes_prometheus_rules": "kubernetes_prometheus_rules", "add_security_context": "add_security_context", "delay_treatment": "delay_treatment"}, {"rpc_method": "GetProduct", "timestamp": 1737548424.676, "histogram_quantile(0.95, sum(rate(rpc_server_duration_milliseconds_bucket{job=\"opentelemetry-demo/productcatalogservice\"}[90s])) by (rpc_method, le))": 4.770548871163985, "product_catalog_latency": 4.770548871163985, "kubernetes_prometheus_rules": "NoTreatment", "add_security_context": "NoTreatment", "delay_treatment": "NoTreatment"}, {"rpc_method": "GetProduct", "timestamp": 1737548425.676, "histogram_quantile(0.95, sum(rate(rpc_server_duration_milliseconds_bucket{job=\"opentelemetry-demo/productcatalogservice\"}[90s])) by (rpc_method, le))": 4.770548871163985, "product_catalog_latency": 4.770548871163985, "kubernetes_prometheus_rules": "NoTreatment", "add_security_context": "NoTreatment", "delay_treatment": "NoTreatment"}, {"rpc_method": "GetProduct", "timestamp": 1737548426.676, "histogram_quantile(0.95, sum(rate(rpc_server_duration_milliseconds_bucket{job=\"opentelemetry-demo/productcatalogservice\"}[90s])) by (rpc_method, le))": 4.770548871163985, "product_catalog_latency": 4.770548871163985, "kubernetes_prometheus_rules": "NoTreatment", "add_security_context": "NoTreatment", "delay_treatment": "NoTreatment"}, {"rpc_method": "ListProducts", "timestamp": 1737548233.676, "histogram_quantile(0.95, sum(rate(rpc_server_duration_milliseconds_bucket{job=\"opentelemetry-demo/productcatalogservice\"}[90s])) by (rpc_method, le))": 4.749999999999999, "product_catalog_latency": 4.749999999999999, "kubernetes_prometheus_rules": "kubernetes_prometheus_rules", "add_security_context": "NoTreatment", "delay_treatment": "NoTreatment"}, {"rpc_method": "ListProducts", "timestamp": 1737548234.676, "histogram_quantile(0.95, sum(rate(rpc_server_duration_milliseconds_bucket{job=\"opentelemetry-demo/productcatalogservice\"}[90s])) by (rpc_method, le))": 4.749999999999999, "product_catalog_latency": 4.749999999999999, "kubernetes_prometheus_rules": "kubernetes_prometheus_rules", "add_security_context": "NoTreatment", "delay_treatment": "NoTreatment"}, {"rpc_method": "ListProducts", "timestamp": 1737548235.676, "histogram_quantile(0.95, sum(rate(rpc_server_duration_milliseconds_bucket{job=\"opentelemetry-demo/productcatalogservice\"}[90s])) by (rpc_method, le))": 4.749999999999999, "product_catalog_latency": 4.749999999999999, "kubernetes_prometheus_rules": "kubernetes_prometheus_rules", "add_security_context": "NoTreatment", "delay_treatment": "NoTreatment"}, {"rpc_method": "ListProducts", "timestamp": 1737548236.676, "histogram_quantile(0.95, sum(rate(rpc_server_duration_milliseconds_bucket{job=\"opentelemetry-demo/productcatalogservice\"}[90s])) by (rpc_method, le))": 4.749999999999999, "product_catalog_latency": 4.749999999999999, "kubernetes_prometheus_rules": "kubernetes_prometheus_rules", "add_security_context": "NoTreatment", "delay_treatment": "NoTreatment"}, {"rpc_method": "ListProducts", "timestamp": 1737548237.676, "histogram_quantile(0.95, sum(rate(rpc_server_duration_milliseconds_bucket{job=\"opentelemetry-demo/productcatalogservice\"}[90s])) by (rpc_method, le))": 4.749999999999999, "product_catalog_latency": 4.749999999999999, "kubernetes_prometheus_rules": "kubernetes_prometheus_rules", "add_security_context": "NoTreatment", "delay_treatment": "NoTreatment"}, {"rpc_method": "ListProducts", "timestamp": 1737548238.676, "histogram_quantile(0.95, sum(rate(rpc_server_duration_milliseconds_bucket{job=\"opentelemetry-demo/productcatalogservice\"}[90s])) by (rpc_method, le))": 4.749999999999999, "product_catalog_latency": 4.749999999999999, "kubernetes_prometheus_rules": "kubernetes_prometheus_rules", "add_security_context": "NoTreatment", "delay_treatment": "NoTreatment"}, {"rpc_method": "ListProducts", "timestamp": 1737548239.676, "histogram_quantile(0.95, sum(rate(rpc_server_duration_milliseconds_bucket{job=\"opentelemetry-demo/productcatalogservice\"}[90s])) by (rpc_method, le))": 4.749999999999999, "product_catalog_latency": 4.749999999999999, "kubernetes_prometheus_rules": "kubernetes_prometheus_rules", "add_security_context": "NoTreatment", "delay_treatment": "NoTreatment"}, {"rpc_method": "ListProducts", "timestamp": 1737548240.676, "histogram_quantile(0.95, sum(rate(rpc_server_duration_milliseconds_bucket{job=\"opentelemetry-demo/productcatalogservice\"}[90s])) by (rpc_method, le))": 4.749999999999999, "product_catalog_latency": 4.749999999999999, "kubernetes_prometheus_rules": "kubernetes_prometheus_rules", "add_security_context": "NoTreatment", "delay_treatment": "NoTreatment"}, {"rpc_method": "ListProducts", "timestamp": 1737548241.676, "histogram_quantile(0.95, sum(rate(rpc_server_duration_milliseconds_bucket{job=\"opentelemetry-demo/productcatalogservice\"}[90s])) by (rpc_method, le))": 4.749999999999999, "product_catalog_latency": 4.749999999999999, "kubernetes_prometheus_rules": "kubernetes_prometheus_rules", "add_security_context": "NoTreatment", "delay_treatment": "NoTreatment"}, {"rpc_method": "ListProducts", "timestamp": 1737548242.676, "histogram_quantile(0.95, sum(rate(rpc_server_duration_milliseconds_bucket{job=\"opentelemetry-demo/productcatalogservice\"}[90s])) by (rpc_method, le))": 4.749999999999999, "product_catalog_latency": 4.749999999999999, "kubernetes_prometheus_rules": "kubernetes_prometheus_rules", "add_security_context": "NoTreatment", "delay_treatment": "NoTreatment"}, {"rpc_method": "ListProducts", "timestamp": 1737548243.676, "histogram_quantile(0.95, sum(rate(rpc_server_duration_milliseconds_bucket{job=\"opentelemetry-demo/productcatalogservice\"}[90s])) by (rpc_method, le))": 4.749999999999999, "product_catalog_latency": 4.749999999999999, "kubernetes_prometheus_rules": "kubernetes_prometheus_rules", "add_security_context": "add_security_context", "delay_treatment": "NoTreatment"}, {"rpc_method": "ListProducts", "timestamp": 1737548244.676, "histogram_quantile(0.95, sum(rate(rpc_server_duration_milliseconds_bucket{job=\"opentelemetry-demo/productcatalogservice\"}[90s])) by (rpc_method, le))": 4.749999999999999, "product_catalog_latency": 4.749999999999999, "kubernetes_prometheus_rules": "kubernetes_prometheus_rules", "add_security_context": "add_security_context", "delay_treatment": "delay_treatment"}, {"rpc_method": "ListProducts", "timestamp": 1737548245.676, "histogram_quantile(0.95, sum(rate(rpc_server_duration_milliseconds_bucket{job=\"opentelemetry-demo/productcatalogservice\"}[90s])) by (rpc_method, le))": 4.749999999999999, "product_catalog_latency": 4.749999999999999, "kubernetes_prometheus_rules": "kubernetes_prometheus_rules", "add_security_context": "add_security_context", "delay_treatment": "delay_treatment"}, {"rpc_method": "ListProducts", "timestamp": 1737548246.676, "histogram_quantile(0.95, sum(rate(rpc_server_duration_milliseconds_bucket{job=\"opentelemetry-demo/productcatalogservice\"}[90s])) by (rpc_method, le))": 4.749999999999999, "product_catalog_latency": 4.749999999999999, "kubernetes_prometheus_rules": "kubernetes_prometheus_rules", "add_security_context": "add_security_context", "delay_treatment": "delay_treatment"}, {"rpc_method": "ListProducts", "timestamp": 1737548277.676, "histogram_quantile(0.95, sum(rate(rpc_server_duration_milliseconds_bucket{job=\"opentelemetry-demo/productcatalogservice\"}[90s])) by (rpc_method, le))": 4.75, "product_catalog_latency": 4.75, "kubernetes_prometheus_rules": "kubernetes_prometheus_rules", "add_security_context": "add_security_context", "delay_treatment": "delay_treatment"}, {"rpc_method": "ListProducts", "timestamp": 1737548278.676, "histogram_quantile(0.95, sum(rate(rpc_server_duration_milliseconds_bucket{job=\"opentelemetry-demo/productcatalogservice\"}[90s])) by (rpc_method, le))": 4.75, "product_catalog_latency": 4.75, "kubernetes_prometheus_rules": "kubernetes_prometheus_rules", "add_security_context": "add_security_context", "delay_treatment": "delay_treatment"}, {"rpc_method": "ListProducts", "timestamp": 1737548279.676, "histogram_quantile(0.95, sum(rate(rpc_server_duration_milliseconds_bucket{job=\"opentelemetry-demo/productcatalogservice\"}[90s])) by (rpc_method, le))": 4.75, "product_catalog_latency": 4.75, "kubernetes_prometheus_rules": "kubernetes_prometheus_rules", "add_security_context": "add_security_context", "delay_treatment": "delay_treatment"}, {"rpc_method": "ListProducts", "timestamp": 1737548280.676, "histogram_quantile(0.95, sum(rate(rpc_server_duration_milliseconds_bucket{job=\"opentelemetry-demo/productcatalogservice\"}[90s])) by (rpc_method, le))": 4.75, "product_catalog_latency": 4.75, "kubernetes_prometheus_rules": "kubernetes_prometheus_rules", "add_security_context": "add_security_context", "delay_treatment": "delay_treatment"}, {"rpc_method": "ListProducts", "timestamp": 1737548281.676, "histogram_quantile(0.95, sum(rate(rpc_server_duration_milliseconds_bucket{job=\"opentelemetry-demo/productcatalogservice\"}[90s])) by (rpc_method, le))": 4.75, "product_catalog_latency": 4.75, "kubernetes_prometheus_rules": "kubernetes_prometheus_rules", "add_security_context": "add_security_context", "delay_treatment": "delay_treatment"}, {"rpc_method": "ListProducts", "timestamp": 1737548282.676, "histogram_quantile(0.95, sum(rate(rpc_server_duration_milliseconds_bucket{job=\"opentelemetry-demo/productcatalogservice\"}[90s])) by (rpc_method, le))": 4.75, "product_catalog_latency": 4.75, "kubernetes_prometheus_rules": "kubernetes_prometheus_rules", "add_security_context": "add_security_context", "delay_treatment": "delay_treatment"}, {"rpc_method": "ListProducts", "timestamp": 1737548283.676, "histogram_quantile(0.95, sum(rate(rpc_server_duration_milliseconds_bucket{job=\"opentelemetry-demo/productcatalogservice\"}[90s])) by (rpc_method, le))": 4.75, "product_catalog_latency": 4.75, "kubernetes_prometheus_rules": "kubernetes_prometheus_rules", "add_security_context": "add_security_context", "delay_treatment": "delay_treatment"}, {"rpc_method": "ListProducts", "timestamp": 1737548284.676, "histogram_quantile(0.95, sum(rate(rpc_server_duration_milliseconds_bucket{job=\"opentelemetry-demo/productcatalogservice\"}[90s])) by (rpc_method, le))": 4.75, "product_catalog_latency": 4.75, "kubernetes_prometheus_rules": "kubernetes_prometheus_rules", "add_security_context": "add_security_context", "delay_treatment": "delay_treatment"}, {"rpc_method": "ListProducts", "timestamp": 1737548285.676, "histogram_quantile(0.95, sum(rate(rpc_server_duration_milliseconds_bucket{job=\"opentelemetry-demo/productcatalogservice\"}[90s])) by (rpc_method, le))": 4.75, "product_catalog_latency": 4.75, "kubernetes_prometheus_rules": "kubernetes_prometheus_rules", "add_security_context": "add_security_context", "delay_treatment": "delay_treatment"}, {"rpc_method": "ListProducts", "timestamp": 1737548286.676, "histogram_quantile(0.95, sum(rate(rpc_server_duration_milliseconds_bucket{job=\"opentelemetry-demo/productcatalogservice\"}[90s])) by (rpc_method, le))": 4.75, "product_catalog_latency": 4.75, "kubernetes_prometheus_rules": "kubernetes_prometheus_rules", "add_security_context": "add_security_context", "delay_treatment": "delay_treatment"}, {"rpc_method": "ListProducts", "timestamp": 1737548287.676, "histogram_quantile(0.95, sum(rate(rpc_server_duration_milliseconds_bucket{job=\"opentelemetry-demo/productcatalogservice\"}[90s])) by (rpc_method, le))": 4.75, "product_catalog_latency": 4.75, "kubernetes_prometheus_rules": "kubernetes_prometheus_rules", "add_security_context": "add_security_context", "delay_treatment": "delay_treatment"}, {"rpc_method": "ListProducts", "timestamp": 1737548288.676, "histogram_quantile(0.95, sum(rate(rpc_server_duration_milliseconds_bucket{job=\"opentelemetry-demo/productcatalogservice\"}[90s])) by (rpc_method, le))": 4.75, "product_catalog_latency": 4.75, "kubernetes_prometheus_rules": "kubernetes_prometheus_rules", "add_security_context": "add_security_context", "delay_treatment": "delay_treatment"}, {"rpc_method": "ListProducts", "timestamp": 1737548289.676, "histogram_quantile(0.95, sum(rate(rpc_server_duration_milliseconds_bucket{job=\"opentelemetry-demo/productcatalogservice\"}[90s])) by (rpc_method, le))": 4.75, "product_catalog_latency": 4.75, "kubernetes_prometheus_rules": "kubernetes_prometheus_rules", "add_security_context": "add_security_context", "delay_treatment": "delay_treatment"}, {"rpc_method": "ListProducts", "timestamp": 1737548290.676, "histogram_quantile(0.95, sum(rate(rpc_server_duration_milliseconds_bucket{job=\"opentelemetry-demo/productcatalogservice\"}[90s])) by (rpc_method, le))": 4.75, "product_catalog_latency": 4.75, "kubernetes_prometheus_rules": "kubernetes_prometheus_rules", "add_security_context": "add_security_context", "delay_treatment": "delay_treatment"}, {"rpc_method": "ListProducts", "timestamp": 1737548291.676, "histogram_quantile(0.95, sum(rate(rpc_server_duration_milliseconds_bucket{job=\"opentelemetry-demo/productcatalogservice\"}[90s])) by (rpc_method, le))": 4.75, "product_catalog_latency": 4.75, "kubernetes_prometheus_rules": "kubernetes_prometheus_rules", "add_security_context": "add_security_context", "delay_treatment": "delay_treatment"}, {"rpc_method": "ListProducts", "timestamp": 1737548292.676, "histogram_quantile(0.95, sum(rate(rpc_server_duration_milliseconds_bucket{job=\"opentelemetry-demo/productcatalogservice\"}[90s])) by (rpc_method, le))": 4.75, "product_catalog_latency": 4.75, "kubernetes_prometheus_rules": "kubernetes_prometheus_rules", "add_security_context": "add_security_context", "delay_treatment": "delay_treatment"}, {"rpc_method": "ListProducts", "timestamp": 1737548293.676, "histogram_quantile(0.95, sum(rate(rpc_server_duration_milliseconds_bucket{job=\"opentelemetry-demo/productcatalogservice\"}[90s])) by (rpc_method, le))": 4.75, "product_catalog_latency": 4.75, "kubernetes_prometheus_rules": "kubernetes_prometheus_rules", "add_security_context": "add_security_context", "delay_treatment": "delay_treatment"}, {"rpc_method": "ListProducts", "timestamp": 1737548294.676, "histogram_quantile(0.95, sum(rate(rpc_server_duration_milliseconds_bucket{job=\"opentelemetry-demo/productcatalogservice\"}[90s])) by (rpc_method, le))": 4.75, "product_catalog_latency": 4.75, "kubernetes_prometheus_rules": "kubernetes_prometheus_rules", "add_security_context": "add_security_context", "delay_treatment": "delay_treatment"}, {"rpc_method": "ListProducts", "timestamp": 1737548295.676, "histogram_quantile(0.95, sum(rate(rpc_server_duration_milliseconds_bucket{job=\"opentelemetry-demo/productcatalogservice\"}[90s])) by (rpc_method, le))": 4.75, "product_catalog_latency": 4.75, "kubernetes_prometheus_rules": "kubernetes_prometheus_rules", "add_security_context": "add_security_context", "delay_treatment": "delay_treatment"}, {"rpc_method": "ListProducts", "timestamp": 1737548296.676, "histogram_quantile(0.95, sum(rate(rpc_server_duration_milliseconds_bucket{job=\"opentelemetry-demo/productcatalogservice\"}[90s])) by (rpc_method, le))": 4.75, "product_catalog_latency": 4.75, "kubernetes_prometheus_rules": "kubernetes_prometheus_rules", "add_security_context": "add_security_context", "delay_treatment": "delay_treatment"}, {"rpc_method": "ListProducts", "timestamp": 1737548297.676, "histogram_quantile(0.95, sum(rate(rpc_server_duration_milliseconds_bucket{job=\"opentelemetry-demo/productcatalogservice\"}[90s])) by (rpc_method, le))": 4.75, "product_catalog_latency": 4.75, "kubernetes_prometheus_rules": "kubernetes_prometheus_rules", "add_security_context": "add_security_context", "delay_treatment": "delay_treatment"}, {"rpc_method": "ListProducts", "timestamp": 1737548298.676, "histogram_quantile(0.95, sum(rate(rpc_server_duration_milliseconds_bucket{job=\"opentelemetry-demo/productcatalogservice\"}[90s])) by (rpc_method, le))": 4.75, "product_catalog_latency": 4.75, "kubernetes_prometheus_rules": "kubernetes_prometheus_rules", "add_security_context": "add_security_context", "delay_treatment": "delay_treatment"}, {"rpc_method": "ListProducts", "timestamp": 1737548299.676, "histogram_quantile(0.95, sum(rate(rpc_server_duration_milliseconds_bucket{job=\"opentelemetry-demo/productcatalogservice\"}[90s])) by (rpc_method, le))": 4.75, "product_catalog_latency": 4.75, "kubernetes_prometheus_rules": "kubernetes_prometheus_rules", "add_security_context": "add_security_context", "delay_treatment": "delay_treatment"}, {"rpc_method": "ListProducts", "timestamp": 1737548300.676, "histogram_quantile(0.95, sum(rate(rpc_server_duration_milliseconds_bucket{job=\"opentelemetry-demo/productcatalogservice\"}[90s])) by (rpc_method, le))": 4.75, "product_catalog_latency": 4.75, "kubernetes_prometheus_rules": "kubernetes_prometheus_rules", "add_security_context": "add_security_context", "delay_treatment": "delay_treatment"}, {"rpc_method": "ListProducts", "timestamp": 1737548301.676, "histogram_quantile(0.95, sum(rate(rpc_server_duration_milliseconds_bucket{job=\"opentelemetry-demo/productcatalogservice\"}[90s])) by (rpc_method, le))": 4.75, "product_catalog_latency": 4.75, "kubernetes_prometheus_rules": "kubernetes_prometheus_rules", "add_security_context": "add_security_context", "delay_treatment": "delay_treatment"}, {"rpc_method": "ListProducts", "timestamp": 1737548302.676, "histogram_quantile(0.95, sum(rate(rpc_server_duration_milliseconds_bucket{job=\"opentelemetry-demo/productcatalogservice\"}[90s])) by (rpc_method, le))": 4.75, "product_catalog_latency": 4.75, "kubernetes_prometheus_rules": "kubernetes_prometheus_rules", "add_security_context": "add_security_context", "delay_treatment": "delay_treatment"}, {"rpc_method": "ListProducts", "timestamp": 1737548303.676, "histogram_quantile(0.95, sum(rate(rpc_server_duration_milliseconds_bucket{job=\"opentelemetry-demo/productcatalogservice\"}[90s])) by (rpc_method, le))": 4.75, "product_catalog_latency": 4.75, "kubernetes_prometheus_rules": "kubernetes_prometheus_rules", "add_security_context": "add_security_context", "delay_treatment": "delay_treatment"}, {"rpc_method": "ListProducts", "timestamp": 1737548304.676, "histogram_quantile(0.95, sum(rate(rpc_server_duration_milliseconds_bucket{job=\"opentelemetry-demo/productcatalogservice\"}[90s])) by (rpc_method, le))": 4.75, "product_catalog_latency": 4.75, "kubernetes_prometheus_rules": "kubernetes_prometheus_rules", "add_security_context": "add_security_context", "delay_treatment": "delay_treatment"}, {"rpc_method": "ListProducts", "timestamp": 1737548305.676, "histogram_quantile(0.95, sum(rate(rpc_server_duration_milliseconds_bucket{job=\"opentelemetry-demo/productcatalogservice\"}[90s])) by (rpc_method, le))": 4.75, "product_catalog_latency": 4.75, "kubernetes_prometheus_rules": "kubernetes_prometheus_rules", "add_security_context": "add_security_context", "delay_treatment": "delay_treatment"}, {"rpc_method": "ListProducts", "timestamp": 1737548306.676, "histogram_quantile(0.95, sum(rate(rpc_server_duration_milliseconds_bucket{job=\"opentelemetry-demo/productcatalogservice\"}[90s])) by (rpc_method, le))": 4.75, "product_catalog_latency": 4.75, "kubernetes_prometheus_rules": "kubernetes_prometheus_rules", "add_security_context": "add_security_context", "delay_treatment": "delay_treatment"}, {"rpc_method": "ListProducts", "timestamp": 1737548337.676, "histogram_quantile(0.95, sum(rate(rpc_server_duration_milliseconds_bucket{job=\"opentelemetry-demo/productcatalogservice\"}[90s])) by (rpc_method, le))": 4.75, "product_catalog_latency": 4.75, "kubernetes_prometheus_rules": "kubernetes_prometheus_rules", "add_security_context": "add_security_context", "delay_treatment": "delay_treatment"}, {"rpc_method": "ListProducts", "timestamp": 1737548338.676, "histogram_quantile(0.95, sum(rate(rpc_server_duration_milliseconds_bucket{job=\"opentelemetry-demo/productcatalogservice\"}[90s])) by (rpc_method, le))": 4.75, "product_catalog_latency": 4.75, "kubernetes_prometheus_rules": "kubernetes_prometheus_rules", "add_security_context": "add_security_context", "delay_treatment": "delay_treatment"}, {"rpc_method": "ListProducts", "timestamp": 1737548339.676, "histogram_quantile(0.95, sum(rate(rpc_server_duration_milliseconds_bucket{job=\"opentelemetry-demo/productcatalogservice\"}[90s])) by (rpc_method, le))": 4.75, "product_catalog_latency": 4.75, "kubernetes_prometheus_rules": "kubernetes_prometheus_rules", "add_security_context": "add_security_context", "delay_treatment": "delay_treatment"}, {"rpc_method": "ListProducts", "timestamp": 1737548340.676, "histogram_quantile(0.95, sum(rate(rpc_server_duration_milliseconds_bucket{job=\"opentelemetry-demo/productcatalogservice\"}[90s])) by (rpc_method, le))": 4.75, "product_catalog_latency": 4.75, "kubernetes_prometheus_rules": "kubernetes_prometheus_rules", "add_security_context": "add_security_context", "delay_treatment": "delay_treatment"}, {"rpc_method": "ListProducts", "timestamp": 1737548341.676, "histogram_quantile(0.95, sum(rate(rpc_server_duration_milliseconds_bucket{job=\"opentelemetry-demo/productcatalogservice\"}[90s])) by (rpc_method, le))": 4.75, "product_catalog_latency": 4.75, "kubernetes_prometheus_rules": "kubernetes_prometheus_rules", "add_security_context": "add_security_context", "delay_treatment": "delay_treatment"}, {"rpc_method": "ListProducts", "timestamp": 1737548342.676, "histogram_quantile(0.95, sum(rate(rpc_server_duration_milliseconds_bucket{job=\"opentelemetry-demo/productcatalogservice\"}[90s])) by (rpc_method, le))": 4.75, "product_catalog_latency": 4.75, "kubernetes_prometheus_rules": "kubernetes_prometheus_rules", "add_security_context": "add_security_context", "delay_treatment": "delay_treatment"}, {"rpc_method": "ListProducts", "timestamp": 1737548343.676, "histogram_quantile(0.95, sum(rate(rpc_server_duration_milliseconds_bucket{job=\"opentelemetry-demo/productcatalogservice\"}[90s])) by (rpc_method, le))": 4.75, "product_catalog_latency": 4.75, "kubernetes_prometheus_rules": "kubernetes_prometheus_rules", "add_security_context": "add_security_context", "delay_treatment": "delay_treatment"}, {"rpc_method": "ListProducts", "timestamp": 1737548344.676, "histogram_quantile(0.95, sum(rate(rpc_server_duration_milliseconds_bucket{job=\"opentelemetry-demo/productcatalogservice\"}[90s])) by (rpc_method, le))": 4.75, "product_catalog_latency": 4.75, "kubernetes_prometheus_rules": "kubernetes_prometheus_rules", "add_security_context": "add_security_context", "delay_treatment": "delay_treatment"}, {"rpc_method": "ListProducts", "timestamp": 1737548345.676, "histogram_quantile(0.95, sum(rate(rpc_server_duration_milliseconds_bucket{job=\"opentelemetry-demo/productcatalogservice\"}[90s])) by (rpc_method, le))": 4.75, "product_catalog_latency": 4.75, "kubernetes_prometheus_rules": "kubernetes_prometheus_rules", "add_security_context": "add_security_context", "delay_treatment": "delay_treatment"}, {"rpc_method": "ListProducts", "timestamp": 1737548346.676, "histogram_quantile(0.95, sum(rate(rpc_server_duration_milliseconds_bucket{job=\"opentelemetry-demo/productcatalogservice\"}[90s])) by (rpc_method, le))": 4.75, "product_catalog_latency": 4.75, "kubernetes_prometheus_rules": "kubernetes_prometheus_rules", "add_security_context": "add_security_context", "delay_treatment": "delay_treatment"}, {"rpc_method": "ListProducts", "timestamp": 1737548347.676, "histogram_quantile(0.95, sum(rate(rpc_server_duration_milliseconds_bucket{job=\"opentelemetry-demo/productcatalogservice\"}[90s])) by (rpc_method, le))": 4.75, "product_catalog_latency": 4.75, "kubernetes_prometheus_rules": "kubernetes_prometheus_rules", "add_security_context": "add_security_context", "delay_treatment": "delay_treatment"}, {"rpc_method": "ListProducts", "timestamp": 1737548348.676, "histogram_quantile(0.95, sum(rate(rpc_server_duration_milliseconds_bucket{job=\"opentelemetry-demo/productcatalogservice\"}[90s])) by (rpc_method, le))": 4.75, "product_catalog_latency": 4.75, "kubernetes_prometheus_rules": "kubernetes_prometheus_rules", "add_security_context": "add_security_context", "delay_treatment": "delay_treatment"}, {"rpc_method": "ListProducts", "timestamp": 1737548349.676, "histogram_quantile(0.95, sum(rate(rpc_server_duration_milliseconds_bucket{job=\"opentelemetry-demo/productcatalogservice\"}[90s])) by (rpc_method, le))": 4.75, "product_catalog_latency": 4.75, "kubernetes_prometheus_rules": "kubernetes_prometheus_rules", "add_security_context": "add_security_context", "delay_treatment": "delay_treatment"}, {"rpc_method": "ListProducts", "timestamp": 1737548350.676, "histogram_quantile(0.95, sum(rate(rpc_server_duration_milliseconds_bucket{job=\"opentelemetry-demo/productcatalogservice\"}[90s])) by (rpc_method, le))": 4.75, "product_catalog_latency": 4.75, "kubernetes_prometheus_rules": "kubernetes_prometheus_rules", "add_security_context": "add_security_context", "delay_treatment": "delay_treatment"}, {"rpc_method": "ListProducts", "timestamp": 1737548351.676, "histogram_quantile(0.95, sum(rate(rpc_server_duration_milliseconds_bucket{job=\"opentelemetry-demo/productcatalogservice\"}[90s])) by (rpc_method, le))": 4.75, "product_catalog_latency": 4.75, "kubernetes_prometheus_rules": "kubernetes_prometheus_rules", "add_security_context": "add_security_context", "delay_treatment": "delay_treatment"}, {"rpc_method": "ListProducts", "timestamp": 1737548352.676, "histogram_quantile(0.95, sum(rate(rpc_server_duration_milliseconds_bucket{job=\"opentelemetry-demo/productcatalogservice\"}[90s])) by (rpc_method, le))": 4.75, "product_catalog_latency": 4.75, "kubernetes_prometheus_rules": "kubernetes_prometheus_rules", "add_security_context": "add_security_context", "delay_treatment": "delay_treatment"}, {"rpc_method": "ListProducts", "timestamp": 1737548353.676, "histogram_quantile(0.95, sum(rate(rpc_server_duration_milliseconds_bucket{job=\"opentelemetry-demo/productcatalogservice\"}[90s])) by (rpc_method, le))": 4.75, "product_catalog_latency": 4.75, "kubernetes_prometheus_rules": "kubernetes_prometheus_rules", "add_security_context": "add_security_context", "delay_treatment": "delay_treatment"}, {"rpc_method": "ListProducts", "timestamp": 1737548354.676, "histogram_quantile(0.95, sum(rate(rpc_server_duration_milliseconds_bucket{job=\"opentelemetry-demo/productcatalogservice\"}[90s])) by (rpc_method, le))": 4.75, "product_catalog_latency": 4.75, "kubernetes_prometheus_rules": "kubernetes_prometheus_rules", "add_security_context": "add_security_context", "delay_treatment": "delay_treatment"}, {"rpc_method": "ListProducts", "timestamp": 1737548355.676, "histogram_quantile(0.95, sum(rate(rpc_server_duration_milliseconds_bucket{job=\"opentelemetry-demo/productcatalogservice\"}[90s])) by (rpc_method, le))": 4.75, "product_catalog_latency": 4.75, "kubernetes_prometheus_rules": "kubernetes_prometheus_rules", "add_security_context": "add_security_context", "delay_treatment": "delay_treatment"}, {"rpc_method": "ListProducts", "timestamp": 1737548356.676, "histogram_quantile(0.95, sum(rate(rpc_server_duration_milliseconds_bucket{job=\"opentelemetry-demo/productcatalogservice\"}[90s])) by (rpc_method, le))": 4.75, "product_catalog_latency": 4.75, "kubernetes_prometheus_rules": "kubernetes_prometheus_rules", "add_security_context": "add_security_context", "delay_treatment": "delay_treatment"}, {"rpc_method": "ListProducts", "timestamp": 1737548357.676, "histogram_quantile(0.95, sum(rate(rpc_server_duration_milliseconds_bucket{job=\"opentelemetry-demo/productcatalogservice\"}[90s])) by (rpc_method, le))": 4.75, "product_catalog_latency": 4.75, "kubernetes_prometheus_rules": "kubernetes_prometheus_rules", "add_security_context": "add_security_context", "delay_treatment": "delay_treatment"}, {"rpc_method": "ListProducts", "timestamp": 1737548358.676, "histogram_quantile(0.95, sum(rate(rpc_server_duration_milliseconds_bucket{job=\"opentelemetry-demo/productcatalogservice\"}[90s])) by (rpc_method, le))": 4.75, "product_catalog_latency": 4.75, "kubernetes_prometheus_rules": "kubernetes_prometheus_rules", "add_security_context": "add_security_context", "delay_treatment": "delay_treatment"}, {"rpc_method": "ListProducts", "timestamp": 1737548359.676, "histogram_quantile(0.95, sum(rate(rpc_server_duration_milliseconds_bucket{job=\"opentelemetry-demo/productcatalogservice\"}[90s])) by (rpc_method, le))": 4.75, "product_catalog_latency": 4.75, "kubernetes_prometheus_rules": "kubernetes_prometheus_rules", "add_security_context": "add_security_context", "delay_treatment": "delay_treatment"}, {"rpc_method": "ListProducts", "timestamp": 1737548360.676, "histogram_quantile(0.95, sum(rate(rpc_server_duration_milliseconds_bucket{job=\"opentelemetry-demo/productcatalogservice\"}[90s])) by (rpc_method, le))": 4.75, "product_catalog_latency": 4.75, "kubernetes_prometheus_rules": "kubernetes_prometheus_rules", "add_security_context": "add_security_context", "delay_treatment": "delay_treatment"}, {"rpc_method": "ListProducts", "timestamp": 1737548361.676, "histogram_quantile(0.95, sum(rate(rpc_server_duration_milliseconds_bucket{job=\"opentelemetry-demo/productcatalogservice\"}[90s])) by (rpc_method, le))": 4.75, "product_catalog_latency": 4.75, "kubernetes_prometheus_rules": "kubernetes_prometheus_rules", "add_security_context": "add_security_context", "delay_treatment": "delay_treatment"}, {"rpc_method": "ListProducts", "timestamp": 1737548362.676, "histogram_quantile(0.95, sum(rate(rpc_server_duration_milliseconds_bucket{job=\"opentelemetry-demo/productcatalogservice\"}[90s])) by (rpc_method, le))": 4.75, "product_catalog_latency": 4.75, "kubernetes_prometheus_rules": "kubernetes_prometheus_rules", "add_security_context": "add_security_context", "delay_treatment": "delay_treatment"}, {"rpc_method": "ListProducts", "timestamp": 1737548363.676, "histogram_quantile(0.95, sum(rate(rpc_server_duration_milliseconds_bucket{job=\"opentelemetry-demo/productcatalogservice\"}[90s])) by (rpc_method, le))": 4.75, "product_catalog_latency": 4.75, "kubernetes_prometheus_rules": "kubernetes_prometheus_rules", "add_security_context": "add_security_context", "delay_treatment": "delay_treatment"}, {"rpc_method": "ListProducts", "timestamp": 1737548364.676, "histogram_quantile(0.95, sum(rate(rpc_server_duration_milliseconds_bucket{job=\"opentelemetry-demo/productcatalogservice\"}[90s])) by (rpc_method, le))": 4.75, "product_catalog_latency": 4.75, "kubernetes_prometheus_rules": "kubernetes_prometheus_rules", "add_security_context": "add_security_context", "delay_treatment": "delay_treatment"}, {"rpc_method": "ListProducts", "timestamp": 1737548365.676, "histogram_quantile(0.95, sum(rate(rpc_server_duration_milliseconds_bucket{job=\"opentelemetry-demo/productcatalogservice\"}[90s])) by (rpc_method, le))": 4.75, "product_catalog_latency": 4.75, "kubernetes_prometheus_rules": "kubernetes_prometheus_rules", "add_security_context": "add_security_context", "delay_treatment": "delay_treatment"}, {"rpc_method": "ListProducts", "timestamp": 1737548366.676, "histogram_quantile(0.95, sum(rate(rpc_server_duration_milliseconds_bucket{job=\"opentelemetry-demo/productcatalogservice\"}[90s])) by (rpc_method, le))": 4.75, "product_catalog_latency": 4.75, "kubernetes_prometheus_rules": "kubernetes_prometheus_rules", "add_security_context": "add_security_context", "delay_treatment": "delay_treatment"}, {"rpc_method": "ListProducts", "timestamp": 1737548397.676, "histogram_quantile(0.95, sum(rate(rpc_server_duration_milliseconds_bucket{job=\"opentelemetry-demo/productcatalogservice\"}[90s])) by (rpc_method, le))": 4.749999999999999, "product_catalog_latency": 4.749999999999999, "kubernetes_prometheus_rules": "kubernetes_prometheus_rules", "add_security_context": "add_security_context", "delay_treatment": "delay_treatment"}, {"rpc_method": "ListProducts", "timestamp": 1737548398.676, "histogram_quantile(0.95, sum(rate(rpc_server_duration_milliseconds_bucket{job=\"opentelemetry-demo/productcatalogservice\"}[90s])) by (rpc_method, le))": 4.749999999999999, "product_catalog_latency": 4.749999999999999, "kubernetes_prometheus_rules": "kubernetes_prometheus_rules", "add_security_context": "add_security_context", "delay_treatment": "delay_treatment"}, {"rpc_method": "ListProducts", "timestamp": 1737548399.676, "histogram_quantile(0.95, sum(rate(rpc_server_duration_milliseconds_bucket{job=\"opentelemetry-demo/productcatalogservice\"}[90s])) by (rpc_method, le))": 4.749999999999999, "product_catalog_latency": 4.749999999999999, "kubernetes_prometheus_rules": "kubernetes_prometheus_rules", "add_security_context": "add_security_context", "delay_treatment": "delay_treatment"}, {"rpc_method": "ListProducts", "timestamp": 1737548400.676, "histogram_quantile(0.95, sum(rate(rpc_server_duration_milliseconds_bucket{job=\"opentelemetry-demo/productcatalogservice\"}[90s])) by (rpc_method, le))": 4.749999999999999, "product_catalog_latency": 4.749999999999999, "kubernetes_prometheus_rules": "kubernetes_prometheus_rules", "add_security_context": "add_security_context", "delay_treatment": "delay_treatment"}, {"rpc_method": "ListProducts", "timestamp": 1737548401.676, "histogram_quantile(0.95, sum(rate(rpc_server_duration_milliseconds_bucket{job=\"opentelemetry-demo/productcatalogservice\"}[90s])) by (rpc_method, le))": 4.749999999999999, "product_catalog_latency": 4.749999999999999, "kubernetes_prometheus_rules": "kubernetes_prometheus_rules", "add_security_context": "add_security_context", "delay_treatment": "delay_treatment"}, {"rpc_method": "ListProducts", "timestamp": 1737548402.676, "histogram_quantile(0.95, sum(rate(rpc_server_duration_milliseconds_bucket{job=\"opentelemetry-demo/productcatalogservice\"}[90s])) by (rpc_method, le))": 4.749999999999999, "product_catalog_latency": 4.749999999999999, "kubernetes_prometheus_rules": "kubernetes_prometheus_rules", "add_security_context": "add_security_context", "delay_treatment": "delay_treatment"}, {"rpc_method": "ListProducts", "timestamp": 1737548403.676, "histogram_quantile(0.95, sum(rate(rpc_server_duration_milliseconds_bucket{job=\"opentelemetry-demo/productcatalogservice\"}[90s])) by (rpc_method, le))": 4.749999999999999, "product_catalog_latency": 4.749999999999999, "kubernetes_prometheus_rules": "kubernetes_prometheus_rules", "add_security_context": "add_security_context", "delay_treatment": "delay_treatment"}, {"rpc_method": "ListProducts", "timestamp": 1737548404.676, "histogram_quantile(0.95, sum(rate(rpc_server_duration_milliseconds_bucket{job=\"opentelemetry-demo/productcatalogservice\"}[90s])) by (rpc_method, le))": 4.749999999999999, "product_catalog_latency": 4.749999999999999, "kubernetes_prometheus_rules": "kubernetes_prometheus_rules", "add_security_context": "add_security_context", "delay_treatment": "delay_treatment"}, {"rpc_method": "ListProducts", "timestamp": 1737548405.676, "histogram_quantile(0.95, sum(rate(rpc_server_duration_milliseconds_bucket{job=\"opentelemetry-demo/productcatalogservice\"}[90s])) by (rpc_method, le))": 4.749999999999999, "product_catalog_latency": 4.749999999999999, "kubernetes_prometheus_rules": "kubernetes_prometheus_rules", "add_security_context": "add_security_context", "delay_treatment": "delay_treatment"}, {"rpc_method": "ListProducts", "timestamp": 1737548406.676, "histogram_quantile(0.95, sum(rate(rpc_server_duration_milliseconds_bucket{job=\"opentelemetry-demo/productcatalogservice\"}[90s])) by (rpc_method, le))": 4.749999999999999, "product_catalog_latency": 4.749999999999999, "kubernetes_prometheus_rules": "kubernetes_prometheus_rules", "add_security_context": "add_security_context", "delay_treatment": "delay_treatment"}, {"rpc_method": "ListProducts", "timestamp": 1737548407.676, "histogram_quantile(0.95, sum(rate(rpc_server_duration_milliseconds_bucket{job=\"opentelemetry-demo/productcatalogservice\"}[90s])) by (rpc_method, le))": 4.749999999999999, "product_catalog_latency": 4.749999999999999, "kubernetes_prometheus_rules": "kubernetes_prometheus_rules", "add_security_context": "add_security_context", "delay_treatment": "delay_treatment"}, {"rpc_method": "ListProducts", "timestamp": 1737548408.676, "histogram_quantile(0.95, sum(rate(rpc_server_duration_milliseconds_bucket{job=\"opentelemetry-demo/productcatalogservice\"}[90s])) by (rpc_method, le))": 4.749999999999999, "product_catalog_latency": 4.749999999999999, "kubernetes_prometheus_rules": "kubernetes_prometheus_rules", "add_security_context": "add_security_context", "delay_treatment": "delay_treatment"}, {"rpc_method": "ListProducts", "timestamp": 1737548409.676, "histogram_quantile(0.95, sum(rate(rpc_server_duration_milliseconds_bucket{job=\"opentelemetry-demo/productcatalogservice\"}[90s])) by (rpc_method, le))": 4.749999999999999, "product_catalog_latency": 4.749999999999999, "kubernetes_prometheus_rules": "kubernetes_prometheus_rules", "add_security_context": "add_security_context", "delay_treatment": "delay_treatment"}, {"rpc_method": "ListProducts", "timestamp": 1737548410.676, "histogram_quantile(0.95, sum(rate(rpc_server_duration_milliseconds_bucket{job=\"opentelemetry-demo/productcatalogservice\"}[90s])) by (rpc_method, le))": 4.749999999999999, "product_catalog_latency": 4.749999999999999, "kubernetes_prometheus_rules": "kubernetes_prometheus_rules", "add_security_context": "add_security_context", "delay_treatment": "delay_treatment"}, {"rpc_method": "ListProducts", "timestamp": 1737548411.676, "histogram_quantile(0.95, sum(rate(rpc_server_duration_milliseconds_bucket{job=\"opentelemetry-demo/productcatalogservice\"}[90s])) by (rpc_method, le))": 4.749999999999999, "product_catalog_latency": 4.749999999999999, "kubernetes_prometheus_rules": "kubernetes_prometheus_rules", "add_security_context": "add_security_context", "delay_treatment": "delay_treatment"}, {"rpc_method": "ListProducts", "timestamp": 1737548412.676, "histogram_quantile(0.95, sum(rate(rpc_server_duration_milliseconds_bucket{job=\"opentelemetry-demo/productcatalogservice\"}[90s])) by (rpc_method, le))": 4.749999999999999, "product_catalog_latency": 4.749999999999999, "kubernetes_prometheus_rules": "kubernetes_prometheus_rules", "add_security_context": "add_security_context", "delay_treatment": "delay_treatment"}, {"rpc_method": "ListProducts", "timestamp": 1737548413.676, "histogram_quantile(0.95, sum(rate(rpc_server_duration_milliseconds_bucket{job=\"opentelemetry-demo/productcatalogservice\"}[90s])) by (rpc_method, le))": 4.749999999999999, "product_catalog_latency": 4.749999999999999, "kubernetes_prometheus_rules": "kubernetes_prometheus_rules", "add_security_context": "add_security_context", "delay_treatment": "delay_treatment"}, {"rpc_method": "ListProducts", "timestamp": 1737548414.676, "histogram_quantile(0.95, sum(rate(rpc_server_duration_milliseconds_bucket{job=\"opentelemetry-demo/productcatalogservice\"}[90s])) by (rpc_method, le))": 4.749999999999999, "product_catalog_latency": 4.749999999999999, "kubernetes_prometheus_rules": "kubernetes_prometheus_rules", "add_security_context": "add_security_context", "delay_treatment": "delay_treatment"}, {"rpc_method": "ListProducts", "timestamp": 1737548415.676, "histogram_quantile(0.95, sum(rate(rpc_server_duration_milliseconds_bucket{job=\"opentelemetry-demo/productcatalogservice\"}[90s])) by (rpc_method, le))": 4.749999999999999, "product_catalog_latency": 4.749999999999999, "kubernetes_prometheus_rules": "kubernetes_prometheus_rules", "add_security_context": "add_security_context", "delay_treatment": "delay_treatment"}, {"rpc_method": "ListProducts", "timestamp": 1737548416.676, "histogram_quantile(0.95, sum(rate(rpc_server_duration_milliseconds_bucket{job=\"opentelemetry-demo/productcatalogservice\"}[90s])) by (rpc_method, le))": 4.749999999999999, "product_catalog_latency": 4.749999999999999, "kubernetes_prometheus_rules": "kubernetes_prometheus_rules", "add_security_context": "add_security_context", "delay_treatment": "delay_treatment"}, {"rpc_method": "ListProducts", "timestamp": 1737548417.676, "histogram_quantile(0.95, sum(rate(rpc_server_duration_milliseconds_bucket{job=\"opentelemetry-demo/productcatalogservice\"}[90s])) by (rpc_method, le))": 4.749999999999999, "product_catalog_latency": 4.749999999999999, "kubernetes_prometheus_rules": "kubernetes_prometheus_rules", "add_security_context": "add_security_context", "delay_treatment": "delay_treatment"}, {"rpc_method": "ListProducts", "timestamp": 1737548418.676, "histogram_quantile(0.95, sum(rate(rpc_server_duration_milliseconds_bucket{job=\"opentelemetry-demo/productcatalogservice\"}[90s])) by (rpc_method, le))": 4.749999999999999, "product_catalog_latency": 4.749999999999999, "kubernetes_prometheus_rules": "kubernetes_prometheus_rules", "add_security_context": "add_security_context", "delay_treatment": "delay_treatment"}, {"rpc_method": "ListProducts", "timestamp": 1737548419.676, "histogram_quantile(0.95, sum(rate(rpc_server_duration_milliseconds_bucket{job=\"opentelemetry-demo/productcatalogservice\"}[90s])) by (rpc_method, le))": 4.749999999999999, "product_catalog_latency": 4.749999999999999, "kubernetes_prometheus_rules": "kubernetes_prometheus_rules", "add_security_context": "add_security_context", "delay_treatment": "delay_treatment"}, {"rpc_method": "ListProducts", "timestamp": 1737548420.676, "histogram_quantile(0.95, sum(rate(rpc_server_duration_milliseconds_bucket{job=\"opentelemetry-demo/productcatalogservice\"}[90s])) by (rpc_method, le))": 4.749999999999999, "product_catalog_latency": 4.749999999999999, "kubernetes_prometheus_rules": "kubernetes_prometheus_rules", "add_security_context": "add_security_context", "delay_treatment": "delay_treatment"}, {"rpc_method": "ListProducts", "timestamp": 1737548421.676, "histogram_quantile(0.95, sum(rate(rpc_server_duration_milliseconds_bucket{job=\"opentelemetry-demo/productcatalogservice\"}[90s])) by (rpc_method, le))": 4.749999999999999, "product_catalog_latency": 4.749999999999999, "kubernetes_prometheus_rules": "kubernetes_prometheus_rules", "add_security_context": "add_security_context", "delay_treatment": "delay_treatment"}, {"rpc_method": "ListProducts", "timestamp": 1737548422.676, "histogram_quantile(0.95, sum(rate(rpc_server_duration_milliseconds_bucket{job=\"opentelemetry-demo/productcatalogservice\"}[90s])) by (rpc_method, le))": 4.749999999999999, "product_catalog_latency": 4.749999999999999, "kubernetes_prometheus_rules": "kubernetes_prometheus_rules", "add_security_context": "add_security_context", "delay_treatment": "delay_treatment"}, {"rpc_method": "ListProducts", "timestamp": 1737548423.676, "histogram_quantile(0.95, sum(rate(rpc_server_duration_milliseconds_bucket{job=\"opentelemetry-demo/productcatalogservice\"}[90s])) by (rpc_method, le))": 4.749999999999999, "product_catalog_latency": 4.749999999999999, "kubernetes_prometheus_rules": "kubernetes_prometheus_rules", "add_security_context": "add_security_context", "delay_treatment": "delay_treatment"}, {"rpc_method": "ListProducts", "timestamp": 1737548424.676, "histogram_quantile(0.95, sum(rate(rpc_server_duration_milliseconds_bucket{job=\"opentelemetry-demo/productcatalogservice\"}[90s])) by (rpc_method, le))": 4.749999999999999, "product_catalog_latency": 4.749999999999999, "kubernetes_prometheus_rules": "NoTreatment", "add_security_context": "NoTreatment", "delay_treatment": "NoTreatment"}, {"rpc_method": "ListProducts", "timestamp": 1737548425.676, "histogram_quantile(0.95, sum(rate(rpc_server_duration_milliseconds_bucket{job=\"opentelemetry-demo/productcatalogservice\"}[90s])) by (rpc_method, le))": 4.749999999999999, "product_catalog_latency": 4.749999999999999, "kubernetes_prometheus_rules": "NoTreatment", "add_security_context": "NoTreatment", "delay_treatment": "NoTreatment"}, {"rpc_method": "ListProducts", "timestamp": 1737548426.676, "histogram_quantile(0.95, sum(rate(rpc_server_duration_milliseconds_bucket{job=\"opentelemetry-demo/productcatalogservice\"}[90s])) by (rpc_method, le))": 4.749999999999999, "product_catalog_latency": 4.749999999999999, "kubernetes_prometheus_rules": "NoTreatment", "add_security_context": "NoTreatment", "delay_treatment": "NoTreatment"}]