[{"timestamp": 1737550200.343, "sum(rate(container_cpu_usage_seconds_total{namespace=\"system-under-evaluation\"}[1m]))": 0.8171827876633523, "system_CPU": 0.8171827876633523, "kubernetes_prometheus_rules": "kubernetes_prometheus_rules", "add_security_context": "NoTreatment", "delay_treatment": "NoTreatment"}, {"timestamp": 1737550201.343, "sum(rate(container_cpu_usage_seconds_total{namespace=\"system-under-evaluation\"}[1m]))": 0.8253387004044717, "system_CPU": 0.8253387004044717, "kubernetes_prometheus_rules": "kubernetes_prometheus_rules", "add_security_context": "NoTreatment", "delay_treatment": "NoTreatment"}, {"timestamp": 1737550202.343, "sum(rate(container_cpu_usage_seconds_total{namespace=\"system-under-evaluation\"}[1m]))": 0.8333560875527971, "system_CPU": 0.8333560875527971, "kubernetes_prometheus_rules": "kubernetes_prometheus_rules", "add_security_context": "NoTreatment", "delay_treatment": "NoTreatment"}, {"timestamp": 1737550203.343, "sum(rate(container_cpu_usage_seconds_total{namespace=\"system-under-evaluation\"}[1m]))": 0.8190945679364885, "system_CPU": 0.8190945679364885, "kubernetes_prometheus_rules": "kubernetes_prometheus_rules", "add_security_context": "NoTreatment", "delay_treatment": "NoTreatment"}, {"timestamp": 1737550204.343, "sum(rate(container_cpu_usage_seconds_total{namespace=\"system-under-evaluation\"}[1m]))": 0.8255054875576038, "system_CPU": 0.8255054875576038, "kubernetes_prometheus_rules": "kubernetes_prometheus_rules", "add_security_context": "NoTreatment", "delay_treatment": "NoTreatment"}, {"timestamp": 1737550205.343, "sum(rate(container_cpu_usage_seconds_total{namespace=\"system-under-evaluation\"}[1m]))": 0.8331996176436157, "system_CPU": 0.8331996176436157, "kubernetes_prometheus_rules": "kubernetes_prometheus_rules", "add_security_context": "NoTreatment", "delay_treatment": "NoTreatment"}, {"timestamp": 1737550206.343, "sum(rate(container_cpu_usage_seconds_total{namespace=\"system-under-evaluation\"}[1m]))": 0.819193995897112, "system_CPU": 0.819193995897112, "kubernetes_prometheus_rules": "kubernetes_prometheus_rules", "add_security_context": "NoTreatment", "delay_treatment": "NoTreatment"}, {"timestamp": 1737550207.343, "sum(rate(container_cpu_usage_seconds_total{namespace=\"system-under-evaluation\"}[1m]))": 0.829330476928953, "system_CPU": 0.829330476928953, "kubernetes_prometheus_rules": "kubernetes_prometheus_rules", "add_security_context": "NoTreatment", "delay_treatment": "NoTreatment"}, {"timestamp": 1737550208.343, "sum(rate(container_cpu_usage_seconds_total{namespace=\"system-under-evaluation\"}[1m]))": 0.8366871885494995, "system_CPU": 0.8366871885494995, "kubernetes_prometheus_rules": "kubernetes_prometheus_rules", "add_security_context": "NoTreatment", "delay_treatment": "NoTreatment"}, {"timestamp": 1737550209.343, "sum(rate(container_cpu_usage_seconds_total{namespace=\"system-under-evaluation\"}[1m]))": 0.828188377584728, "system_CPU": 0.828188377584728, "kubernetes_prometheus_rules": "kubernetes_prometheus_rules", "add_security_context": "NoTreatment", "delay_treatment": "NoTreatment"}, {"timestamp": 1737550210.343, "sum(rate(container_cpu_usage_seconds_total{namespace=\"system-under-evaluation\"}[1m]))": 0.8356442170066112, "system_CPU": 0.8356442170066112, "kubernetes_prometheus_rules": "kubernetes_prometheus_rules", "add_security_context": "add_security_context", "delay_treatment": "NoTreatment"}, {"timestamp": 1737550211.343, "sum(rate(container_cpu_usage_seconds_total{namespace=\"system-under-evaluation\"}[1m]))": 0.8098610322740725, "system_CPU": 0.8098610322740725, "kubernetes_prometheus_rules": "kubernetes_prometheus_rules", "add_security_context": "add_security_context", "delay_treatment": "delay_treatment"}, {"timestamp": 1737550212.343, "sum(rate(container_cpu_usage_seconds_total{namespace=\"system-under-evaluation\"}[1m]))": 0.7996321917830018, "system_CPU": 0.7996321917830018, "kubernetes_prometheus_rules": "kubernetes_prometheus_rules", "add_security_context": "add_security_context", "delay_treatment": "delay_treatment"}, {"timestamp": 1737550213.343, "sum(rate(container_cpu_usage_seconds_total{namespace=\"system-under-evaluation\"}[1m]))": 0.7891157108325053, "system_CPU": 0.7891157108325053, "kubernetes_prometheus_rules": "kubernetes_prometheus_rules", "add_security_context": "add_security_context", "delay_treatment": "delay_treatment"}, {"timestamp": 1737550214.343, "sum(rate(container_cpu_usage_seconds_total{namespace=\"system-under-evaluation\"}[1m]))": 0.8132421244587174, "system_CPU": 0.8132421244587174, "kubernetes_prometheus_rules": "kubernetes_prometheus_rules", "add_security_context": "add_security_context", "delay_treatment": "delay_treatment"}, {"timestamp": 1737550215.343, "sum(rate(container_cpu_usage_seconds_total{namespace=\"system-under-evaluation\"}[1m]))": 0.8197225648911267, "system_CPU": 0.8197225648911267, "kubernetes_prometheus_rules": "kubernetes_prometheus_rules", "add_security_context": "add_security_context", "delay_treatment": "delay_treatment"}, {"timestamp": 1737550216.343, "sum(rate(container_cpu_usage_seconds_total{namespace=\"system-under-evaluation\"}[1m]))": 0.7800515390132492, "system_CPU": 0.7800515390132492, "kubernetes_prometheus_rules": "kubernetes_prometheus_rules", "add_security_context": "add_security_context", "delay_treatment": "delay_treatment"}, {"timestamp": 1737550217.343, "sum(rate(container_cpu_usage_seconds_total{namespace=\"system-under-evaluation\"}[1m]))": 0.7032736368071827, "system_CPU": 0.7032736368071827, "kubernetes_prometheus_rules": "kubernetes_prometheus_rules", "add_security_context": "add_security_context", "delay_treatment": "delay_treatment"}, {"timestamp": 1737550218.343, "sum(rate(container_cpu_usage_seconds_total{namespace=\"system-under-evaluation\"}[1m]))": 0.6890941252640898, "system_CPU": 0.6890941252640898, "kubernetes_prometheus_rules": "kubernetes_prometheus_rules", "add_security_context": "add_security_context", "delay_treatment": "delay_treatment"}, {"timestamp": 1737550219.343, "sum(rate(container_cpu_usage_seconds_total{namespace=\"system-under-evaluation\"}[1m]))": 0.673064907090224, "system_CPU": 0.673064907090224, "kubernetes_prometheus_rules": "kubernetes_prometheus_rules", "add_security_context": "add_security_context", "delay_treatment": "delay_treatment"}, {"timestamp": 1737550220.343, "sum(rate(container_cpu_usage_seconds_total{namespace=\"system-under-evaluation\"}[1m]))": 0.7041450804359547, "system_CPU": 0.7041450804359547, "kubernetes_prometheus_rules": "kubernetes_prometheus_rules", "add_security_context": "add_security_context", "delay_treatment": "delay_treatment"}, {"timestamp": 1737550221.343, "sum(rate(container_cpu_usage_seconds_total{namespace=\"system-under-evaluation\"}[1m]))": 0.7121207864078866, "system_CPU": 0.7121207864078866, "kubernetes_prometheus_rules": "kubernetes_prometheus_rules", "add_security_context": "add_security_context", "delay_treatment": "delay_treatment"}, {"timestamp": 1737550222.343, "sum(rate(container_cpu_usage_seconds_total{namespace=\"system-under-evaluation\"}[1m]))": 0.7617217658817579, "system_CPU": 0.7617217658817579, "kubernetes_prometheus_rules": "kubernetes_prometheus_rules", "add_security_context": "add_security_context", "delay_treatment": "delay_treatment"}, {"timestamp": 1737550223.343, "sum(rate(container_cpu_usage_seconds_total{namespace=\"system-under-evaluation\"}[1m]))": 0.7810987852446301, "system_CPU": 0.7810987852446301, "kubernetes_prometheus_rules": "kubernetes_prometheus_rules", "add_security_context": "add_security_context", "delay_treatment": "delay_treatment"}, {"timestamp": 1737550224.343, "sum(rate(container_cpu_usage_seconds_total{namespace=\"system-under-evaluation\"}[1m]))": 0.7784056579269589, "system_CPU": 0.7784056579269589, "kubernetes_prometheus_rules": "kubernetes_prometheus_rules", "add_security_context": "add_security_context", "delay_treatment": "delay_treatment"}, {"timestamp": 1737550225.343, "sum(rate(container_cpu_usage_seconds_total{namespace=\"system-under-evaluation\"}[1m]))": 0.38966048836420053, "system_CPU": 0.38966048836420053, "kubernetes_prometheus_rules": "kubernetes_prometheus_rules", "add_security_context": "add_security_context", "delay_treatment": "delay_treatment"}, {"timestamp": 1737550226.343, "sum(rate(container_cpu_usage_seconds_total{namespace=\"system-under-evaluation\"}[1m]))": 0.3728104225921564, "system_CPU": 0.3728104225921564, "kubernetes_prometheus_rules": "kubernetes_prometheus_rules", "add_security_context": "add_security_context", "delay_treatment": "delay_treatment"}, {"timestamp": 1737550227.343, "sum(rate(container_cpu_usage_seconds_total{namespace=\"system-under-evaluation\"}[1m]))": 0.9839199706163118, "system_CPU": 0.9839199706163118, "kubernetes_prometheus_rules": "kubernetes_prometheus_rules", "add_security_context": "add_security_context", "delay_treatment": "delay_treatment"}, {"timestamp": 1737550228.343, "sum(rate(container_cpu_usage_seconds_total{namespace=\"system-under-evaluation\"}[1m]))": 1.0460570249984251, "system_CPU": 1.0460570249984251, "kubernetes_prometheus_rules": "kubernetes_prometheus_rules", "add_security_context": "add_security_context", "delay_treatment": "delay_treatment"}, {"timestamp": 1737550229.343, "sum(rate(container_cpu_usage_seconds_total{namespace=\"system-under-evaluation\"}[1m]))": 1.0479932561824528, "system_CPU": 1.0479932561824528, "kubernetes_prometheus_rules": "kubernetes_prometheus_rules", "add_security_context": "add_security_context", "delay_treatment": "delay_treatment"}, {"timestamp": 1737550230.343, "sum(rate(container_cpu_usage_seconds_total{namespace=\"system-under-evaluation\"}[1m]))": 1.031241909499969, "system_CPU": 1.031241909499969, "kubernetes_prometheus_rules": "kubernetes_prometheus_rules", "add_security_context": "add_security_context", "delay_treatment": "delay_treatment"}, {"timestamp": 1737550231.343, "sum(rate(container_cpu_usage_seconds_total{namespace=\"system-under-evaluation\"}[1m]))": 1.0313508167208667, "system_CPU": 1.0313508167208667, "kubernetes_prometheus_rules": "kubernetes_prometheus_rules", "add_security_context": "add_security_context", "delay_treatment": "delay_treatment"}, {"timestamp": 1737550232.343, "sum(rate(container_cpu_usage_seconds_total{namespace=\"system-under-evaluation\"}[1m]))": 1.0314597239417644, "system_CPU": 1.0314597239417644, "kubernetes_prometheus_rules": "kubernetes_prometheus_rules", "add_security_context": "add_security_context", "delay_treatment": "delay_treatment"}, {"timestamp": 1737550233.343, "sum(rate(container_cpu_usage_seconds_total{namespace=\"system-under-evaluation\"}[1m]))": 1.0315686311626622, "system_CPU": 1.0315686311626622, "kubernetes_prometheus_rules": "kubernetes_prometheus_rules", "add_security_context": "add_security_context", "delay_treatment": "delay_treatment"}, {"timestamp": 1737550234.343, "sum(rate(container_cpu_usage_seconds_total{namespace=\"system-under-evaluation\"}[1m]))": 1.0305553963818521, "system_CPU": 1.0305553963818521, "kubernetes_prometheus_rules": "kubernetes_prometheus_rules", "add_security_context": "add_security_context", "delay_treatment": "delay_treatment"}, {"timestamp": 1737550235.343, "sum(rate(container_cpu_usage_seconds_total{namespace=\"system-under-evaluation\"}[1m]))": 1.0304809948841955, "system_CPU": 1.0304809948841955, "kubernetes_prometheus_rules": "kubernetes_prometheus_rules", "add_security_context": "add_security_context", "delay_treatment": "delay_treatment"}, {"timestamp": 1737550236.343, "sum(rate(container_cpu_usage_seconds_total{namespace=\"system-under-evaluation\"}[1m]))": 1.055524741758586, "system_CPU": 1.055524741758586, "kubernetes_prometheus_rules": "kubernetes_prometheus_rules", "add_security_context": "add_security_context", "delay_treatment": "delay_treatment"}, {"timestamp": 1737550237.343, "sum(rate(container_cpu_usage_seconds_total{namespace=\"system-under-evaluation\"}[1m]))": 1.0560809905153985, "system_CPU": 1.0560809905153985, "kubernetes_prometheus_rules": "kubernetes_prometheus_rules", "add_security_context": "add_security_context", "delay_treatment": "delay_treatment"}, {"timestamp": 1737550238.343, "sum(rate(container_cpu_usage_seconds_total{namespace=\"system-under-evaluation\"}[1m]))": 1.0475721134701623, "system_CPU": 1.0475721134701623, "kubernetes_prometheus_rules": "kubernetes_prometheus_rules", "add_security_context": "add_security_context", "delay_treatment": "delay_treatment"}, {"timestamp": 1737550239.343, "sum(rate(container_cpu_usage_seconds_total{namespace=\"system-under-evaluation\"}[1m]))": 1.0587580305347424, "system_CPU": 1.0587580305347424, "kubernetes_prometheus_rules": "kubernetes_prometheus_rules", "add_security_context": "add_security_context", "delay_treatment": "delay_treatment"}, {"timestamp": 1737550240.343, "sum(rate(container_cpu_usage_seconds_total{namespace=\"system-under-evaluation\"}[1m]))": 1.0570151639275633, "system_CPU": 1.0570151639275633, "kubernetes_prometheus_rules": "kubernetes_prometheus_rules", "add_security_context": "add_security_context", "delay_treatment": "delay_treatment"}, {"timestamp": 1737550241.343, "sum(rate(container_cpu_usage_seconds_total{namespace=\"system-under-evaluation\"}[1m]))": 1.0881407337422482, "system_CPU": 1.0881407337422482, "kubernetes_prometheus_rules": "kubernetes_prometheus_rules", "add_security_context": "add_security_context", "delay_treatment": "delay_treatment"}, {"timestamp": 1737550242.343, "sum(rate(container_cpu_usage_seconds_total{namespace=\"system-under-evaluation\"}[1m]))": 1.1201300433658974, "system_CPU": 1.1201300433658974, "kubernetes_prometheus_rules": "kubernetes_prometheus_rules", "add_security_context": "add_security_context", "delay_treatment": "delay_treatment"}, {"timestamp": 1737550243.343, "sum(rate(container_cpu_usage_seconds_total{namespace=\"system-under-evaluation\"}[1m]))": 1.1542122834738524, "system_CPU": 1.1542122834738524, "kubernetes_prometheus_rules": "kubernetes_prometheus_rules", "add_security_context": "add_security_context", "delay_treatment": "delay_treatment"}, {"timestamp": 1737550244.343, "sum(rate(container_cpu_usage_seconds_total{namespace=\"system-under-evaluation\"}[1m]))": 1.1442768100130691, "system_CPU": 1.1442768100130691, "kubernetes_prometheus_rules": "kubernetes_prometheus_rules", "add_security_context": "add_security_context", "delay_treatment": "delay_treatment"}, {"timestamp": 1737550245.343, "sum(rate(container_cpu_usage_seconds_total{namespace=\"system-under-evaluation\"}[1m]))": 1.1938187144644794, "system_CPU": 1.1938187144644794, "kubernetes_prometheus_rules": "kubernetes_prometheus_rules", "add_security_context": "add_security_context", "delay_treatment": "delay_treatment"}, {"timestamp": 1737550246.343, "sum(rate(container_cpu_usage_seconds_total{namespace=\"system-under-evaluation\"}[1m]))": 1.8837211884660745, "system_CPU": 1.8837211884660745, "kubernetes_prometheus_rules": "kubernetes_prometheus_rules", "add_security_context": "add_security_context", "delay_treatment": "delay_treatment"}, {"timestamp": 1737550247.343, "sum(rate(container_cpu_usage_seconds_total{namespace=\"system-under-evaluation\"}[1m]))": 1.8767833267607434, "system_CPU": 1.8767833267607434, "kubernetes_prometheus_rules": "kubernetes_prometheus_rules", "add_security_context": "add_security_context", "delay_treatment": "delay_treatment"}, {"timestamp": 1737550248.343, "sum(rate(container_cpu_usage_seconds_total{namespace=\"system-under-evaluation\"}[1m]))": 1.87295004814343, "system_CPU": 1.87295004814343, "kubernetes_prometheus_rules": "kubernetes_prometheus_rules", "add_security_context": "add_security_context", "delay_treatment": "delay_treatment"}, {"timestamp": 1737550249.343, "sum(rate(container_cpu_usage_seconds_total{namespace=\"system-under-evaluation\"}[1m]))": 2.1307965763461545, "system_CPU": 2.1307965763461545, "kubernetes_prometheus_rules": "kubernetes_prometheus_rules", "add_security_context": "add_security_context", "delay_treatment": "delay_treatment"}, {"timestamp": 1737550250.343, "sum(rate(container_cpu_usage_seconds_total{namespace=\"system-under-evaluation\"}[1m]))": 2.2802627652602325, "system_CPU": 2.2802627652602325, "kubernetes_prometheus_rules": "kubernetes_prometheus_rules", "add_security_context": "add_security_context", "delay_treatment": "delay_treatment"}, {"timestamp": 1737550251.343, "sum(rate(container_cpu_usage_seconds_total{namespace=\"system-under-evaluation\"}[1m]))": 2.4264671046995496, "system_CPU": 2.4264671046995496, "kubernetes_prometheus_rules": "kubernetes_prometheus_rules", "add_security_context": "add_security_context", "delay_treatment": "delay_treatment"}, {"timestamp": 1737550252.343, "sum(rate(container_cpu_usage_seconds_total{namespace=\"system-under-evaluation\"}[1m]))": 2.4389993134846506, "system_CPU": 2.4389993134846506, "kubernetes_prometheus_rules": "kubernetes_prometheus_rules", "add_security_context": "add_security_context", "delay_treatment": "delay_treatment"}, {"timestamp": 1737550253.343, "sum(rate(container_cpu_usage_seconds_total{namespace=\"system-under-evaluation\"}[1m]))": 2.4406231888273107, "system_CPU": 2.4406231888273107, "kubernetes_prometheus_rules": "kubernetes_prometheus_rules", "add_security_context": "add_security_context", "delay_treatment": "delay_treatment"}, {"timestamp": 1737550254.343, "sum(rate(container_cpu_usage_seconds_total{namespace=\"system-under-evaluation\"}[1m]))": 2.4567556717856016, "system_CPU": 2.4567556717856016, "kubernetes_prometheus_rules": "kubernetes_prometheus_rules", "add_security_context": "add_security_context", "delay_treatment": "delay_treatment"}, {"timestamp": 1737550255.343, "sum(rate(container_cpu_usage_seconds_total{namespace=\"system-under-evaluation\"}[1m]))": 3.2946339546192265, "system_CPU": 3.2946339546192265, "kubernetes_prometheus_rules": "kubernetes_prometheus_rules", "add_security_context": "add_security_context", "delay_treatment": "delay_treatment"}, {"timestamp": 1737550256.343, "sum(rate(container_cpu_usage_seconds_total{namespace=\"system-under-evaluation\"}[1m]))": 3.3258609225427826, "system_CPU": 3.3258609225427826, "kubernetes_prometheus_rules": "kubernetes_prometheus_rules", "add_security_context": "add_security_context", "delay_treatment": "delay_treatment"}, {"timestamp": 1737550257.343, "sum(rate(container_cpu_usage_seconds_total{namespace=\"system-under-evaluation\"}[1m]))": 3.3518250620552767, "system_CPU": 3.3518250620552767, "kubernetes_prometheus_rules": "kubernetes_prometheus_rules", "add_security_context": "add_security_context", "delay_treatment": "delay_treatment"}, {"timestamp": 1737550258.343, "sum(rate(container_cpu_usage_seconds_total{namespace=\"system-under-evaluation\"}[1m]))": 3.504552707391631, "system_CPU": 3.504552707391631, "kubernetes_prometheus_rules": "kubernetes_prometheus_rules", "add_security_context": "add_security_context", "delay_treatment": "delay_treatment"}, {"timestamp": 1737550259.343, "sum(rate(container_cpu_usage_seconds_total{namespace=\"system-under-evaluation\"}[1m]))": 3.522767333321042, "system_CPU": 3.522767333321042, "kubernetes_prometheus_rules": "kubernetes_prometheus_rules", "add_security_context": "add_security_context", "delay_treatment": "delay_treatment"}, {"timestamp": 1737550260.343, "sum(rate(container_cpu_usage_seconds_total{namespace=\"system-under-evaluation\"}[1m]))": 3.5800007345724367, "system_CPU": 3.5800007345724367, "kubernetes_prometheus_rules": "kubernetes_prometheus_rules", "add_security_context": "add_security_context", "delay_treatment": "delay_treatment"}, {"timestamp": 1737550261.343, "sum(rate(container_cpu_usage_seconds_total{namespace=\"system-under-evaluation\"}[1m]))": 3.5850475458241644, "system_CPU": 3.5850475458241644, "kubernetes_prometheus_rules": "kubernetes_prometheus_rules", "add_security_context": "add_security_context", "delay_treatment": "delay_treatment"}, {"timestamp": 1737550262.343, "sum(rate(container_cpu_usage_seconds_total{namespace=\"system-under-evaluation\"}[1m]))": 3.5640682172311235, "system_CPU": 3.5640682172311235, "kubernetes_prometheus_rules": "kubernetes_prometheus_rules", "add_security_context": "add_security_context", "delay_treatment": "delay_treatment"}, {"timestamp": 1737550263.343, "sum(rate(container_cpu_usage_seconds_total{namespace=\"system-under-evaluation\"}[1m]))": 3.5520111597852972, "system_CPU": 3.5520111597852972, "kubernetes_prometheus_rules": "kubernetes_prometheus_rules", "add_security_context": "add_security_context", "delay_treatment": "delay_treatment"}, {"timestamp": 1737550264.343, "sum(rate(container_cpu_usage_seconds_total{namespace=\"system-under-evaluation\"}[1m]))": 3.5277657481195814, "system_CPU": 3.5277657481195814, "kubernetes_prometheus_rules": "kubernetes_prometheus_rules", "add_security_context": "add_security_context", "delay_treatment": "delay_treatment"}, {"timestamp": 1737550265.343, "sum(rate(container_cpu_usage_seconds_total{namespace=\"system-under-evaluation\"}[1m]))": 3.519631324736706, "system_CPU": 3.519631324736706, "kubernetes_prometheus_rules": "kubernetes_prometheus_rules", "add_security_context": "add_security_context", "delay_treatment": "delay_treatment"}, {"timestamp": 1737550266.343, "sum(rate(container_cpu_usage_seconds_total{namespace=\"system-under-evaluation\"}[1m]))": 3.5249814953046337, "system_CPU": 3.5249814953046337, "kubernetes_prometheus_rules": "kubernetes_prometheus_rules", "add_security_context": "add_security_context", "delay_treatment": "delay_treatment"}, {"timestamp": 1737550267.343, "sum(rate(container_cpu_usage_seconds_total{namespace=\"system-under-evaluation\"}[1m]))": 3.5203021214285832, "system_CPU": 3.5203021214285832, "kubernetes_prometheus_rules": "kubernetes_prometheus_rules", "add_security_context": "add_security_context", "delay_treatment": "delay_treatment"}, {"timestamp": 1737550268.343, "sum(rate(container_cpu_usage_seconds_total{namespace=\"system-under-evaluation\"}[1m]))": 3.5149218480038487, "system_CPU": 3.5149218480038487, "kubernetes_prometheus_rules": "kubernetes_prometheus_rules", "add_security_context": "add_security_context", "delay_treatment": "delay_treatment"}, {"timestamp": 1737550269.343, "sum(rate(container_cpu_usage_seconds_total{namespace=\"system-under-evaluation\"}[1m]))": 3.518722408113609, "system_CPU": 3.518722408113609, "kubernetes_prometheus_rules": "kubernetes_prometheus_rules", "add_security_context": "add_security_context", "delay_treatment": "delay_treatment"}, {"timestamp": 1737550270.343, "sum(rate(container_cpu_usage_seconds_total{namespace=\"system-under-evaluation\"}[1m]))": 3.476514961875031, "system_CPU": 3.476514961875031, "kubernetes_prometheus_rules": "kubernetes_prometheus_rules", "add_security_context": "add_security_context", "delay_treatment": "delay_treatment"}, {"timestamp": 1737550271.343, "sum(rate(container_cpu_usage_seconds_total{namespace=\"system-under-evaluation\"}[1m]))": 3.389769731572229, "system_CPU": 3.389769731572229, "kubernetes_prometheus_rules": "kubernetes_prometheus_rules", "add_security_context": "add_security_context", "delay_treatment": "delay_treatment"}, {"timestamp": 1737550272.343, "sum(rate(container_cpu_usage_seconds_total{namespace=\"system-under-evaluation\"}[1m]))": 2.3075409963696014, "system_CPU": 2.3075409963696014, "kubernetes_prometheus_rules": "kubernetes_prometheus_rules", "add_security_context": "add_security_context", "delay_treatment": "delay_treatment"}, {"timestamp": 1737550273.343, "sum(rate(container_cpu_usage_seconds_total{namespace=\"system-under-evaluation\"}[1m]))": 2.2740032784906705, "system_CPU": 2.2740032784906705, "kubernetes_prometheus_rules": "kubernetes_prometheus_rules", "add_security_context": "add_security_context", "delay_treatment": "delay_treatment"}, {"timestamp": 1737550274.343, "sum(rate(container_cpu_usage_seconds_total{namespace=\"system-under-evaluation\"}[1m]))": 2.1476341654719495, "system_CPU": 2.1476341654719495, "kubernetes_prometheus_rules": "kubernetes_prometheus_rules", "add_security_context": "add_security_context", "delay_treatment": "delay_treatment"}, {"timestamp": 1737550275.343, "sum(rate(container_cpu_usage_seconds_total{namespace=\"system-under-evaluation\"}[1m]))": 2.174420816595493, "system_CPU": 2.174420816595493, "kubernetes_prometheus_rules": "kubernetes_prometheus_rules", "add_security_context": "add_security_context", "delay_treatment": "delay_treatment"}, {"timestamp": 1737550276.343, "sum(rate(container_cpu_usage_seconds_total{namespace=\"system-under-evaluation\"}[1m]))": 2.1123854065096808, "system_CPU": 2.1123854065096808, "kubernetes_prometheus_rules": "kubernetes_prometheus_rules", "add_security_context": "add_security_context", "delay_treatment": "delay_treatment"}, {"timestamp": 1737550277.343, "sum(rate(container_cpu_usage_seconds_total{namespace=\"system-under-evaluation\"}[1m]))": 2.095481376757242, "system_CPU": 2.095481376757242, "kubernetes_prometheus_rules": "kubernetes_prometheus_rules", "add_security_context": "add_security_context", "delay_treatment": "delay_treatment"}, {"timestamp": 1737550278.343, "sum(rate(container_cpu_usage_seconds_total{namespace=\"system-under-evaluation\"}[1m]))": 2.094753931469328, "system_CPU": 2.094753931469328, "kubernetes_prometheus_rules": "kubernetes_prometheus_rules", "add_security_context": "add_security_context", "delay_treatment": "delay_treatment"}, {"timestamp": 1737550279.343, "sum(rate(container_cpu_usage_seconds_total{namespace=\"system-under-evaluation\"}[1m]))": 2.0642530429705146, "system_CPU": 2.0642530429705146, "kubernetes_prometheus_rules": "kubernetes_prometheus_rules", "add_security_context": "add_security_context", "delay_treatment": "delay_treatment"}, {"timestamp": 1737550280.343, "sum(rate(container_cpu_usage_seconds_total{namespace=\"system-under-evaluation\"}[1m]))": 2.11246165884737, "system_CPU": 2.11246165884737, "kubernetes_prometheus_rules": "kubernetes_prometheus_rules", "add_security_context": "add_security_context", "delay_treatment": "delay_treatment"}, {"timestamp": 1737550281.343, "sum(rate(container_cpu_usage_seconds_total{namespace=\"system-under-evaluation\"}[1m]))": 2.272989440412989, "system_CPU": 2.272989440412989, "kubernetes_prometheus_rules": "kubernetes_prometheus_rules", "add_security_context": "add_security_context", "delay_treatment": "delay_treatment"}, {"timestamp": 1737550282.343, "sum(rate(container_cpu_usage_seconds_total{namespace=\"system-under-evaluation\"}[1m]))": 2.4377484173458965, "system_CPU": 2.4377484173458965, "kubernetes_prometheus_rules": "kubernetes_prometheus_rules", "add_security_context": "add_security_context", "delay_treatment": "delay_treatment"}, {"timestamp": 1737550283.343, "sum(rate(container_cpu_usage_seconds_total{namespace=\"system-under-evaluation\"}[1m]))": 2.4968414116313498, "system_CPU": 2.4968414116313498, "kubernetes_prometheus_rules": "kubernetes_prometheus_rules", "add_security_context": "add_security_context", "delay_treatment": "delay_treatment"}, {"timestamp": 1737550284.343, "sum(rate(container_cpu_usage_seconds_total{namespace=\"system-under-evaluation\"}[1m]))": 2.581505014861167, "system_CPU": 2.581505014861167, "kubernetes_prometheus_rules": "kubernetes_prometheus_rules", "add_security_context": "add_security_context", "delay_treatment": "delay_treatment"}, {"timestamp": 1737550285.343, "sum(rate(container_cpu_usage_seconds_total{namespace=\"system-under-evaluation\"}[1m]))": 2.597416635563805, "system_CPU": 2.597416635563805, "kubernetes_prometheus_rules": "kubernetes_prometheus_rules", "add_security_context": "add_security_context", "delay_treatment": "delay_treatment"}, {"timestamp": 1737550286.343, "sum(rate(container_cpu_usage_seconds_total{namespace=\"system-under-evaluation\"}[1m]))": 2.6392519380383686, "system_CPU": 2.6392519380383686, "kubernetes_prometheus_rules": "kubernetes_prometheus_rules", "add_security_context": "add_security_context", "delay_treatment": "delay_treatment"}, {"timestamp": 1737550287.343, "sum(rate(container_cpu_usage_seconds_total{namespace=\"system-under-evaluation\"}[1m]))": 3.3056038364514846, "system_CPU": 3.3056038364514846, "kubernetes_prometheus_rules": "kubernetes_prometheus_rules", "add_security_context": "add_security_context", "delay_treatment": "delay_treatment"}, {"timestamp": 1737550288.343, "sum(rate(container_cpu_usage_seconds_total{namespace=\"system-under-evaluation\"}[1m]))": 3.442158750872302, "system_CPU": 3.442158750872302, "kubernetes_prometheus_rules": "kubernetes_prometheus_rules", "add_security_context": "add_security_context", "delay_treatment": "delay_treatment"}, {"timestamp": 1737550289.343, "sum(rate(container_cpu_usage_seconds_total{namespace=\"system-under-evaluation\"}[1m]))": 3.52899696001859, "system_CPU": 3.52899696001859, "kubernetes_prometheus_rules": "kubernetes_prometheus_rules", "add_security_context": "add_security_context", "delay_treatment": "delay_treatment"}, {"timestamp": 1737550290.343, "sum(rate(container_cpu_usage_seconds_total{namespace=\"system-under-evaluation\"}[1m]))": 3.545490053591385, "system_CPU": 3.545490053591385, "kubernetes_prometheus_rules": "kubernetes_prometheus_rules", "add_security_context": "add_security_context", "delay_treatment": "delay_treatment"}, {"timestamp": 1737550291.343, "sum(rate(container_cpu_usage_seconds_total{namespace=\"system-under-evaluation\"}[1m]))": 3.557021481571504, "system_CPU": 3.557021481571504, "kubernetes_prometheus_rules": "kubernetes_prometheus_rules", "add_security_context": "add_security_context", "delay_treatment": "delay_treatment"}, {"timestamp": 1737550292.343, "sum(rate(container_cpu_usage_seconds_total{namespace=\"system-under-evaluation\"}[1m]))": 3.5586050268954708, "system_CPU": 3.5586050268954708, "kubernetes_prometheus_rules": "kubernetes_prometheus_rules", "add_security_context": "add_security_context", "delay_treatment": "delay_treatment"}, {"timestamp": 1737550293.343, "sum(rate(container_cpu_usage_seconds_total{namespace=\"system-under-evaluation\"}[1m]))": 3.573543086555752, "system_CPU": 3.573543086555752, "kubernetes_prometheus_rules": "kubernetes_prometheus_rules", "add_security_context": "add_security_context", "delay_treatment": "delay_treatment"}, {"timestamp": 1737550294.343, "sum(rate(container_cpu_usage_seconds_total{namespace=\"system-under-evaluation\"}[1m]))": 3.773406833912542, "system_CPU": 3.773406833912542, "kubernetes_prometheus_rules": "kubernetes_prometheus_rules", "add_security_context": "add_security_context", "delay_treatment": "delay_treatment"}, {"timestamp": 1737550295.343, "sum(rate(container_cpu_usage_seconds_total{namespace=\"system-under-evaluation\"}[1m]))": 3.5722261300042115, "system_CPU": 3.5722261300042115, "kubernetes_prometheus_rules": "kubernetes_prometheus_rules", "add_security_context": "add_security_context", "delay_treatment": "delay_treatment"}, {"timestamp": 1737550296.343, "sum(rate(container_cpu_usage_seconds_total{namespace=\"system-under-evaluation\"}[1m]))": 3.485654317737952, "system_CPU": 3.485654317737952, "kubernetes_prometheus_rules": "kubernetes_prometheus_rules", "add_security_context": "add_security_context", "delay_treatment": "delay_treatment"}, {"timestamp": 1737550297.343, "sum(rate(container_cpu_usage_seconds_total{namespace=\"system-under-evaluation\"}[1m]))": 3.448470010338471, "system_CPU": 3.448470010338471, "kubernetes_prometheus_rules": "kubernetes_prometheus_rules", "add_security_context": "add_security_context", "delay_treatment": "delay_treatment"}, {"timestamp": 1737550298.343, "sum(rate(container_cpu_usage_seconds_total{namespace=\"system-under-evaluation\"}[1m]))": 3.4288920208175937, "system_CPU": 3.4288920208175937, "kubernetes_prometheus_rules": "kubernetes_prometheus_rules", "add_security_context": "add_security_context", "delay_treatment": "delay_treatment"}, {"timestamp": 1737550299.343, "sum(rate(container_cpu_usage_seconds_total{namespace=\"system-under-evaluation\"}[1m]))": 3.367405507439198, "system_CPU": 3.367405507439198, "kubernetes_prometheus_rules": "kubernetes_prometheus_rules", "add_security_context": "add_security_context", "delay_treatment": "delay_treatment"}, {"timestamp": 1737550300.343, "sum(rate(container_cpu_usage_seconds_total{namespace=\"system-under-evaluation\"}[1m]))": 3.3787573379021425, "system_CPU": 3.3787573379021425, "kubernetes_prometheus_rules": "kubernetes_prometheus_rules", "add_security_context": "add_security_context", "delay_treatment": "delay_treatment"}, {"timestamp": 1737550301.343, "sum(rate(container_cpu_usage_seconds_total{namespace=\"system-under-evaluation\"}[1m]))": 3.24498826797268, "system_CPU": 3.24498826797268, "kubernetes_prometheus_rules": "kubernetes_prometheus_rules", "add_security_context": "add_security_context", "delay_treatment": "delay_treatment"}, {"timestamp": 1737550302.343, "sum(rate(container_cpu_usage_seconds_total{namespace=\"system-under-evaluation\"}[1m]))": 3.1327546108887674, "system_CPU": 3.1327546108887674, "kubernetes_prometheus_rules": "kubernetes_prometheus_rules", "add_security_context": "add_security_context", "delay_treatment": "delay_treatment"}, {"timestamp": 1737550303.343, "sum(rate(container_cpu_usage_seconds_total{namespace=\"system-under-evaluation\"}[1m]))": 3.1167027998732784, "system_CPU": 3.1167027998732784, "kubernetes_prometheus_rules": "kubernetes_prometheus_rules", "add_security_context": "add_security_context", "delay_treatment": "delay_treatment"}, {"timestamp": 1737550304.343, "sum(rate(container_cpu_usage_seconds_total{namespace=\"system-under-evaluation\"}[1m]))": 3.1835983672832406, "system_CPU": 3.1835983672832406, "kubernetes_prometheus_rules": "kubernetes_prometheus_rules", "add_security_context": "add_security_context", "delay_treatment": "delay_treatment"}, {"timestamp": 1737550305.343, "sum(rate(container_cpu_usage_seconds_total{namespace=\"system-under-evaluation\"}[1m]))": 3.1093762272551917, "system_CPU": 3.1093762272551917, "kubernetes_prometheus_rules": "kubernetes_prometheus_rules", "add_security_context": "add_security_context", "delay_treatment": "delay_treatment"}, {"timestamp": 1737550306.343, "sum(rate(container_cpu_usage_seconds_total{namespace=\"system-under-evaluation\"}[1m]))": 2.187046320169889, "system_CPU": 2.187046320169889, "kubernetes_prometheus_rules": "kubernetes_prometheus_rules", "add_security_context": "add_security_context", "delay_treatment": "delay_treatment"}, {"timestamp": 1737550307.343, "sum(rate(container_cpu_usage_seconds_total{namespace=\"system-under-evaluation\"}[1m]))": 2.2626179023683135, "system_CPU": 2.2626179023683135, "kubernetes_prometheus_rules": "kubernetes_prometheus_rules", "add_security_context": "add_security_context", "delay_treatment": "delay_treatment"}, {"timestamp": 1737550308.343, "sum(rate(container_cpu_usage_seconds_total{namespace=\"system-under-evaluation\"}[1m]))": 2.2428105578831024, "system_CPU": 2.2428105578831024, "kubernetes_prometheus_rules": "kubernetes_prometheus_rules", "add_security_context": "add_security_context", "delay_treatment": "delay_treatment"}, {"timestamp": 1737550309.343, "sum(rate(container_cpu_usage_seconds_total{namespace=\"system-under-evaluation\"}[1m]))": 1.948211693587887, "system_CPU": 1.948211693587887, "kubernetes_prometheus_rules": "kubernetes_prometheus_rules", "add_security_context": "add_security_context", "delay_treatment": "delay_treatment"}, {"timestamp": 1737550310.343, "sum(rate(container_cpu_usage_seconds_total{namespace=\"system-under-evaluation\"}[1m]))": 1.8343654721087723, "system_CPU": 1.8343654721087723, "kubernetes_prometheus_rules": "kubernetes_prometheus_rules", "add_security_context": "add_security_context", "delay_treatment": "delay_treatment"}, {"timestamp": 1737550311.343, "sum(rate(container_cpu_usage_seconds_total{namespace=\"system-under-evaluation\"}[1m]))": 1.8632571258448414, "system_CPU": 1.8632571258448414, "kubernetes_prometheus_rules": "kubernetes_prometheus_rules", "add_security_context": "add_security_context", "delay_treatment": "delay_treatment"}, {"timestamp": 1737550312.343, "sum(rate(container_cpu_usage_seconds_total{namespace=\"system-under-evaluation\"}[1m]))": 2.6568626904202195, "system_CPU": 2.6568626904202195, "kubernetes_prometheus_rules": "kubernetes_prometheus_rules", "add_security_context": "add_security_context", "delay_treatment": "delay_treatment"}, {"timestamp": 1737550313.343, "sum(rate(container_cpu_usage_seconds_total{namespace=\"system-under-evaluation\"}[1m]))": 2.8067921531989977, "system_CPU": 2.8067921531989977, "kubernetes_prometheus_rules": "kubernetes_prometheus_rules", "add_security_context": "add_security_context", "delay_treatment": "delay_treatment"}, {"timestamp": 1737550314.343, "sum(rate(container_cpu_usage_seconds_total{namespace=\"system-under-evaluation\"}[1m]))": 2.8086199106869802, "system_CPU": 2.8086199106869802, "kubernetes_prometheus_rules": "kubernetes_prometheus_rules", "add_security_context": "add_security_context", "delay_treatment": "delay_treatment"}, {"timestamp": 1737550315.343, "sum(rate(container_cpu_usage_seconds_total{namespace=\"system-under-evaluation\"}[1m]))": 2.2657188593200925, "system_CPU": 2.2657188593200925, "kubernetes_prometheus_rules": "kubernetes_prometheus_rules", "add_security_context": "add_security_context", "delay_treatment": "delay_treatment"}, {"timestamp": 1737550316.343, "sum(rate(container_cpu_usage_seconds_total{namespace=\"system-under-evaluation\"}[1m]))": 2.31724948588078, "system_CPU": 2.31724948588078, "kubernetes_prometheus_rules": "kubernetes_prometheus_rules", "add_security_context": "add_security_context", "delay_treatment": "delay_treatment"}, {"timestamp": 1737550317.343, "sum(rate(container_cpu_usage_seconds_total{namespace=\"system-under-evaluation\"}[1m]))": 2.534736015970851, "system_CPU": 2.534736015970851, "kubernetes_prometheus_rules": "kubernetes_prometheus_rules", "add_security_context": "add_security_context", "delay_treatment": "delay_treatment"}, {"timestamp": 1737550318.343, "sum(rate(container_cpu_usage_seconds_total{namespace=\"system-under-evaluation\"}[1m]))": 2.5793667595179923, "system_CPU": 2.5793667595179923, "kubernetes_prometheus_rules": "kubernetes_prometheus_rules", "add_security_context": "add_security_context", "delay_treatment": "delay_treatment"}, {"timestamp": 1737550319.343, "sum(rate(container_cpu_usage_seconds_total{namespace=\"system-under-evaluation\"}[1m]))": 3.5652133835853226, "system_CPU": 3.5652133835853226, "kubernetes_prometheus_rules": "kubernetes_prometheus_rules", "add_security_context": "add_security_context", "delay_treatment": "delay_treatment"}, {"timestamp": 1737550320.343, "sum(rate(container_cpu_usage_seconds_total{namespace=\"system-under-evaluation\"}[1m]))": 3.793546012755802, "system_CPU": 3.793546012755802, "kubernetes_prometheus_rules": "kubernetes_prometheus_rules", "add_security_context": "add_security_context", "delay_treatment": "delay_treatment"}, {"timestamp": 1737550321.343, "sum(rate(container_cpu_usage_seconds_total{namespace=\"system-under-evaluation\"}[1m]))": 3.790531843204808, "system_CPU": 3.790531843204808, "kubernetes_prometheus_rules": "kubernetes_prometheus_rules", "add_security_context": "add_security_context", "delay_treatment": "delay_treatment"}, {"timestamp": 1737550322.343, "sum(rate(container_cpu_usage_seconds_total{namespace=\"system-under-evaluation\"}[1m]))": 3.7771485865361316, "system_CPU": 3.7771485865361316, "kubernetes_prometheus_rules": "kubernetes_prometheus_rules", "add_security_context": "add_security_context", "delay_treatment": "delay_treatment"}, {"timestamp": 1737550323.343, "sum(rate(container_cpu_usage_seconds_total{namespace=\"system-under-evaluation\"}[1m]))": 3.747097568733179, "system_CPU": 3.747097568733179, "kubernetes_prometheus_rules": "kubernetes_prometheus_rules", "add_security_context": "add_security_context", "delay_treatment": "delay_treatment"}, {"timestamp": 1737550324.343, "sum(rate(container_cpu_usage_seconds_total{namespace=\"system-under-evaluation\"}[1m]))": 3.7509028815241265, "system_CPU": 3.7509028815241265, "kubernetes_prometheus_rules": "kubernetes_prometheus_rules", "add_security_context": "add_security_context", "delay_treatment": "delay_treatment"}, {"timestamp": 1737550325.343, "sum(rate(container_cpu_usage_seconds_total{namespace=\"system-under-evaluation\"}[1m]))": 3.748645146315327, "system_CPU": 3.748645146315327, "kubernetes_prometheus_rules": "kubernetes_prometheus_rules", "add_security_context": "add_security_context", "delay_treatment": "delay_treatment"}, {"timestamp": 1737550326.343, "sum(rate(container_cpu_usage_seconds_total{namespace=\"system-under-evaluation\"}[1m]))": 3.7368664004680467, "system_CPU": 3.7368664004680467, "kubernetes_prometheus_rules": "kubernetes_prometheus_rules", "add_security_context": "add_security_context", "delay_treatment": "delay_treatment"}, {"timestamp": 1737550327.343, "sum(rate(container_cpu_usage_seconds_total{namespace=\"system-under-evaluation\"}[1m]))": 3.6571049251295507, "system_CPU": 3.6571049251295507, "kubernetes_prometheus_rules": "kubernetes_prometheus_rules", "add_security_context": "add_security_context", "delay_treatment": "delay_treatment"}, {"timestamp": 1737550328.343, "sum(rate(container_cpu_usage_seconds_total{namespace=\"system-under-evaluation\"}[1m]))": 3.659077794039409, "system_CPU": 3.659077794039409, "kubernetes_prometheus_rules": "kubernetes_prometheus_rules", "add_security_context": "add_security_context", "delay_treatment": "delay_treatment"}, {"timestamp": 1737550329.343, "sum(rate(container_cpu_usage_seconds_total{namespace=\"system-under-evaluation\"}[1m]))": 3.7267926890462966, "system_CPU": 3.7267926890462966, "kubernetes_prometheus_rules": "kubernetes_prometheus_rules", "add_security_context": "add_security_context", "delay_treatment": "delay_treatment"}, {"timestamp": 1737550330.343, "sum(rate(container_cpu_usage_seconds_total{namespace=\"system-under-evaluation\"}[1m]))": 3.7346077681008105, "system_CPU": 3.7346077681008105, "kubernetes_prometheus_rules": "kubernetes_prometheus_rules", "add_security_context": "add_security_context", "delay_treatment": "delay_treatment"}, {"timestamp": 1737550331.343, "sum(rate(container_cpu_usage_seconds_total{namespace=\"system-under-evaluation\"}[1m]))": 3.6568439890784252, "system_CPU": 3.6568439890784252, "kubernetes_prometheus_rules": "kubernetes_prometheus_rules", "add_security_context": "add_security_context", "delay_treatment": "delay_treatment"}, {"timestamp": 1737550332.343, "sum(rate(container_cpu_usage_seconds_total{namespace=\"system-under-evaluation\"}[1m]))": 3.52681340483563, "system_CPU": 3.52681340483563, "kubernetes_prometheus_rules": "kubernetes_prometheus_rules", "add_security_context": "add_security_context", "delay_treatment": "delay_treatment"}, {"timestamp": 1737550333.343, "sum(rate(container_cpu_usage_seconds_total{namespace=\"system-under-evaluation\"}[1m]))": 3.404282261311257, "system_CPU": 3.404282261311257, "kubernetes_prometheus_rules": "kubernetes_prometheus_rules", "add_security_context": "add_security_context", "delay_treatment": "delay_treatment"}, {"timestamp": 1737550334.343, "sum(rate(container_cpu_usage_seconds_total{namespace=\"system-under-evaluation\"}[1m]))": 2.4783378264659377, "system_CPU": 2.4783378264659377, "kubernetes_prometheus_rules": "kubernetes_prometheus_rules", "add_security_context": "add_security_context", "delay_treatment": "delay_treatment"}, {"timestamp": 1737550335.343, "sum(rate(container_cpu_usage_seconds_total{namespace=\"system-under-evaluation\"}[1m]))": 2.4812738095878766, "system_CPU": 2.4812738095878766, "kubernetes_prometheus_rules": "kubernetes_prometheus_rules", "add_security_context": "add_security_context", "delay_treatment": "delay_treatment"}, {"timestamp": 1737550336.343, "sum(rate(container_cpu_usage_seconds_total{namespace=\"system-under-evaluation\"}[1m]))": 2.51917938665225, "system_CPU": 2.51917938665225, "kubernetes_prometheus_rules": "kubernetes_prometheus_rules", "add_security_context": "add_security_context", "delay_treatment": "delay_treatment"}, {"timestamp": 1737550337.343, "sum(rate(container_cpu_usage_seconds_total{namespace=\"system-under-evaluation\"}[1m]))": 2.484961670092964, "system_CPU": 2.484961670092964, "kubernetes_prometheus_rules": "kubernetes_prometheus_rules", "add_security_context": "add_security_context", "delay_treatment": "delay_treatment"}, {"timestamp": 1737550338.343, "sum(rate(container_cpu_usage_seconds_total{namespace=\"system-under-evaluation\"}[1m]))": 3.0676206873370844, "system_CPU": 3.0676206873370844, "kubernetes_prometheus_rules": "kubernetes_prometheus_rules", "add_security_context": "add_security_context", "delay_treatment": "delay_treatment"}, {"timestamp": 1737550339.343, "sum(rate(container_cpu_usage_seconds_total{namespace=\"system-under-evaluation\"}[1m]))": 3.0056689671604544, "system_CPU": 3.0056689671604544, "kubernetes_prometheus_rules": "kubernetes_prometheus_rules", "add_security_context": "add_security_context", "delay_treatment": "delay_treatment"}, {"timestamp": 1737550340.343, "sum(rate(container_cpu_usage_seconds_total{namespace=\"system-under-evaluation\"}[1m]))": 2.9052460642573674, "system_CPU": 2.9052460642573674, "kubernetes_prometheus_rules": "kubernetes_prometheus_rules", "add_security_context": "add_security_context", "delay_treatment": "delay_treatment"}, {"timestamp": 1737550341.343, "sum(rate(container_cpu_usage_seconds_total{namespace=\"system-under-evaluation\"}[1m]))": 2.956179835541919, "system_CPU": 2.956179835541919, "kubernetes_prometheus_rules": "kubernetes_prometheus_rules", "add_security_context": "add_security_context", "delay_treatment": "delay_treatment"}, {"timestamp": 1737550342.343, "sum(rate(container_cpu_usage_seconds_total{namespace=\"system-under-evaluation\"}[1m]))": 2.894299870304315, "system_CPU": 2.894299870304315, "kubernetes_prometheus_rules": "kubernetes_prometheus_rules", "add_security_context": "add_security_context", "delay_treatment": "delay_treatment"}, {"timestamp": 1737550343.343, "sum(rate(container_cpu_usage_seconds_total{namespace=\"system-under-evaluation\"}[1m]))": 2.8886824348408386, "system_CPU": 2.8886824348408386, "kubernetes_prometheus_rules": "kubernetes_prometheus_rules", "add_security_context": "add_security_context", "delay_treatment": "delay_treatment"}, {"timestamp": 1737550344.343, "sum(rate(container_cpu_usage_seconds_total{namespace=\"system-under-evaluation\"}[1m]))": 2.972915888140988, "system_CPU": 2.972915888140988, "kubernetes_prometheus_rules": "kubernetes_prometheus_rules", "add_security_context": "add_security_context", "delay_treatment": "delay_treatment"}, {"timestamp": 1737550345.343, "sum(rate(container_cpu_usage_seconds_total{namespace=\"system-under-evaluation\"}[1m]))": 3.1644106907843885, "system_CPU": 3.1644106907843885, "kubernetes_prometheus_rules": "kubernetes_prometheus_rules", "add_security_context": "add_security_context", "delay_treatment": "delay_treatment"}, {"timestamp": 1737550346.343, "sum(rate(container_cpu_usage_seconds_total{namespace=\"system-under-evaluation\"}[1m]))": 3.2238244684486745, "system_CPU": 3.2238244684486745, "kubernetes_prometheus_rules": "kubernetes_prometheus_rules", "add_security_context": "add_security_context", "delay_treatment": "delay_treatment"}, {"timestamp": 1737550347.343, "sum(rate(container_cpu_usage_seconds_total{namespace=\"system-under-evaluation\"}[1m]))": 3.265059265522174, "system_CPU": 3.265059265522174, "kubernetes_prometheus_rules": "kubernetes_prometheus_rules", "add_security_context": "add_security_context", "delay_treatment": "delay_treatment"}, {"timestamp": 1737550348.343, "sum(rate(container_cpu_usage_seconds_total{namespace=\"system-under-evaluation\"}[1m]))": 3.4205713517170295, "system_CPU": 3.4205713517170295, "kubernetes_prometheus_rules": "kubernetes_prometheus_rules", "add_security_context": "add_security_context", "delay_treatment": "delay_treatment"}, {"timestamp": 1737550349.343, "sum(rate(container_cpu_usage_seconds_total{namespace=\"system-under-evaluation\"}[1m]))": 3.456318256145705, "system_CPU": 3.456318256145705, "kubernetes_prometheus_rules": "kubernetes_prometheus_rules", "add_security_context": "add_security_context", "delay_treatment": "delay_treatment"}, {"timestamp": 1737550350.343, "sum(rate(container_cpu_usage_seconds_total{namespace=\"system-under-evaluation\"}[1m]))": 3.490683933979608, "system_CPU": 3.490683933979608, "kubernetes_prometheus_rules": "kubernetes_prometheus_rules", "add_security_context": "add_security_context", "delay_treatment": "delay_treatment"}, {"timestamp": 1737550351.343, "sum(rate(container_cpu_usage_seconds_total{namespace=\"system-under-evaluation\"}[1m]))": 3.5081213084681386, "system_CPU": 3.5081213084681386, "kubernetes_prometheus_rules": "kubernetes_prometheus_rules", "add_security_context": "add_security_context", "delay_treatment": "delay_treatment"}, {"timestamp": 1737550352.343, "sum(rate(container_cpu_usage_seconds_total{namespace=\"system-under-evaluation\"}[1m]))": 3.547174771458658, "system_CPU": 3.547174771458658, "kubernetes_prometheus_rules": "kubernetes_prometheus_rules", "add_security_context": "add_security_context", "delay_treatment": "delay_treatment"}, {"timestamp": 1737550353.343, "sum(rate(container_cpu_usage_seconds_total{namespace=\"system-under-evaluation\"}[1m]))": 3.572095453415534, "system_CPU": 3.572095453415534, "kubernetes_prometheus_rules": "kubernetes_prometheus_rules", "add_security_context": "add_security_context", "delay_treatment": "delay_treatment"}, {"timestamp": 1737550354.343, "sum(rate(container_cpu_usage_seconds_total{namespace=\"system-under-evaluation\"}[1m]))": 3.586839446166644, "system_CPU": 3.586839446166644, "kubernetes_prometheus_rules": "kubernetes_prometheus_rules", "add_security_context": "add_security_context", "delay_treatment": "delay_treatment"}, {"timestamp": 1737550355.343, "sum(rate(container_cpu_usage_seconds_total{namespace=\"system-under-evaluation\"}[1m]))": 3.6039351580337753, "system_CPU": 3.6039351580337753, "kubernetes_prometheus_rules": "kubernetes_prometheus_rules", "add_security_context": "add_security_context", "delay_treatment": "delay_treatment"}, {"timestamp": 1737550356.343, "sum(rate(container_cpu_usage_seconds_total{namespace=\"system-under-evaluation\"}[1m]))": 3.6202639931434506, "system_CPU": 3.6202639931434506, "kubernetes_prometheus_rules": "kubernetes_prometheus_rules", "add_security_context": "add_security_context", "delay_treatment": "delay_treatment"}, {"timestamp": 1737550357.343, "sum(rate(container_cpu_usage_seconds_total{namespace=\"system-under-evaluation\"}[1m]))": 3.8183873391220033, "system_CPU": 3.8183873391220033, "kubernetes_prometheus_rules": "kubernetes_prometheus_rules", "add_security_context": "add_security_context", "delay_treatment": "delay_treatment"}, {"timestamp": 1737550358.343, "sum(rate(container_cpu_usage_seconds_total{namespace=\"system-under-evaluation\"}[1m]))": 3.7953321731345757, "system_CPU": 3.7953321731345757, "kubernetes_prometheus_rules": "kubernetes_prometheus_rules", "add_security_context": "add_security_context", "delay_treatment": "delay_treatment"}, {"timestamp": 1737550359.343, "sum(rate(container_cpu_usage_seconds_total{namespace=\"system-under-evaluation\"}[1m]))": 3.605296377005633, "system_CPU": 3.605296377005633, "kubernetes_prometheus_rules": "kubernetes_prometheus_rules", "add_security_context": "add_security_context", "delay_treatment": "delay_treatment"}, {"timestamp": 1737550360.343, "sum(rate(container_cpu_usage_seconds_total{namespace=\"system-under-evaluation\"}[1m]))": 3.503272121967195, "system_CPU": 3.503272121967195, "kubernetes_prometheus_rules": "kubernetes_prometheus_rules", "add_security_context": "add_security_context", "delay_treatment": "delay_treatment"}, {"timestamp": 1737550361.343, "sum(rate(container_cpu_usage_seconds_total{namespace=\"system-under-evaluation\"}[1m]))": 3.457677747311958, "system_CPU": 3.457677747311958, "kubernetes_prometheus_rules": "kubernetes_prometheus_rules", "add_security_context": "add_security_context", "delay_treatment": "delay_treatment"}, {"timestamp": 1737550362.343, "sum(rate(container_cpu_usage_seconds_total{namespace=\"system-under-evaluation\"}[1m]))": 3.4419799930897357, "system_CPU": 3.4419799930897357, "kubernetes_prometheus_rules": "kubernetes_prometheus_rules", "add_security_context": "add_security_context", "delay_treatment": "delay_treatment"}, {"timestamp": 1737550363.343, "sum(rate(container_cpu_usage_seconds_total{namespace=\"system-under-evaluation\"}[1m]))": 3.303715155448542, "system_CPU": 3.303715155448542, "kubernetes_prometheus_rules": "kubernetes_prometheus_rules", "add_security_context": "add_security_context", "delay_treatment": "delay_treatment"}, {"timestamp": 1737550364.343, "sum(rate(container_cpu_usage_seconds_total{namespace=\"system-under-evaluation\"}[1m]))": 2.977637729929443, "system_CPU": 2.977637729929443, "kubernetes_prometheus_rules": "kubernetes_prometheus_rules", "add_security_context": "add_security_context", "delay_treatment": "delay_treatment"}, {"timestamp": 1737550365.343, "sum(rate(container_cpu_usage_seconds_total{namespace=\"system-under-evaluation\"}[1m]))": 3.0518847277198677, "system_CPU": 3.0518847277198677, "kubernetes_prometheus_rules": "kubernetes_prometheus_rules", "add_security_context": "add_security_context", "delay_treatment": "delay_treatment"}, {"timestamp": 1737550366.343, "sum(rate(container_cpu_usage_seconds_total{namespace=\"system-under-evaluation\"}[1m]))": 3.0079009623917754, "system_CPU": 3.0079009623917754, "kubernetes_prometheus_rules": "kubernetes_prometheus_rules", "add_security_context": "add_security_context", "delay_treatment": "delay_treatment"}, {"timestamp": 1737550367.343, "sum(rate(container_cpu_usage_seconds_total{namespace=\"system-under-evaluation\"}[1m]))": 2.783950688094506, "system_CPU": 2.783950688094506, "kubernetes_prometheus_rules": "kubernetes_prometheus_rules", "add_security_context": "add_security_context", "delay_treatment": "delay_treatment"}, {"timestamp": 1737550368.343, "sum(rate(container_cpu_usage_seconds_total{namespace=\"system-under-evaluation\"}[1m]))": 2.956982338755006, "system_CPU": 2.956982338755006, "kubernetes_prometheus_rules": "kubernetes_prometheus_rules", "add_security_context": "add_security_context", "delay_treatment": "delay_treatment"}, {"timestamp": 1737550369.343, "sum(rate(container_cpu_usage_seconds_total{namespace=\"system-under-evaluation\"}[1m]))": 2.9123486747250524, "system_CPU": 2.9123486747250524, "kubernetes_prometheus_rules": "kubernetes_prometheus_rules", "add_security_context": "add_security_context", "delay_treatment": "delay_treatment"}, {"timestamp": 1737550370.343, "sum(rate(container_cpu_usage_seconds_total{namespace=\"system-under-evaluation\"}[1m]))": 3.0556265101425835, "system_CPU": 3.0556265101425835, "kubernetes_prometheus_rules": "kubernetes_prometheus_rules", "add_security_context": "add_security_context", "delay_treatment": "delay_treatment"}, {"timestamp": 1737550371.343, "sum(rate(container_cpu_usage_seconds_total{namespace=\"system-under-evaluation\"}[1m]))": 3.5985884050085954, "system_CPU": 3.5985884050085954, "kubernetes_prometheus_rules": "kubernetes_prometheus_rules", "add_security_context": "add_security_context", "delay_treatment": "delay_treatment"}, {"timestamp": 1737550372.343, "sum(rate(container_cpu_usage_seconds_total{namespace=\"system-under-evaluation\"}[1m]))": 3.549167855897681, "system_CPU": 3.549167855897681, "kubernetes_prometheus_rules": "kubernetes_prometheus_rules", "add_security_context": "add_security_context", "delay_treatment": "delay_treatment"}, {"timestamp": 1737550373.343, "sum(rate(container_cpu_usage_seconds_total{namespace=\"system-under-evaluation\"}[1m]))": 3.520347675864276, "system_CPU": 3.520347675864276, "kubernetes_prometheus_rules": "kubernetes_prometheus_rules", "add_security_context": "add_security_context", "delay_treatment": "delay_treatment"}, {"timestamp": 1737550374.343, "sum(rate(container_cpu_usage_seconds_total{namespace=\"system-under-evaluation\"}[1m]))": 3.7005678620999873, "system_CPU": 3.7005678620999873, "kubernetes_prometheus_rules": "kubernetes_prometheus_rules", "add_security_context": "add_security_context", "delay_treatment": "delay_treatment"}, {"timestamp": 1737550375.343, "sum(rate(container_cpu_usage_seconds_total{namespace=\"system-under-evaluation\"}[1m]))": 3.708431342479059, "system_CPU": 3.708431342479059, "kubernetes_prometheus_rules": "kubernetes_prometheus_rules", "add_security_context": "add_security_context", "delay_treatment": "delay_treatment"}, {"timestamp": 1737550376.343, "sum(rate(container_cpu_usage_seconds_total{namespace=\"system-under-evaluation\"}[1m]))": 3.8569951943695413, "system_CPU": 3.8569951943695413, "kubernetes_prometheus_rules": "kubernetes_prometheus_rules", "add_security_context": "add_security_context", "delay_treatment": "delay_treatment"}, {"timestamp": 1737550377.343, "sum(rate(container_cpu_usage_seconds_total{namespace=\"system-under-evaluation\"}[1m]))": 3.8286222150483002, "system_CPU": 3.8286222150483002, "kubernetes_prometheus_rules": "kubernetes_prometheus_rules", "add_security_context": "add_security_context", "delay_treatment": "delay_treatment"}, {"timestamp": 1737550378.343, "sum(rate(container_cpu_usage_seconds_total{namespace=\"system-under-evaluation\"}[1m]))": 3.857888671412797, "system_CPU": 3.857888671412797, "kubernetes_prometheus_rules": "kubernetes_prometheus_rules", "add_security_context": "add_security_context", "delay_treatment": "delay_treatment"}, {"timestamp": 1737550379.343, "sum(rate(container_cpu_usage_seconds_total{namespace=\"system-under-evaluation\"}[1m]))": 3.8564330761432157, "system_CPU": 3.8564330761432157, "kubernetes_prometheus_rules": "kubernetes_prometheus_rules", "add_security_context": "add_security_context", "delay_treatment": "delay_treatment"}, {"timestamp": 1737550380.343, "sum(rate(container_cpu_usage_seconds_total{namespace=\"system-under-evaluation\"}[1m]))": 3.8638222105768905, "system_CPU": 3.8638222105768905, "kubernetes_prometheus_rules": "kubernetes_prometheus_rules", "add_security_context": "add_security_context", "delay_treatment": "delay_treatment"}, {"timestamp": 1737550381.343, "sum(rate(container_cpu_usage_seconds_total{namespace=\"system-under-evaluation\"}[1m]))": 3.848703302576825, "system_CPU": 3.848703302576825, "kubernetes_prometheus_rules": "kubernetes_prometheus_rules", "add_security_context": "add_security_context", "delay_treatment": "delay_treatment"}, {"timestamp": 1737550382.343, "sum(rate(container_cpu_usage_seconds_total{namespace=\"system-under-evaluation\"}[1m]))": 3.8604958579317854, "system_CPU": 3.8604958579317854, "kubernetes_prometheus_rules": "kubernetes_prometheus_rules", "add_security_context": "add_security_context", "delay_treatment": "delay_treatment"}, {"timestamp": 1737550383.343, "sum(rate(container_cpu_usage_seconds_total{namespace=\"system-under-evaluation\"}[1m]))": 3.8633586493516994, "system_CPU": 3.8633586493516994, "kubernetes_prometheus_rules": "kubernetes_prometheus_rules", "add_security_context": "add_security_context", "delay_treatment": "delay_treatment"}, {"timestamp": 1737550384.343, "sum(rate(container_cpu_usage_seconds_total{namespace=\"system-under-evaluation\"}[1m]))": 3.6976460057651037, "system_CPU": 3.6976460057651037, "kubernetes_prometheus_rules": "kubernetes_prometheus_rules", "add_security_context": "add_security_context", "delay_treatment": "delay_treatment"}, {"timestamp": 1737550385.343, "sum(rate(container_cpu_usage_seconds_total{namespace=\"system-under-evaluation\"}[1m]))": 3.6821172990177606, "system_CPU": 3.6821172990177606, "kubernetes_prometheus_rules": "kubernetes_prometheus_rules", "add_security_context": "add_security_context", "delay_treatment": "delay_treatment"}, {"timestamp": 1737550386.343, "sum(rate(container_cpu_usage_seconds_total{namespace=\"system-under-evaluation\"}[1m]))": 3.6854238254614216, "system_CPU": 3.6854238254614216, "kubernetes_prometheus_rules": "kubernetes_prometheus_rules", "add_security_context": "add_security_context", "delay_treatment": "delay_treatment"}, {"timestamp": 1737550387.343, "sum(rate(container_cpu_usage_seconds_total{namespace=\"system-under-evaluation\"}[1m]))": 3.7052811848644107, "system_CPU": 3.7052811848644107, "kubernetes_prometheus_rules": "kubernetes_prometheus_rules", "add_security_context": "add_security_context", "delay_treatment": "delay_treatment"}, {"timestamp": 1737550388.343, "sum(rate(container_cpu_usage_seconds_total{namespace=\"system-under-evaluation\"}[1m]))": 3.7006857448580286, "system_CPU": 3.7006857448580286, "kubernetes_prometheus_rules": "kubernetes_prometheus_rules", "add_security_context": "add_security_context", "delay_treatment": "delay_treatment"}, {"timestamp": 1737550389.343, "sum(rate(container_cpu_usage_seconds_total{namespace=\"system-under-evaluation\"}[1m]))": 3.5653992406578916, "system_CPU": 3.5653992406578916, "kubernetes_prometheus_rules": "kubernetes_prometheus_rules", "add_security_context": "add_security_context", "delay_treatment": "delay_treatment"}, {"timestamp": 1737550390.343, "sum(rate(container_cpu_usage_seconds_total{namespace=\"system-under-evaluation\"}[1m]))": 3.526633529294644, "system_CPU": 3.526633529294644, "kubernetes_prometheus_rules": "kubernetes_prometheus_rules", "add_security_context": "add_security_context", "delay_treatment": "delay_treatment"}, {"timestamp": 1737550391.343, "sum(rate(container_cpu_usage_seconds_total{namespace=\"system-under-evaluation\"}[1m]))": 3.51909446915185, "system_CPU": 3.51909446915185, "kubernetes_prometheus_rules": "NoTreatment", "add_security_context": "NoTreatment", "delay_treatment": "NoTreatment"}, {"timestamp": 1737550392.343, "sum(rate(container_cpu_usage_seconds_total{namespace=\"system-under-evaluation\"}[1m]))": 3.5019835315309087, "system_CPU": 3.5019835315309087, "kubernetes_prometheus_rules": "NoTreatment", "add_security_context": "NoTreatment", "delay_treatment": "NoTreatment"}, {"timestamp": 1737550393.343, "sum(rate(container_cpu_usage_seconds_total{namespace=\"system-under-evaluation\"}[1m]))": 3.4944218285121145, "system_CPU": 3.4944218285121145, "kubernetes_prometheus_rules": "NoTreatment", "add_security_context": "NoTreatment", "delay_treatment": "NoTreatment"}, {"timestamp": 1737550394.343, "sum(rate(container_cpu_usage_seconds_total{namespace=\"system-under-evaluation\"}[1m]))": 3.5371480909137674, "system_CPU": 3.5371480909137674, "kubernetes_prometheus_rules": "NoTreatment", "add_security_context": "NoTreatment", "delay_treatment": "NoTreatment"}, {"timestamp": 1737550395.343, "sum(rate(container_cpu_usage_seconds_total{namespace=\"system-under-evaluation\"}[1m]))": 3.485691784778319, "system_CPU": 3.485691784778319, "kubernetes_prometheus_rules": "NoTreatment", "add_security_context": "NoTreatment", "delay_treatment": "NoTreatment"}, {"timestamp": 1737550396.343, "sum(rate(container_cpu_usage_seconds_total{namespace=\"system-under-evaluation\"}[1m]))": 3.457697748467169, "system_CPU": 3.457697748467169, "kubernetes_prometheus_rules": "NoTreatment", "add_security_context": "NoTreatment", "delay_treatment": "NoTreatment"}, {"timestamp": 1737550397.343, "sum(rate(container_cpu_usage_seconds_total{namespace=\"system-under-evaluation\"}[1m]))": 2.6840352696307033, "system_CPU": 2.6840352696307033, "kubernetes_prometheus_rules": "NoTreatment", "add_security_context": "NoTreatment", "delay_treatment": "NoTreatment"}, {"timestamp": 1737550398.343, "sum(rate(container_cpu_usage_seconds_total{namespace=\"system-under-evaluation\"}[1m]))": 1.7329409233172892, "system_CPU": 1.7329409233172892, "kubernetes_prometheus_rules": "NoTreatment", "add_security_context": "NoTreatment", "delay_treatment": "NoTreatment"}, {"timestamp": 1737550399.343, "sum(rate(container_cpu_usage_seconds_total{namespace=\"system-under-evaluation\"}[1m]))": 1.6846831968651934, "system_CPU": 1.6846831968651934, "kubernetes_prometheus_rules": "NoTreatment", "add_security_context": "NoTreatment", "delay_treatment": "NoTreatment"}, {"timestamp": 1737550400.343, "sum(rate(container_cpu_usage_seconds_total{namespace=\"system-under-evaluation\"}[1m]))": 1.6022596621556766, "system_CPU": 1.6022596621556766, "kubernetes_prometheus_rules": "NoTreatment", "add_security_context": "NoTreatment", "delay_treatment": "NoTreatment"}]