[{"rpc_method": "GetProduct", "timestamp": 1737550557.447, "histogram_quantile(0.95, sum(rate(rpc_server_duration_milliseconds_bucket{job=\"opentelemetry-demo/productcatalogservice\"}[90s])) by (rpc_method, le))": NaN, "product_catalog_latency": NaN, "kubernetes_prometheus_rules": "kubernetes_prometheus_rules", "add_security_context": "NoTreatment", "delay_treatment": "NoTreatment"}, {"rpc_method": "GetProduct", "timestamp": 1737550558.447, "histogram_quantile(0.95, sum(rate(rpc_server_duration_milliseconds_bucket{job=\"opentelemetry-demo/productcatalogservice\"}[90s])) by (rpc_method, le))": NaN, "product_catalog_latency": NaN, "kubernetes_prometheus_rules": "kubernetes_prometheus_rules", "add_security_context": "NoTreatment", "delay_treatment": "NoTreatment"}, {"rpc_method": "GetProduct", "timestamp": 1737550559.447, "histogram_quantile(0.95, sum(rate(rpc_server_duration_milliseconds_bucket{job=\"opentelemetry-demo/productcatalogservice\"}[90s])) by (rpc_method, le))": NaN, "product_catalog_latency": NaN, "kubernetes_prometheus_rules": "kubernetes_prometheus_rules", "add_security_context": "NoTreatment", "delay_treatment": "NoTreatment"}, {"rpc_method": "GetProduct", "timestamp": 1737550560.447, "histogram_quantile(0.95, sum(rate(rpc_server_duration_milliseconds_bucket{job=\"opentelemetry-demo/productcatalogservice\"}[90s])) by (rpc_method, le))": NaN, "product_catalog_latency": NaN, "kubernetes_prometheus_rules": "kubernetes_prometheus_rules", "add_security_context": "add_security_context", "delay_treatment": "NoTreatment"}, {"rpc_method": "GetProduct", "timestamp": 1737550561.447, "histogram_quantile(0.95, sum(rate(rpc_server_duration_milliseconds_bucket{job=\"opentelemetry-demo/productcatalogservice\"}[90s])) by (rpc_method, le))": NaN, "product_catalog_latency": NaN, "kubernetes_prometheus_rules": "kubernetes_prometheus_rules", "add_security_context": "add_security_context", "delay_treatment": "delay_treatment"}, {"rpc_method": "GetProduct", "timestamp": 1737550562.447, "histogram_quantile(0.95, sum(rate(rpc_server_duration_milliseconds_bucket{job=\"opentelemetry-demo/productcatalogservice\"}[90s])) by (rpc_method, le))": NaN, "product_catalog_latency": NaN, "kubernetes_prometheus_rules": "kubernetes_prometheus_rules", "add_security_context": "add_security_context", "delay_treatment": "delay_treatment"}, {"rpc_method": "GetProduct", "timestamp": 1737550563.447, "histogram_quantile(0.95, sum(rate(rpc_server_duration_milliseconds_bucket{job=\"opentelemetry-demo/productcatalogservice\"}[90s])) by (rpc_method, le))": NaN, "product_catalog_latency": NaN, "kubernetes_prometheus_rules": "kubernetes_prometheus_rules", "add_security_context": "add_security_context", "delay_treatment": "delay_treatment"}, {"rpc_method": "GetProduct", "timestamp": 1737550564.447, "histogram_quantile(0.95, sum(rate(rpc_server_duration_milliseconds_bucket{job=\"opentelemetry-demo/productcatalogservice\"}[90s])) by (rpc_method, le))": NaN, "product_catalog_latency": NaN, "kubernetes_prometheus_rules": "kubernetes_prometheus_rules", "add_security_context": "add_security_context", "delay_treatment": "delay_treatment"}, {"rpc_method": "GetProduct", "timestamp": 1737550565.447, "histogram_quantile(0.95, sum(rate(rpc_server_duration_milliseconds_bucket{job=\"opentelemetry-demo/productcatalogservice\"}[90s])) by (rpc_method, le))": NaN, "product_catalog_latency": NaN, "kubernetes_prometheus_rules": "kubernetes_prometheus_rules", "add_security_context": "add_security_context", "delay_treatment": "delay_treatment"}, {"rpc_method": "GetProduct", "timestamp": 1737550566.447, "histogram_quantile(0.95, sum(rate(rpc_server_duration_milliseconds_bucket{job=\"opentelemetry-demo/productcatalogservice\"}[90s])) by (rpc_method, le))": NaN, "product_catalog_latency": NaN, "kubernetes_prometheus_rules": "kubernetes_prometheus_rules", "add_security_context": "add_security_context", "delay_treatment": "delay_treatment"}, {"rpc_method": "GetProduct", "timestamp": 1737550567.447, "histogram_quantile(0.95, sum(rate(rpc_server_duration_milliseconds_bucket{job=\"opentelemetry-demo/productcatalogservice\"}[90s])) by (rpc_method, le))": NaN, "product_catalog_latency": NaN, "kubernetes_prometheus_rules": "kubernetes_prometheus_rules", "add_security_context": "add_security_context", "delay_treatment": "delay_treatment"}, {"rpc_method": "GetProduct", "timestamp": 1737550568.447, "histogram_quantile(0.95, sum(rate(rpc_server_duration_milliseconds_bucket{job=\"opentelemetry-demo/productcatalogservice\"}[90s])) by (rpc_method, le))": NaN, "product_catalog_latency": NaN, "kubernetes_prometheus_rules": "kubernetes_prometheus_rules", "add_security_context": "add_security_context", "delay_treatment": "delay_treatment"}, {"rpc_method": "GetProduct", "timestamp": 1737550569.447, "histogram_quantile(0.95, sum(rate(rpc_server_duration_milliseconds_bucket{job=\"opentelemetry-demo/productcatalogservice\"}[90s])) by (rpc_method, le))": NaN, "product_catalog_latency": NaN, "kubernetes_prometheus_rules": "kubernetes_prometheus_rules", "add_security_context": "add_security_context", "delay_treatment": "delay_treatment"}, {"rpc_method": "GetProduct", "timestamp": 1737550570.447, "histogram_quantile(0.95, sum(rate(rpc_server_duration_milliseconds_bucket{job=\"opentelemetry-demo/productcatalogservice\"}[90s])) by (rpc_method, le))": NaN, "product_catalog_latency": NaN, "kubernetes_prometheus_rules": "kubernetes_prometheus_rules", "add_security_context": "add_security_context", "delay_treatment": "delay_treatment"}, {"rpc_method": "GetProduct", "timestamp": 1737550571.447, "histogram_quantile(0.95, sum(rate(rpc_server_duration_milliseconds_bucket{job=\"opentelemetry-demo/productcatalogservice\"}[90s])) by (rpc_method, le))": NaN, "product_catalog_latency": NaN, "kubernetes_prometheus_rules": "kubernetes_prometheus_rules", "add_security_context": "add_security_context", "delay_treatment": "delay_treatment"}, {"rpc_method": "GetProduct", "timestamp": 1737550572.447, "histogram_quantile(0.95, sum(rate(rpc_server_duration_milliseconds_bucket{job=\"opentelemetry-demo/productcatalogservice\"}[90s])) by (rpc_method, le))": NaN, "product_catalog_latency": NaN, "kubernetes_prometheus_rules": "kubernetes_prometheus_rules", "add_security_context": "add_security_context", "delay_treatment": "delay_treatment"}, {"rpc_method": "GetProduct", "timestamp": 1737550573.447, "histogram_quantile(0.95, sum(rate(rpc_server_duration_milliseconds_bucket{job=\"opentelemetry-demo/productcatalogservice\"}[90s])) by (rpc_method, le))": NaN, "product_catalog_latency": NaN, "kubernetes_prometheus_rules": "kubernetes_prometheus_rules", "add_security_context": "add_security_context", "delay_treatment": "delay_treatment"}, {"rpc_method": "GetProduct", "timestamp": 1737550574.447, "histogram_quantile(0.95, sum(rate(rpc_server_duration_milliseconds_bucket{job=\"opentelemetry-demo/productcatalogservice\"}[90s])) by (rpc_method, le))": NaN, "product_catalog_latency": NaN, "kubernetes_prometheus_rules": "kubernetes_prometheus_rules", "add_security_context": "add_security_context", "delay_treatment": "delay_treatment"}, {"rpc_method": "GetProduct", "timestamp": 1737550575.447, "histogram_quantile(0.95, sum(rate(rpc_server_duration_milliseconds_bucket{job=\"opentelemetry-demo/productcatalogservice\"}[90s])) by (rpc_method, le))": NaN, "product_catalog_latency": NaN, "kubernetes_prometheus_rules": "kubernetes_prometheus_rules", "add_security_context": "add_security_context", "delay_treatment": "delay_treatment"}, {"rpc_method": "GetProduct", "timestamp": 1737550576.447, "histogram_quantile(0.95, sum(rate(rpc_server_duration_milliseconds_bucket{job=\"opentelemetry-demo/productcatalogservice\"}[90s])) by (rpc_method, le))": NaN, "product_catalog_latency": NaN, "kubernetes_prometheus_rules": "kubernetes_prometheus_rules", "add_security_context": "add_security_context", "delay_treatment": "delay_treatment"}, {"rpc_method": "GetProduct", "timestamp": 1737550577.447, "histogram_quantile(0.95, sum(rate(rpc_server_duration_milliseconds_bucket{job=\"opentelemetry-demo/productcatalogservice\"}[90s])) by (rpc_method, le))": NaN, "product_catalog_latency": NaN, "kubernetes_prometheus_rules": "kubernetes_prometheus_rules", "add_security_context": "add_security_context", "delay_treatment": "delay_treatment"}, {"rpc_method": "GetProduct", "timestamp": 1737550578.447, "histogram_quantile(0.95, sum(rate(rpc_server_duration_milliseconds_bucket{job=\"opentelemetry-demo/productcatalogservice\"}[90s])) by (rpc_method, le))": NaN, "product_catalog_latency": NaN, "kubernetes_prometheus_rules": "kubernetes_prometheus_rules", "add_security_context": "add_security_context", "delay_treatment": "delay_treatment"}, {"rpc_method": "GetProduct", "timestamp": 1737550579.447, "histogram_quantile(0.95, sum(rate(rpc_server_duration_milliseconds_bucket{job=\"opentelemetry-demo/productcatalogservice\"}[90s])) by (rpc_method, le))": NaN, "product_catalog_latency": NaN, "kubernetes_prometheus_rules": "kubernetes_prometheus_rules", "add_security_context": "add_security_context", "delay_treatment": "delay_treatment"}, {"rpc_method": "GetProduct", "timestamp": 1737550580.447, "histogram_quantile(0.95, sum(rate(rpc_server_duration_milliseconds_bucket{job=\"opentelemetry-demo/productcatalogservice\"}[90s])) by (rpc_method, le))": NaN, "product_catalog_latency": NaN, "kubernetes_prometheus_rules": "kubernetes_prometheus_rules", "add_security_context": "add_security_context", "delay_treatment": "delay_treatment"}, {"rpc_method": "GetProduct", "timestamp": 1737550581.447, "histogram_quantile(0.95, sum(rate(rpc_server_duration_milliseconds_bucket{job=\"opentelemetry-demo/productcatalogservice\"}[90s])) by (rpc_method, le))": NaN, "product_catalog_latency": NaN, "kubernetes_prometheus_rules": "kubernetes_prometheus_rules", "add_security_context": "add_security_context", "delay_treatment": "delay_treatment"}, {"rpc_method": "GetProduct", "timestamp": 1737550582.447, "histogram_quantile(0.95, sum(rate(rpc_server_duration_milliseconds_bucket{job=\"opentelemetry-demo/productcatalogservice\"}[90s])) by (rpc_method, le))": NaN, "product_catalog_latency": NaN, "kubernetes_prometheus_rules": "kubernetes_prometheus_rules", "add_security_context": "add_security_context", "delay_treatment": "delay_treatment"}, {"rpc_method": "GetProduct", "timestamp": 1737550583.447, "histogram_quantile(0.95, sum(rate(rpc_server_duration_milliseconds_bucket{job=\"opentelemetry-demo/productcatalogservice\"}[90s])) by (rpc_method, le))": NaN, "product_catalog_latency": NaN, "kubernetes_prometheus_rules": "kubernetes_prometheus_rules", "add_security_context": "add_security_context", "delay_treatment": "delay_treatment"}, {"rpc_method": "GetProduct", "timestamp": 1737550584.447, "histogram_quantile(0.95, sum(rate(rpc_server_duration_milliseconds_bucket{job=\"opentelemetry-demo/productcatalogservice\"}[90s])) by (rpc_method, le))": NaN, "product_catalog_latency": NaN, "kubernetes_prometheus_rules": "kubernetes_prometheus_rules", "add_security_context": "add_security_context", "delay_treatment": "delay_treatment"}, {"rpc_method": "GetProduct", "timestamp": 1737550585.447, "histogram_quantile(0.95, sum(rate(rpc_server_duration_milliseconds_bucket{job=\"opentelemetry-demo/productcatalogservice\"}[90s])) by (rpc_method, le))": NaN, "product_catalog_latency": NaN, "kubernetes_prometheus_rules": "kubernetes_prometheus_rules", "add_security_context": "add_security_context", "delay_treatment": "delay_treatment"}, {"rpc_method": "GetProduct", "timestamp": 1737550586.447, "histogram_quantile(0.95, sum(rate(rpc_server_duration_milliseconds_bucket{job=\"opentelemetry-demo/productcatalogservice\"}[90s])) by (rpc_method, le))": NaN, "product_catalog_latency": NaN, "kubernetes_prometheus_rules": "kubernetes_prometheus_rules", "add_security_context": "add_security_context", "delay_treatment": "delay_treatment"}, {"rpc_method": "GetProduct", "timestamp": 1737550617.447, "histogram_quantile(0.95, sum(rate(rpc_server_duration_milliseconds_bucket{job=\"opentelemetry-demo/productcatalogservice\"}[90s])) by (rpc_method, le))": 4.864145799676899, "product_catalog_latency": 4.864145799676899, "kubernetes_prometheus_rules": "kubernetes_prometheus_rules", "add_security_context": "add_security_context", "delay_treatment": "delay_treatment"}, {"rpc_method": "GetProduct", "timestamp": 1737550618.447, "histogram_quantile(0.95, sum(rate(rpc_server_duration_milliseconds_bucket{job=\"opentelemetry-demo/productcatalogservice\"}[90s])) by (rpc_method, le))": 4.864145799676899, "product_catalog_latency": 4.864145799676899, "kubernetes_prometheus_rules": "kubernetes_prometheus_rules", "add_security_context": "add_security_context", "delay_treatment": "delay_treatment"}, {"rpc_method": "GetProduct", "timestamp": 1737550619.447, "histogram_quantile(0.95, sum(rate(rpc_server_duration_milliseconds_bucket{job=\"opentelemetry-demo/productcatalogservice\"}[90s])) by (rpc_method, le))": 4.864145799676899, "product_catalog_latency": 4.864145799676899, "kubernetes_prometheus_rules": "kubernetes_prometheus_rules", "add_security_context": "add_security_context", "delay_treatment": "delay_treatment"}, {"rpc_method": "GetProduct", "timestamp": 1737550620.447, "histogram_quantile(0.95, sum(rate(rpc_server_duration_milliseconds_bucket{job=\"opentelemetry-demo/productcatalogservice\"}[90s])) by (rpc_method, le))": 4.864145799676899, "product_catalog_latency": 4.864145799676899, "kubernetes_prometheus_rules": "kubernetes_prometheus_rules", "add_security_context": "add_security_context", "delay_treatment": "delay_treatment"}, {"rpc_method": "GetProduct", "timestamp": 1737550621.447, "histogram_quantile(0.95, sum(rate(rpc_server_duration_milliseconds_bucket{job=\"opentelemetry-demo/productcatalogservice\"}[90s])) by (rpc_method, le))": 4.864145799676899, "product_catalog_latency": 4.864145799676899, "kubernetes_prometheus_rules": "kubernetes_prometheus_rules", "add_security_context": "add_security_context", "delay_treatment": "delay_treatment"}, {"rpc_method": "GetProduct", "timestamp": 1737550622.447, "histogram_quantile(0.95, sum(rate(rpc_server_duration_milliseconds_bucket{job=\"opentelemetry-demo/productcatalogservice\"}[90s])) by (rpc_method, le))": 4.864145799676899, "product_catalog_latency": 4.864145799676899, "kubernetes_prometheus_rules": "kubernetes_prometheus_rules", "add_security_context": "add_security_context", "delay_treatment": "delay_treatment"}, {"rpc_method": "GetProduct", "timestamp": 1737550623.447, "histogram_quantile(0.95, sum(rate(rpc_server_duration_milliseconds_bucket{job=\"opentelemetry-demo/productcatalogservice\"}[90s])) by (rpc_method, le))": 4.864145799676899, "product_catalog_latency": 4.864145799676899, "kubernetes_prometheus_rules": "kubernetes_prometheus_rules", "add_security_context": "add_security_context", "delay_treatment": "delay_treatment"}, {"rpc_method": "GetProduct", "timestamp": 1737550624.447, "histogram_quantile(0.95, sum(rate(rpc_server_duration_milliseconds_bucket{job=\"opentelemetry-demo/productcatalogservice\"}[90s])) by (rpc_method, le))": 4.864145799676899, "product_catalog_latency": 4.864145799676899, "kubernetes_prometheus_rules": "kubernetes_prometheus_rules", "add_security_context": "add_security_context", "delay_treatment": "delay_treatment"}, {"rpc_method": "GetProduct", "timestamp": 1737550625.447, "histogram_quantile(0.95, sum(rate(rpc_server_duration_milliseconds_bucket{job=\"opentelemetry-demo/productcatalogservice\"}[90s])) by (rpc_method, le))": 4.864145799676899, "product_catalog_latency": 4.864145799676899, "kubernetes_prometheus_rules": "kubernetes_prometheus_rules", "add_security_context": "add_security_context", "delay_treatment": "delay_treatment"}, {"rpc_method": "GetProduct", "timestamp": 1737550626.447, "histogram_quantile(0.95, sum(rate(rpc_server_duration_milliseconds_bucket{job=\"opentelemetry-demo/productcatalogservice\"}[90s])) by (rpc_method, le))": 4.864145799676899, "product_catalog_latency": 4.864145799676899, "kubernetes_prometheus_rules": "kubernetes_prometheus_rules", "add_security_context": "add_security_context", "delay_treatment": "delay_treatment"}, {"rpc_method": "GetProduct", "timestamp": 1737550627.447, "histogram_quantile(0.95, sum(rate(rpc_server_duration_milliseconds_bucket{job=\"opentelemetry-demo/productcatalogservice\"}[90s])) by (rpc_method, le))": 4.864145799676899, "product_catalog_latency": 4.864145799676899, "kubernetes_prometheus_rules": "kubernetes_prometheus_rules", "add_security_context": "add_security_context", "delay_treatment": "delay_treatment"}, {"rpc_method": "GetProduct", "timestamp": 1737550628.447, "histogram_quantile(0.95, sum(rate(rpc_server_duration_milliseconds_bucket{job=\"opentelemetry-demo/productcatalogservice\"}[90s])) by (rpc_method, le))": 4.864145799676899, "product_catalog_latency": 4.864145799676899, "kubernetes_prometheus_rules": "kubernetes_prometheus_rules", "add_security_context": "add_security_context", "delay_treatment": "delay_treatment"}, {"rpc_method": "GetProduct", "timestamp": 1737550629.447, "histogram_quantile(0.95, sum(rate(rpc_server_duration_milliseconds_bucket{job=\"opentelemetry-demo/productcatalogservice\"}[90s])) by (rpc_method, le))": 4.864145799676899, "product_catalog_latency": 4.864145799676899, "kubernetes_prometheus_rules": "kubernetes_prometheus_rules", "add_security_context": "add_security_context", "delay_treatment": "delay_treatment"}, {"rpc_method": "GetProduct", "timestamp": 1737550630.447, "histogram_quantile(0.95, sum(rate(rpc_server_duration_milliseconds_bucket{job=\"opentelemetry-demo/productcatalogservice\"}[90s])) by (rpc_method, le))": 4.864145799676899, "product_catalog_latency": 4.864145799676899, "kubernetes_prometheus_rules": "kubernetes_prometheus_rules", "add_security_context": "add_security_context", "delay_treatment": "delay_treatment"}, {"rpc_method": "GetProduct", "timestamp": 1737550631.447, "histogram_quantile(0.95, sum(rate(rpc_server_duration_milliseconds_bucket{job=\"opentelemetry-demo/productcatalogservice\"}[90s])) by (rpc_method, le))": 4.864145799676899, "product_catalog_latency": 4.864145799676899, "kubernetes_prometheus_rules": "kubernetes_prometheus_rules", "add_security_context": "add_security_context", "delay_treatment": "delay_treatment"}, {"rpc_method": "GetProduct", "timestamp": 1737550632.447, "histogram_quantile(0.95, sum(rate(rpc_server_duration_milliseconds_bucket{job=\"opentelemetry-demo/productcatalogservice\"}[90s])) by (rpc_method, le))": 4.864145799676899, "product_catalog_latency": 4.864145799676899, "kubernetes_prometheus_rules": "kubernetes_prometheus_rules", "add_security_context": "add_security_context", "delay_treatment": "delay_treatment"}, {"rpc_method": "GetProduct", "timestamp": 1737550633.447, "histogram_quantile(0.95, sum(rate(rpc_server_duration_milliseconds_bucket{job=\"opentelemetry-demo/productcatalogservice\"}[90s])) by (rpc_method, le))": 4.864145799676899, "product_catalog_latency": 4.864145799676899, "kubernetes_prometheus_rules": "kubernetes_prometheus_rules", "add_security_context": "add_security_context", "delay_treatment": "delay_treatment"}, {"rpc_method": "GetProduct", "timestamp": 1737550634.447, "histogram_quantile(0.95, sum(rate(rpc_server_duration_milliseconds_bucket{job=\"opentelemetry-demo/productcatalogservice\"}[90s])) by (rpc_method, le))": 4.864145799676899, "product_catalog_latency": 4.864145799676899, "kubernetes_prometheus_rules": "kubernetes_prometheus_rules", "add_security_context": "add_security_context", "delay_treatment": "delay_treatment"}, {"rpc_method": "GetProduct", "timestamp": 1737550635.447, "histogram_quantile(0.95, sum(rate(rpc_server_duration_milliseconds_bucket{job=\"opentelemetry-demo/productcatalogservice\"}[90s])) by (rpc_method, le))": 4.864145799676899, "product_catalog_latency": 4.864145799676899, "kubernetes_prometheus_rules": "kubernetes_prometheus_rules", "add_security_context": "add_security_context", "delay_treatment": "delay_treatment"}, {"rpc_method": "GetProduct", "timestamp": 1737550636.447, "histogram_quantile(0.95, sum(rate(rpc_server_duration_milliseconds_bucket{job=\"opentelemetry-demo/productcatalogservice\"}[90s])) by (rpc_method, le))": 4.864145799676899, "product_catalog_latency": 4.864145799676899, "kubernetes_prometheus_rules": "kubernetes_prometheus_rules", "add_security_context": "add_security_context", "delay_treatment": "delay_treatment"}, {"rpc_method": "GetProduct", "timestamp": 1737550637.447, "histogram_quantile(0.95, sum(rate(rpc_server_duration_milliseconds_bucket{job=\"opentelemetry-demo/productcatalogservice\"}[90s])) by (rpc_method, le))": 4.864145799676899, "product_catalog_latency": 4.864145799676899, "kubernetes_prometheus_rules": "kubernetes_prometheus_rules", "add_security_context": "add_security_context", "delay_treatment": "delay_treatment"}, {"rpc_method": "GetProduct", "timestamp": 1737550638.447, "histogram_quantile(0.95, sum(rate(rpc_server_duration_milliseconds_bucket{job=\"opentelemetry-demo/productcatalogservice\"}[90s])) by (rpc_method, le))": 4.864145799676899, "product_catalog_latency": 4.864145799676899, "kubernetes_prometheus_rules": "kubernetes_prometheus_rules", "add_security_context": "add_security_context", "delay_treatment": "delay_treatment"}, {"rpc_method": "GetProduct", "timestamp": 1737550639.447, "histogram_quantile(0.95, sum(rate(rpc_server_duration_milliseconds_bucket{job=\"opentelemetry-demo/productcatalogservice\"}[90s])) by (rpc_method, le))": 4.864145799676899, "product_catalog_latency": 4.864145799676899, "kubernetes_prometheus_rules": "kubernetes_prometheus_rules", "add_security_context": "add_security_context", "delay_treatment": "delay_treatment"}, {"rpc_method": "GetProduct", "timestamp": 1737550640.447, "histogram_quantile(0.95, sum(rate(rpc_server_duration_milliseconds_bucket{job=\"opentelemetry-demo/productcatalogservice\"}[90s])) by (rpc_method, le))": 4.864145799676899, "product_catalog_latency": 4.864145799676899, "kubernetes_prometheus_rules": "kubernetes_prometheus_rules", "add_security_context": "add_security_context", "delay_treatment": "delay_treatment"}, {"rpc_method": "GetProduct", "timestamp": 1737550641.447, "histogram_quantile(0.95, sum(rate(rpc_server_duration_milliseconds_bucket{job=\"opentelemetry-demo/productcatalogservice\"}[90s])) by (rpc_method, le))": 4.864145799676899, "product_catalog_latency": 4.864145799676899, "kubernetes_prometheus_rules": "kubernetes_prometheus_rules", "add_security_context": "add_security_context", "delay_treatment": "delay_treatment"}, {"rpc_method": "GetProduct", "timestamp": 1737550642.447, "histogram_quantile(0.95, sum(rate(rpc_server_duration_milliseconds_bucket{job=\"opentelemetry-demo/productcatalogservice\"}[90s])) by (rpc_method, le))": 4.864145799676899, "product_catalog_latency": 4.864145799676899, "kubernetes_prometheus_rules": "kubernetes_prometheus_rules", "add_security_context": "add_security_context", "delay_treatment": "delay_treatment"}, {"rpc_method": "GetProduct", "timestamp": 1737550643.447, "histogram_quantile(0.95, sum(rate(rpc_server_duration_milliseconds_bucket{job=\"opentelemetry-demo/productcatalogservice\"}[90s])) by (rpc_method, le))": 4.864145799676899, "product_catalog_latency": 4.864145799676899, "kubernetes_prometheus_rules": "kubernetes_prometheus_rules", "add_security_context": "add_security_context", "delay_treatment": "delay_treatment"}, {"rpc_method": "GetProduct", "timestamp": 1737550644.447, "histogram_quantile(0.95, sum(rate(rpc_server_duration_milliseconds_bucket{job=\"opentelemetry-demo/productcatalogservice\"}[90s])) by (rpc_method, le))": 4.864145799676899, "product_catalog_latency": 4.864145799676899, "kubernetes_prometheus_rules": "kubernetes_prometheus_rules", "add_security_context": "add_security_context", "delay_treatment": "delay_treatment"}, {"rpc_method": "GetProduct", "timestamp": 1737550645.447, "histogram_quantile(0.95, sum(rate(rpc_server_duration_milliseconds_bucket{job=\"opentelemetry-demo/productcatalogservice\"}[90s])) by (rpc_method, le))": 4.864145799676899, "product_catalog_latency": 4.864145799676899, "kubernetes_prometheus_rules": "kubernetes_prometheus_rules", "add_security_context": "add_security_context", "delay_treatment": "delay_treatment"}, {"rpc_method": "GetProduct", "timestamp": 1737550646.447, "histogram_quantile(0.95, sum(rate(rpc_server_duration_milliseconds_bucket{job=\"opentelemetry-demo/productcatalogservice\"}[90s])) by (rpc_method, le))": 4.864145799676899, "product_catalog_latency": 4.864145799676899, "kubernetes_prometheus_rules": "kubernetes_prometheus_rules", "add_security_context": "add_security_context", "delay_treatment": "delay_treatment"}, {"rpc_method": "GetProduct", "timestamp": 1737550677.447, "histogram_quantile(0.95, sum(rate(rpc_server_duration_milliseconds_bucket{job=\"opentelemetry-demo/productcatalogservice\"}[90s])) by (rpc_method, le))": 4.840360590573537, "product_catalog_latency": 4.840360590573537, "kubernetes_prometheus_rules": "kubernetes_prometheus_rules", "add_security_context": "add_security_context", "delay_treatment": "delay_treatment"}, {"rpc_method": "GetProduct", "timestamp": 1737550678.447, "histogram_quantile(0.95, sum(rate(rpc_server_duration_milliseconds_bucket{job=\"opentelemetry-demo/productcatalogservice\"}[90s])) by (rpc_method, le))": 4.840360590573537, "product_catalog_latency": 4.840360590573537, "kubernetes_prometheus_rules": "kubernetes_prometheus_rules", "add_security_context": "add_security_context", "delay_treatment": "delay_treatment"}, {"rpc_method": "GetProduct", "timestamp": 1737550679.447, "histogram_quantile(0.95, sum(rate(rpc_server_duration_milliseconds_bucket{job=\"opentelemetry-demo/productcatalogservice\"}[90s])) by (rpc_method, le))": 4.840360590573537, "product_catalog_latency": 4.840360590573537, "kubernetes_prometheus_rules": "kubernetes_prometheus_rules", "add_security_context": "add_security_context", "delay_treatment": "delay_treatment"}, {"rpc_method": "GetProduct", "timestamp": 1737550680.447, "histogram_quantile(0.95, sum(rate(rpc_server_duration_milliseconds_bucket{job=\"opentelemetry-demo/productcatalogservice\"}[90s])) by (rpc_method, le))": 4.840360590573537, "product_catalog_latency": 4.840360590573537, "kubernetes_prometheus_rules": "kubernetes_prometheus_rules", "add_security_context": "add_security_context", "delay_treatment": "delay_treatment"}, {"rpc_method": "GetProduct", "timestamp": 1737550681.447, "histogram_quantile(0.95, sum(rate(rpc_server_duration_milliseconds_bucket{job=\"opentelemetry-demo/productcatalogservice\"}[90s])) by (rpc_method, le))": 4.840360590573537, "product_catalog_latency": 4.840360590573537, "kubernetes_prometheus_rules": "kubernetes_prometheus_rules", "add_security_context": "add_security_context", "delay_treatment": "delay_treatment"}, {"rpc_method": "GetProduct", "timestamp": 1737550682.447, "histogram_quantile(0.95, sum(rate(rpc_server_duration_milliseconds_bucket{job=\"opentelemetry-demo/productcatalogservice\"}[90s])) by (rpc_method, le))": 4.840360590573537, "product_catalog_latency": 4.840360590573537, "kubernetes_prometheus_rules": "kubernetes_prometheus_rules", "add_security_context": "add_security_context", "delay_treatment": "delay_treatment"}, {"rpc_method": "GetProduct", "timestamp": 1737550683.447, "histogram_quantile(0.95, sum(rate(rpc_server_duration_milliseconds_bucket{job=\"opentelemetry-demo/productcatalogservice\"}[90s])) by (rpc_method, le))": 4.840360590573537, "product_catalog_latency": 4.840360590573537, "kubernetes_prometheus_rules": "kubernetes_prometheus_rules", "add_security_context": "add_security_context", "delay_treatment": "delay_treatment"}, {"rpc_method": "GetProduct", "timestamp": 1737550684.447, "histogram_quantile(0.95, sum(rate(rpc_server_duration_milliseconds_bucket{job=\"opentelemetry-demo/productcatalogservice\"}[90s])) by (rpc_method, le))": 4.840360590573537, "product_catalog_latency": 4.840360590573537, "kubernetes_prometheus_rules": "kubernetes_prometheus_rules", "add_security_context": "add_security_context", "delay_treatment": "delay_treatment"}, {"rpc_method": "GetProduct", "timestamp": 1737550685.447, "histogram_quantile(0.95, sum(rate(rpc_server_duration_milliseconds_bucket{job=\"opentelemetry-demo/productcatalogservice\"}[90s])) by (rpc_method, le))": 4.840360590573537, "product_catalog_latency": 4.840360590573537, "kubernetes_prometheus_rules": "kubernetes_prometheus_rules", "add_security_context": "add_security_context", "delay_treatment": "delay_treatment"}, {"rpc_method": "GetProduct", "timestamp": 1737550686.447, "histogram_quantile(0.95, sum(rate(rpc_server_duration_milliseconds_bucket{job=\"opentelemetry-demo/productcatalogservice\"}[90s])) by (rpc_method, le))": 4.840360590573537, "product_catalog_latency": 4.840360590573537, "kubernetes_prometheus_rules": "kubernetes_prometheus_rules", "add_security_context": "add_security_context", "delay_treatment": "delay_treatment"}, {"rpc_method": "GetProduct", "timestamp": 1737550687.447, "histogram_quantile(0.95, sum(rate(rpc_server_duration_milliseconds_bucket{job=\"opentelemetry-demo/productcatalogservice\"}[90s])) by (rpc_method, le))": 4.840360590573537, "product_catalog_latency": 4.840360590573537, "kubernetes_prometheus_rules": "kubernetes_prometheus_rules", "add_security_context": "add_security_context", "delay_treatment": "delay_treatment"}, {"rpc_method": "GetProduct", "timestamp": 1737550688.447, "histogram_quantile(0.95, sum(rate(rpc_server_duration_milliseconds_bucket{job=\"opentelemetry-demo/productcatalogservice\"}[90s])) by (rpc_method, le))": 4.840360590573537, "product_catalog_latency": 4.840360590573537, "kubernetes_prometheus_rules": "kubernetes_prometheus_rules", "add_security_context": "add_security_context", "delay_treatment": "delay_treatment"}, {"rpc_method": "GetProduct", "timestamp": 1737550689.447, "histogram_quantile(0.95, sum(rate(rpc_server_duration_milliseconds_bucket{job=\"opentelemetry-demo/productcatalogservice\"}[90s])) by (rpc_method, le))": 4.840360590573537, "product_catalog_latency": 4.840360590573537, "kubernetes_prometheus_rules": "kubernetes_prometheus_rules", "add_security_context": "add_security_context", "delay_treatment": "delay_treatment"}, {"rpc_method": "GetProduct", "timestamp": 1737550690.447, "histogram_quantile(0.95, sum(rate(rpc_server_duration_milliseconds_bucket{job=\"opentelemetry-demo/productcatalogservice\"}[90s])) by (rpc_method, le))": 4.840360590573537, "product_catalog_latency": 4.840360590573537, "kubernetes_prometheus_rules": "kubernetes_prometheus_rules", "add_security_context": "add_security_context", "delay_treatment": "delay_treatment"}, {"rpc_method": "GetProduct", "timestamp": 1737550691.447, "histogram_quantile(0.95, sum(rate(rpc_server_duration_milliseconds_bucket{job=\"opentelemetry-demo/productcatalogservice\"}[90s])) by (rpc_method, le))": 4.840360590573537, "product_catalog_latency": 4.840360590573537, "kubernetes_prometheus_rules": "kubernetes_prometheus_rules", "add_security_context": "add_security_context", "delay_treatment": "delay_treatment"}, {"rpc_method": "GetProduct", "timestamp": 1737550692.447, "histogram_quantile(0.95, sum(rate(rpc_server_duration_milliseconds_bucket{job=\"opentelemetry-demo/productcatalogservice\"}[90s])) by (rpc_method, le))": 4.840360590573537, "product_catalog_latency": 4.840360590573537, "kubernetes_prometheus_rules": "kubernetes_prometheus_rules", "add_security_context": "add_security_context", "delay_treatment": "delay_treatment"}, {"rpc_method": "GetProduct", "timestamp": 1737550693.447, "histogram_quantile(0.95, sum(rate(rpc_server_duration_milliseconds_bucket{job=\"opentelemetry-demo/productcatalogservice\"}[90s])) by (rpc_method, le))": 4.840360590573537, "product_catalog_latency": 4.840360590573537, "kubernetes_prometheus_rules": "kubernetes_prometheus_rules", "add_security_context": "add_security_context", "delay_treatment": "delay_treatment"}, {"rpc_method": "GetProduct", "timestamp": 1737550694.447, "histogram_quantile(0.95, sum(rate(rpc_server_duration_milliseconds_bucket{job=\"opentelemetry-demo/productcatalogservice\"}[90s])) by (rpc_method, le))": 4.840360590573537, "product_catalog_latency": 4.840360590573537, "kubernetes_prometheus_rules": "kubernetes_prometheus_rules", "add_security_context": "add_security_context", "delay_treatment": "delay_treatment"}, {"rpc_method": "GetProduct", "timestamp": 1737550695.447, "histogram_quantile(0.95, sum(rate(rpc_server_duration_milliseconds_bucket{job=\"opentelemetry-demo/productcatalogservice\"}[90s])) by (rpc_method, le))": 4.840360590573537, "product_catalog_latency": 4.840360590573537, "kubernetes_prometheus_rules": "kubernetes_prometheus_rules", "add_security_context": "add_security_context", "delay_treatment": "delay_treatment"}, {"rpc_method": "GetProduct", "timestamp": 1737550696.447, "histogram_quantile(0.95, sum(rate(rpc_server_duration_milliseconds_bucket{job=\"opentelemetry-demo/productcatalogservice\"}[90s])) by (rpc_method, le))": 4.840360590573537, "product_catalog_latency": 4.840360590573537, "kubernetes_prometheus_rules": "kubernetes_prometheus_rules", "add_security_context": "add_security_context", "delay_treatment": "delay_treatment"}, {"rpc_method": "GetProduct", "timestamp": 1737550697.447, "histogram_quantile(0.95, sum(rate(rpc_server_duration_milliseconds_bucket{job=\"opentelemetry-demo/productcatalogservice\"}[90s])) by (rpc_method, le))": 4.840360590573537, "product_catalog_latency": 4.840360590573537, "kubernetes_prometheus_rules": "kubernetes_prometheus_rules", "add_security_context": "add_security_context", "delay_treatment": "delay_treatment"}, {"rpc_method": "GetProduct", "timestamp": 1737550698.447, "histogram_quantile(0.95, sum(rate(rpc_server_duration_milliseconds_bucket{job=\"opentelemetry-demo/productcatalogservice\"}[90s])) by (rpc_method, le))": 4.840360590573537, "product_catalog_latency": 4.840360590573537, "kubernetes_prometheus_rules": "kubernetes_prometheus_rules", "add_security_context": "add_security_context", "delay_treatment": "delay_treatment"}, {"rpc_method": "GetProduct", "timestamp": 1737550699.447, "histogram_quantile(0.95, sum(rate(rpc_server_duration_milliseconds_bucket{job=\"opentelemetry-demo/productcatalogservice\"}[90s])) by (rpc_method, le))": 4.840360590573537, "product_catalog_latency": 4.840360590573537, "kubernetes_prometheus_rules": "kubernetes_prometheus_rules", "add_security_context": "add_security_context", "delay_treatment": "delay_treatment"}, {"rpc_method": "GetProduct", "timestamp": 1737550700.447, "histogram_quantile(0.95, sum(rate(rpc_server_duration_milliseconds_bucket{job=\"opentelemetry-demo/productcatalogservice\"}[90s])) by (rpc_method, le))": 4.840360590573537, "product_catalog_latency": 4.840360590573537, "kubernetes_prometheus_rules": "kubernetes_prometheus_rules", "add_security_context": "add_security_context", "delay_treatment": "delay_treatment"}, {"rpc_method": "GetProduct", "timestamp": 1737550701.447, "histogram_quantile(0.95, sum(rate(rpc_server_duration_milliseconds_bucket{job=\"opentelemetry-demo/productcatalogservice\"}[90s])) by (rpc_method, le))": 4.840360590573537, "product_catalog_latency": 4.840360590573537, "kubernetes_prometheus_rules": "kubernetes_prometheus_rules", "add_security_context": "add_security_context", "delay_treatment": "delay_treatment"}, {"rpc_method": "GetProduct", "timestamp": 1737550702.447, "histogram_quantile(0.95, sum(rate(rpc_server_duration_milliseconds_bucket{job=\"opentelemetry-demo/productcatalogservice\"}[90s])) by (rpc_method, le))": 4.840360590573537, "product_catalog_latency": 4.840360590573537, "kubernetes_prometheus_rules": "kubernetes_prometheus_rules", "add_security_context": "add_security_context", "delay_treatment": "delay_treatment"}, {"rpc_method": "GetProduct", "timestamp": 1737550703.447, "histogram_quantile(0.95, sum(rate(rpc_server_duration_milliseconds_bucket{job=\"opentelemetry-demo/productcatalogservice\"}[90s])) by (rpc_method, le))": 4.840360590573537, "product_catalog_latency": 4.840360590573537, "kubernetes_prometheus_rules": "kubernetes_prometheus_rules", "add_security_context": "add_security_context", "delay_treatment": "delay_treatment"}, {"rpc_method": "GetProduct", "timestamp": 1737550704.447, "histogram_quantile(0.95, sum(rate(rpc_server_duration_milliseconds_bucket{job=\"opentelemetry-demo/productcatalogservice\"}[90s])) by (rpc_method, le))": 4.840360590573537, "product_catalog_latency": 4.840360590573537, "kubernetes_prometheus_rules": "kubernetes_prometheus_rules", "add_security_context": "add_security_context", "delay_treatment": "delay_treatment"}, {"rpc_method": "GetProduct", "timestamp": 1737550705.447, "histogram_quantile(0.95, sum(rate(rpc_server_duration_milliseconds_bucket{job=\"opentelemetry-demo/productcatalogservice\"}[90s])) by (rpc_method, le))": 4.840360590573537, "product_catalog_latency": 4.840360590573537, "kubernetes_prometheus_rules": "kubernetes_prometheus_rules", "add_security_context": "add_security_context", "delay_treatment": "delay_treatment"}, {"rpc_method": "GetProduct", "timestamp": 1737550706.447, "histogram_quantile(0.95, sum(rate(rpc_server_duration_milliseconds_bucket{job=\"opentelemetry-demo/productcatalogservice\"}[90s])) by (rpc_method, le))": 4.840360590573537, "product_catalog_latency": 4.840360590573537, "kubernetes_prometheus_rules": "kubernetes_prometheus_rules", "add_security_context": "add_security_context", "delay_treatment": "delay_treatment"}, {"rpc_method": "GetProduct", "timestamp": 1737550737.447, "histogram_quantile(0.95, sum(rate(rpc_server_duration_milliseconds_bucket{job=\"opentelemetry-demo/productcatalogservice\"}[90s])) by (rpc_method, le))": 4.799193006052454, "product_catalog_latency": 4.799193006052454, "kubernetes_prometheus_rules": "kubernetes_prometheus_rules", "add_security_context": "add_security_context", "delay_treatment": "delay_treatment"}, {"rpc_method": "GetProduct", "timestamp": 1737550738.447, "histogram_quantile(0.95, sum(rate(rpc_server_duration_milliseconds_bucket{job=\"opentelemetry-demo/productcatalogservice\"}[90s])) by (rpc_method, le))": 4.799193006052454, "product_catalog_latency": 4.799193006052454, "kubernetes_prometheus_rules": "kubernetes_prometheus_rules", "add_security_context": "add_security_context", "delay_treatment": "delay_treatment"}, {"rpc_method": "GetProduct", "timestamp": 1737550739.447, "histogram_quantile(0.95, sum(rate(rpc_server_duration_milliseconds_bucket{job=\"opentelemetry-demo/productcatalogservice\"}[90s])) by (rpc_method, le))": 4.799193006052454, "product_catalog_latency": 4.799193006052454, "kubernetes_prometheus_rules": "kubernetes_prometheus_rules", "add_security_context": "add_security_context", "delay_treatment": "delay_treatment"}, {"rpc_method": "GetProduct", "timestamp": 1737550740.447, "histogram_quantile(0.95, sum(rate(rpc_server_duration_milliseconds_bucket{job=\"opentelemetry-demo/productcatalogservice\"}[90s])) by (rpc_method, le))": 4.799193006052454, "product_catalog_latency": 4.799193006052454, "kubernetes_prometheus_rules": "kubernetes_prometheus_rules", "add_security_context": "add_security_context", "delay_treatment": "delay_treatment"}, {"rpc_method": "GetProduct", "timestamp": 1737550741.447, "histogram_quantile(0.95, sum(rate(rpc_server_duration_milliseconds_bucket{job=\"opentelemetry-demo/productcatalogservice\"}[90s])) by (rpc_method, le))": 4.799193006052454, "product_catalog_latency": 4.799193006052454, "kubernetes_prometheus_rules": "NoTreatment", "add_security_context": "NoTreatment", "delay_treatment": "NoTreatment"}, {"rpc_method": "GetProduct", "timestamp": 1737550742.447, "histogram_quantile(0.95, sum(rate(rpc_server_duration_milliseconds_bucket{job=\"opentelemetry-demo/productcatalogservice\"}[90s])) by (rpc_method, le))": 4.799193006052454, "product_catalog_latency": 4.799193006052454, "kubernetes_prometheus_rules": "NoTreatment", "add_security_context": "NoTreatment", "delay_treatment": "NoTreatment"}, {"rpc_method": "GetProduct", "timestamp": 1737550743.447, "histogram_quantile(0.95, sum(rate(rpc_server_duration_milliseconds_bucket{job=\"opentelemetry-demo/productcatalogservice\"}[90s])) by (rpc_method, le))": 4.799193006052454, "product_catalog_latency": 4.799193006052454, "kubernetes_prometheus_rules": "NoTreatment", "add_security_context": "NoTreatment", "delay_treatment": "NoTreatment"}, {"rpc_method": "GetProduct", "timestamp": 1737550744.447, "histogram_quantile(0.95, sum(rate(rpc_server_duration_milliseconds_bucket{job=\"opentelemetry-demo/productcatalogservice\"}[90s])) by (rpc_method, le))": 4.799193006052454, "product_catalog_latency": 4.799193006052454, "kubernetes_prometheus_rules": "NoTreatment", "add_security_context": "NoTreatment", "delay_treatment": "NoTreatment"}, {"rpc_method": "GetProduct", "timestamp": 1737550745.447, "histogram_quantile(0.95, sum(rate(rpc_server_duration_milliseconds_bucket{job=\"opentelemetry-demo/productcatalogservice\"}[90s])) by (rpc_method, le))": 4.799193006052454, "product_catalog_latency": 4.799193006052454, "kubernetes_prometheus_rules": "NoTreatment", "add_security_context": "NoTreatment", "delay_treatment": "NoTreatment"}, {"rpc_method": "GetProduct", "timestamp": 1737550746.447, "histogram_quantile(0.95, sum(rate(rpc_server_duration_milliseconds_bucket{job=\"opentelemetry-demo/productcatalogservice\"}[90s])) by (rpc_method, le))": 4.799193006052454, "product_catalog_latency": 4.799193006052454, "kubernetes_prometheus_rules": "NoTreatment", "add_security_context": "NoTreatment", "delay_treatment": "NoTreatment"}, {"rpc_method": "GetProduct", "timestamp": 1737550747.447, "histogram_quantile(0.95, sum(rate(rpc_server_duration_milliseconds_bucket{job=\"opentelemetry-demo/productcatalogservice\"}[90s])) by (rpc_method, le))": 4.799193006052454, "product_catalog_latency": 4.799193006052454, "kubernetes_prometheus_rules": "NoTreatment", "add_security_context": "NoTreatment", "delay_treatment": "NoTreatment"}, {"rpc_method": "GetProduct", "timestamp": 1737550748.447, "histogram_quantile(0.95, sum(rate(rpc_server_duration_milliseconds_bucket{job=\"opentelemetry-demo/productcatalogservice\"}[90s])) by (rpc_method, le))": 4.799193006052454, "product_catalog_latency": 4.799193006052454, "kubernetes_prometheus_rules": "NoTreatment", "add_security_context": "NoTreatment", "delay_treatment": "NoTreatment"}, {"rpc_method": "GetProduct", "timestamp": 1737550749.447, "histogram_quantile(0.95, sum(rate(rpc_server_duration_milliseconds_bucket{job=\"opentelemetry-demo/productcatalogservice\"}[90s])) by (rpc_method, le))": 4.799193006052454, "product_catalog_latency": 4.799193006052454, "kubernetes_prometheus_rules": "NoTreatment", "add_security_context": "NoTreatment", "delay_treatment": "NoTreatment"}, {"rpc_method": "GetProduct", "timestamp": 1737550750.447, "histogram_quantile(0.95, sum(rate(rpc_server_duration_milliseconds_bucket{job=\"opentelemetry-demo/productcatalogservice\"}[90s])) by (rpc_method, le))": 4.799193006052454, "product_catalog_latency": 4.799193006052454, "kubernetes_prometheus_rules": "NoTreatment", "add_security_context": "NoTreatment", "delay_treatment": "NoTreatment"}, {"rpc_method": "ListProducts", "timestamp": 1737550557.447, "histogram_quantile(0.95, sum(rate(rpc_server_duration_milliseconds_bucket{job=\"opentelemetry-demo/productcatalogservice\"}[90s])) by (rpc_method, le))": NaN, "product_catalog_latency": NaN, "kubernetes_prometheus_rules": "kubernetes_prometheus_rules", "add_security_context": "NoTreatment", "delay_treatment": "NoTreatment"}, {"rpc_method": "ListProducts", "timestamp": 1737550558.447, "histogram_quantile(0.95, sum(rate(rpc_server_duration_milliseconds_bucket{job=\"opentelemetry-demo/productcatalogservice\"}[90s])) by (rpc_method, le))": NaN, "product_catalog_latency": NaN, "kubernetes_prometheus_rules": "kubernetes_prometheus_rules", "add_security_context": "NoTreatment", "delay_treatment": "NoTreatment"}, {"rpc_method": "ListProducts", "timestamp": 1737550559.447, "histogram_quantile(0.95, sum(rate(rpc_server_duration_milliseconds_bucket{job=\"opentelemetry-demo/productcatalogservice\"}[90s])) by (rpc_method, le))": NaN, "product_catalog_latency": NaN, "kubernetes_prometheus_rules": "kubernetes_prometheus_rules", "add_security_context": "NoTreatment", "delay_treatment": "NoTreatment"}, {"rpc_method": "ListProducts", "timestamp": 1737550560.447, "histogram_quantile(0.95, sum(rate(rpc_server_duration_milliseconds_bucket{job=\"opentelemetry-demo/productcatalogservice\"}[90s])) by (rpc_method, le))": NaN, "product_catalog_latency": NaN, "kubernetes_prometheus_rules": "kubernetes_prometheus_rules", "add_security_context": "add_security_context", "delay_treatment": "NoTreatment"}, {"rpc_method": "ListProducts", "timestamp": 1737550561.447, "histogram_quantile(0.95, sum(rate(rpc_server_duration_milliseconds_bucket{job=\"opentelemetry-demo/productcatalogservice\"}[90s])) by (rpc_method, le))": NaN, "product_catalog_latency": NaN, "kubernetes_prometheus_rules": "kubernetes_prometheus_rules", "add_security_context": "add_security_context", "delay_treatment": "delay_treatment"}, {"rpc_method": "ListProducts", "timestamp": 1737550562.447, "histogram_quantile(0.95, sum(rate(rpc_server_duration_milliseconds_bucket{job=\"opentelemetry-demo/productcatalogservice\"}[90s])) by (rpc_method, le))": NaN, "product_catalog_latency": NaN, "kubernetes_prometheus_rules": "kubernetes_prometheus_rules", "add_security_context": "add_security_context", "delay_treatment": "delay_treatment"}, {"rpc_method": "ListProducts", "timestamp": 1737550563.447, "histogram_quantile(0.95, sum(rate(rpc_server_duration_milliseconds_bucket{job=\"opentelemetry-demo/productcatalogservice\"}[90s])) by (rpc_method, le))": NaN, "product_catalog_latency": NaN, "kubernetes_prometheus_rules": "kubernetes_prometheus_rules", "add_security_context": "add_security_context", "delay_treatment": "delay_treatment"}, {"rpc_method": "ListProducts", "timestamp": 1737550564.447, "histogram_quantile(0.95, sum(rate(rpc_server_duration_milliseconds_bucket{job=\"opentelemetry-demo/productcatalogservice\"}[90s])) by (rpc_method, le))": NaN, "product_catalog_latency": NaN, "kubernetes_prometheus_rules": "kubernetes_prometheus_rules", "add_security_context": "add_security_context", "delay_treatment": "delay_treatment"}, {"rpc_method": "ListProducts", "timestamp": 1737550565.447, "histogram_quantile(0.95, sum(rate(rpc_server_duration_milliseconds_bucket{job=\"opentelemetry-demo/productcatalogservice\"}[90s])) by (rpc_method, le))": NaN, "product_catalog_latency": NaN, "kubernetes_prometheus_rules": "kubernetes_prometheus_rules", "add_security_context": "add_security_context", "delay_treatment": "delay_treatment"}, {"rpc_method": "ListProducts", "timestamp": 1737550566.447, "histogram_quantile(0.95, sum(rate(rpc_server_duration_milliseconds_bucket{job=\"opentelemetry-demo/productcatalogservice\"}[90s])) by (rpc_method, le))": NaN, "product_catalog_latency": NaN, "kubernetes_prometheus_rules": "kubernetes_prometheus_rules", "add_security_context": "add_security_context", "delay_treatment": "delay_treatment"}, {"rpc_method": "ListProducts", "timestamp": 1737550567.447, "histogram_quantile(0.95, sum(rate(rpc_server_duration_milliseconds_bucket{job=\"opentelemetry-demo/productcatalogservice\"}[90s])) by (rpc_method, le))": NaN, "product_catalog_latency": NaN, "kubernetes_prometheus_rules": "kubernetes_prometheus_rules", "add_security_context": "add_security_context", "delay_treatment": "delay_treatment"}, {"rpc_method": "ListProducts", "timestamp": 1737550568.447, "histogram_quantile(0.95, sum(rate(rpc_server_duration_milliseconds_bucket{job=\"opentelemetry-demo/productcatalogservice\"}[90s])) by (rpc_method, le))": NaN, "product_catalog_latency": NaN, "kubernetes_prometheus_rules": "kubernetes_prometheus_rules", "add_security_context": "add_security_context", "delay_treatment": "delay_treatment"}, {"rpc_method": "ListProducts", "timestamp": 1737550569.447, "histogram_quantile(0.95, sum(rate(rpc_server_duration_milliseconds_bucket{job=\"opentelemetry-demo/productcatalogservice\"}[90s])) by (rpc_method, le))": NaN, "product_catalog_latency": NaN, "kubernetes_prometheus_rules": "kubernetes_prometheus_rules", "add_security_context": "add_security_context", "delay_treatment": "delay_treatment"}, {"rpc_method": "ListProducts", "timestamp": 1737550570.447, "histogram_quantile(0.95, sum(rate(rpc_server_duration_milliseconds_bucket{job=\"opentelemetry-demo/productcatalogservice\"}[90s])) by (rpc_method, le))": NaN, "product_catalog_latency": NaN, "kubernetes_prometheus_rules": "kubernetes_prometheus_rules", "add_security_context": "add_security_context", "delay_treatment": "delay_treatment"}, {"rpc_method": "ListProducts", "timestamp": 1737550571.447, "histogram_quantile(0.95, sum(rate(rpc_server_duration_milliseconds_bucket{job=\"opentelemetry-demo/productcatalogservice\"}[90s])) by (rpc_method, le))": NaN, "product_catalog_latency": NaN, "kubernetes_prometheus_rules": "kubernetes_prometheus_rules", "add_security_context": "add_security_context", "delay_treatment": "delay_treatment"}, {"rpc_method": "ListProducts", "timestamp": 1737550572.447, "histogram_quantile(0.95, sum(rate(rpc_server_duration_milliseconds_bucket{job=\"opentelemetry-demo/productcatalogservice\"}[90s])) by (rpc_method, le))": NaN, "product_catalog_latency": NaN, "kubernetes_prometheus_rules": "kubernetes_prometheus_rules", "add_security_context": "add_security_context", "delay_treatment": "delay_treatment"}, {"rpc_method": "ListProducts", "timestamp": 1737550573.447, "histogram_quantile(0.95, sum(rate(rpc_server_duration_milliseconds_bucket{job=\"opentelemetry-demo/productcatalogservice\"}[90s])) by (rpc_method, le))": NaN, "product_catalog_latency": NaN, "kubernetes_prometheus_rules": "kubernetes_prometheus_rules", "add_security_context": "add_security_context", "delay_treatment": "delay_treatment"}, {"rpc_method": "ListProducts", "timestamp": 1737550574.447, "histogram_quantile(0.95, sum(rate(rpc_server_duration_milliseconds_bucket{job=\"opentelemetry-demo/productcatalogservice\"}[90s])) by (rpc_method, le))": NaN, "product_catalog_latency": NaN, "kubernetes_prometheus_rules": "kubernetes_prometheus_rules", "add_security_context": "add_security_context", "delay_treatment": "delay_treatment"}, {"rpc_method": "ListProducts", "timestamp": 1737550575.447, "histogram_quantile(0.95, sum(rate(rpc_server_duration_milliseconds_bucket{job=\"opentelemetry-demo/productcatalogservice\"}[90s])) by (rpc_method, le))": NaN, "product_catalog_latency": NaN, "kubernetes_prometheus_rules": "kubernetes_prometheus_rules", "add_security_context": "add_security_context", "delay_treatment": "delay_treatment"}, {"rpc_method": "ListProducts", "timestamp": 1737550576.447, "histogram_quantile(0.95, sum(rate(rpc_server_duration_milliseconds_bucket{job=\"opentelemetry-demo/productcatalogservice\"}[90s])) by (rpc_method, le))": NaN, "product_catalog_latency": NaN, "kubernetes_prometheus_rules": "kubernetes_prometheus_rules", "add_security_context": "add_security_context", "delay_treatment": "delay_treatment"}, {"rpc_method": "ListProducts", "timestamp": 1737550577.447, "histogram_quantile(0.95, sum(rate(rpc_server_duration_milliseconds_bucket{job=\"opentelemetry-demo/productcatalogservice\"}[90s])) by (rpc_method, le))": NaN, "product_catalog_latency": NaN, "kubernetes_prometheus_rules": "kubernetes_prometheus_rules", "add_security_context": "add_security_context", "delay_treatment": "delay_treatment"}, {"rpc_method": "ListProducts", "timestamp": 1737550578.447, "histogram_quantile(0.95, sum(rate(rpc_server_duration_milliseconds_bucket{job=\"opentelemetry-demo/productcatalogservice\"}[90s])) by (rpc_method, le))": NaN, "product_catalog_latency": NaN, "kubernetes_prometheus_rules": "kubernetes_prometheus_rules", "add_security_context": "add_security_context", "delay_treatment": "delay_treatment"}, {"rpc_method": "ListProducts", "timestamp": 1737550579.447, "histogram_quantile(0.95, sum(rate(rpc_server_duration_milliseconds_bucket{job=\"opentelemetry-demo/productcatalogservice\"}[90s])) by (rpc_method, le))": NaN, "product_catalog_latency": NaN, "kubernetes_prometheus_rules": "kubernetes_prometheus_rules", "add_security_context": "add_security_context", "delay_treatment": "delay_treatment"}, {"rpc_method": "ListProducts", "timestamp": 1737550580.447, "histogram_quantile(0.95, sum(rate(rpc_server_duration_milliseconds_bucket{job=\"opentelemetry-demo/productcatalogservice\"}[90s])) by (rpc_method, le))": NaN, "product_catalog_latency": NaN, "kubernetes_prometheus_rules": "kubernetes_prometheus_rules", "add_security_context": "add_security_context", "delay_treatment": "delay_treatment"}, {"rpc_method": "ListProducts", "timestamp": 1737550581.447, "histogram_quantile(0.95, sum(rate(rpc_server_duration_milliseconds_bucket{job=\"opentelemetry-demo/productcatalogservice\"}[90s])) by (rpc_method, le))": NaN, "product_catalog_latency": NaN, "kubernetes_prometheus_rules": "kubernetes_prometheus_rules", "add_security_context": "add_security_context", "delay_treatment": "delay_treatment"}, {"rpc_method": "ListProducts", "timestamp": 1737550582.447, "histogram_quantile(0.95, sum(rate(rpc_server_duration_milliseconds_bucket{job=\"opentelemetry-demo/productcatalogservice\"}[90s])) by (rpc_method, le))": NaN, "product_catalog_latency": NaN, "kubernetes_prometheus_rules": "kubernetes_prometheus_rules", "add_security_context": "add_security_context", "delay_treatment": "delay_treatment"}, {"rpc_method": "ListProducts", "timestamp": 1737550583.447, "histogram_quantile(0.95, sum(rate(rpc_server_duration_milliseconds_bucket{job=\"opentelemetry-demo/productcatalogservice\"}[90s])) by (rpc_method, le))": NaN, "product_catalog_latency": NaN, "kubernetes_prometheus_rules": "kubernetes_prometheus_rules", "add_security_context": "add_security_context", "delay_treatment": "delay_treatment"}, {"rpc_method": "ListProducts", "timestamp": 1737550584.447, "histogram_quantile(0.95, sum(rate(rpc_server_duration_milliseconds_bucket{job=\"opentelemetry-demo/productcatalogservice\"}[90s])) by (rpc_method, le))": NaN, "product_catalog_latency": NaN, "kubernetes_prometheus_rules": "kubernetes_prometheus_rules", "add_security_context": "add_security_context", "delay_treatment": "delay_treatment"}, {"rpc_method": "ListProducts", "timestamp": 1737550585.447, "histogram_quantile(0.95, sum(rate(rpc_server_duration_milliseconds_bucket{job=\"opentelemetry-demo/productcatalogservice\"}[90s])) by (rpc_method, le))": NaN, "product_catalog_latency": NaN, "kubernetes_prometheus_rules": "kubernetes_prometheus_rules", "add_security_context": "add_security_context", "delay_treatment": "delay_treatment"}, {"rpc_method": "ListProducts", "timestamp": 1737550586.447, "histogram_quantile(0.95, sum(rate(rpc_server_duration_milliseconds_bucket{job=\"opentelemetry-demo/productcatalogservice\"}[90s])) by (rpc_method, le))": NaN, "product_catalog_latency": NaN, "kubernetes_prometheus_rules": "kubernetes_prometheus_rules", "add_security_context": "add_security_context", "delay_treatment": "delay_treatment"}, {"rpc_method": "ListProducts", "timestamp": 1737550617.447, "histogram_quantile(0.95, sum(rate(rpc_server_duration_milliseconds_bucket{job=\"opentelemetry-demo/productcatalogservice\"}[90s])) by (rpc_method, le))": 4.75, "product_catalog_latency": 4.75, "kubernetes_prometheus_rules": "kubernetes_prometheus_rules", "add_security_context": "add_security_context", "delay_treatment": "delay_treatment"}, {"rpc_method": "ListProducts", "timestamp": 1737550618.447, "histogram_quantile(0.95, sum(rate(rpc_server_duration_milliseconds_bucket{job=\"opentelemetry-demo/productcatalogservice\"}[90s])) by (rpc_method, le))": 4.75, "product_catalog_latency": 4.75, "kubernetes_prometheus_rules": "kubernetes_prometheus_rules", "add_security_context": "add_security_context", "delay_treatment": "delay_treatment"}, {"rpc_method": "ListProducts", "timestamp": 1737550619.447, "histogram_quantile(0.95, sum(rate(rpc_server_duration_milliseconds_bucket{job=\"opentelemetry-demo/productcatalogservice\"}[90s])) by (rpc_method, le))": 4.75, "product_catalog_latency": 4.75, "kubernetes_prometheus_rules": "kubernetes_prometheus_rules", "add_security_context": "add_security_context", "delay_treatment": "delay_treatment"}, {"rpc_method": "ListProducts", "timestamp": 1737550620.447, "histogram_quantile(0.95, sum(rate(rpc_server_duration_milliseconds_bucket{job=\"opentelemetry-demo/productcatalogservice\"}[90s])) by (rpc_method, le))": 4.75, "product_catalog_latency": 4.75, "kubernetes_prometheus_rules": "kubernetes_prometheus_rules", "add_security_context": "add_security_context", "delay_treatment": "delay_treatment"}, {"rpc_method": "ListProducts", "timestamp": 1737550621.447, "histogram_quantile(0.95, sum(rate(rpc_server_duration_milliseconds_bucket{job=\"opentelemetry-demo/productcatalogservice\"}[90s])) by (rpc_method, le))": 4.75, "product_catalog_latency": 4.75, "kubernetes_prometheus_rules": "kubernetes_prometheus_rules", "add_security_context": "add_security_context", "delay_treatment": "delay_treatment"}, {"rpc_method": "ListProducts", "timestamp": 1737550622.447, "histogram_quantile(0.95, sum(rate(rpc_server_duration_milliseconds_bucket{job=\"opentelemetry-demo/productcatalogservice\"}[90s])) by (rpc_method, le))": 4.75, "product_catalog_latency": 4.75, "kubernetes_prometheus_rules": "kubernetes_prometheus_rules", "add_security_context": "add_security_context", "delay_treatment": "delay_treatment"}, {"rpc_method": "ListProducts", "timestamp": 1737550623.447, "histogram_quantile(0.95, sum(rate(rpc_server_duration_milliseconds_bucket{job=\"opentelemetry-demo/productcatalogservice\"}[90s])) by (rpc_method, le))": 4.75, "product_catalog_latency": 4.75, "kubernetes_prometheus_rules": "kubernetes_prometheus_rules", "add_security_context": "add_security_context", "delay_treatment": "delay_treatment"}, {"rpc_method": "ListProducts", "timestamp": 1737550624.447, "histogram_quantile(0.95, sum(rate(rpc_server_duration_milliseconds_bucket{job=\"opentelemetry-demo/productcatalogservice\"}[90s])) by (rpc_method, le))": 4.75, "product_catalog_latency": 4.75, "kubernetes_prometheus_rules": "kubernetes_prometheus_rules", "add_security_context": "add_security_context", "delay_treatment": "delay_treatment"}, {"rpc_method": "ListProducts", "timestamp": 1737550625.447, "histogram_quantile(0.95, sum(rate(rpc_server_duration_milliseconds_bucket{job=\"opentelemetry-demo/productcatalogservice\"}[90s])) by (rpc_method, le))": 4.75, "product_catalog_latency": 4.75, "kubernetes_prometheus_rules": "kubernetes_prometheus_rules", "add_security_context": "add_security_context", "delay_treatment": "delay_treatment"}, {"rpc_method": "ListProducts", "timestamp": 1737550626.447, "histogram_quantile(0.95, sum(rate(rpc_server_duration_milliseconds_bucket{job=\"opentelemetry-demo/productcatalogservice\"}[90s])) by (rpc_method, le))": 4.75, "product_catalog_latency": 4.75, "kubernetes_prometheus_rules": "kubernetes_prometheus_rules", "add_security_context": "add_security_context", "delay_treatment": "delay_treatment"}, {"rpc_method": "ListProducts", "timestamp": 1737550627.447, "histogram_quantile(0.95, sum(rate(rpc_server_duration_milliseconds_bucket{job=\"opentelemetry-demo/productcatalogservice\"}[90s])) by (rpc_method, le))": 4.75, "product_catalog_latency": 4.75, "kubernetes_prometheus_rules": "kubernetes_prometheus_rules", "add_security_context": "add_security_context", "delay_treatment": "delay_treatment"}, {"rpc_method": "ListProducts", "timestamp": 1737550628.447, "histogram_quantile(0.95, sum(rate(rpc_server_duration_milliseconds_bucket{job=\"opentelemetry-demo/productcatalogservice\"}[90s])) by (rpc_method, le))": 4.75, "product_catalog_latency": 4.75, "kubernetes_prometheus_rules": "kubernetes_prometheus_rules", "add_security_context": "add_security_context", "delay_treatment": "delay_treatment"}, {"rpc_method": "ListProducts", "timestamp": 1737550629.447, "histogram_quantile(0.95, sum(rate(rpc_server_duration_milliseconds_bucket{job=\"opentelemetry-demo/productcatalogservice\"}[90s])) by (rpc_method, le))": 4.75, "product_catalog_latency": 4.75, "kubernetes_prometheus_rules": "kubernetes_prometheus_rules", "add_security_context": "add_security_context", "delay_treatment": "delay_treatment"}, {"rpc_method": "ListProducts", "timestamp": 1737550630.447, "histogram_quantile(0.95, sum(rate(rpc_server_duration_milliseconds_bucket{job=\"opentelemetry-demo/productcatalogservice\"}[90s])) by (rpc_method, le))": 4.75, "product_catalog_latency": 4.75, "kubernetes_prometheus_rules": "kubernetes_prometheus_rules", "add_security_context": "add_security_context", "delay_treatment": "delay_treatment"}, {"rpc_method": "ListProducts", "timestamp": 1737550631.447, "histogram_quantile(0.95, sum(rate(rpc_server_duration_milliseconds_bucket{job=\"opentelemetry-demo/productcatalogservice\"}[90s])) by (rpc_method, le))": 4.75, "product_catalog_latency": 4.75, "kubernetes_prometheus_rules": "kubernetes_prometheus_rules", "add_security_context": "add_security_context", "delay_treatment": "delay_treatment"}, {"rpc_method": "ListProducts", "timestamp": 1737550632.447, "histogram_quantile(0.95, sum(rate(rpc_server_duration_milliseconds_bucket{job=\"opentelemetry-demo/productcatalogservice\"}[90s])) by (rpc_method, le))": 4.75, "product_catalog_latency": 4.75, "kubernetes_prometheus_rules": "kubernetes_prometheus_rules", "add_security_context": "add_security_context", "delay_treatment": "delay_treatment"}, {"rpc_method": "ListProducts", "timestamp": 1737550633.447, "histogram_quantile(0.95, sum(rate(rpc_server_duration_milliseconds_bucket{job=\"opentelemetry-demo/productcatalogservice\"}[90s])) by (rpc_method, le))": 4.75, "product_catalog_latency": 4.75, "kubernetes_prometheus_rules": "kubernetes_prometheus_rules", "add_security_context": "add_security_context", "delay_treatment": "delay_treatment"}, {"rpc_method": "ListProducts", "timestamp": 1737550634.447, "histogram_quantile(0.95, sum(rate(rpc_server_duration_milliseconds_bucket{job=\"opentelemetry-demo/productcatalogservice\"}[90s])) by (rpc_method, le))": 4.75, "product_catalog_latency": 4.75, "kubernetes_prometheus_rules": "kubernetes_prometheus_rules", "add_security_context": "add_security_context", "delay_treatment": "delay_treatment"}, {"rpc_method": "ListProducts", "timestamp": 1737550635.447, "histogram_quantile(0.95, sum(rate(rpc_server_duration_milliseconds_bucket{job=\"opentelemetry-demo/productcatalogservice\"}[90s])) by (rpc_method, le))": 4.75, "product_catalog_latency": 4.75, "kubernetes_prometheus_rules": "kubernetes_prometheus_rules", "add_security_context": "add_security_context", "delay_treatment": "delay_treatment"}, {"rpc_method": "ListProducts", "timestamp": 1737550636.447, "histogram_quantile(0.95, sum(rate(rpc_server_duration_milliseconds_bucket{job=\"opentelemetry-demo/productcatalogservice\"}[90s])) by (rpc_method, le))": 4.75, "product_catalog_latency": 4.75, "kubernetes_prometheus_rules": "kubernetes_prometheus_rules", "add_security_context": "add_security_context", "delay_treatment": "delay_treatment"}, {"rpc_method": "ListProducts", "timestamp": 1737550637.447, "histogram_quantile(0.95, sum(rate(rpc_server_duration_milliseconds_bucket{job=\"opentelemetry-demo/productcatalogservice\"}[90s])) by (rpc_method, le))": 4.75, "product_catalog_latency": 4.75, "kubernetes_prometheus_rules": "kubernetes_prometheus_rules", "add_security_context": "add_security_context", "delay_treatment": "delay_treatment"}, {"rpc_method": "ListProducts", "timestamp": 1737550638.447, "histogram_quantile(0.95, sum(rate(rpc_server_duration_milliseconds_bucket{job=\"opentelemetry-demo/productcatalogservice\"}[90s])) by (rpc_method, le))": 4.75, "product_catalog_latency": 4.75, "kubernetes_prometheus_rules": "kubernetes_prometheus_rules", "add_security_context": "add_security_context", "delay_treatment": "delay_treatment"}, {"rpc_method": "ListProducts", "timestamp": 1737550639.447, "histogram_quantile(0.95, sum(rate(rpc_server_duration_milliseconds_bucket{job=\"opentelemetry-demo/productcatalogservice\"}[90s])) by (rpc_method, le))": 4.75, "product_catalog_latency": 4.75, "kubernetes_prometheus_rules": "kubernetes_prometheus_rules", "add_security_context": "add_security_context", "delay_treatment": "delay_treatment"}, {"rpc_method": "ListProducts", "timestamp": 1737550640.447, "histogram_quantile(0.95, sum(rate(rpc_server_duration_milliseconds_bucket{job=\"opentelemetry-demo/productcatalogservice\"}[90s])) by (rpc_method, le))": 4.75, "product_catalog_latency": 4.75, "kubernetes_prometheus_rules": "kubernetes_prometheus_rules", "add_security_context": "add_security_context", "delay_treatment": "delay_treatment"}, {"rpc_method": "ListProducts", "timestamp": 1737550641.447, "histogram_quantile(0.95, sum(rate(rpc_server_duration_milliseconds_bucket{job=\"opentelemetry-demo/productcatalogservice\"}[90s])) by (rpc_method, le))": 4.75, "product_catalog_latency": 4.75, "kubernetes_prometheus_rules": "kubernetes_prometheus_rules", "add_security_context": "add_security_context", "delay_treatment": "delay_treatment"}, {"rpc_method": "ListProducts", "timestamp": 1737550642.447, "histogram_quantile(0.95, sum(rate(rpc_server_duration_milliseconds_bucket{job=\"opentelemetry-demo/productcatalogservice\"}[90s])) by (rpc_method, le))": 4.75, "product_catalog_latency": 4.75, "kubernetes_prometheus_rules": "kubernetes_prometheus_rules", "add_security_context": "add_security_context", "delay_treatment": "delay_treatment"}, {"rpc_method": "ListProducts", "timestamp": 1737550643.447, "histogram_quantile(0.95, sum(rate(rpc_server_duration_milliseconds_bucket{job=\"opentelemetry-demo/productcatalogservice\"}[90s])) by (rpc_method, le))": 4.75, "product_catalog_latency": 4.75, "kubernetes_prometheus_rules": "kubernetes_prometheus_rules", "add_security_context": "add_security_context", "delay_treatment": "delay_treatment"}, {"rpc_method": "ListProducts", "timestamp": 1737550644.447, "histogram_quantile(0.95, sum(rate(rpc_server_duration_milliseconds_bucket{job=\"opentelemetry-demo/productcatalogservice\"}[90s])) by (rpc_method, le))": 4.75, "product_catalog_latency": 4.75, "kubernetes_prometheus_rules": "kubernetes_prometheus_rules", "add_security_context": "add_security_context", "delay_treatment": "delay_treatment"}, {"rpc_method": "ListProducts", "timestamp": 1737550645.447, "histogram_quantile(0.95, sum(rate(rpc_server_duration_milliseconds_bucket{job=\"opentelemetry-demo/productcatalogservice\"}[90s])) by (rpc_method, le))": 4.75, "product_catalog_latency": 4.75, "kubernetes_prometheus_rules": "kubernetes_prometheus_rules", "add_security_context": "add_security_context", "delay_treatment": "delay_treatment"}, {"rpc_method": "ListProducts", "timestamp": 1737550646.447, "histogram_quantile(0.95, sum(rate(rpc_server_duration_milliseconds_bucket{job=\"opentelemetry-demo/productcatalogservice\"}[90s])) by (rpc_method, le))": 4.75, "product_catalog_latency": 4.75, "kubernetes_prometheus_rules": "kubernetes_prometheus_rules", "add_security_context": "add_security_context", "delay_treatment": "delay_treatment"}, {"rpc_method": "ListProducts", "timestamp": 1737550677.447, "histogram_quantile(0.95, sum(rate(rpc_server_duration_milliseconds_bucket{job=\"opentelemetry-demo/productcatalogservice\"}[90s])) by (rpc_method, le))": 4.75, "product_catalog_latency": 4.75, "kubernetes_prometheus_rules": "kubernetes_prometheus_rules", "add_security_context": "add_security_context", "delay_treatment": "delay_treatment"}, {"rpc_method": "ListProducts", "timestamp": 1737550678.447, "histogram_quantile(0.95, sum(rate(rpc_server_duration_milliseconds_bucket{job=\"opentelemetry-demo/productcatalogservice\"}[90s])) by (rpc_method, le))": 4.75, "product_catalog_latency": 4.75, "kubernetes_prometheus_rules": "kubernetes_prometheus_rules", "add_security_context": "add_security_context", "delay_treatment": "delay_treatment"}, {"rpc_method": "ListProducts", "timestamp": 1737550679.447, "histogram_quantile(0.95, sum(rate(rpc_server_duration_milliseconds_bucket{job=\"opentelemetry-demo/productcatalogservice\"}[90s])) by (rpc_method, le))": 4.75, "product_catalog_latency": 4.75, "kubernetes_prometheus_rules": "kubernetes_prometheus_rules", "add_security_context": "add_security_context", "delay_treatment": "delay_treatment"}, {"rpc_method": "ListProducts", "timestamp": 1737550680.447, "histogram_quantile(0.95, sum(rate(rpc_server_duration_milliseconds_bucket{job=\"opentelemetry-demo/productcatalogservice\"}[90s])) by (rpc_method, le))": 4.75, "product_catalog_latency": 4.75, "kubernetes_prometheus_rules": "kubernetes_prometheus_rules", "add_security_context": "add_security_context", "delay_treatment": "delay_treatment"}, {"rpc_method": "ListProducts", "timestamp": 1737550681.447, "histogram_quantile(0.95, sum(rate(rpc_server_duration_milliseconds_bucket{job=\"opentelemetry-demo/productcatalogservice\"}[90s])) by (rpc_method, le))": 4.75, "product_catalog_latency": 4.75, "kubernetes_prometheus_rules": "kubernetes_prometheus_rules", "add_security_context": "add_security_context", "delay_treatment": "delay_treatment"}, {"rpc_method": "ListProducts", "timestamp": 1737550682.447, "histogram_quantile(0.95, sum(rate(rpc_server_duration_milliseconds_bucket{job=\"opentelemetry-demo/productcatalogservice\"}[90s])) by (rpc_method, le))": 4.75, "product_catalog_latency": 4.75, "kubernetes_prometheus_rules": "kubernetes_prometheus_rules", "add_security_context": "add_security_context", "delay_treatment": "delay_treatment"}, {"rpc_method": "ListProducts", "timestamp": 1737550683.447, "histogram_quantile(0.95, sum(rate(rpc_server_duration_milliseconds_bucket{job=\"opentelemetry-demo/productcatalogservice\"}[90s])) by (rpc_method, le))": 4.75, "product_catalog_latency": 4.75, "kubernetes_prometheus_rules": "kubernetes_prometheus_rules", "add_security_context": "add_security_context", "delay_treatment": "delay_treatment"}, {"rpc_method": "ListProducts", "timestamp": 1737550684.447, "histogram_quantile(0.95, sum(rate(rpc_server_duration_milliseconds_bucket{job=\"opentelemetry-demo/productcatalogservice\"}[90s])) by (rpc_method, le))": 4.75, "product_catalog_latency": 4.75, "kubernetes_prometheus_rules": "kubernetes_prometheus_rules", "add_security_context": "add_security_context", "delay_treatment": "delay_treatment"}, {"rpc_method": "ListProducts", "timestamp": 1737550685.447, "histogram_quantile(0.95, sum(rate(rpc_server_duration_milliseconds_bucket{job=\"opentelemetry-demo/productcatalogservice\"}[90s])) by (rpc_method, le))": 4.75, "product_catalog_latency": 4.75, "kubernetes_prometheus_rules": "kubernetes_prometheus_rules", "add_security_context": "add_security_context", "delay_treatment": "delay_treatment"}, {"rpc_method": "ListProducts", "timestamp": 1737550686.447, "histogram_quantile(0.95, sum(rate(rpc_server_duration_milliseconds_bucket{job=\"opentelemetry-demo/productcatalogservice\"}[90s])) by (rpc_method, le))": 4.75, "product_catalog_latency": 4.75, "kubernetes_prometheus_rules": "kubernetes_prometheus_rules", "add_security_context": "add_security_context", "delay_treatment": "delay_treatment"}, {"rpc_method": "ListProducts", "timestamp": 1737550687.447, "histogram_quantile(0.95, sum(rate(rpc_server_duration_milliseconds_bucket{job=\"opentelemetry-demo/productcatalogservice\"}[90s])) by (rpc_method, le))": 4.75, "product_catalog_latency": 4.75, "kubernetes_prometheus_rules": "kubernetes_prometheus_rules", "add_security_context": "add_security_context", "delay_treatment": "delay_treatment"}, {"rpc_method": "ListProducts", "timestamp": 1737550688.447, "histogram_quantile(0.95, sum(rate(rpc_server_duration_milliseconds_bucket{job=\"opentelemetry-demo/productcatalogservice\"}[90s])) by (rpc_method, le))": 4.75, "product_catalog_latency": 4.75, "kubernetes_prometheus_rules": "kubernetes_prometheus_rules", "add_security_context": "add_security_context", "delay_treatment": "delay_treatment"}, {"rpc_method": "ListProducts", "timestamp": 1737550689.447, "histogram_quantile(0.95, sum(rate(rpc_server_duration_milliseconds_bucket{job=\"opentelemetry-demo/productcatalogservice\"}[90s])) by (rpc_method, le))": 4.75, "product_catalog_latency": 4.75, "kubernetes_prometheus_rules": "kubernetes_prometheus_rules", "add_security_context": "add_security_context", "delay_treatment": "delay_treatment"}, {"rpc_method": "ListProducts", "timestamp": 1737550690.447, "histogram_quantile(0.95, sum(rate(rpc_server_duration_milliseconds_bucket{job=\"opentelemetry-demo/productcatalogservice\"}[90s])) by (rpc_method, le))": 4.75, "product_catalog_latency": 4.75, "kubernetes_prometheus_rules": "kubernetes_prometheus_rules", "add_security_context": "add_security_context", "delay_treatment": "delay_treatment"}, {"rpc_method": "ListProducts", "timestamp": 1737550691.447, "histogram_quantile(0.95, sum(rate(rpc_server_duration_milliseconds_bucket{job=\"opentelemetry-demo/productcatalogservice\"}[90s])) by (rpc_method, le))": 4.75, "product_catalog_latency": 4.75, "kubernetes_prometheus_rules": "kubernetes_prometheus_rules", "add_security_context": "add_security_context", "delay_treatment": "delay_treatment"}, {"rpc_method": "ListProducts", "timestamp": 1737550692.447, "histogram_quantile(0.95, sum(rate(rpc_server_duration_milliseconds_bucket{job=\"opentelemetry-demo/productcatalogservice\"}[90s])) by (rpc_method, le))": 4.75, "product_catalog_latency": 4.75, "kubernetes_prometheus_rules": "kubernetes_prometheus_rules", "add_security_context": "add_security_context", "delay_treatment": "delay_treatment"}, {"rpc_method": "ListProducts", "timestamp": 1737550693.447, "histogram_quantile(0.95, sum(rate(rpc_server_duration_milliseconds_bucket{job=\"opentelemetry-demo/productcatalogservice\"}[90s])) by (rpc_method, le))": 4.75, "product_catalog_latency": 4.75, "kubernetes_prometheus_rules": "kubernetes_prometheus_rules", "add_security_context": "add_security_context", "delay_treatment": "delay_treatment"}, {"rpc_method": "ListProducts", "timestamp": 1737550694.447, "histogram_quantile(0.95, sum(rate(rpc_server_duration_milliseconds_bucket{job=\"opentelemetry-demo/productcatalogservice\"}[90s])) by (rpc_method, le))": 4.75, "product_catalog_latency": 4.75, "kubernetes_prometheus_rules": "kubernetes_prometheus_rules", "add_security_context": "add_security_context", "delay_treatment": "delay_treatment"}, {"rpc_method": "ListProducts", "timestamp": 1737550695.447, "histogram_quantile(0.95, sum(rate(rpc_server_duration_milliseconds_bucket{job=\"opentelemetry-demo/productcatalogservice\"}[90s])) by (rpc_method, le))": 4.75, "product_catalog_latency": 4.75, "kubernetes_prometheus_rules": "kubernetes_prometheus_rules", "add_security_context": "add_security_context", "delay_treatment": "delay_treatment"}, {"rpc_method": "ListProducts", "timestamp": 1737550696.447, "histogram_quantile(0.95, sum(rate(rpc_server_duration_milliseconds_bucket{job=\"opentelemetry-demo/productcatalogservice\"}[90s])) by (rpc_method, le))": 4.75, "product_catalog_latency": 4.75, "kubernetes_prometheus_rules": "kubernetes_prometheus_rules", "add_security_context": "add_security_context", "delay_treatment": "delay_treatment"}, {"rpc_method": "ListProducts", "timestamp": 1737550697.447, "histogram_quantile(0.95, sum(rate(rpc_server_duration_milliseconds_bucket{job=\"opentelemetry-demo/productcatalogservice\"}[90s])) by (rpc_method, le))": 4.75, "product_catalog_latency": 4.75, "kubernetes_prometheus_rules": "kubernetes_prometheus_rules", "add_security_context": "add_security_context", "delay_treatment": "delay_treatment"}, {"rpc_method": "ListProducts", "timestamp": 1737550698.447, "histogram_quantile(0.95, sum(rate(rpc_server_duration_milliseconds_bucket{job=\"opentelemetry-demo/productcatalogservice\"}[90s])) by (rpc_method, le))": 4.75, "product_catalog_latency": 4.75, "kubernetes_prometheus_rules": "kubernetes_prometheus_rules", "add_security_context": "add_security_context", "delay_treatment": "delay_treatment"}, {"rpc_method": "ListProducts", "timestamp": 1737550699.447, "histogram_quantile(0.95, sum(rate(rpc_server_duration_milliseconds_bucket{job=\"opentelemetry-demo/productcatalogservice\"}[90s])) by (rpc_method, le))": 4.75, "product_catalog_latency": 4.75, "kubernetes_prometheus_rules": "kubernetes_prometheus_rules", "add_security_context": "add_security_context", "delay_treatment": "delay_treatment"}, {"rpc_method": "ListProducts", "timestamp": 1737550700.447, "histogram_quantile(0.95, sum(rate(rpc_server_duration_milliseconds_bucket{job=\"opentelemetry-demo/productcatalogservice\"}[90s])) by (rpc_method, le))": 4.75, "product_catalog_latency": 4.75, "kubernetes_prometheus_rules": "kubernetes_prometheus_rules", "add_security_context": "add_security_context", "delay_treatment": "delay_treatment"}, {"rpc_method": "ListProducts", "timestamp": 1737550701.447, "histogram_quantile(0.95, sum(rate(rpc_server_duration_milliseconds_bucket{job=\"opentelemetry-demo/productcatalogservice\"}[90s])) by (rpc_method, le))": 4.75, "product_catalog_latency": 4.75, "kubernetes_prometheus_rules": "kubernetes_prometheus_rules", "add_security_context": "add_security_context", "delay_treatment": "delay_treatment"}, {"rpc_method": "ListProducts", "timestamp": 1737550702.447, "histogram_quantile(0.95, sum(rate(rpc_server_duration_milliseconds_bucket{job=\"opentelemetry-demo/productcatalogservice\"}[90s])) by (rpc_method, le))": 4.75, "product_catalog_latency": 4.75, "kubernetes_prometheus_rules": "kubernetes_prometheus_rules", "add_security_context": "add_security_context", "delay_treatment": "delay_treatment"}, {"rpc_method": "ListProducts", "timestamp": 1737550703.447, "histogram_quantile(0.95, sum(rate(rpc_server_duration_milliseconds_bucket{job=\"opentelemetry-demo/productcatalogservice\"}[90s])) by (rpc_method, le))": 4.75, "product_catalog_latency": 4.75, "kubernetes_prometheus_rules": "kubernetes_prometheus_rules", "add_security_context": "add_security_context", "delay_treatment": "delay_treatment"}, {"rpc_method": "ListProducts", "timestamp": 1737550704.447, "histogram_quantile(0.95, sum(rate(rpc_server_duration_milliseconds_bucket{job=\"opentelemetry-demo/productcatalogservice\"}[90s])) by (rpc_method, le))": 4.75, "product_catalog_latency": 4.75, "kubernetes_prometheus_rules": "kubernetes_prometheus_rules", "add_security_context": "add_security_context", "delay_treatment": "delay_treatment"}, {"rpc_method": "ListProducts", "timestamp": 1737550705.447, "histogram_quantile(0.95, sum(rate(rpc_server_duration_milliseconds_bucket{job=\"opentelemetry-demo/productcatalogservice\"}[90s])) by (rpc_method, le))": 4.75, "product_catalog_latency": 4.75, "kubernetes_prometheus_rules": "kubernetes_prometheus_rules", "add_security_context": "add_security_context", "delay_treatment": "delay_treatment"}, {"rpc_method": "ListProducts", "timestamp": 1737550706.447, "histogram_quantile(0.95, sum(rate(rpc_server_duration_milliseconds_bucket{job=\"opentelemetry-demo/productcatalogservice\"}[90s])) by (rpc_method, le))": 4.75, "product_catalog_latency": 4.75, "kubernetes_prometheus_rules": "kubernetes_prometheus_rules", "add_security_context": "add_security_context", "delay_treatment": "delay_treatment"}, {"rpc_method": "ListProducts", "timestamp": 1737550737.447, "histogram_quantile(0.95, sum(rate(rpc_server_duration_milliseconds_bucket{job=\"opentelemetry-demo/productcatalogservice\"}[90s])) by (rpc_method, le))": 4.75, "product_catalog_latency": 4.75, "kubernetes_prometheus_rules": "kubernetes_prometheus_rules", "add_security_context": "add_security_context", "delay_treatment": "delay_treatment"}, {"rpc_method": "ListProducts", "timestamp": 1737550738.447, "histogram_quantile(0.95, sum(rate(rpc_server_duration_milliseconds_bucket{job=\"opentelemetry-demo/productcatalogservice\"}[90s])) by (rpc_method, le))": 4.75, "product_catalog_latency": 4.75, "kubernetes_prometheus_rules": "kubernetes_prometheus_rules", "add_security_context": "add_security_context", "delay_treatment": "delay_treatment"}, {"rpc_method": "ListProducts", "timestamp": 1737550739.447, "histogram_quantile(0.95, sum(rate(rpc_server_duration_milliseconds_bucket{job=\"opentelemetry-demo/productcatalogservice\"}[90s])) by (rpc_method, le))": 4.75, "product_catalog_latency": 4.75, "kubernetes_prometheus_rules": "kubernetes_prometheus_rules", "add_security_context": "add_security_context", "delay_treatment": "delay_treatment"}, {"rpc_method": "ListProducts", "timestamp": 1737550740.447, "histogram_quantile(0.95, sum(rate(rpc_server_duration_milliseconds_bucket{job=\"opentelemetry-demo/productcatalogservice\"}[90s])) by (rpc_method, le))": 4.75, "product_catalog_latency": 4.75, "kubernetes_prometheus_rules": "kubernetes_prometheus_rules", "add_security_context": "add_security_context", "delay_treatment": "delay_treatment"}, {"rpc_method": "ListProducts", "timestamp": 1737550741.447, "histogram_quantile(0.95, sum(rate(rpc_server_duration_milliseconds_bucket{job=\"opentelemetry-demo/productcatalogservice\"}[90s])) by (rpc_method, le))": 4.75, "product_catalog_latency": 4.75, "kubernetes_prometheus_rules": "NoTreatment", "add_security_context": "NoTreatment", "delay_treatment": "NoTreatment"}, {"rpc_method": "ListProducts", "timestamp": 1737550742.447, "histogram_quantile(0.95, sum(rate(rpc_server_duration_milliseconds_bucket{job=\"opentelemetry-demo/productcatalogservice\"}[90s])) by (rpc_method, le))": 4.75, "product_catalog_latency": 4.75, "kubernetes_prometheus_rules": "NoTreatment", "add_security_context": "NoTreatment", "delay_treatment": "NoTreatment"}, {"rpc_method": "ListProducts", "timestamp": 1737550743.447, "histogram_quantile(0.95, sum(rate(rpc_server_duration_milliseconds_bucket{job=\"opentelemetry-demo/productcatalogservice\"}[90s])) by (rpc_method, le))": 4.75, "product_catalog_latency": 4.75, "kubernetes_prometheus_rules": "NoTreatment", "add_security_context": "NoTreatment", "delay_treatment": "NoTreatment"}, {"rpc_method": "ListProducts", "timestamp": 1737550744.447, "histogram_quantile(0.95, sum(rate(rpc_server_duration_milliseconds_bucket{job=\"opentelemetry-demo/productcatalogservice\"}[90s])) by (rpc_method, le))": 4.75, "product_catalog_latency": 4.75, "kubernetes_prometheus_rules": "NoTreatment", "add_security_context": "NoTreatment", "delay_treatment": "NoTreatment"}, {"rpc_method": "ListProducts", "timestamp": 1737550745.447, "histogram_quantile(0.95, sum(rate(rpc_server_duration_milliseconds_bucket{job=\"opentelemetry-demo/productcatalogservice\"}[90s])) by (rpc_method, le))": 4.75, "product_catalog_latency": 4.75, "kubernetes_prometheus_rules": "NoTreatment", "add_security_context": "NoTreatment", "delay_treatment": "NoTreatment"}, {"rpc_method": "ListProducts", "timestamp": 1737550746.447, "histogram_quantile(0.95, sum(rate(rpc_server_duration_milliseconds_bucket{job=\"opentelemetry-demo/productcatalogservice\"}[90s])) by (rpc_method, le))": 4.75, "product_catalog_latency": 4.75, "kubernetes_prometheus_rules": "NoTreatment", "add_security_context": "NoTreatment", "delay_treatment": "NoTreatment"}, {"rpc_method": "ListProducts", "timestamp": 1737550747.447, "histogram_quantile(0.95, sum(rate(rpc_server_duration_milliseconds_bucket{job=\"opentelemetry-demo/productcatalogservice\"}[90s])) by (rpc_method, le))": 4.75, "product_catalog_latency": 4.75, "kubernetes_prometheus_rules": "NoTreatment", "add_security_context": "NoTreatment", "delay_treatment": "NoTreatment"}, {"rpc_method": "ListProducts", "timestamp": 1737550748.447, "histogram_quantile(0.95, sum(rate(rpc_server_duration_milliseconds_bucket{job=\"opentelemetry-demo/productcatalogservice\"}[90s])) by (rpc_method, le))": 4.75, "product_catalog_latency": 4.75, "kubernetes_prometheus_rules": "NoTreatment", "add_security_context": "NoTreatment", "delay_treatment": "NoTreatment"}, {"rpc_method": "ListProducts", "timestamp": 1737550749.447, "histogram_quantile(0.95, sum(rate(rpc_server_duration_milliseconds_bucket{job=\"opentelemetry-demo/productcatalogservice\"}[90s])) by (rpc_method, le))": 4.75, "product_catalog_latency": 4.75, "kubernetes_prometheus_rules": "NoTreatment", "add_security_context": "NoTreatment", "delay_treatment": "NoTreatment"}, {"rpc_method": "ListProducts", "timestamp": 1737550750.447, "histogram_quantile(0.95, sum(rate(rpc_server_duration_milliseconds_bucket{job=\"opentelemetry-demo/productcatalogservice\"}[90s])) by (rpc_method, le))": 4.75, "product_catalog_latency": 4.75, "kubernetes_prometheus_rules": "NoTreatment", "add_security_context": "NoTreatment", "delay_treatment": "NoTreatment"}]