[{"pod": "astronomy-shop-recommendationservice-7b9564b48f-s8x9k", "timestamp": 1737549027.765, "sum(rate(container_cpu_usage_seconds_total{namespace=\"system-under-evaluation\", pod=~\"astronomy-shop-recommendationservice.*\"}[90s])) by (pod)": 0.08994150336390747, "recommendation_deployment_CPU": 0.08994150336390747, "kubernetes_prometheus_rules": "kubernetes_prometheus_rules", "add_security_context": "NoTreatment", "delay_treatment": "NoTreatment"}, {"pod": "astronomy-shop-recommendationservice-7b9564b48f-s8x9k", "timestamp": 1737549028.765, "sum(rate(container_cpu_usage_seconds_total{namespace=\"system-under-evaluation\", pod=~\"astronomy-shop-recommendationservice.*\"}[90s])) by (pod)": 0.08994150336390747, "recommendation_deployment_CPU": 0.08994150336390747, "kubernetes_prometheus_rules": "kubernetes_prometheus_rules", "add_security_context": "NoTreatment", "delay_treatment": "NoTreatment"}, {"pod": "astronomy-shop-recommendationservice-7b9564b48f-s8x9k", "timestamp": 1737549029.765, "sum(rate(container_cpu_usage_seconds_total{namespace=\"system-under-evaluation\", pod=~\"astronomy-shop-recommendationservice.*\"}[90s])) by (pod)": 0.08994150336390747, "recommendation_deployment_CPU": 0.08994150336390747, "kubernetes_prometheus_rules": "kubernetes_prometheus_rules", "add_security_context": "NoTreatment", "delay_treatment": "NoTreatment"}, {"pod": "astronomy-shop-recommendationservice-7b9564b48f-s8x9k", "timestamp": 1737549030.765, "sum(rate(container_cpu_usage_seconds_total{namespace=\"system-under-evaluation\", pod=~\"astronomy-shop-recommendationservice.*\"}[90s])) by (pod)": 0.08994150336390747, "recommendation_deployment_CPU": 0.08994150336390747, "kubernetes_prometheus_rules": "kubernetes_prometheus_rules", "add_security_context": "NoTreatment", "delay_treatment": "NoTreatment"}, {"pod": "astronomy-shop-recommendationservice-7b9564b48f-s8x9k", "timestamp": 1737549031.765, "sum(rate(container_cpu_usage_seconds_total{namespace=\"system-under-evaluation\", pod=~\"astronomy-shop-recommendationservice.*\"}[90s])) by (pod)": 0.08994150336390747, "recommendation_deployment_CPU": 0.08994150336390747, "kubernetes_prometheus_rules": "kubernetes_prometheus_rules", "add_security_context": "NoTreatment", "delay_treatment": "NoTreatment"}, {"pod": "astronomy-shop-recommendationservice-7b9564b48f-s8x9k", "timestamp": 1737549032.765, "sum(rate(container_cpu_usage_seconds_total{namespace=\"system-under-evaluation\", pod=~\"astronomy-shop-recommendationservice.*\"}[90s])) by (pod)": 0.08994150336390747, "recommendation_deployment_CPU": 0.08994150336390747, "kubernetes_prometheus_rules": "kubernetes_prometheus_rules", "add_security_context": "NoTreatment", "delay_treatment": "NoTreatment"}, {"pod": "astronomy-shop-recommendationservice-7b9564b48f-s8x9k", "timestamp": 1737549033.765, "sum(rate(container_cpu_usage_seconds_total{namespace=\"system-under-evaluation\", pod=~\"astronomy-shop-recommendationservice.*\"}[90s])) by (pod)": 0.08994150336390747, "recommendation_deployment_CPU": 0.08994150336390747, "kubernetes_prometheus_rules": "kubernetes_prometheus_rules", "add_security_context": "NoTreatment", "delay_treatment": "NoTreatment"}, {"pod": "astronomy-shop-recommendationservice-7b9564b48f-s8x9k", "timestamp": 1737549034.765, "sum(rate(container_cpu_usage_seconds_total{namespace=\"system-under-evaluation\", pod=~\"astronomy-shop-recommendationservice.*\"}[90s])) by (pod)": 0.08994150336390747, "recommendation_deployment_CPU": 0.08994150336390747, "kubernetes_prometheus_rules": "kubernetes_prometheus_rules", "add_security_context": "NoTreatment", "delay_treatment": "NoTreatment"}, {"pod": "astronomy-shop-recommendationservice-7b9564b48f-s8x9k", "timestamp": 1737549035.765, "sum(rate(container_cpu_usage_seconds_total{namespace=\"system-under-evaluation\", pod=~\"astronomy-shop-recommendationservice.*\"}[90s])) by (pod)": 0.08994150336390747, "recommendation_deployment_CPU": 0.08994150336390747, "kubernetes_prometheus_rules": "kubernetes_prometheus_rules", "add_security_context": "NoTreatment", "delay_treatment": "NoTreatment"}, {"pod": "astronomy-shop-recommendationservice-7b9564b48f-s8x9k", "timestamp": 1737549036.765, "sum(rate(container_cpu_usage_seconds_total{namespace=\"system-under-evaluation\", pod=~\"astronomy-shop-recommendationservice.*\"}[90s])) by (pod)": 0.08994150336390747, "recommendation_deployment_CPU": 0.08994150336390747, "kubernetes_prometheus_rules": "kubernetes_prometheus_rules", "add_security_context": "NoTreatment", "delay_treatment": "NoTreatment"}, {"pod": "astronomy-shop-recommendationservice-7b9564b48f-s8x9k", "timestamp": 1737549037.765, "sum(rate(container_cpu_usage_seconds_total{namespace=\"system-under-evaluation\", pod=~\"astronomy-shop-recommendationservice.*\"}[90s])) by (pod)": 0.08274043784502798, "recommendation_deployment_CPU": 0.08274043784502798, "kubernetes_prometheus_rules": "kubernetes_prometheus_rules", "add_security_context": "add_security_context", "delay_treatment": "NoTreatment"}, {"pod": "astronomy-shop-recommendationservice-7b9564b48f-s8x9k", "timestamp": 1737549038.765, "sum(rate(container_cpu_usage_seconds_total{namespace=\"system-under-evaluation\", pod=~\"astronomy-shop-recommendationservice.*\"}[90s])) by (pod)": 0.016477003888280235, "recommendation_deployment_CPU": 0.016477003888280235, "kubernetes_prometheus_rules": "kubernetes_prometheus_rules", "add_security_context": "add_security_context", "delay_treatment": "delay_treatment"}, {"pod": "astronomy-shop-recommendationservice-7b9564b48f-s8x9k", "timestamp": 1737549039.765, "sum(rate(container_cpu_usage_seconds_total{namespace=\"system-under-evaluation\", pod=~\"astronomy-shop-recommendationservice.*\"}[90s])) by (pod)": 0.016572268008312373, "recommendation_deployment_CPU": 0.016572268008312373, "kubernetes_prometheus_rules": "kubernetes_prometheus_rules", "add_security_context": "add_security_context", "delay_treatment": "delay_treatment"}, {"pod": "astronomy-shop-recommendationservice-7b9564b48f-s8x9k", "timestamp": 1737549040.765, "sum(rate(container_cpu_usage_seconds_total{namespace=\"system-under-evaluation\", pod=~\"astronomy-shop-recommendationservice.*\"}[90s])) by (pod)": 0.016667532128344507, "recommendation_deployment_CPU": 0.016667532128344507, "kubernetes_prometheus_rules": "kubernetes_prometheus_rules", "add_security_context": "add_security_context", "delay_treatment": "delay_treatment"}, {"pod": "astronomy-shop-recommendationservice-7b9564b48f-s8x9k", "timestamp": 1737549041.765, "sum(rate(container_cpu_usage_seconds_total{namespace=\"system-under-evaluation\", pod=~\"astronomy-shop-recommendationservice.*\"}[90s])) by (pod)": 0.013327826076693007, "recommendation_deployment_CPU": 0.013327826076693007, "kubernetes_prometheus_rules": "kubernetes_prometheus_rules", "add_security_context": "add_security_context", "delay_treatment": "delay_treatment"}, {"pod": "astronomy-shop-recommendationservice-7b9564b48f-s8x9k", "timestamp": 1737549042.765, "sum(rate(container_cpu_usage_seconds_total{namespace=\"system-under-evaluation\", pod=~\"astronomy-shop-recommendationservice.*\"}[90s])) by (pod)": 0.013517058853015306, "recommendation_deployment_CPU": 0.013517058853015306, "kubernetes_prometheus_rules": "kubernetes_prometheus_rules", "add_security_context": "add_security_context", "delay_treatment": "delay_treatment"}, {"pod": "astronomy-shop-recommendationservice-7b9564b48f-s8x9k", "timestamp": 1737549043.765, "sum(rate(container_cpu_usage_seconds_total{namespace=\"system-under-evaluation\", pod=~\"astronomy-shop-recommendationservice.*\"}[90s])) by (pod)": 0.013706291629337604, "recommendation_deployment_CPU": 0.013706291629337604, "kubernetes_prometheus_rules": "kubernetes_prometheus_rules", "add_security_context": "add_security_context", "delay_treatment": "delay_treatment"}, {"pod": "astronomy-shop-recommendationservice-7b9564b48f-s8x9k", "timestamp": 1737549044.765, "sum(rate(container_cpu_usage_seconds_total{namespace=\"system-under-evaluation\", pod=~\"astronomy-shop-recommendationservice.*\"}[90s])) by (pod)": 0.013895524405659901, "recommendation_deployment_CPU": 0.013895524405659901, "kubernetes_prometheus_rules": "kubernetes_prometheus_rules", "add_security_context": "add_security_context", "delay_treatment": "delay_treatment"}, {"pod": "astronomy-shop-recommendationservice-7b9564b48f-s8x9k", "timestamp": 1737549045.765, "sum(rate(container_cpu_usage_seconds_total{namespace=\"system-under-evaluation\", pod=~\"astronomy-shop-recommendationservice.*\"}[90s])) by (pod)": 0.01703094986900685, "recommendation_deployment_CPU": 0.01703094986900685, "kubernetes_prometheus_rules": "kubernetes_prometheus_rules", "add_security_context": "add_security_context", "delay_treatment": "delay_treatment"}, {"pod": "astronomy-shop-recommendationservice-7b9564b48f-s8x9k", "timestamp": 1737549046.765, "sum(rate(container_cpu_usage_seconds_total{namespace=\"system-under-evaluation\", pod=~\"astronomy-shop-recommendationservice.*\"}[90s])) by (pod)": 0.01703094986900685, "recommendation_deployment_CPU": 0.01703094986900685, "kubernetes_prometheus_rules": "kubernetes_prometheus_rules", "add_security_context": "add_security_context", "delay_treatment": "delay_treatment"}, {"pod": "astronomy-shop-recommendationservice-7b9564b48f-s8x9k", "timestamp": 1737549047.765, "sum(rate(container_cpu_usage_seconds_total{namespace=\"system-under-evaluation\", pod=~\"astronomy-shop-recommendationservice.*\"}[90s])) by (pod)": 0.01703094986900685, "recommendation_deployment_CPU": 0.01703094986900685, "kubernetes_prometheus_rules": "kubernetes_prometheus_rules", "add_security_context": "add_security_context", "delay_treatment": "delay_treatment"}, {"pod": "astronomy-shop-recommendationservice-7b9564b48f-s8x9k", "timestamp": 1737549048.765, "sum(rate(container_cpu_usage_seconds_total{namespace=\"system-under-evaluation\", pod=~\"astronomy-shop-recommendationservice.*\"}[90s])) by (pod)": 0.01703094986900685, "recommendation_deployment_CPU": 0.01703094986900685, "kubernetes_prometheus_rules": "kubernetes_prometheus_rules", "add_security_context": "add_security_context", "delay_treatment": "delay_treatment"}, {"pod": "astronomy-shop-recommendationservice-7b9564b48f-s8x9k", "timestamp": 1737549049.765, "sum(rate(container_cpu_usage_seconds_total{namespace=\"system-under-evaluation\", pod=~\"astronomy-shop-recommendationservice.*\"}[90s])) by (pod)": 0.01703094986900685, "recommendation_deployment_CPU": 0.01703094986900685, "kubernetes_prometheus_rules": "kubernetes_prometheus_rules", "add_security_context": "add_security_context", "delay_treatment": "delay_treatment"}, {"pod": "astronomy-shop-recommendationservice-7b9564b48f-s8x9k", "timestamp": 1737549050.765, "sum(rate(container_cpu_usage_seconds_total{namespace=\"system-under-evaluation\", pod=~\"astronomy-shop-recommendationservice.*\"}[90s])) by (pod)": 0.01703094986900685, "recommendation_deployment_CPU": 0.01703094986900685, "kubernetes_prometheus_rules": "kubernetes_prometheus_rules", "add_security_context": "add_security_context", "delay_treatment": "delay_treatment"}, {"pod": "astronomy-shop-recommendationservice-7b9564b48f-s8x9k", "timestamp": 1737549051.765, "sum(rate(container_cpu_usage_seconds_total{namespace=\"system-under-evaluation\", pod=~\"astronomy-shop-recommendationservice.*\"}[90s])) by (pod)": 0.01703094986900685, "recommendation_deployment_CPU": 0.01703094986900685, "kubernetes_prometheus_rules": "kubernetes_prometheus_rules", "add_security_context": "add_security_context", "delay_treatment": "delay_treatment"}, {"pod": "astronomy-shop-recommendationservice-7b9564b48f-s8x9k", "timestamp": 1737549052.765, "sum(rate(container_cpu_usage_seconds_total{namespace=\"system-under-evaluation\", pod=~\"astronomy-shop-recommendationservice.*\"}[90s])) by (pod)": 0.01703094986900685, "recommendation_deployment_CPU": 0.01703094986900685, "kubernetes_prometheus_rules": "kubernetes_prometheus_rules", "add_security_context": "add_security_context", "delay_treatment": "delay_treatment"}, {"pod": "astronomy-shop-recommendationservice-7b9564b48f-s8x9k", "timestamp": 1737549053.765, "sum(rate(container_cpu_usage_seconds_total{namespace=\"system-under-evaluation\", pod=~\"astronomy-shop-recommendationservice.*\"}[90s])) by (pod)": 0.01703094986900685, "recommendation_deployment_CPU": 0.01703094986900685, "kubernetes_prometheus_rules": "kubernetes_prometheus_rules", "add_security_context": "add_security_context", "delay_treatment": "delay_treatment"}, {"pod": "astronomy-shop-recommendationservice-7b9564b48f-s8x9k", "timestamp": 1737549054.765, "sum(rate(container_cpu_usage_seconds_total{namespace=\"system-under-evaluation\", pod=~\"astronomy-shop-recommendationservice.*\"}[90s])) by (pod)": 0.01703094986900685, "recommendation_deployment_CPU": 0.01703094986900685, "kubernetes_prometheus_rules": "kubernetes_prometheus_rules", "add_security_context": "add_security_context", "delay_treatment": "delay_treatment"}, {"pod": "astronomy-shop-recommendationservice-7b9564b48f-s8x9k", "timestamp": 1737549055.765, "sum(rate(container_cpu_usage_seconds_total{namespace=\"system-under-evaluation\", pod=~\"astronomy-shop-recommendationservice.*\"}[90s])) by (pod)": 0.01703094986900685, "recommendation_deployment_CPU": 0.01703094986900685, "kubernetes_prometheus_rules": "kubernetes_prometheus_rules", "add_security_context": "add_security_context", "delay_treatment": "delay_treatment"}, {"pod": "astronomy-shop-recommendationservice-7b9564b48f-s8x9k", "timestamp": 1737549056.765, "sum(rate(container_cpu_usage_seconds_total{namespace=\"system-under-evaluation\", pod=~\"astronomy-shop-recommendationservice.*\"}[90s])) by (pod)": 0.01703094986900685, "recommendation_deployment_CPU": 0.01703094986900685, "kubernetes_prometheus_rules": "kubernetes_prometheus_rules", "add_security_context": "add_security_context", "delay_treatment": "delay_treatment"}, {"pod": "astronomy-shop-recommendationservice-7b9564b48f-s8x9k", "timestamp": 1737549057.765, "sum(rate(container_cpu_usage_seconds_total{namespace=\"system-under-evaluation\", pod=~\"astronomy-shop-recommendationservice.*\"}[90s])) by (pod)": 0.01703094986900685, "recommendation_deployment_CPU": 0.01703094986900685, "kubernetes_prometheus_rules": "kubernetes_prometheus_rules", "add_security_context": "add_security_context", "delay_treatment": "delay_treatment"}, {"pod": "astronomy-shop-recommendationservice-7b9564b48f-s8x9k", "timestamp": 1737549058.765, "sum(rate(container_cpu_usage_seconds_total{namespace=\"system-under-evaluation\", pod=~\"astronomy-shop-recommendationservice.*\"}[90s])) by (pod)": 0.01703094986900685, "recommendation_deployment_CPU": 0.01703094986900685, "kubernetes_prometheus_rules": "kubernetes_prometheus_rules", "add_security_context": "add_security_context", "delay_treatment": "delay_treatment"}, {"pod": "astronomy-shop-recommendationservice-7b9564b48f-s8x9k", "timestamp": 1737549059.765, "sum(rate(container_cpu_usage_seconds_total{namespace=\"system-under-evaluation\", pod=~\"astronomy-shop-recommendationservice.*\"}[90s])) by (pod)": 0.01703094986900685, "recommendation_deployment_CPU": 0.01703094986900685, "kubernetes_prometheus_rules": "kubernetes_prometheus_rules", "add_security_context": "add_security_context", "delay_treatment": "delay_treatment"}, {"pod": "astronomy-shop-recommendationservice-7b9564b48f-s8x9k", "timestamp": 1737549060.765, "sum(rate(container_cpu_usage_seconds_total{namespace=\"system-under-evaluation\", pod=~\"astronomy-shop-recommendationservice.*\"}[90s])) by (pod)": 0.01703094986900685, "recommendation_deployment_CPU": 0.01703094986900685, "kubernetes_prometheus_rules": "kubernetes_prometheus_rules", "add_security_context": "add_security_context", "delay_treatment": "delay_treatment"}, {"pod": "astronomy-shop-recommendationservice-7b9564b48f-s8x9k", "timestamp": 1737549061.765, "sum(rate(container_cpu_usage_seconds_total{namespace=\"system-under-evaluation\", pod=~\"astronomy-shop-recommendationservice.*\"}[90s])) by (pod)": 0.01703094986900685, "recommendation_deployment_CPU": 0.01703094986900685, "kubernetes_prometheus_rules": "kubernetes_prometheus_rules", "add_security_context": "add_security_context", "delay_treatment": "delay_treatment"}, {"pod": "astronomy-shop-recommendationservice-7b9564b48f-s8x9k", "timestamp": 1737549062.765, "sum(rate(container_cpu_usage_seconds_total{namespace=\"system-under-evaluation\", pod=~\"astronomy-shop-recommendationservice.*\"}[90s])) by (pod)": 0.01703094986900685, "recommendation_deployment_CPU": 0.01703094986900685, "kubernetes_prometheus_rules": "kubernetes_prometheus_rules", "add_security_context": "add_security_context", "delay_treatment": "delay_treatment"}, {"pod": "astronomy-shop-recommendationservice-7b9564b48f-s8x9k", "timestamp": 1737549063.765, "sum(rate(container_cpu_usage_seconds_total{namespace=\"system-under-evaluation\", pod=~\"astronomy-shop-recommendationservice.*\"}[90s])) by (pod)": 0.01703094986900685, "recommendation_deployment_CPU": 0.01703094986900685, "kubernetes_prometheus_rules": "kubernetes_prometheus_rules", "add_security_context": "add_security_context", "delay_treatment": "delay_treatment"}, {"pod": "astronomy-shop-recommendationservice-7b9564b48f-s8x9k", "timestamp": 1737549064.765, "sum(rate(container_cpu_usage_seconds_total{namespace=\"system-under-evaluation\", pod=~\"astronomy-shop-recommendationservice.*\"}[90s])) by (pod)": 0.01703094986900685, "recommendation_deployment_CPU": 0.01703094986900685, "kubernetes_prometheus_rules": "kubernetes_prometheus_rules", "add_security_context": "add_security_context", "delay_treatment": "delay_treatment"}, {"pod": "astronomy-shop-recommendationservice-7b9564b48f-s8x9k", "timestamp": 1737549065.765, "sum(rate(container_cpu_usage_seconds_total{namespace=\"system-under-evaluation\", pod=~\"astronomy-shop-recommendationservice.*\"}[90s])) by (pod)": 0.01703094986900685, "recommendation_deployment_CPU": 0.01703094986900685, "kubernetes_prometheus_rules": "kubernetes_prometheus_rules", "add_security_context": "add_security_context", "delay_treatment": "delay_treatment"}, {"pod": "astronomy-shop-recommendationservice-7b9564b48f-s8x9k", "timestamp": 1737549066.765, "sum(rate(container_cpu_usage_seconds_total{namespace=\"system-under-evaluation\", pod=~\"astronomy-shop-recommendationservice.*\"}[90s])) by (pod)": 0.015439205503419876, "recommendation_deployment_CPU": 0.015439205503419876, "kubernetes_prometheus_rules": "kubernetes_prometheus_rules", "add_security_context": "add_security_context", "delay_treatment": "delay_treatment"}, {"pod": "astronomy-shop-recommendationservice-7b9564b48f-s8x9k", "timestamp": 1737549067.765, "sum(rate(container_cpu_usage_seconds_total{namespace=\"system-under-evaluation\", pod=~\"astronomy-shop-recommendationservice.*\"}[90s])) by (pod)": 0.015343941383387738, "recommendation_deployment_CPU": 0.015343941383387738, "kubernetes_prometheus_rules": "kubernetes_prometheus_rules", "add_security_context": "add_security_context", "delay_treatment": "delay_treatment"}, {"pod": "astronomy-shop-recommendationservice-7b9564b48f-s8x9k", "timestamp": 1737549068.765, "sum(rate(container_cpu_usage_seconds_total{namespace=\"system-under-evaluation\", pod=~\"astronomy-shop-recommendationservice.*\"}[90s])) by (pod)": 0.0152486772633556, "recommendation_deployment_CPU": 0.0152486772633556, "kubernetes_prometheus_rules": "kubernetes_prometheus_rules", "add_security_context": "add_security_context", "delay_treatment": "delay_treatment"}, {"pod": "astronomy-shop-recommendationservice-7b9564b48f-s8x9k", "timestamp": 1737549069.765, "sum(rate(container_cpu_usage_seconds_total{namespace=\"system-under-evaluation\", pod=~\"astronomy-shop-recommendationservice.*\"}[90s])) by (pod)": 0.015153413143323465, "recommendation_deployment_CPU": 0.015153413143323465, "kubernetes_prometheus_rules": "kubernetes_prometheus_rules", "add_security_context": "add_security_context", "delay_treatment": "delay_treatment"}, {"pod": "astronomy-shop-recommendationservice-7b9564b48f-s8x9k", "timestamp": 1737549070.765, "sum(rate(container_cpu_usage_seconds_total{namespace=\"system-under-evaluation\", pod=~\"astronomy-shop-recommendationservice.*\"}[90s])) by (pod)": 0.015058149023291327, "recommendation_deployment_CPU": 0.015058149023291327, "kubernetes_prometheus_rules": "kubernetes_prometheus_rules", "add_security_context": "add_security_context", "delay_treatment": "delay_treatment"}, {"pod": "astronomy-shop-recommendationservice-7b9564b48f-s8x9k", "timestamp": 1737549071.765, "sum(rate(container_cpu_usage_seconds_total{namespace=\"system-under-evaluation\", pod=~\"astronomy-shop-recommendationservice.*\"}[90s])) by (pod)": 0.01496288490325919, "recommendation_deployment_CPU": 0.01496288490325919, "kubernetes_prometheus_rules": "kubernetes_prometheus_rules", "add_security_context": "add_security_context", "delay_treatment": "delay_treatment"}, {"pod": "astronomy-shop-recommendationservice-7b9564b48f-s8x9k", "timestamp": 1737549072.765, "sum(rate(container_cpu_usage_seconds_total{namespace=\"system-under-evaluation\", pod=~\"astronomy-shop-recommendationservice.*\"}[90s])) by (pod)": 0.013263857726322872, "recommendation_deployment_CPU": 0.013263857726322872, "kubernetes_prometheus_rules": "kubernetes_prometheus_rules", "add_security_context": "add_security_context", "delay_treatment": "delay_treatment"}, {"pod": "astronomy-shop-recommendationservice-7b9564b48f-s8x9k", "timestamp": 1737549073.765, "sum(rate(container_cpu_usage_seconds_total{namespace=\"system-under-evaluation\", pod=~\"astronomy-shop-recommendationservice.*\"}[90s])) by (pod)": 0.03965587500474278, "recommendation_deployment_CPU": 0.03965587500474278, "kubernetes_prometheus_rules": "kubernetes_prometheus_rules", "add_security_context": "add_security_context", "delay_treatment": "delay_treatment"}, {"pod": "astronomy-shop-recommendationservice-7b9564b48f-s8x9k", "timestamp": 1737549074.765, "sum(rate(container_cpu_usage_seconds_total{namespace=\"system-under-evaluation\", pod=~\"astronomy-shop-recommendationservice.*\"}[90s])) by (pod)": 0.03400180851877363, "recommendation_deployment_CPU": 0.03400180851877363, "kubernetes_prometheus_rules": "kubernetes_prometheus_rules", "add_security_context": "add_security_context", "delay_treatment": "delay_treatment"}, {"pod": "astronomy-shop-recommendationservice-7b9564b48f-s8x9k", "timestamp": 1737549075.765, "sum(rate(container_cpu_usage_seconds_total{namespace=\"system-under-evaluation\", pod=~\"astronomy-shop-recommendationservice.*\"}[90s])) by (pod)": 0.0765147846279941, "recommendation_deployment_CPU": 0.0765147846279941, "kubernetes_prometheus_rules": "kubernetes_prometheus_rules", "add_security_context": "add_security_context", "delay_treatment": "delay_treatment"}, {"pod": "astronomy-shop-recommendationservice-7b9564b48f-s8x9k", "timestamp": 1737549076.765, "sum(rate(container_cpu_usage_seconds_total{namespace=\"system-under-evaluation\", pod=~\"astronomy-shop-recommendationservice.*\"}[90s])) by (pod)": 0.0776608575835513, "recommendation_deployment_CPU": 0.0776608575835513, "kubernetes_prometheus_rules": "kubernetes_prometheus_rules", "add_security_context": "add_security_context", "delay_treatment": "delay_treatment"}, {"pod": "astronomy-shop-recommendationservice-7b9564b48f-s8x9k", "timestamp": 1737549077.765, "sum(rate(container_cpu_usage_seconds_total{namespace=\"system-under-evaluation\", pod=~\"astronomy-shop-recommendationservice.*\"}[90s])) by (pod)": 0.07880693053910853, "recommendation_deployment_CPU": 0.07880693053910853, "kubernetes_prometheus_rules": "kubernetes_prometheus_rules", "add_security_context": "add_security_context", "delay_treatment": "delay_treatment"}, {"pod": "astronomy-shop-recommendationservice-7b9564b48f-s8x9k", "timestamp": 1737549078.765, "sum(rate(container_cpu_usage_seconds_total{namespace=\"system-under-evaluation\", pod=~\"astronomy-shop-recommendationservice.*\"}[90s])) by (pod)": 0.07995300349466575, "recommendation_deployment_CPU": 0.07995300349466575, "kubernetes_prometheus_rules": "kubernetes_prometheus_rules", "add_security_context": "add_security_context", "delay_treatment": "delay_treatment"}, {"pod": "astronomy-shop-recommendationservice-7b9564b48f-s8x9k", "timestamp": 1737549079.765, "sum(rate(container_cpu_usage_seconds_total{namespace=\"system-under-evaluation\", pod=~\"astronomy-shop-recommendationservice.*\"}[90s])) by (pod)": 0.08109907645022296, "recommendation_deployment_CPU": 0.08109907645022296, "kubernetes_prometheus_rules": "kubernetes_prometheus_rules", "add_security_context": "add_security_context", "delay_treatment": "delay_treatment"}, {"pod": "astronomy-shop-recommendationservice-7b9564b48f-s8x9k", "timestamp": 1737549080.765, "sum(rate(container_cpu_usage_seconds_total{namespace=\"system-under-evaluation\", pod=~\"astronomy-shop-recommendationservice.*\"}[90s])) by (pod)": 0.08224514940578018, "recommendation_deployment_CPU": 0.08224514940578018, "kubernetes_prometheus_rules": "kubernetes_prometheus_rules", "add_security_context": "add_security_context", "delay_treatment": "delay_treatment"}, {"pod": "astronomy-shop-recommendationservice-7b9564b48f-s8x9k", "timestamp": 1737549081.765, "sum(rate(container_cpu_usage_seconds_total{namespace=\"system-under-evaluation\", pod=~\"astronomy-shop-recommendationservice.*\"}[90s])) by (pod)": 0.08339122236133739, "recommendation_deployment_CPU": 0.08339122236133739, "kubernetes_prometheus_rules": "kubernetes_prometheus_rules", "add_security_context": "add_security_context", "delay_treatment": "delay_treatment"}, {"pod": "astronomy-shop-recommendationservice-7b9564b48f-s8x9k", "timestamp": 1737549082.765, "sum(rate(container_cpu_usage_seconds_total{namespace=\"system-under-evaluation\", pod=~\"astronomy-shop-recommendationservice.*\"}[90s])) by (pod)": 0.0845372953168946, "recommendation_deployment_CPU": 0.0845372953168946, "kubernetes_prometheus_rules": "kubernetes_prometheus_rules", "add_security_context": "add_security_context", "delay_treatment": "delay_treatment"}, {"pod": "astronomy-shop-recommendationservice-7b9564b48f-s8x9k", "timestamp": 1737549083.765, "sum(rate(container_cpu_usage_seconds_total{namespace=\"system-under-evaluation\", pod=~\"astronomy-shop-recommendationservice.*\"}[90s])) by (pod)": 0.09455301155608714, "recommendation_deployment_CPU": 0.09455301155608714, "kubernetes_prometheus_rules": "kubernetes_prometheus_rules", "add_security_context": "add_security_context", "delay_treatment": "delay_treatment"}, {"pod": "astronomy-shop-recommendationservice-7b9564b48f-s8x9k", "timestamp": 1737549084.765, "sum(rate(container_cpu_usage_seconds_total{namespace=\"system-under-evaluation\", pod=~\"astronomy-shop-recommendationservice.*\"}[90s])) by (pod)": 0.10314656600014949, "recommendation_deployment_CPU": 0.10314656600014949, "kubernetes_prometheus_rules": "kubernetes_prometheus_rules", "add_security_context": "add_security_context", "delay_treatment": "delay_treatment"}, {"pod": "astronomy-shop-recommendationservice-7b9564b48f-s8x9k", "timestamp": 1737549085.765, "sum(rate(container_cpu_usage_seconds_total{namespace=\"system-under-evaluation\", pod=~\"astronomy-shop-recommendationservice.*\"}[90s])) by (pod)": 0.10314656600014949, "recommendation_deployment_CPU": 0.10314656600014949, "kubernetes_prometheus_rules": "kubernetes_prometheus_rules", "add_security_context": "add_security_context", "delay_treatment": "delay_treatment"}, {"pod": "astronomy-shop-recommendationservice-7b9564b48f-s8x9k", "timestamp": 1737549086.765, "sum(rate(container_cpu_usage_seconds_total{namespace=\"system-under-evaluation\", pod=~\"astronomy-shop-recommendationservice.*\"}[90s])) by (pod)": 0.10314656600014949, "recommendation_deployment_CPU": 0.10314656600014949, "kubernetes_prometheus_rules": "kubernetes_prometheus_rules", "add_security_context": "add_security_context", "delay_treatment": "delay_treatment"}, {"pod": "astronomy-shop-recommendationservice-7b9564b48f-s8x9k", "timestamp": 1737549087.765, "sum(rate(container_cpu_usage_seconds_total{namespace=\"system-under-evaluation\", pod=~\"astronomy-shop-recommendationservice.*\"}[90s])) by (pod)": 0.10314656600014949, "recommendation_deployment_CPU": 0.10314656600014949, "kubernetes_prometheus_rules": "kubernetes_prometheus_rules", "add_security_context": "add_security_context", "delay_treatment": "delay_treatment"}, {"pod": "astronomy-shop-recommendationservice-7b9564b48f-s8x9k", "timestamp": 1737549088.765, "sum(rate(container_cpu_usage_seconds_total{namespace=\"system-under-evaluation\", pod=~\"astronomy-shop-recommendationservice.*\"}[90s])) by (pod)": 0.10314656600014949, "recommendation_deployment_CPU": 0.10314656600014949, "kubernetes_prometheus_rules": "kubernetes_prometheus_rules", "add_security_context": "add_security_context", "delay_treatment": "delay_treatment"}, {"pod": "astronomy-shop-recommendationservice-7b9564b48f-s8x9k", "timestamp": 1737549089.765, "sum(rate(container_cpu_usage_seconds_total{namespace=\"system-under-evaluation\", pod=~\"astronomy-shop-recommendationservice.*\"}[90s])) by (pod)": 0.10314656600014949, "recommendation_deployment_CPU": 0.10314656600014949, "kubernetes_prometheus_rules": "kubernetes_prometheus_rules", "add_security_context": "add_security_context", "delay_treatment": "delay_treatment"}, {"pod": "astronomy-shop-recommendationservice-7b9564b48f-s8x9k", "timestamp": 1737549090.765, "sum(rate(container_cpu_usage_seconds_total{namespace=\"system-under-evaluation\", pod=~\"astronomy-shop-recommendationservice.*\"}[90s])) by (pod)": 0.10314656600014949, "recommendation_deployment_CPU": 0.10314656600014949, "kubernetes_prometheus_rules": "kubernetes_prometheus_rules", "add_security_context": "add_security_context", "delay_treatment": "delay_treatment"}, {"pod": "astronomy-shop-recommendationservice-7b9564b48f-s8x9k", "timestamp": 1737549091.765, "sum(rate(container_cpu_usage_seconds_total{namespace=\"system-under-evaluation\", pod=~\"astronomy-shop-recommendationservice.*\"}[90s])) by (pod)": 0.10314656600014949, "recommendation_deployment_CPU": 0.10314656600014949, "kubernetes_prometheus_rules": "kubernetes_prometheus_rules", "add_security_context": "add_security_context", "delay_treatment": "delay_treatment"}, {"pod": "astronomy-shop-recommendationservice-7b9564b48f-s8x9k", "timestamp": 1737549092.765, "sum(rate(container_cpu_usage_seconds_total{namespace=\"system-under-evaluation\", pod=~\"astronomy-shop-recommendationservice.*\"}[90s])) by (pod)": 0.10314656600014949, "recommendation_deployment_CPU": 0.10314656600014949, "kubernetes_prometheus_rules": "kubernetes_prometheus_rules", "add_security_context": "add_security_context", "delay_treatment": "delay_treatment"}, {"pod": "astronomy-shop-recommendationservice-7b9564b48f-s8x9k", "timestamp": 1737549093.765, "sum(rate(container_cpu_usage_seconds_total{namespace=\"system-under-evaluation\", pod=~\"astronomy-shop-recommendationservice.*\"}[90s])) by (pod)": 0.10314656600014949, "recommendation_deployment_CPU": 0.10314656600014949, "kubernetes_prometheus_rules": "kubernetes_prometheus_rules", "add_security_context": "add_security_context", "delay_treatment": "delay_treatment"}, {"pod": "astronomy-shop-recommendationservice-7b9564b48f-s8x9k", "timestamp": 1737549094.765, "sum(rate(container_cpu_usage_seconds_total{namespace=\"system-under-evaluation\", pod=~\"astronomy-shop-recommendationservice.*\"}[90s])) by (pod)": 0.10314656600014949, "recommendation_deployment_CPU": 0.10314656600014949, "kubernetes_prometheus_rules": "kubernetes_prometheus_rules", "add_security_context": "add_security_context", "delay_treatment": "delay_treatment"}, {"pod": "astronomy-shop-recommendationservice-7b9564b48f-s8x9k", "timestamp": 1737549095.765, "sum(rate(container_cpu_usage_seconds_total{namespace=\"system-under-evaluation\", pod=~\"astronomy-shop-recommendationservice.*\"}[90s])) by (pod)": 0.10314656600014949, "recommendation_deployment_CPU": 0.10314656600014949, "kubernetes_prometheus_rules": "kubernetes_prometheus_rules", "add_security_context": "add_security_context", "delay_treatment": "delay_treatment"}, {"pod": "astronomy-shop-recommendationservice-7b9564b48f-s8x9k", "timestamp": 1737549096.765, "sum(rate(container_cpu_usage_seconds_total{namespace=\"system-under-evaluation\", pod=~\"astronomy-shop-recommendationservice.*\"}[90s])) by (pod)": 0.10314656600014949, "recommendation_deployment_CPU": 0.10314656600014949, "kubernetes_prometheus_rules": "kubernetes_prometheus_rules", "add_security_context": "add_security_context", "delay_treatment": "delay_treatment"}, {"pod": "astronomy-shop-recommendationservice-7b9564b48f-s8x9k", "timestamp": 1737549097.765, "sum(rate(container_cpu_usage_seconds_total{namespace=\"system-under-evaluation\", pod=~\"astronomy-shop-recommendationservice.*\"}[90s])) by (pod)": 0.10314656600014949, "recommendation_deployment_CPU": 0.10314656600014949, "kubernetes_prometheus_rules": "kubernetes_prometheus_rules", "add_security_context": "add_security_context", "delay_treatment": "delay_treatment"}, {"pod": "astronomy-shop-recommendationservice-7b9564b48f-s8x9k", "timestamp": 1737549098.765, "sum(rate(container_cpu_usage_seconds_total{namespace=\"system-under-evaluation\", pod=~\"astronomy-shop-recommendationservice.*\"}[90s])) by (pod)": 0.10314656600014949, "recommendation_deployment_CPU": 0.10314656600014949, "kubernetes_prometheus_rules": "kubernetes_prometheus_rules", "add_security_context": "add_security_context", "delay_treatment": "delay_treatment"}, {"pod": "astronomy-shop-recommendationservice-7b9564b48f-s8x9k", "timestamp": 1737549099.765, "sum(rate(container_cpu_usage_seconds_total{namespace=\"system-under-evaluation\", pod=~\"astronomy-shop-recommendationservice.*\"}[90s])) by (pod)": 0.10314656600014949, "recommendation_deployment_CPU": 0.10314656600014949, "kubernetes_prometheus_rules": "kubernetes_prometheus_rules", "add_security_context": "add_security_context", "delay_treatment": "delay_treatment"}, {"pod": "astronomy-shop-recommendationservice-7b9564b48f-s8x9k", "timestamp": 1737549100.765, "sum(rate(container_cpu_usage_seconds_total{namespace=\"system-under-evaluation\", pod=~\"astronomy-shop-recommendationservice.*\"}[90s])) by (pod)": 0.10314656600014949, "recommendation_deployment_CPU": 0.10314656600014949, "kubernetes_prometheus_rules": "kubernetes_prometheus_rules", "add_security_context": "add_security_context", "delay_treatment": "delay_treatment"}, {"pod": "astronomy-shop-recommendationservice-7b9564b48f-s8x9k", "timestamp": 1737549101.765, "sum(rate(container_cpu_usage_seconds_total{namespace=\"system-under-evaluation\", pod=~\"astronomy-shop-recommendationservice.*\"}[90s])) by (pod)": 0.0941537826711287, "recommendation_deployment_CPU": 0.0941537826711287, "kubernetes_prometheus_rules": "kubernetes_prometheus_rules", "add_security_context": "add_security_context", "delay_treatment": "delay_treatment"}, {"pod": "astronomy-shop-recommendationservice-7b9564b48f-s8x9k", "timestamp": 1737549102.765, "sum(rate(container_cpu_usage_seconds_total{namespace=\"system-under-evaluation\", pod=~\"astronomy-shop-recommendationservice.*\"}[90s])) by (pod)": 0.09359852692014334, "recommendation_deployment_CPU": 0.09359852692014334, "kubernetes_prometheus_rules": "kubernetes_prometheus_rules", "add_security_context": "add_security_context", "delay_treatment": "delay_treatment"}, {"pod": "astronomy-shop-recommendationservice-7b9564b48f-s8x9k", "timestamp": 1737549103.765, "sum(rate(container_cpu_usage_seconds_total{namespace=\"system-under-evaluation\", pod=~\"astronomy-shop-recommendationservice.*\"}[90s])) by (pod)": 0.09304327116915802, "recommendation_deployment_CPU": 0.09304327116915802, "kubernetes_prometheus_rules": "kubernetes_prometheus_rules", "add_security_context": "add_security_context", "delay_treatment": "delay_treatment"}, {"pod": "astronomy-shop-recommendationservice-7b9564b48f-s8x9k", "timestamp": 1737549104.765, "sum(rate(container_cpu_usage_seconds_total{namespace=\"system-under-evaluation\", pod=~\"astronomy-shop-recommendationservice.*\"}[90s])) by (pod)": 0.1134569417350407, "recommendation_deployment_CPU": 0.1134569417350407, "kubernetes_prometheus_rules": "kubernetes_prometheus_rules", "add_security_context": "add_security_context", "delay_treatment": "delay_treatment"}, {"pod": "astronomy-shop-recommendationservice-7b9564b48f-s8x9k", "timestamp": 1737549105.765, "sum(rate(container_cpu_usage_seconds_total{namespace=\"system-under-evaluation\", pod=~\"astronomy-shop-recommendationservice.*\"}[90s])) by (pod)": 0.14778150185470795, "recommendation_deployment_CPU": 0.14778150185470795, "kubernetes_prometheus_rules": "kubernetes_prometheus_rules", "add_security_context": "add_security_context", "delay_treatment": "delay_treatment"}, {"pod": "astronomy-shop-recommendationservice-7b9564b48f-s8x9k", "timestamp": 1737549106.765, "sum(rate(container_cpu_usage_seconds_total{namespace=\"system-under-evaluation\", pod=~\"astronomy-shop-recommendationservice.*\"}[90s])) by (pod)": 0.14778150185470795, "recommendation_deployment_CPU": 0.14778150185470795, "kubernetes_prometheus_rules": "kubernetes_prometheus_rules", "add_security_context": "add_security_context", "delay_treatment": "delay_treatment"}, {"pod": "astronomy-shop-recommendationservice-7b9564b48f-s8x9k", "timestamp": 1737549107.765, "sum(rate(container_cpu_usage_seconds_total{namespace=\"system-under-evaluation\", pod=~\"astronomy-shop-recommendationservice.*\"}[90s])) by (pod)": 0.14778150185470795, "recommendation_deployment_CPU": 0.14778150185470795, "kubernetes_prometheus_rules": "kubernetes_prometheus_rules", "add_security_context": "add_security_context", "delay_treatment": "delay_treatment"}, {"pod": "astronomy-shop-recommendationservice-7b9564b48f-s8x9k", "timestamp": 1737549108.765, "sum(rate(container_cpu_usage_seconds_total{namespace=\"system-under-evaluation\", pod=~\"astronomy-shop-recommendationservice.*\"}[90s])) by (pod)": 0.14778150185470795, "recommendation_deployment_CPU": 0.14778150185470795, "kubernetes_prometheus_rules": "kubernetes_prometheus_rules", "add_security_context": "add_security_context", "delay_treatment": "delay_treatment"}, {"pod": "astronomy-shop-recommendationservice-7b9564b48f-s8x9k", "timestamp": 1737549109.765, "sum(rate(container_cpu_usage_seconds_total{namespace=\"system-under-evaluation\", pod=~\"astronomy-shop-recommendationservice.*\"}[90s])) by (pod)": 0.14778150185470795, "recommendation_deployment_CPU": 0.14778150185470795, "kubernetes_prometheus_rules": "kubernetes_prometheus_rules", "add_security_context": "add_security_context", "delay_treatment": "delay_treatment"}, {"pod": "astronomy-shop-recommendationservice-7b9564b48f-s8x9k", "timestamp": 1737549110.765, "sum(rate(container_cpu_usage_seconds_total{namespace=\"system-under-evaluation\", pod=~\"astronomy-shop-recommendationservice.*\"}[90s])) by (pod)": 0.14778150185470795, "recommendation_deployment_CPU": 0.14778150185470795, "kubernetes_prometheus_rules": "kubernetes_prometheus_rules", "add_security_context": "add_security_context", "delay_treatment": "delay_treatment"}, {"pod": "astronomy-shop-recommendationservice-7b9564b48f-s8x9k", "timestamp": 1737549111.765, "sum(rate(container_cpu_usage_seconds_total{namespace=\"system-under-evaluation\", pod=~\"astronomy-shop-recommendationservice.*\"}[90s])) by (pod)": 0.14778150185470795, "recommendation_deployment_CPU": 0.14778150185470795, "kubernetes_prometheus_rules": "kubernetes_prometheus_rules", "add_security_context": "add_security_context", "delay_treatment": "delay_treatment"}, {"pod": "astronomy-shop-recommendationservice-7b9564b48f-s8x9k", "timestamp": 1737549112.765, "sum(rate(container_cpu_usage_seconds_total{namespace=\"system-under-evaluation\", pod=~\"astronomy-shop-recommendationservice.*\"}[90s])) by (pod)": 0.1847654855176825, "recommendation_deployment_CPU": 0.1847654855176825, "kubernetes_prometheus_rules": "kubernetes_prometheus_rules", "add_security_context": "add_security_context", "delay_treatment": "delay_treatment"}, {"pod": "astronomy-shop-recommendationservice-7b9564b48f-s8x9k", "timestamp": 1737549113.765, "sum(rate(container_cpu_usage_seconds_total{namespace=\"system-under-evaluation\", pod=~\"astronomy-shop-recommendationservice.*\"}[90s])) by (pod)": 0.1847654855176825, "recommendation_deployment_CPU": 0.1847654855176825, "kubernetes_prometheus_rules": "kubernetes_prometheus_rules", "add_security_context": "add_security_context", "delay_treatment": "delay_treatment"}, {"pod": "astronomy-shop-recommendationservice-7b9564b48f-s8x9k", "timestamp": 1737549114.765, "sum(rate(container_cpu_usage_seconds_total{namespace=\"system-under-evaluation\", pod=~\"astronomy-shop-recommendationservice.*\"}[90s])) by (pod)": 0.1847654855176825, "recommendation_deployment_CPU": 0.1847654855176825, "kubernetes_prometheus_rules": "kubernetes_prometheus_rules", "add_security_context": "add_security_context", "delay_treatment": "delay_treatment"}, {"pod": "astronomy-shop-recommendationservice-7b9564b48f-s8x9k", "timestamp": 1737549115.765, "sum(rate(container_cpu_usage_seconds_total{namespace=\"system-under-evaluation\", pod=~\"astronomy-shop-recommendationservice.*\"}[90s])) by (pod)": 0.1847654855176825, "recommendation_deployment_CPU": 0.1847654855176825, "kubernetes_prometheus_rules": "kubernetes_prometheus_rules", "add_security_context": "add_security_context", "delay_treatment": "delay_treatment"}, {"pod": "astronomy-shop-recommendationservice-7b9564b48f-s8x9k", "timestamp": 1737549116.765, "sum(rate(container_cpu_usage_seconds_total{namespace=\"system-under-evaluation\", pod=~\"astronomy-shop-recommendationservice.*\"}[90s])) by (pod)": 0.1847654855176825, "recommendation_deployment_CPU": 0.1847654855176825, "kubernetes_prometheus_rules": "kubernetes_prometheus_rules", "add_security_context": "add_security_context", "delay_treatment": "delay_treatment"}, {"pod": "astronomy-shop-recommendationservice-7b9564b48f-s8x9k", "timestamp": 1737549117.765, "sum(rate(container_cpu_usage_seconds_total{namespace=\"system-under-evaluation\", pod=~\"astronomy-shop-recommendationservice.*\"}[90s])) by (pod)": 0.1847654855176825, "recommendation_deployment_CPU": 0.1847654855176825, "kubernetes_prometheus_rules": "kubernetes_prometheus_rules", "add_security_context": "add_security_context", "delay_treatment": "delay_treatment"}, {"pod": "astronomy-shop-recommendationservice-7b9564b48f-s8x9k", "timestamp": 1737549118.765, "sum(rate(container_cpu_usage_seconds_total{namespace=\"system-under-evaluation\", pod=~\"astronomy-shop-recommendationservice.*\"}[90s])) by (pod)": 0.1847654855176825, "recommendation_deployment_CPU": 0.1847654855176825, "kubernetes_prometheus_rules": "kubernetes_prometheus_rules", "add_security_context": "add_security_context", "delay_treatment": "delay_treatment"}, {"pod": "astronomy-shop-recommendationservice-7b9564b48f-s8x9k", "timestamp": 1737549119.765, "sum(rate(container_cpu_usage_seconds_total{namespace=\"system-under-evaluation\", pod=~\"astronomy-shop-recommendationservice.*\"}[90s])) by (pod)": 0.1847654855176825, "recommendation_deployment_CPU": 0.1847654855176825, "kubernetes_prometheus_rules": "kubernetes_prometheus_rules", "add_security_context": "add_security_context", "delay_treatment": "delay_treatment"}, {"pod": "astronomy-shop-recommendationservice-7b9564b48f-s8x9k", "timestamp": 1737549120.765, "sum(rate(container_cpu_usage_seconds_total{namespace=\"system-under-evaluation\", pod=~\"astronomy-shop-recommendationservice.*\"}[90s])) by (pod)": 0.1847654855176825, "recommendation_deployment_CPU": 0.1847654855176825, "kubernetes_prometheus_rules": "kubernetes_prometheus_rules", "add_security_context": "add_security_context", "delay_treatment": "delay_treatment"}, {"pod": "astronomy-shop-recommendationservice-7b9564b48f-s8x9k", "timestamp": 1737549121.765, "sum(rate(container_cpu_usage_seconds_total{namespace=\"system-under-evaluation\", pod=~\"astronomy-shop-recommendationservice.*\"}[90s])) by (pod)": 0.1847654855176825, "recommendation_deployment_CPU": 0.1847654855176825, "kubernetes_prometheus_rules": "kubernetes_prometheus_rules", "add_security_context": "add_security_context", "delay_treatment": "delay_treatment"}, {"pod": "astronomy-shop-recommendationservice-7b9564b48f-s8x9k", "timestamp": 1737549122.765, "sum(rate(container_cpu_usage_seconds_total{namespace=\"system-under-evaluation\", pod=~\"astronomy-shop-recommendationservice.*\"}[90s])) by (pod)": 0.1847654855176825, "recommendation_deployment_CPU": 0.1847654855176825, "kubernetes_prometheus_rules": "kubernetes_prometheus_rules", "add_security_context": "add_security_context", "delay_treatment": "delay_treatment"}, {"pod": "astronomy-shop-recommendationservice-7b9564b48f-s8x9k", "timestamp": 1737549123.765, "sum(rate(container_cpu_usage_seconds_total{namespace=\"system-under-evaluation\", pod=~\"astronomy-shop-recommendationservice.*\"}[90s])) by (pod)": 0.1847654855176825, "recommendation_deployment_CPU": 0.1847654855176825, "kubernetes_prometheus_rules": "kubernetes_prometheus_rules", "add_security_context": "add_security_context", "delay_treatment": "delay_treatment"}, {"pod": "astronomy-shop-recommendationservice-7b9564b48f-s8x9k", "timestamp": 1737549124.765, "sum(rate(container_cpu_usage_seconds_total{namespace=\"system-under-evaluation\", pod=~\"astronomy-shop-recommendationservice.*\"}[90s])) by (pod)": 0.1847654855176825, "recommendation_deployment_CPU": 0.1847654855176825, "kubernetes_prometheus_rules": "kubernetes_prometheus_rules", "add_security_context": "add_security_context", "delay_treatment": "delay_treatment"}, {"pod": "astronomy-shop-recommendationservice-7b9564b48f-s8x9k", "timestamp": 1737549125.765, "sum(rate(container_cpu_usage_seconds_total{namespace=\"system-under-evaluation\", pod=~\"astronomy-shop-recommendationservice.*\"}[90s])) by (pod)": 0.1847654855176825, "recommendation_deployment_CPU": 0.1847654855176825, "kubernetes_prometheus_rules": "kubernetes_prometheus_rules", "add_security_context": "add_security_context", "delay_treatment": "delay_treatment"}, {"pod": "astronomy-shop-recommendationservice-7b9564b48f-s8x9k", "timestamp": 1737549126.765, "sum(rate(container_cpu_usage_seconds_total{namespace=\"system-under-evaluation\", pod=~\"astronomy-shop-recommendationservice.*\"}[90s])) by (pod)": 0.1847654855176825, "recommendation_deployment_CPU": 0.1847654855176825, "kubernetes_prometheus_rules": "kubernetes_prometheus_rules", "add_security_context": "add_security_context", "delay_treatment": "delay_treatment"}, {"pod": "astronomy-shop-recommendationservice-7b9564b48f-s8x9k", "timestamp": 1737549127.765, "sum(rate(container_cpu_usage_seconds_total{namespace=\"system-under-evaluation\", pod=~\"astronomy-shop-recommendationservice.*\"}[90s])) by (pod)": 0.17872699661974883, "recommendation_deployment_CPU": 0.17872699661974883, "kubernetes_prometheus_rules": "kubernetes_prometheus_rules", "add_security_context": "add_security_context", "delay_treatment": "delay_treatment"}, {"pod": "astronomy-shop-recommendationservice-7b9564b48f-s8x9k", "timestamp": 1737549128.765, "sum(rate(container_cpu_usage_seconds_total{namespace=\"system-under-evaluation\", pod=~\"astronomy-shop-recommendationservice.*\"}[90s])) by (pod)": 0.17997807178303432, "recommendation_deployment_CPU": 0.17997807178303432, "kubernetes_prometheus_rules": "kubernetes_prometheus_rules", "add_security_context": "add_security_context", "delay_treatment": "delay_treatment"}, {"pod": "astronomy-shop-recommendationservice-7b9564b48f-s8x9k", "timestamp": 1737549129.765, "sum(rate(container_cpu_usage_seconds_total{namespace=\"system-under-evaluation\", pod=~\"astronomy-shop-recommendationservice.*\"}[90s])) by (pod)": 0.1812291469463198, "recommendation_deployment_CPU": 0.1812291469463198, "kubernetes_prometheus_rules": "kubernetes_prometheus_rules", "add_security_context": "add_security_context", "delay_treatment": "delay_treatment"}, {"pod": "astronomy-shop-recommendationservice-7b9564b48f-s8x9k", "timestamp": 1737549130.765, "sum(rate(container_cpu_usage_seconds_total{namespace=\"system-under-evaluation\", pod=~\"astronomy-shop-recommendationservice.*\"}[90s])) by (pod)": 0.18248022210960532, "recommendation_deployment_CPU": 0.18248022210960532, "kubernetes_prometheus_rules": "kubernetes_prometheus_rules", "add_security_context": "add_security_context", "delay_treatment": "delay_treatment"}, {"pod": "astronomy-shop-recommendationservice-7b9564b48f-s8x9k", "timestamp": 1737549131.765, "sum(rate(container_cpu_usage_seconds_total{namespace=\"system-under-evaluation\", pod=~\"astronomy-shop-recommendationservice.*\"}[90s])) by (pod)": 0.19936554159722736, "recommendation_deployment_CPU": 0.19936554159722736, "kubernetes_prometheus_rules": "kubernetes_prometheus_rules", "add_security_context": "add_security_context", "delay_treatment": "delay_treatment"}, {"pod": "astronomy-shop-recommendationservice-7b9564b48f-s8x9k", "timestamp": 1737549132.765, "sum(rate(container_cpu_usage_seconds_total{namespace=\"system-under-evaluation\", pod=~\"astronomy-shop-recommendationservice.*\"}[90s])) by (pod)": 0.20061661676051284, "recommendation_deployment_CPU": 0.20061661676051284, "kubernetes_prometheus_rules": "kubernetes_prometheus_rules", "add_security_context": "add_security_context", "delay_treatment": "delay_treatment"}, {"pod": "astronomy-shop-recommendationservice-7b9564b48f-s8x9k", "timestamp": 1737549133.765, "sum(rate(container_cpu_usage_seconds_total{namespace=\"system-under-evaluation\", pod=~\"astronomy-shop-recommendationservice.*\"}[90s])) by (pod)": 0.22283008182222833, "recommendation_deployment_CPU": 0.22283008182222833, "kubernetes_prometheus_rules": "kubernetes_prometheus_rules", "add_security_context": "add_security_context", "delay_treatment": "delay_treatment"}, {"pod": "astronomy-shop-recommendationservice-7b9564b48f-s8x9k", "timestamp": 1737549134.765, "sum(rate(container_cpu_usage_seconds_total{namespace=\"system-under-evaluation\", pod=~\"astronomy-shop-recommendationservice.*\"}[90s])) by (pod)": 0.22283008182222833, "recommendation_deployment_CPU": 0.22283008182222833, "kubernetes_prometheus_rules": "kubernetes_prometheus_rules", "add_security_context": "add_security_context", "delay_treatment": "delay_treatment"}, {"pod": "astronomy-shop-recommendationservice-7b9564b48f-s8x9k", "timestamp": 1737549135.765, "sum(rate(container_cpu_usage_seconds_total{namespace=\"system-under-evaluation\", pod=~\"astronomy-shop-recommendationservice.*\"}[90s])) by (pod)": 0.20092813447617092, "recommendation_deployment_CPU": 0.20092813447617092, "kubernetes_prometheus_rules": "kubernetes_prometheus_rules", "add_security_context": "add_security_context", "delay_treatment": "delay_treatment"}, {"pod": "astronomy-shop-recommendationservice-7b9564b48f-s8x9k", "timestamp": 1737549136.765, "sum(rate(container_cpu_usage_seconds_total{namespace=\"system-under-evaluation\", pod=~\"astronomy-shop-recommendationservice.*\"}[90s])) by (pod)": 0.19967705931288543, "recommendation_deployment_CPU": 0.19967705931288543, "kubernetes_prometheus_rules": "kubernetes_prometheus_rules", "add_security_context": "add_security_context", "delay_treatment": "delay_treatment"}, {"pod": "astronomy-shop-recommendationservice-7b9564b48f-s8x9k", "timestamp": 1737549137.765, "sum(rate(container_cpu_usage_seconds_total{namespace=\"system-under-evaluation\", pod=~\"astronomy-shop-recommendationservice.*\"}[90s])) by (pod)": 0.22367257664676002, "recommendation_deployment_CPU": 0.22367257664676002, "kubernetes_prometheus_rules": "kubernetes_prometheus_rules", "add_security_context": "add_security_context", "delay_treatment": "delay_treatment"}, {"pod": "astronomy-shop-recommendationservice-7b9564b48f-s8x9k", "timestamp": 1737549138.765, "sum(rate(container_cpu_usage_seconds_total{namespace=\"system-under-evaluation\", pod=~\"astronomy-shop-recommendationservice.*\"}[90s])) by (pod)": 0.22982106084553408, "recommendation_deployment_CPU": 0.22982106084553408, "kubernetes_prometheus_rules": "kubernetes_prometheus_rules", "add_security_context": "add_security_context", "delay_treatment": "delay_treatment"}, {"pod": "astronomy-shop-recommendationservice-7b9564b48f-s8x9k", "timestamp": 1737549139.765, "sum(rate(container_cpu_usage_seconds_total{namespace=\"system-under-evaluation\", pod=~\"astronomy-shop-recommendationservice.*\"}[90s])) by (pod)": 0.22982106084553408, "recommendation_deployment_CPU": 0.22982106084553408, "kubernetes_prometheus_rules": "kubernetes_prometheus_rules", "add_security_context": "add_security_context", "delay_treatment": "delay_treatment"}, {"pod": "astronomy-shop-recommendationservice-7b9564b48f-s8x9k", "timestamp": 1737549140.765, "sum(rate(container_cpu_usage_seconds_total{namespace=\"system-under-evaluation\", pod=~\"astronomy-shop-recommendationservice.*\"}[90s])) by (pod)": 0.22982106084553408, "recommendation_deployment_CPU": 0.22982106084553408, "kubernetes_prometheus_rules": "kubernetes_prometheus_rules", "add_security_context": "add_security_context", "delay_treatment": "delay_treatment"}, {"pod": "astronomy-shop-recommendationservice-7b9564b48f-s8x9k", "timestamp": 1737549141.765, "sum(rate(container_cpu_usage_seconds_total{namespace=\"system-under-evaluation\", pod=~\"astronomy-shop-recommendationservice.*\"}[90s])) by (pod)": 0.22982106084553408, "recommendation_deployment_CPU": 0.22982106084553408, "kubernetes_prometheus_rules": "kubernetes_prometheus_rules", "add_security_context": "add_security_context", "delay_treatment": "delay_treatment"}, {"pod": "astronomy-shop-recommendationservice-7b9564b48f-s8x9k", "timestamp": 1737549142.765, "sum(rate(container_cpu_usage_seconds_total{namespace=\"system-under-evaluation\", pod=~\"astronomy-shop-recommendationservice.*\"}[90s])) by (pod)": 0.22982106084553408, "recommendation_deployment_CPU": 0.22982106084553408, "kubernetes_prometheus_rules": "kubernetes_prometheus_rules", "add_security_context": "add_security_context", "delay_treatment": "delay_treatment"}, {"pod": "astronomy-shop-recommendationservice-7b9564b48f-s8x9k", "timestamp": 1737549143.765, "sum(rate(container_cpu_usage_seconds_total{namespace=\"system-under-evaluation\", pod=~\"astronomy-shop-recommendationservice.*\"}[90s])) by (pod)": 0.22982106084553408, "recommendation_deployment_CPU": 0.22982106084553408, "kubernetes_prometheus_rules": "kubernetes_prometheus_rules", "add_security_context": "add_security_context", "delay_treatment": "delay_treatment"}, {"pod": "astronomy-shop-recommendationservice-7b9564b48f-s8x9k", "timestamp": 1737549144.765, "sum(rate(container_cpu_usage_seconds_total{namespace=\"system-under-evaluation\", pod=~\"astronomy-shop-recommendationservice.*\"}[90s])) by (pod)": 0.22982106084553408, "recommendation_deployment_CPU": 0.22982106084553408, "kubernetes_prometheus_rules": "kubernetes_prometheus_rules", "add_security_context": "add_security_context", "delay_treatment": "delay_treatment"}, {"pod": "astronomy-shop-recommendationservice-7b9564b48f-s8x9k", "timestamp": 1737549145.765, "sum(rate(container_cpu_usage_seconds_total{namespace=\"system-under-evaluation\", pod=~\"astronomy-shop-recommendationservice.*\"}[90s])) by (pod)": 0.22982106084553408, "recommendation_deployment_CPU": 0.22982106084553408, "kubernetes_prometheus_rules": "kubernetes_prometheus_rules", "add_security_context": "add_security_context", "delay_treatment": "delay_treatment"}, {"pod": "astronomy-shop-recommendationservice-7b9564b48f-s8x9k", "timestamp": 1737549146.765, "sum(rate(container_cpu_usage_seconds_total{namespace=\"system-under-evaluation\", pod=~\"astronomy-shop-recommendationservice.*\"}[90s])) by (pod)": 0.22982106084553408, "recommendation_deployment_CPU": 0.22982106084553408, "kubernetes_prometheus_rules": "kubernetes_prometheus_rules", "add_security_context": "add_security_context", "delay_treatment": "delay_treatment"}, {"pod": "astronomy-shop-recommendationservice-7b9564b48f-s8x9k", "timestamp": 1737549147.765, "sum(rate(container_cpu_usage_seconds_total{namespace=\"system-under-evaluation\", pod=~\"astronomy-shop-recommendationservice.*\"}[90s])) by (pod)": 0.22982106084553408, "recommendation_deployment_CPU": 0.22982106084553408, "kubernetes_prometheus_rules": "kubernetes_prometheus_rules", "add_security_context": "add_security_context", "delay_treatment": "delay_treatment"}, {"pod": "astronomy-shop-recommendationservice-7b9564b48f-s8x9k", "timestamp": 1737549148.765, "sum(rate(container_cpu_usage_seconds_total{namespace=\"system-under-evaluation\", pod=~\"astronomy-shop-recommendationservice.*\"}[90s])) by (pod)": 0.22982106084553408, "recommendation_deployment_CPU": 0.22982106084553408, "kubernetes_prometheus_rules": "kubernetes_prometheus_rules", "add_security_context": "add_security_context", "delay_treatment": "delay_treatment"}, {"pod": "astronomy-shop-recommendationservice-7b9564b48f-s8x9k", "timestamp": 1737549149.765, "sum(rate(container_cpu_usage_seconds_total{namespace=\"system-under-evaluation\", pod=~\"astronomy-shop-recommendationservice.*\"}[90s])) by (pod)": 0.22982106084553408, "recommendation_deployment_CPU": 0.22982106084553408, "kubernetes_prometheus_rules": "kubernetes_prometheus_rules", "add_security_context": "add_security_context", "delay_treatment": "delay_treatment"}, {"pod": "astronomy-shop-recommendationservice-7b9564b48f-s8x9k", "timestamp": 1737549150.765, "sum(rate(container_cpu_usage_seconds_total{namespace=\"system-under-evaluation\", pod=~\"astronomy-shop-recommendationservice.*\"}[90s])) by (pod)": 0.22982106084553408, "recommendation_deployment_CPU": 0.22982106084553408, "kubernetes_prometheus_rules": "kubernetes_prometheus_rules", "add_security_context": "add_security_context", "delay_treatment": "delay_treatment"}, {"pod": "astronomy-shop-recommendationservice-7b9564b48f-s8x9k", "timestamp": 1737549151.765, "sum(rate(container_cpu_usage_seconds_total{namespace=\"system-under-evaluation\", pod=~\"astronomy-shop-recommendationservice.*\"}[90s])) by (pod)": 0.22982106084553408, "recommendation_deployment_CPU": 0.22982106084553408, "kubernetes_prometheus_rules": "kubernetes_prometheus_rules", "add_security_context": "add_security_context", "delay_treatment": "delay_treatment"}, {"pod": "astronomy-shop-recommendationservice-7b9564b48f-s8x9k", "timestamp": 1737549152.765, "sum(rate(container_cpu_usage_seconds_total{namespace=\"system-under-evaluation\", pod=~\"astronomy-shop-recommendationservice.*\"}[90s])) by (pod)": 0.22982106084553408, "recommendation_deployment_CPU": 0.22982106084553408, "kubernetes_prometheus_rules": "kubernetes_prometheus_rules", "add_security_context": "add_security_context", "delay_treatment": "delay_treatment"}, {"pod": "astronomy-shop-recommendationservice-7b9564b48f-s8x9k", "timestamp": 1737549153.765, "sum(rate(container_cpu_usage_seconds_total{namespace=\"system-under-evaluation\", pod=~\"astronomy-shop-recommendationservice.*\"}[90s])) by (pod)": 0.22982106084553408, "recommendation_deployment_CPU": 0.22982106084553408, "kubernetes_prometheus_rules": "kubernetes_prometheus_rules", "add_security_context": "add_security_context", "delay_treatment": "delay_treatment"}, {"pod": "astronomy-shop-recommendationservice-7b9564b48f-s8x9k", "timestamp": 1737549154.765, "sum(rate(container_cpu_usage_seconds_total{namespace=\"system-under-evaluation\", pod=~\"astronomy-shop-recommendationservice.*\"}[90s])) by (pod)": 0.22982106084553408, "recommendation_deployment_CPU": 0.22982106084553408, "kubernetes_prometheus_rules": "kubernetes_prometheus_rules", "add_security_context": "add_security_context", "delay_treatment": "delay_treatment"}, {"pod": "astronomy-shop-recommendationservice-7b9564b48f-s8x9k", "timestamp": 1737549155.765, "sum(rate(container_cpu_usage_seconds_total{namespace=\"system-under-evaluation\", pod=~\"astronomy-shop-recommendationservice.*\"}[90s])) by (pod)": 0.22982106084553408, "recommendation_deployment_CPU": 0.22982106084553408, "kubernetes_prometheus_rules": "kubernetes_prometheus_rules", "add_security_context": "add_security_context", "delay_treatment": "delay_treatment"}, {"pod": "astronomy-shop-recommendationservice-7b9564b48f-s8x9k", "timestamp": 1737549156.765, "sum(rate(container_cpu_usage_seconds_total{namespace=\"system-under-evaluation\", pod=~\"astronomy-shop-recommendationservice.*\"}[90s])) by (pod)": 0.22982106084553408, "recommendation_deployment_CPU": 0.22982106084553408, "kubernetes_prometheus_rules": "kubernetes_prometheus_rules", "add_security_context": "add_security_context", "delay_treatment": "delay_treatment"}, {"pod": "astronomy-shop-recommendationservice-7b9564b48f-s8x9k", "timestamp": 1737549157.765, "sum(rate(container_cpu_usage_seconds_total{namespace=\"system-under-evaluation\", pod=~\"astronomy-shop-recommendationservice.*\"}[90s])) by (pod)": 0.22982106084553408, "recommendation_deployment_CPU": 0.22982106084553408, "kubernetes_prometheus_rules": "kubernetes_prometheus_rules", "add_security_context": "add_security_context", "delay_treatment": "delay_treatment"}, {"pod": "astronomy-shop-recommendationservice-7b9564b48f-s8x9k", "timestamp": 1737549158.765, "sum(rate(container_cpu_usage_seconds_total{namespace=\"system-under-evaluation\", pod=~\"astronomy-shop-recommendationservice.*\"}[90s])) by (pod)": 0.22982106084553408, "recommendation_deployment_CPU": 0.22982106084553408, "kubernetes_prometheus_rules": "kubernetes_prometheus_rules", "add_security_context": "add_security_context", "delay_treatment": "delay_treatment"}, {"pod": "astronomy-shop-recommendationservice-7b9564b48f-s8x9k", "timestamp": 1737549159.765, "sum(rate(container_cpu_usage_seconds_total{namespace=\"system-under-evaluation\", pod=~\"astronomy-shop-recommendationservice.*\"}[90s])) by (pod)": 0.22982106084553408, "recommendation_deployment_CPU": 0.22982106084553408, "kubernetes_prometheus_rules": "kubernetes_prometheus_rules", "add_security_context": "add_security_context", "delay_treatment": "delay_treatment"}, {"pod": "astronomy-shop-recommendationservice-7b9564b48f-s8x9k", "timestamp": 1737549160.765, "sum(rate(container_cpu_usage_seconds_total{namespace=\"system-under-evaluation\", pod=~\"astronomy-shop-recommendationservice.*\"}[90s])) by (pod)": 0.22982106084553408, "recommendation_deployment_CPU": 0.22982106084553408, "kubernetes_prometheus_rules": "kubernetes_prometheus_rules", "add_security_context": "add_security_context", "delay_treatment": "delay_treatment"}, {"pod": "astronomy-shop-recommendationservice-7b9564b48f-s8x9k", "timestamp": 1737549161.765, "sum(rate(container_cpu_usage_seconds_total{namespace=\"system-under-evaluation\", pod=~\"astronomy-shop-recommendationservice.*\"}[90s])) by (pod)": 0.22982106084553408, "recommendation_deployment_CPU": 0.22982106084553408, "kubernetes_prometheus_rules": "kubernetes_prometheus_rules", "add_security_context": "add_security_context", "delay_treatment": "delay_treatment"}, {"pod": "astronomy-shop-recommendationservice-7b9564b48f-s8x9k", "timestamp": 1737549162.765, "sum(rate(container_cpu_usage_seconds_total{namespace=\"system-under-evaluation\", pod=~\"astronomy-shop-recommendationservice.*\"}[90s])) by (pod)": 0.22982106084553408, "recommendation_deployment_CPU": 0.22982106084553408, "kubernetes_prometheus_rules": "kubernetes_prometheus_rules", "add_security_context": "add_security_context", "delay_treatment": "delay_treatment"}, {"pod": "astronomy-shop-recommendationservice-7b9564b48f-s8x9k", "timestamp": 1737549163.765, "sum(rate(container_cpu_usage_seconds_total{namespace=\"system-under-evaluation\", pod=~\"astronomy-shop-recommendationservice.*\"}[90s])) by (pod)": 0.23597328408845722, "recommendation_deployment_CPU": 0.23597328408845722, "kubernetes_prometheus_rules": "kubernetes_prometheus_rules", "add_security_context": "add_security_context", "delay_treatment": "delay_treatment"}, {"pod": "astronomy-shop-recommendationservice-7b9564b48f-s8x9k", "timestamp": 1737549164.765, "sum(rate(container_cpu_usage_seconds_total{namespace=\"system-under-evaluation\", pod=~\"astronomy-shop-recommendationservice.*\"}[90s])) by (pod)": 0.23597328408845725, "recommendation_deployment_CPU": 0.23597328408845725, "kubernetes_prometheus_rules": "kubernetes_prometheus_rules", "add_security_context": "add_security_context", "delay_treatment": "delay_treatment"}, {"pod": "astronomy-shop-recommendationservice-7b9564b48f-s8x9k", "timestamp": 1737549165.765, "sum(rate(container_cpu_usage_seconds_total{namespace=\"system-under-evaluation\", pod=~\"astronomy-shop-recommendationservice.*\"}[90s])) by (pod)": 0.24226506745322185, "recommendation_deployment_CPU": 0.24226506745322185, "kubernetes_prometheus_rules": "kubernetes_prometheus_rules", "add_security_context": "add_security_context", "delay_treatment": "delay_treatment"}, {"pod": "astronomy-shop-recommendationservice-7b9564b48f-s8x9k", "timestamp": 1737549166.765, "sum(rate(container_cpu_usage_seconds_total{namespace=\"system-under-evaluation\", pod=~\"astronomy-shop-recommendationservice.*\"}[90s])) by (pod)": 0.24226506745322185, "recommendation_deployment_CPU": 0.24226506745322185, "kubernetes_prometheus_rules": "kubernetes_prometheus_rules", "add_security_context": "add_security_context", "delay_treatment": "delay_treatment"}, {"pod": "astronomy-shop-recommendationservice-7b9564b48f-s8x9k", "timestamp": 1737549167.765, "sum(rate(container_cpu_usage_seconds_total{namespace=\"system-under-evaluation\", pod=~\"astronomy-shop-recommendationservice.*\"}[90s])) by (pod)": 0.24008782118664793, "recommendation_deployment_CPU": 0.24008782118664793, "kubernetes_prometheus_rules": "kubernetes_prometheus_rules", "add_security_context": "add_security_context", "delay_treatment": "delay_treatment"}, {"pod": "astronomy-shop-recommendationservice-7b9564b48f-s8x9k", "timestamp": 1737549168.765, "sum(rate(container_cpu_usage_seconds_total{namespace=\"system-under-evaluation\", pod=~\"astronomy-shop-recommendationservice.*\"}[90s])) by (pod)": 0.24008782118664793, "recommendation_deployment_CPU": 0.24008782118664793, "kubernetes_prometheus_rules": "kubernetes_prometheus_rules", "add_security_context": "add_security_context", "delay_treatment": "delay_treatment"}, {"pod": "astronomy-shop-recommendationservice-7b9564b48f-s8x9k", "timestamp": 1737549169.765, "sum(rate(container_cpu_usage_seconds_total{namespace=\"system-under-evaluation\", pod=~\"astronomy-shop-recommendationservice.*\"}[90s])) by (pod)": 0.24008782118664793, "recommendation_deployment_CPU": 0.24008782118664793, "kubernetes_prometheus_rules": "kubernetes_prometheus_rules", "add_security_context": "add_security_context", "delay_treatment": "delay_treatment"}, {"pod": "astronomy-shop-recommendationservice-7b9564b48f-s8x9k", "timestamp": 1737549170.765, "sum(rate(container_cpu_usage_seconds_total{namespace=\"system-under-evaluation\", pod=~\"astronomy-shop-recommendationservice.*\"}[90s])) by (pod)": 0.24008782118664793, "recommendation_deployment_CPU": 0.24008782118664793, "kubernetes_prometheus_rules": "kubernetes_prometheus_rules", "add_security_context": "add_security_context", "delay_treatment": "delay_treatment"}, {"pod": "astronomy-shop-recommendationservice-7b9564b48f-s8x9k", "timestamp": 1737549171.765, "sum(rate(container_cpu_usage_seconds_total{namespace=\"system-under-evaluation\", pod=~\"astronomy-shop-recommendationservice.*\"}[90s])) by (pod)": 0.24008782118664793, "recommendation_deployment_CPU": 0.24008782118664793, "kubernetes_prometheus_rules": "kubernetes_prometheus_rules", "add_security_context": "add_security_context", "delay_treatment": "delay_treatment"}, {"pod": "astronomy-shop-recommendationservice-7b9564b48f-s8x9k", "timestamp": 1737549172.765, "sum(rate(container_cpu_usage_seconds_total{namespace=\"system-under-evaluation\", pod=~\"astronomy-shop-recommendationservice.*\"}[90s])) by (pod)": 0.24008782118664793, "recommendation_deployment_CPU": 0.24008782118664793, "kubernetes_prometheus_rules": "kubernetes_prometheus_rules", "add_security_context": "add_security_context", "delay_treatment": "delay_treatment"}, {"pod": "astronomy-shop-recommendationservice-7b9564b48f-s8x9k", "timestamp": 1737549173.765, "sum(rate(container_cpu_usage_seconds_total{namespace=\"system-under-evaluation\", pod=~\"astronomy-shop-recommendationservice.*\"}[90s])) by (pod)": 0.24008782118664793, "recommendation_deployment_CPU": 0.24008782118664793, "kubernetes_prometheus_rules": "kubernetes_prometheus_rules", "add_security_context": "add_security_context", "delay_treatment": "delay_treatment"}, {"pod": "astronomy-shop-recommendationservice-7b9564b48f-s8x9k", "timestamp": 1737549174.765, "sum(rate(container_cpu_usage_seconds_total{namespace=\"system-under-evaluation\", pod=~\"astronomy-shop-recommendationservice.*\"}[90s])) by (pod)": 0.24008782118664793, "recommendation_deployment_CPU": 0.24008782118664793, "kubernetes_prometheus_rules": "kubernetes_prometheus_rules", "add_security_context": "add_security_context", "delay_treatment": "delay_treatment"}, {"pod": "astronomy-shop-recommendationservice-7b9564b48f-s8x9k", "timestamp": 1737549175.765, "sum(rate(container_cpu_usage_seconds_total{namespace=\"system-under-evaluation\", pod=~\"astronomy-shop-recommendationservice.*\"}[90s])) by (pod)": 0.2400878211866479, "recommendation_deployment_CPU": 0.2400878211866479, "kubernetes_prometheus_rules": "kubernetes_prometheus_rules", "add_security_context": "add_security_context", "delay_treatment": "delay_treatment"}, {"pod": "astronomy-shop-recommendationservice-7b9564b48f-s8x9k", "timestamp": 1737549176.765, "sum(rate(container_cpu_usage_seconds_total{namespace=\"system-under-evaluation\", pod=~\"astronomy-shop-recommendationservice.*\"}[90s])) by (pod)": 0.2400878211866479, "recommendation_deployment_CPU": 0.2400878211866479, "kubernetes_prometheus_rules": "kubernetes_prometheus_rules", "add_security_context": "add_security_context", "delay_treatment": "delay_treatment"}, {"pod": "astronomy-shop-recommendationservice-7b9564b48f-s8x9k", "timestamp": 1737549177.765, "sum(rate(container_cpu_usage_seconds_total{namespace=\"system-under-evaluation\", pod=~\"astronomy-shop-recommendationservice.*\"}[90s])) by (pod)": 0.2400878211866479, "recommendation_deployment_CPU": 0.2400878211866479, "kubernetes_prometheus_rules": "kubernetes_prometheus_rules", "add_security_context": "add_security_context", "delay_treatment": "delay_treatment"}, {"pod": "astronomy-shop-recommendationservice-7b9564b48f-s8x9k", "timestamp": 1737549178.765, "sum(rate(container_cpu_usage_seconds_total{namespace=\"system-under-evaluation\", pod=~\"astronomy-shop-recommendationservice.*\"}[90s])) by (pod)": 0.2400878211866479, "recommendation_deployment_CPU": 0.2400878211866479, "kubernetes_prometheus_rules": "kubernetes_prometheus_rules", "add_security_context": "add_security_context", "delay_treatment": "delay_treatment"}, {"pod": "astronomy-shop-recommendationservice-7b9564b48f-s8x9k", "timestamp": 1737549179.765, "sum(rate(container_cpu_usage_seconds_total{namespace=\"system-under-evaluation\", pod=~\"astronomy-shop-recommendationservice.*\"}[90s])) by (pod)": 0.2400878211866479, "recommendation_deployment_CPU": 0.2400878211866479, "kubernetes_prometheus_rules": "kubernetes_prometheus_rules", "add_security_context": "add_security_context", "delay_treatment": "delay_treatment"}, {"pod": "astronomy-shop-recommendationservice-7b9564b48f-s8x9k", "timestamp": 1737549180.765, "sum(rate(container_cpu_usage_seconds_total{namespace=\"system-under-evaluation\", pod=~\"astronomy-shop-recommendationservice.*\"}[90s])) by (pod)": 0.2400878211866479, "recommendation_deployment_CPU": 0.2400878211866479, "kubernetes_prometheus_rules": "kubernetes_prometheus_rules", "add_security_context": "add_security_context", "delay_treatment": "delay_treatment"}, {"pod": "astronomy-shop-recommendationservice-7b9564b48f-s8x9k", "timestamp": 1737549181.765, "sum(rate(container_cpu_usage_seconds_total{namespace=\"system-under-evaluation\", pod=~\"astronomy-shop-recommendationservice.*\"}[90s])) by (pod)": 0.2400878211866479, "recommendation_deployment_CPU": 0.2400878211866479, "kubernetes_prometheus_rules": "kubernetes_prometheus_rules", "add_security_context": "add_security_context", "delay_treatment": "delay_treatment"}, {"pod": "astronomy-shop-recommendationservice-7b9564b48f-s8x9k", "timestamp": 1737549182.765, "sum(rate(container_cpu_usage_seconds_total{namespace=\"system-under-evaluation\", pod=~\"astronomy-shop-recommendationservice.*\"}[90s])) by (pod)": 0.2400878211866479, "recommendation_deployment_CPU": 0.2400878211866479, "kubernetes_prometheus_rules": "kubernetes_prometheus_rules", "add_security_context": "add_security_context", "delay_treatment": "delay_treatment"}, {"pod": "astronomy-shop-recommendationservice-7b9564b48f-s8x9k", "timestamp": 1737549183.765, "sum(rate(container_cpu_usage_seconds_total{namespace=\"system-under-evaluation\", pod=~\"astronomy-shop-recommendationservice.*\"}[90s])) by (pod)": 0.2400878211866479, "recommendation_deployment_CPU": 0.2400878211866479, "kubernetes_prometheus_rules": "kubernetes_prometheus_rules", "add_security_context": "add_security_context", "delay_treatment": "delay_treatment"}, {"pod": "astronomy-shop-recommendationservice-7b9564b48f-s8x9k", "timestamp": 1737549184.765, "sum(rate(container_cpu_usage_seconds_total{namespace=\"system-under-evaluation\", pod=~\"astronomy-shop-recommendationservice.*\"}[90s])) by (pod)": 0.2400878211866479, "recommendation_deployment_CPU": 0.2400878211866479, "kubernetes_prometheus_rules": "kubernetes_prometheus_rules", "add_security_context": "add_security_context", "delay_treatment": "delay_treatment"}, {"pod": "astronomy-shop-recommendationservice-7b9564b48f-s8x9k", "timestamp": 1737549185.765, "sum(rate(container_cpu_usage_seconds_total{namespace=\"system-under-evaluation\", pod=~\"astronomy-shop-recommendationservice.*\"}[90s])) by (pod)": 0.2400878211866479, "recommendation_deployment_CPU": 0.2400878211866479, "kubernetes_prometheus_rules": "kubernetes_prometheus_rules", "add_security_context": "add_security_context", "delay_treatment": "delay_treatment"}, {"pod": "astronomy-shop-recommendationservice-7b9564b48f-s8x9k", "timestamp": 1737549186.765, "sum(rate(container_cpu_usage_seconds_total{namespace=\"system-under-evaluation\", pod=~\"astronomy-shop-recommendationservice.*\"}[90s])) by (pod)": 0.2400878211866479, "recommendation_deployment_CPU": 0.2400878211866479, "kubernetes_prometheus_rules": "kubernetes_prometheus_rules", "add_security_context": "add_security_context", "delay_treatment": "delay_treatment"}, {"pod": "astronomy-shop-recommendationservice-7b9564b48f-s8x9k", "timestamp": 1737549187.765, "sum(rate(container_cpu_usage_seconds_total{namespace=\"system-under-evaluation\", pod=~\"astronomy-shop-recommendationservice.*\"}[90s])) by (pod)": 0.2400878211866479, "recommendation_deployment_CPU": 0.2400878211866479, "kubernetes_prometheus_rules": "kubernetes_prometheus_rules", "add_security_context": "add_security_context", "delay_treatment": "delay_treatment"}, {"pod": "astronomy-shop-recommendationservice-7b9564b48f-s8x9k", "timestamp": 1737549188.765, "sum(rate(container_cpu_usage_seconds_total{namespace=\"system-under-evaluation\", pod=~\"astronomy-shop-recommendationservice.*\"}[90s])) by (pod)": 0.2400878211866479, "recommendation_deployment_CPU": 0.2400878211866479, "kubernetes_prometheus_rules": "kubernetes_prometheus_rules", "add_security_context": "add_security_context", "delay_treatment": "delay_treatment"}, {"pod": "astronomy-shop-recommendationservice-7b9564b48f-s8x9k", "timestamp": 1737549189.765, "sum(rate(container_cpu_usage_seconds_total{namespace=\"system-under-evaluation\", pod=~\"astronomy-shop-recommendationservice.*\"}[90s])) by (pod)": 0.2400878211866479, "recommendation_deployment_CPU": 0.2400878211866479, "kubernetes_prometheus_rules": "kubernetes_prometheus_rules", "add_security_context": "add_security_context", "delay_treatment": "delay_treatment"}, {"pod": "astronomy-shop-recommendationservice-7b9564b48f-s8x9k", "timestamp": 1737549190.765, "sum(rate(container_cpu_usage_seconds_total{namespace=\"system-under-evaluation\", pod=~\"astronomy-shop-recommendationservice.*\"}[90s])) by (pod)": 0.2400878211866479, "recommendation_deployment_CPU": 0.2400878211866479, "kubernetes_prometheus_rules": "kubernetes_prometheus_rules", "add_security_context": "add_security_context", "delay_treatment": "delay_treatment"}, {"pod": "astronomy-shop-recommendationservice-7b9564b48f-s8x9k", "timestamp": 1737549191.765, "sum(rate(container_cpu_usage_seconds_total{namespace=\"system-under-evaluation\", pod=~\"astronomy-shop-recommendationservice.*\"}[90s])) by (pod)": 0.2400878211866479, "recommendation_deployment_CPU": 0.2400878211866479, "kubernetes_prometheus_rules": "kubernetes_prometheus_rules", "add_security_context": "add_security_context", "delay_treatment": "delay_treatment"}, {"pod": "astronomy-shop-recommendationservice-7b9564b48f-s8x9k", "timestamp": 1737549192.765, "sum(rate(container_cpu_usage_seconds_total{namespace=\"system-under-evaluation\", pod=~\"astronomy-shop-recommendationservice.*\"}[90s])) by (pod)": 0.2400878211866479, "recommendation_deployment_CPU": 0.2400878211866479, "kubernetes_prometheus_rules": "kubernetes_prometheus_rules", "add_security_context": "add_security_context", "delay_treatment": "delay_treatment"}, {"pod": "astronomy-shop-recommendationservice-7b9564b48f-s8x9k", "timestamp": 1737549193.765, "sum(rate(container_cpu_usage_seconds_total{namespace=\"system-under-evaluation\", pod=~\"astronomy-shop-recommendationservice.*\"}[90s])) by (pod)": 0.2400878211866479, "recommendation_deployment_CPU": 0.2400878211866479, "kubernetes_prometheus_rules": "kubernetes_prometheus_rules", "add_security_context": "add_security_context", "delay_treatment": "delay_treatment"}, {"pod": "astronomy-shop-recommendationservice-7b9564b48f-s8x9k", "timestamp": 1737549194.765, "sum(rate(container_cpu_usage_seconds_total{namespace=\"system-under-evaluation\", pod=~\"astronomy-shop-recommendationservice.*\"}[90s])) by (pod)": 0.22058067471118348, "recommendation_deployment_CPU": 0.22058067471118348, "kubernetes_prometheus_rules": "kubernetes_prometheus_rules", "add_security_context": "add_security_context", "delay_treatment": "delay_treatment"}, {"pod": "astronomy-shop-recommendationservice-7b9564b48f-s8x9k", "timestamp": 1737549195.765, "sum(rate(container_cpu_usage_seconds_total{namespace=\"system-under-evaluation\", pod=~\"astronomy-shop-recommendationservice.*\"}[90s])) by (pod)": 0.22046012273236126, "recommendation_deployment_CPU": 0.22046012273236126, "kubernetes_prometheus_rules": "kubernetes_prometheus_rules", "add_security_context": "add_security_context", "delay_treatment": "delay_treatment"}, {"pod": "astronomy-shop-recommendationservice-7b9564b48f-s8x9k", "timestamp": 1737549196.765, "sum(rate(container_cpu_usage_seconds_total{namespace=\"system-under-evaluation\", pod=~\"astronomy-shop-recommendationservice.*\"}[90s])) by (pod)": 0.22176982448086502, "recommendation_deployment_CPU": 0.22176982448086502, "kubernetes_prometheus_rules": "kubernetes_prometheus_rules", "add_security_context": "add_security_context", "delay_treatment": "delay_treatment"}, {"pod": "astronomy-shop-recommendationservice-7b9564b48f-s8x9k", "timestamp": 1737549197.765, "sum(rate(container_cpu_usage_seconds_total{namespace=\"system-under-evaluation\", pod=~\"astronomy-shop-recommendationservice.*\"}[90s])) by (pod)": 0.24464180096586, "recommendation_deployment_CPU": 0.24464180096586, "kubernetes_prometheus_rules": "kubernetes_prometheus_rules", "add_security_context": "add_security_context", "delay_treatment": "delay_treatment"}, {"pod": "astronomy-shop-recommendationservice-7b9564b48f-s8x9k", "timestamp": 1737549198.765, "sum(rate(container_cpu_usage_seconds_total{namespace=\"system-under-evaluation\", pod=~\"astronomy-shop-recommendationservice.*\"}[90s])) by (pod)": 0.2486068476656469, "recommendation_deployment_CPU": 0.2486068476656469, "kubernetes_prometheus_rules": "kubernetes_prometheus_rules", "add_security_context": "add_security_context", "delay_treatment": "delay_treatment"}, {"pod": "astronomy-shop-recommendationservice-7b9564b48f-s8x9k", "timestamp": 1737549199.765, "sum(rate(container_cpu_usage_seconds_total{namespace=\"system-under-evaluation\", pod=~\"astronomy-shop-recommendationservice.*\"}[90s])) by (pod)": 0.2486068476656469, "recommendation_deployment_CPU": 0.2486068476656469, "kubernetes_prometheus_rules": "kubernetes_prometheus_rules", "add_security_context": "add_security_context", "delay_treatment": "delay_treatment"}, {"pod": "astronomy-shop-recommendationservice-7b9564b48f-s8x9k", "timestamp": 1737549200.765, "sum(rate(container_cpu_usage_seconds_total{namespace=\"system-under-evaluation\", pod=~\"astronomy-shop-recommendationservice.*\"}[90s])) by (pod)": 0.2486068476656469, "recommendation_deployment_CPU": 0.2486068476656469, "kubernetes_prometheus_rules": "kubernetes_prometheus_rules", "add_security_context": "add_security_context", "delay_treatment": "delay_treatment"}, {"pod": "astronomy-shop-recommendationservice-7b9564b48f-s8x9k", "timestamp": 1737549201.765, "sum(rate(container_cpu_usage_seconds_total{namespace=\"system-under-evaluation\", pod=~\"astronomy-shop-recommendationservice.*\"}[90s])) by (pod)": 0.2486068476656469, "recommendation_deployment_CPU": 0.2486068476656469, "kubernetes_prometheus_rules": "kubernetes_prometheus_rules", "add_security_context": "add_security_context", "delay_treatment": "delay_treatment"}, {"pod": "astronomy-shop-recommendationservice-7b9564b48f-s8x9k", "timestamp": 1737549202.765, "sum(rate(container_cpu_usage_seconds_total{namespace=\"system-under-evaluation\", pod=~\"astronomy-shop-recommendationservice.*\"}[90s])) by (pod)": 0.2486068476656469, "recommendation_deployment_CPU": 0.2486068476656469, "kubernetes_prometheus_rules": "kubernetes_prometheus_rules", "add_security_context": "add_security_context", "delay_treatment": "delay_treatment"}, {"pod": "astronomy-shop-recommendationservice-7b9564b48f-s8x9k", "timestamp": 1737549203.765, "sum(rate(container_cpu_usage_seconds_total{namespace=\"system-under-evaluation\", pod=~\"astronomy-shop-recommendationservice.*\"}[90s])) by (pod)": 0.2486068476656469, "recommendation_deployment_CPU": 0.2486068476656469, "kubernetes_prometheus_rules": "kubernetes_prometheus_rules", "add_security_context": "add_security_context", "delay_treatment": "delay_treatment"}, {"pod": "astronomy-shop-recommendationservice-7b9564b48f-s8x9k", "timestamp": 1737549204.765, "sum(rate(container_cpu_usage_seconds_total{namespace=\"system-under-evaluation\", pod=~\"astronomy-shop-recommendationservice.*\"}[90s])) by (pod)": 0.2486068476656469, "recommendation_deployment_CPU": 0.2486068476656469, "kubernetes_prometheus_rules": "kubernetes_prometheus_rules", "add_security_context": "add_security_context", "delay_treatment": "delay_treatment"}, {"pod": "astronomy-shop-recommendationservice-7b9564b48f-s8x9k", "timestamp": 1737549205.765, "sum(rate(container_cpu_usage_seconds_total{namespace=\"system-under-evaluation\", pod=~\"astronomy-shop-recommendationservice.*\"}[90s])) by (pod)": 0.2486068476656469, "recommendation_deployment_CPU": 0.2486068476656469, "kubernetes_prometheus_rules": "kubernetes_prometheus_rules", "add_security_context": "add_security_context", "delay_treatment": "delay_treatment"}, {"pod": "astronomy-shop-recommendationservice-7b9564b48f-s8x9k", "timestamp": 1737549206.765, "sum(rate(container_cpu_usage_seconds_total{namespace=\"system-under-evaluation\", pod=~\"astronomy-shop-recommendationservice.*\"}[90s])) by (pod)": 0.2486068476656469, "recommendation_deployment_CPU": 0.2486068476656469, "kubernetes_prometheus_rules": "kubernetes_prometheus_rules", "add_security_context": "add_security_context", "delay_treatment": "delay_treatment"}, {"pod": "astronomy-shop-recommendationservice-7b9564b48f-s8x9k", "timestamp": 1737549207.765, "sum(rate(container_cpu_usage_seconds_total{namespace=\"system-under-evaluation\", pod=~\"astronomy-shop-recommendationservice.*\"}[90s])) by (pod)": 0.2486068476656469, "recommendation_deployment_CPU": 0.2486068476656469, "kubernetes_prometheus_rules": "kubernetes_prometheus_rules", "add_security_context": "add_security_context", "delay_treatment": "delay_treatment"}, {"pod": "astronomy-shop-recommendationservice-7b9564b48f-s8x9k", "timestamp": 1737549208.765, "sum(rate(container_cpu_usage_seconds_total{namespace=\"system-under-evaluation\", pod=~\"astronomy-shop-recommendationservice.*\"}[90s])) by (pod)": 0.2486068476656469, "recommendation_deployment_CPU": 0.2486068476656469, "kubernetes_prometheus_rules": "kubernetes_prometheus_rules", "add_security_context": "add_security_context", "delay_treatment": "delay_treatment"}, {"pod": "astronomy-shop-recommendationservice-7b9564b48f-s8x9k", "timestamp": 1737549209.765, "sum(rate(container_cpu_usage_seconds_total{namespace=\"system-under-evaluation\", pod=~\"astronomy-shop-recommendationservice.*\"}[90s])) by (pod)": 0.2486068476656469, "recommendation_deployment_CPU": 0.2486068476656469, "kubernetes_prometheus_rules": "kubernetes_prometheus_rules", "add_security_context": "add_security_context", "delay_treatment": "delay_treatment"}, {"pod": "astronomy-shop-recommendationservice-7b9564b48f-s8x9k", "timestamp": 1737549210.765, "sum(rate(container_cpu_usage_seconds_total{namespace=\"system-under-evaluation\", pod=~\"astronomy-shop-recommendationservice.*\"}[90s])) by (pod)": 0.2486068476656469, "recommendation_deployment_CPU": 0.2486068476656469, "kubernetes_prometheus_rules": "kubernetes_prometheus_rules", "add_security_context": "add_security_context", "delay_treatment": "delay_treatment"}, {"pod": "astronomy-shop-recommendationservice-7b9564b48f-s8x9k", "timestamp": 1737549211.765, "sum(rate(container_cpu_usage_seconds_total{namespace=\"system-under-evaluation\", pod=~\"astronomy-shop-recommendationservice.*\"}[90s])) by (pod)": 0.2486068476656469, "recommendation_deployment_CPU": 0.2486068476656469, "kubernetes_prometheus_rules": "kubernetes_prometheus_rules", "add_security_context": "add_security_context", "delay_treatment": "delay_treatment"}, {"pod": "astronomy-shop-recommendationservice-7b9564b48f-s8x9k", "timestamp": 1737549212.765, "sum(rate(container_cpu_usage_seconds_total{namespace=\"system-under-evaluation\", pod=~\"astronomy-shop-recommendationservice.*\"}[90s])) by (pod)": 0.2486068476656469, "recommendation_deployment_CPU": 0.2486068476656469, "kubernetes_prometheus_rules": "kubernetes_prometheus_rules", "add_security_context": "add_security_context", "delay_treatment": "delay_treatment"}, {"pod": "astronomy-shop-recommendationservice-7b9564b48f-s8x9k", "timestamp": 1737549213.765, "sum(rate(container_cpu_usage_seconds_total{namespace=\"system-under-evaluation\", pod=~\"astronomy-shop-recommendationservice.*\"}[90s])) by (pod)": 0.2486068476656469, "recommendation_deployment_CPU": 0.2486068476656469, "kubernetes_prometheus_rules": "kubernetes_prometheus_rules", "add_security_context": "add_security_context", "delay_treatment": "delay_treatment"}, {"pod": "astronomy-shop-recommendationservice-7b9564b48f-s8x9k", "timestamp": 1737549214.765, "sum(rate(container_cpu_usage_seconds_total{namespace=\"system-under-evaluation\", pod=~\"astronomy-shop-recommendationservice.*\"}[90s])) by (pod)": 0.24860684766564684, "recommendation_deployment_CPU": 0.24860684766564684, "kubernetes_prometheus_rules": "kubernetes_prometheus_rules", "add_security_context": "add_security_context", "delay_treatment": "delay_treatment"}, {"pod": "astronomy-shop-recommendationservice-7b9564b48f-s8x9k", "timestamp": 1737549215.765, "sum(rate(container_cpu_usage_seconds_total{namespace=\"system-under-evaluation\", pod=~\"astronomy-shop-recommendationservice.*\"}[90s])) by (pod)": 0.24692202163181787, "recommendation_deployment_CPU": 0.24692202163181787, "kubernetes_prometheus_rules": "kubernetes_prometheus_rules", "add_security_context": "add_security_context", "delay_treatment": "delay_treatment"}, {"pod": "astronomy-shop-recommendationservice-7b9564b48f-s8x9k", "timestamp": 1737549216.765, "sum(rate(container_cpu_usage_seconds_total{namespace=\"system-under-evaluation\", pod=~\"astronomy-shop-recommendationservice.*\"}[90s])) by (pod)": 0.24692202163181787, "recommendation_deployment_CPU": 0.24692202163181787, "kubernetes_prometheus_rules": "kubernetes_prometheus_rules", "add_security_context": "add_security_context", "delay_treatment": "delay_treatment"}, {"pod": "astronomy-shop-recommendationservice-7b9564b48f-s8x9k", "timestamp": 1737549217.765, "sum(rate(container_cpu_usage_seconds_total{namespace=\"system-under-evaluation\", pod=~\"astronomy-shop-recommendationservice.*\"}[90s])) by (pod)": 0.24692202163181787, "recommendation_deployment_CPU": 0.24692202163181787, "kubernetes_prometheus_rules": "kubernetes_prometheus_rules", "add_security_context": "add_security_context", "delay_treatment": "delay_treatment"}, {"pod": "astronomy-shop-recommendationservice-7b9564b48f-s8x9k", "timestamp": 1737549218.765, "sum(rate(container_cpu_usage_seconds_total{namespace=\"system-under-evaluation\", pod=~\"astronomy-shop-recommendationservice.*\"}[90s])) by (pod)": 0.24692202163181787, "recommendation_deployment_CPU": 0.24692202163181787, "kubernetes_prometheus_rules": "NoTreatment", "add_security_context": "NoTreatment", "delay_treatment": "NoTreatment"}, {"pod": "astronomy-shop-recommendationservice-7b9564b48f-s8x9k", "timestamp": 1737549219.765, "sum(rate(container_cpu_usage_seconds_total{namespace=\"system-under-evaluation\", pod=~\"astronomy-shop-recommendationservice.*\"}[90s])) by (pod)": 0.24692202163181787, "recommendation_deployment_CPU": 0.24692202163181787, "kubernetes_prometheus_rules": "NoTreatment", "add_security_context": "NoTreatment", "delay_treatment": "NoTreatment"}, {"pod": "astronomy-shop-recommendationservice-7b9564b48f-s8x9k", "timestamp": 1737549220.765, "sum(rate(container_cpu_usage_seconds_total{namespace=\"system-under-evaluation\", pod=~\"astronomy-shop-recommendationservice.*\"}[90s])) by (pod)": 0.24692202163181787, "recommendation_deployment_CPU": 0.24692202163181787, "kubernetes_prometheus_rules": "NoTreatment", "add_security_context": "NoTreatment", "delay_treatment": "NoTreatment"}, {"pod": "astronomy-shop-recommendationservice-7b9564b48f-s8x9k", "timestamp": 1737549221.765, "sum(rate(container_cpu_usage_seconds_total{namespace=\"system-under-evaluation\", pod=~\"astronomy-shop-recommendationservice.*\"}[90s])) by (pod)": 0.24692202163181787, "recommendation_deployment_CPU": 0.24692202163181787, "kubernetes_prometheus_rules": "NoTreatment", "add_security_context": "NoTreatment", "delay_treatment": "NoTreatment"}, {"pod": "astronomy-shop-recommendationservice-7b9564b48f-s8x9k", "timestamp": 1737549222.765, "sum(rate(container_cpu_usage_seconds_total{namespace=\"system-under-evaluation\", pod=~\"astronomy-shop-recommendationservice.*\"}[90s])) by (pod)": 0.24692202163181787, "recommendation_deployment_CPU": 0.24692202163181787, "kubernetes_prometheus_rules": "NoTreatment", "add_security_context": "NoTreatment", "delay_treatment": "NoTreatment"}, {"pod": "astronomy-shop-recommendationservice-7b9564b48f-s8x9k", "timestamp": 1737549223.765, "sum(rate(container_cpu_usage_seconds_total{namespace=\"system-under-evaluation\", pod=~\"astronomy-shop-recommendationservice.*\"}[90s])) by (pod)": 0.24692202163181787, "recommendation_deployment_CPU": 0.24692202163181787, "kubernetes_prometheus_rules": "NoTreatment", "add_security_context": "NoTreatment", "delay_treatment": "NoTreatment"}, {"pod": "astronomy-shop-recommendationservice-7b9564b48f-s8x9k", "timestamp": 1737549224.765, "sum(rate(container_cpu_usage_seconds_total{namespace=\"system-under-evaluation\", pod=~\"astronomy-shop-recommendationservice.*\"}[90s])) by (pod)": 0.24692202163181787, "recommendation_deployment_CPU": 0.24692202163181787, "kubernetes_prometheus_rules": "NoTreatment", "add_security_context": "NoTreatment", "delay_treatment": "NoTreatment"}, {"pod": "astronomy-shop-recommendationservice-7b9564b48f-s8x9k", "timestamp": 1737549225.765, "sum(rate(container_cpu_usage_seconds_total{namespace=\"system-under-evaluation\", pod=~\"astronomy-shop-recommendationservice.*\"}[90s])) by (pod)": 0.24692202163181787, "recommendation_deployment_CPU": 0.24692202163181787, "kubernetes_prometheus_rules": "NoTreatment", "add_security_context": "NoTreatment", "delay_treatment": "NoTreatment"}, {"pod": "astronomy-shop-recommendationservice-7b9564b48f-s8x9k", "timestamp": 1737549226.765, "sum(rate(container_cpu_usage_seconds_total{namespace=\"system-under-evaluation\", pod=~\"astronomy-shop-recommendationservice.*\"}[90s])) by (pod)": 0.24692202163181787, "recommendation_deployment_CPU": 0.24692202163181787, "kubernetes_prometheus_rules": "NoTreatment", "add_security_context": "NoTreatment", "delay_treatment": "NoTreatment"}, {"pod": "astronomy-shop-recommendationservice-7b9564b48f-s8x9k", "timestamp": 1737549227.765, "sum(rate(container_cpu_usage_seconds_total{namespace=\"system-under-evaluation\", pod=~\"astronomy-shop-recommendationservice.*\"}[90s])) by (pod)": 0.23123177523526714, "recommendation_deployment_CPU": 0.23123177523526714, "kubernetes_prometheus_rules": "NoTreatment", "add_security_context": "NoTreatment", "delay_treatment": "NoTreatment"}]