[{"index": 0, "trace_id": "2052f2661b059ca7095caf87ceae254a", "span_id": "a9dd17dffa5218e3", "operation": "orders receive", "start_time": 1737547943812844, "end_time": 1737547943837591, "duration": 24747, "service_name": "accountingservice", "span_kind": "consumer", "req_status_code": "N/A", "ref_type": "FOLLOWS_FROM", "ref_type_span_ID": "964d6eb6d5ac8e01", "ref_type_trace_ID": "30547050dc4441d576b5ade6cbc41730", "kubernetes_prometheus_rules": "kubernetes_prometheus_rules", "add_security_context": "add_security_context", "delay_treatment": "delay_treatment"}, {"index": 0, "trace_id": "9d28a33d22421b18917917655344da3d", "span_id": "9e81ed2152114f1d", "operation": "orders receive", "start_time": 1737548053165585, "end_time": 1737548053184421, "duration": 18836, "service_name": "accountingservice", "span_kind": "consumer", "req_status_code": "N/A", "ref_type": "FOLLOWS_FROM", "ref_type_span_ID": "425a15bb6673e7f1", "ref_type_trace_ID": "419eb4cae327886b1572f7ff86b4a9ec", "kubernetes_prometheus_rules": "kubernetes_prometheus_rules", "add_security_context": "add_security_context", "delay_treatment": "delay_treatment"}, {"index": 0, "trace_id": "ebea09478f0a978a62face6e1a78295f", "span_id": "cd2ba3001933cdff", "operation": "orders receive", "start_time": 1737548017443179, "end_time": 1737548017510136, "duration": 66957, "service_name": "accountingservice", "span_kind": "consumer", "req_status_code": "N/A", "ref_type": "FOLLOWS_FROM", "ref_type_span_ID": "551b4e66bb0d1a93", "ref_type_trace_ID": "361365501a5e25e99c644620da7fcc5a", "kubernetes_prometheus_rules": "kubernetes_prometheus_rules", "add_security_context": "add_security_context", "delay_treatment": "delay_treatment"}, {"index": 0, "trace_id": "d67797add31a4ff7f87940fa71d7480c", "span_id": "a54a9aa575167760", "operation": "orders receive", "start_time": 1737547948004906, "end_time": 1737547948021256, "duration": 16350, "service_name": "accountingservice", "span_kind": "consumer", "req_status_code": "N/A", "ref_type": "FOLLOWS_FROM", "ref_type_span_ID": "acf78346bcae79bb", "ref_type_trace_ID": "81fa9926cbda00346e7da4002d26d9ab", "kubernetes_prometheus_rules": "kubernetes_prometheus_rules", "add_security_context": "add_security_context", "delay_treatment": "delay_treatment"}, {"index": 0, "trace_id": "0bdb576985d2ba759bd6e6f08edf662c", "span_id": "6f4ac1dc16581f81", "operation": "orders receive", "start_time": 1737548036310754, "end_time": 1737548036364658, "duration": 53904, "service_name": "accountingservice", "span_kind": "consumer", "req_status_code": "N/A", "ref_type": "FOLLOWS_FROM", "ref_type_span_ID": "2910095e9d58a2e6", "ref_type_trace_ID": "62884a43bc14334da8c74920266fc930", "kubernetes_prometheus_rules": "kubernetes_prometheus_rules", "add_security_context": "add_security_context", "delay_treatment": "delay_treatment"}, {"index": 0, "trace_id": "81099a9b31acce06e0f4ab715fcaf4c9", "span_id": "1eab6c9bca97abc7", "operation": "orders receive", "start_time": 1737547961302402, "end_time": 1737547961304867, "duration": 2465, "service_name": "accountingservice", "span_kind": "consumer", "req_status_code": "N/A", "ref_type": "FOLLOWS_FROM", "ref_type_span_ID": "2ed42a7d9f55a9ea", "ref_type_trace_ID": "b7eb992c193b3aa8accb3dde31429215", "kubernetes_prometheus_rules": "kubernetes_prometheus_rules", "add_security_context": "add_security_context", "delay_treatment": "delay_treatment"}, {"index": 0, "trace_id": "21ce7c45d66d940504741893c293b6db", "span_id": "393a295bcb7288df", "operation": "orders receive", "start_time": 1737548060603528, "end_time": 1737548060626608, "duration": 23080, "service_name": "accountingservice", "span_kind": "consumer", "req_status_code": "N/A", "ref_type": "FOLLOWS_FROM", "ref_type_span_ID": "39d0eb768eee57b6", "ref_type_trace_ID": "3c06ef5b2f0cc39e8b5f3b30e16d72f5", "kubernetes_prometheus_rules": "kubernetes_prometheus_rules", "add_security_context": "add_security_context", "delay_treatment": "delay_treatment"}, {"index": 0, "trace_id": "3707a1f7da436ff359865ae12082eeeb", "span_id": "aede1d88076b98d5", "operation": "orders receive", "start_time": 1737547977588672, "end_time": 1737547977591865, "duration": 3193, "service_name": "accountingservice", "span_kind": "consumer", "req_status_code": "N/A", "ref_type": "FOLLOWS_FROM", "ref_type_span_ID": "827c58db706dff5e", "ref_type_trace_ID": "8fd79b23f9ab93796971b9e36dc10eed", "kubernetes_prometheus_rules": "kubernetes_prometheus_rules", "add_security_context": "add_security_context", "delay_treatment": "delay_treatment"}, {"index": 0, "trace_id": "742fb698426000b93b8d1b40a7e6e80f", "span_id": "c449f68f29ff67e9", "operation": "orders receive", "start_time": 1737548040094029, "end_time": 1737548040111571, "duration": 17542, "service_name": "accountingservice", "span_kind": "consumer", "req_status_code": "N/A", "ref_type": "FOLLOWS_FROM", "ref_type_span_ID": "3df1f3f994b1a122", "ref_type_trace_ID": "3e30f61e19632b1bade0b0ce4fb0d123", "kubernetes_prometheus_rules": "kubernetes_prometheus_rules", "add_security_context": "add_security_context", "delay_treatment": "delay_treatment"}, {"index": 0, "trace_id": "f0c29f4464ebfb82039eb9ef7123469e", "span_id": "cec89269be6b8d11", "operation": "orders receive", "start_time": 1737547937922539, "end_time": 1737547937931384, "duration": 8845, "service_name": "accountingservice", "span_kind": "consumer", "req_status_code": "N/A", "ref_type": "FOLLOWS_FROM", "ref_type_span_ID": "7803f5ca9f147555", "ref_type_trace_ID": "eb4f4838d8bb2211ded68c61600696bc", "kubernetes_prometheus_rules": "kubernetes_prometheus_rules", "add_security_context": "add_security_context", "delay_treatment": "delay_treatment"}, {"index": 0, "trace_id": "9965bb9ee516ce3e8ec5a53d53e8bc32", "span_id": "80bca778b44c993d", "operation": "orders receive", "start_time": 1737547899744667, "end_time": 1737547899757871, "duration": 13204, "service_name": "accountingservice", "span_kind": "consumer", "req_status_code": "N/A", "ref_type": "FOLLOWS_FROM", "ref_type_span_ID": "8cfea33972e73117", "ref_type_trace_ID": "be905c779d4a506d1fbc7b41870c20c9", "kubernetes_prometheus_rules": "kubernetes_prometheus_rules", "add_security_context": "add_security_context", "delay_treatment": "delay_treatment"}, {"index": 0, "trace_id": "e99234687c2e6cc473afa5328a66fab3", "span_id": "96b12de84b862431", "operation": "orders receive", "start_time": 1737548056742867, "end_time": 1737548056765798, "duration": 22931, "service_name": "accountingservice", "span_kind": "consumer", "req_status_code": "N/A", "ref_type": "FOLLOWS_FROM", "ref_type_span_ID": "2ff0509c6fbe07c0", "ref_type_trace_ID": "541ba8c5eac406a2b24b89064f4bc896", "kubernetes_prometheus_rules": "kubernetes_prometheus_rules", "add_security_context": "add_security_context", "delay_treatment": "delay_treatment"}, {"index": 0, "trace_id": "3eba31ab4570336e1cb8a1912c76592f", "span_id": "fbe7a20d14718397", "operation": "orders receive", "start_time": 1737548080810408, "end_time": 1737548080860615, "duration": 50207, "service_name": "accountingservice", "span_kind": "consumer", "req_status_code": "N/A", "ref_type": "FOLLOWS_FROM", "ref_type_span_ID": "8791fd7e54efa7d2", "ref_type_trace_ID": "cff756d3a4a94b21011620c9a9315f8e", "kubernetes_prometheus_rules": "NoTreatment", "add_security_context": "NoTreatment", "delay_treatment": "NoTreatment"}, {"index": 0, "trace_id": "c629fdbac46255ad79e9ddc64f84604c", "span_id": "7fb78c77fce7a44c", "operation": "orders receive", "start_time": 1737547995998241, "end_time": 1737547996002193, "duration": 3952, "service_name": "accountingservice", "span_kind": "consumer", "req_status_code": "N/A", "ref_type": "FOLLOWS_FROM", "ref_type_span_ID": "a36fa4759bdbd3eb", "ref_type_trace_ID": "c6f724408138c754e8598507d1da1050", "kubernetes_prometheus_rules": "kubernetes_prometheus_rules", "add_security_context": "add_security_context", "delay_treatment": "delay_treatment"}, {"index": 0, "trace_id": "128c225d880200e615337aca95d17e88", "span_id": "8c0ee214469e0f28", "operation": "orders receive", "start_time": 1737547924155597, "end_time": 1737547924158334, "duration": 2737, "service_name": "accountingservice", "span_kind": "consumer", "req_status_code": "N/A", "ref_type": "FOLLOWS_FROM", "ref_type_span_ID": "6197758258a3f40b", "ref_type_trace_ID": "3e8ba4d5327f13485639b8a15cbc4015", "kubernetes_prometheus_rules": "kubernetes_prometheus_rules", "add_security_context": "add_security_context", "delay_treatment": "delay_treatment"}, {"index": 0, "trace_id": "05f58845f3ffd20c3009184fe565054b", "span_id": "44708f615ede3609", "operation": "orders receive", "start_time": 1737547903923956, "end_time": 1737547903955569, "duration": 31613, "service_name": "accountingservice", "span_kind": "consumer", "req_status_code": "N/A", "ref_type": "FOLLOWS_FROM", "ref_type_span_ID": "3df2af68200e07f3", "ref_type_trace_ID": "1044b186200862dc7e52426b04e8bec8", "kubernetes_prometheus_rules": "kubernetes_prometheus_rules", "add_security_context": "add_security_context", "delay_treatment": "delay_treatment"}, {"index": 0, "trace_id": "766ae9b9f0b503f20a03ac02a656f132", "span_id": "f1cebf5a66d0ca28", "operation": "orders receive", "start_time": 1737548018749936, "end_time": 1737548018767878, "duration": 17942, "service_name": "accountingservice", "span_kind": "consumer", "req_status_code": "N/A", "ref_type": "FOLLOWS_FROM", "ref_type_span_ID": "ed5eb82c6e1c2df0", "ref_type_trace_ID": "54afe77b5160f7ca760b81662f3c5207", "kubernetes_prometheus_rules": "kubernetes_prometheus_rules", "add_security_context": "add_security_context", "delay_treatment": "delay_treatment"}, {"index": 0, "trace_id": "2b4d7efe2a6f66916aafab65d0a3a8c2", "span_id": "c2b02cfc11ee19af", "operation": "orders receive", "start_time": 1737547952706107, "end_time": 1737547952722605, "duration": 16498, "service_name": "accountingservice", "span_kind": "consumer", "req_status_code": "N/A", "ref_type": "FOLLOWS_FROM", "ref_type_span_ID": "4e4256124234cb6c", "ref_type_trace_ID": "74d0460791fdd13dc82454282871a6a0", "kubernetes_prometheus_rules": "kubernetes_prometheus_rules", "add_security_context": "add_security_context", "delay_treatment": "delay_treatment"}, {"index": 0, "trace_id": "b176dfc6353bd57d00d82265cd96b1c8", "span_id": "46bfe2143f5cd50f", "operation": "orders receive", "start_time": 1737547931284628, "end_time": 1737547931354285, "duration": 69657, "service_name": "accountingservice", "span_kind": "consumer", "req_status_code": "N/A", "ref_type": "FOLLOWS_FROM", "ref_type_span_ID": "f586eab0ddcdf204", "ref_type_trace_ID": "7c3c262b0776bbb6d490a134da6fc52b", "kubernetes_prometheus_rules": "kubernetes_prometheus_rules", "add_security_context": "add_security_context", "delay_treatment": "delay_treatment"}, {"index": 0, "trace_id": "c4551fa3ce3ca2ddcd38a0ea83483f18", "span_id": "a694afbaece794fc", "operation": "orders receive", "start_time": 1737548058061327, "end_time": 1737548058082128, "duration": 20801, "service_name": "accountingservice", "span_kind": "consumer", "req_status_code": "N/A", "ref_type": "FOLLOWS_FROM", "ref_type_span_ID": "b53ce5b12f66d4b9", "ref_type_trace_ID": "7e20f24f416de296f7a7774647daffac", "kubernetes_prometheus_rules": "kubernetes_prometheus_rules", "add_security_context": "add_security_context", "delay_treatment": "delay_treatment"}, {"index": 0, "trace_id": "da2332fc1020040c9a0f7db3c8601606", "span_id": "4af2d8c0242dec7b", "operation": "orders receive", "start_time": 1737547937983684, "end_time": 1737547937990908, "duration": 7224, "service_name": "accountingservice", "span_kind": "consumer", "req_status_code": "N/A", "ref_type": "FOLLOWS_FROM", "ref_type_span_ID": "324f6d79ce06184a", "ref_type_trace_ID": "17bdab92f54ba49ff2b2c3f734c8d570", "kubernetes_prometheus_rules": "kubernetes_prometheus_rules", "add_security_context": "add_security_context", "delay_treatment": "delay_treatment"}, {"index": 0, "trace_id": "6bdba7980e5a7f4c9fd21747b272234a", "span_id": "569eaa45e5f7c7ba", "operation": "orders receive", "start_time": 1737548021595201, "end_time": 1737548021667011, "duration": 71810, "service_name": "accountingservice", "span_kind": "consumer", "req_status_code": "N/A", "ref_type": "FOLLOWS_FROM", "ref_type_span_ID": "c3271d517005943a", "ref_type_trace_ID": "7936f7b1faa7d6519ed16e96f053929c", "kubernetes_prometheus_rules": "kubernetes_prometheus_rules", "add_security_context": "add_security_context", "delay_treatment": "delay_treatment"}, {"index": 0, "trace_id": "46e7520ea093aa7911d4ddc08f312d56", "span_id": "68a12f718c006e39", "operation": "orders receive", "start_time": 1737548077270203, "end_time": 1737548077276783, "duration": 6580, "service_name": "accountingservice", "span_kind": "consumer", "req_status_code": "N/A", "ref_type": "FOLLOWS_FROM", "ref_type_span_ID": "23fc78f3d2217916", "ref_type_trace_ID": "974f266ed60535af826b67c9bfece614", "kubernetes_prometheus_rules": "NoTreatment", "add_security_context": "NoTreatment", "delay_treatment": "NoTreatment"}, {"index": 0, "trace_id": "da4b16e5a3f28945f3485e6306768a1b", "span_id": "b90de0091f31c5c2", "operation": "orders receive", "start_time": 1737548055204295, "end_time": 1737548055210404, "duration": 6109, "service_name": "accountingservice", "span_kind": "consumer", "req_status_code": "N/A", "ref_type": "FOLLOWS_FROM", "ref_type_span_ID": "ed3864e61134498f", "ref_type_trace_ID": "d1d76866911056226bd35023b5124953", "kubernetes_prometheus_rules": "kubernetes_prometheus_rules", "add_security_context": "add_security_context", "delay_treatment": "delay_treatment"}, {"index": 0, "trace_id": "ca2ca7ccb9b68b653f4ca3c582f2aff7", "span_id": "72c27be28b5aec1c", "operation": "orders receive", "start_time": 1737548023230478, "end_time": 1737548023234316, "duration": 3838, "service_name": "accountingservice", "span_kind": "consumer", "req_status_code": "N/A", "ref_type": "FOLLOWS_FROM", "ref_type_span_ID": "ea5b7f5b4f4e8e28", "ref_type_trace_ID": "5d77fd698afa2f0a933c3a3d431aff12", "kubernetes_prometheus_rules": "kubernetes_prometheus_rules", "add_security_context": "add_security_context", "delay_treatment": "delay_treatment"}, {"index": 0, "trace_id": "246b0fef8bb5ce9c97acc44d93d047a2", "span_id": "0bd1fc927d4009a7", "operation": "orders receive", "start_time": 1737547988203684, "end_time": 1737547988221809, "duration": 18125, "service_name": "accountingservice", "span_kind": "consumer", "req_status_code": "N/A", "ref_type": "FOLLOWS_FROM", "ref_type_span_ID": "368ca8c15ef175cd", "ref_type_trace_ID": "531dd0a4dc91ba49f7d6160d58014ce8", "kubernetes_prometheus_rules": "kubernetes_prometheus_rules", "add_security_context": "add_security_context", "delay_treatment": "delay_treatment"}, {"index": 0, "trace_id": "12a64208214da9b1cff6926228114385", "span_id": "e4c61b4328f42b90", "operation": "orders receive", "start_time": 1737547899704227, "end_time": 1737547899744497, "duration": 40270, "service_name": "accountingservice", "span_kind": "consumer", "req_status_code": "N/A", "ref_type": "FOLLOWS_FROM", "ref_type_span_ID": "8bd88e12d4403b6d", "ref_type_trace_ID": "29e7b187cc725ef0d3cbb6c603d82c4a", "kubernetes_prometheus_rules": "kubernetes_prometheus_rules", "add_security_context": "add_security_context", "delay_treatment": "delay_treatment"}, {"index": 0, "trace_id": "7d80025a8fdb5ed1116fc44bd2cd970a", "span_id": "0eb2ae5de71ee510", "operation": "orders receive", "start_time": 1737548026522557, "end_time": 1737548026535763, "duration": 13206, "service_name": "accountingservice", "span_kind": "consumer", "req_status_code": "N/A", "ref_type": "FOLLOWS_FROM", "ref_type_span_ID": "51e4f3a0a1a206e6", "ref_type_trace_ID": "7c97f1891b1db6728e7aa69ce561712c", "kubernetes_prometheus_rules": "kubernetes_prometheus_rules", "add_security_context": "add_security_context", "delay_treatment": "delay_treatment"}, {"index": 0, "trace_id": "79b59a47c0491838e6f4134ddc964d59", "span_id": "6cf804cf947a1dec", "operation": "orders receive", "start_time": 1737547923446215, "end_time": 1737547923451497, "duration": 5282, "service_name": "accountingservice", "span_kind": "consumer", "req_status_code": "N/A", "ref_type": "FOLLOWS_FROM", "ref_type_span_ID": "22a300514f810566", "ref_type_trace_ID": "737fe493192f310eb33780f53ea5e197", "kubernetes_prometheus_rules": "kubernetes_prometheus_rules", "add_security_context": "add_security_context", "delay_treatment": "delay_treatment"}, {"index": 0, "trace_id": "572a5a62148947fd343c115230a11085", "span_id": "d9df3889f7fec9ea", "operation": "orders receive", "start_time": 1737547943646466, "end_time": 1737547943653607, "duration": 7141, "service_name": "accountingservice", "span_kind": "consumer", "req_status_code": "N/A", "ref_type": "FOLLOWS_FROM", "ref_type_span_ID": "0ff3f4cc6c88f1c2", "ref_type_trace_ID": "a7f7ff952e94171e0ef13b618cddd45a", "kubernetes_prometheus_rules": "kubernetes_prometheus_rules", "add_security_context": "add_security_context", "delay_treatment": "delay_treatment"}, {"index": 0, "trace_id": "01d79e3f8707ab400ee853538b9bdca8", "span_id": "a09826502e8c76c4", "operation": "orders receive", "start_time": 1737548074708837, "end_time": 1737548074714233, "duration": 5396, "service_name": "accountingservice", "span_kind": "consumer", "req_status_code": "N/A", "ref_type": "FOLLOWS_FROM", "ref_type_span_ID": "5d062ebad6b38eb3", "ref_type_trace_ID": "a18db1e21a1af60e321143b5409c116d", "kubernetes_prometheus_rules": "NoTreatment", "add_security_context": "NoTreatment", "delay_treatment": "NoTreatment"}, {"index": 0, "trace_id": "b93027f983d63eaea0f3b5f0394e327b", "span_id": "6c45dfc3dbdbdbbc", "operation": "orders receive", "start_time": 1737548079597512, "end_time": 1737548079605312, "duration": 7800, "service_name": "accountingservice", "span_kind": "consumer", "req_status_code": "N/A", "ref_type": "FOLLOWS_FROM", "ref_type_span_ID": "68c660c7b5d041ef", "ref_type_trace_ID": "a00581b538e3232a1cd11e0de134cd12", "kubernetes_prometheus_rules": "NoTreatment", "add_security_context": "NoTreatment", "delay_treatment": "NoTreatment"}, {"index": 0, "trace_id": "7dfa9e5daf0dab9360eb21fe1311c4c7", "span_id": "f2219104b699e94e", "operation": "orders receive", "start_time": 1737547983206744, "end_time": 1737547983213963, "duration": 7219, "service_name": "accountingservice", "span_kind": "consumer", "req_status_code": "N/A", "ref_type": "FOLLOWS_FROM", "ref_type_span_ID": "d2c235601af631a6", "ref_type_trace_ID": "29a7b1ba7a469b74533bd7063a0d334b", "kubernetes_prometheus_rules": "kubernetes_prometheus_rules", "add_security_context": "add_security_context", "delay_treatment": "delay_treatment"}, {"index": 0, "trace_id": "08c14ccef85da8b197257058de26982b", "span_id": "81e96296c41c6e2c", "operation": "orders receive", "start_time": 1737547973860356, "end_time": 1737547973862545, "duration": 2189, "service_name": "accountingservice", "span_kind": "consumer", "req_status_code": "N/A", "ref_type": "FOLLOWS_FROM", "ref_type_span_ID": "11e4d56e9fc07c00", "ref_type_trace_ID": "fa60b05c89a907e5a987b28860c8175b", "kubernetes_prometheus_rules": "kubernetes_prometheus_rules", "add_security_context": "add_security_context", "delay_treatment": "delay_treatment"}, {"index": 0, "trace_id": "43bdb797819cce72d960624548f8624b", "span_id": "c67dc788241d73f9", "operation": "orders receive", "start_time": 1737548010258803, "end_time": 1737548010259565, "duration": 762, "service_name": "accountingservice", "span_kind": "consumer", "req_status_code": "N/A", "ref_type": "FOLLOWS_FROM", "ref_type_span_ID": "921ea1f7e78f529e", "ref_type_trace_ID": "10417d25c919988837d388db257bfe4b", "kubernetes_prometheus_rules": "kubernetes_prometheus_rules", "add_security_context": "add_security_context", "delay_treatment": "delay_treatment"}, {"index": 0, "trace_id": "09aae33e8e64d2d0c7477ff4ec0c5162", "span_id": "141bdd733cafbfec", "operation": "orders receive", "start_time": 1737548007313083, "end_time": 1737548007384529, "duration": 71446, "service_name": "accountingservice", "span_kind": "consumer", "req_status_code": "N/A", "ref_type": "FOLLOWS_FROM", "ref_type_span_ID": "055baeac47176793", "ref_type_trace_ID": "969db1b16591d1c14487850a6a0d2a09", "kubernetes_prometheus_rules": "kubernetes_prometheus_rules", "add_security_context": "add_security_context", "delay_treatment": "delay_treatment"}, {"index": 0, "trace_id": "cb04567eab8f9989b2db7818904d0fe8", "span_id": "454040206c4cf5c8", "operation": "orders receive", "start_time": 1737548035634107, "end_time": 1737548035709507, "duration": 75400, "service_name": "accountingservice", "span_kind": "consumer", "req_status_code": "N/A", "ref_type": "FOLLOWS_FROM", "ref_type_span_ID": "44dcaa002cd31951", "ref_type_trace_ID": "4aa83926be6c6be50ab6240058dc1eb3", "kubernetes_prometheus_rules": "kubernetes_prometheus_rules", "add_security_context": "add_security_context", "delay_treatment": "delay_treatment"}, {"index": 0, "trace_id": "da37aaf63a26f47aa76f4e0944790510", "span_id": "335165fd9b216f98", "operation": "orders receive", "start_time": 1737547910827610, "end_time": 1737547910835975, "duration": 8365, "service_name": "accountingservice", "span_kind": "consumer", "req_status_code": "N/A", "ref_type": "FOLLOWS_FROM", "ref_type_span_ID": "cd3c183f2194aa8f", "ref_type_trace_ID": "237ce00a95626fdc5577d35f9190d3b2", "kubernetes_prometheus_rules": "kubernetes_prometheus_rules", "add_security_context": "add_security_context", "delay_treatment": "delay_treatment"}, {"index": 0, "trace_id": "d884eedc2141eb7274a40b6a0d8d2ec1", "span_id": "c184dcc74a0f6845", "operation": "orders receive", "start_time": 1737547971471419, "end_time": 1737547971478233, "duration": 6814, "service_name": "accountingservice", "span_kind": "consumer", "req_status_code": "N/A", "ref_type": "FOLLOWS_FROM", "ref_type_span_ID": "a9e805ffb87d7b49", "ref_type_trace_ID": "580414f8e1339a0ff2ffa2286d6be65b", "kubernetes_prometheus_rules": "kubernetes_prometheus_rules", "add_security_context": "add_security_context", "delay_treatment": "delay_treatment"}, {"index": 0, "trace_id": "15c0e67bb6f5df7f2a4df8a03bfc7083", "span_id": "555a0cedb319e7c9", "operation": "orders receive", "start_time": 1737548059270502, "end_time": 1737548059278021, "duration": 7519, "service_name": "accountingservice", "span_kind": "consumer", "req_status_code": "N/A", "ref_type": "FOLLOWS_FROM", "ref_type_span_ID": "1a91bd130112f7b4", "ref_type_trace_ID": "2a01b5826b363db3c7e2786863942f81", "kubernetes_prometheus_rules": "kubernetes_prometheus_rules", "add_security_context": "add_security_context", "delay_treatment": "delay_treatment"}, {"index": 0, "trace_id": "6abcec94c3f3dff024febdaa182f9bec", "span_id": "cfdb02d95eb4a634", "operation": "orders receive", "start_time": 1737548045498220, "end_time": 1737548045502219, "duration": 3999, "service_name": "accountingservice", "span_kind": "consumer", "req_status_code": "N/A", "ref_type": "FOLLOWS_FROM", "ref_type_span_ID": "ed42dbe30b71cdec", "ref_type_trace_ID": "4eb9a9142d359ce99cabf4221f221725", "kubernetes_prometheus_rules": "kubernetes_prometheus_rules", "add_security_context": "add_security_context", "delay_treatment": "delay_treatment"}, {"index": 0, "trace_id": "8a72003befa6640cf0d8d740cb89c0bf", "span_id": "ef493209bebfa440", "operation": "orders receive", "start_time": 1737547954543045, "end_time": 1737547954635422, "duration": 92377, "service_name": "accountingservice", "span_kind": "consumer", "req_status_code": "N/A", "ref_type": "FOLLOWS_FROM", "ref_type_span_ID": "276168914977bca9", "ref_type_trace_ID": "094b157941437a4ac9841f2eb1fdad4f", "kubernetes_prometheus_rules": "kubernetes_prometheus_rules", "add_security_context": "add_security_context", "delay_treatment": "delay_treatment"}, {"index": 0, "trace_id": "023c465a188f60ec1830b47d3a8b354f", "span_id": "595b67f394719b7e", "operation": "orders receive", "start_time": 1737547957804555, "end_time": 1737547957839845, "duration": 35290, "service_name": "accountingservice", "span_kind": "consumer", "req_status_code": "N/A", "ref_type": "FOLLOWS_FROM", "ref_type_span_ID": "e66b7678dc0b564e", "ref_type_trace_ID": "8cc93b94607f8b0c3fc5661ebd690baf", "kubernetes_prometheus_rules": "kubernetes_prometheus_rules", "add_security_context": "add_security_context", "delay_treatment": "delay_treatment"}, {"index": 0, "trace_id": "b4ba9c292f9493011a8d4d1605234403", "span_id": "c753ffc7c3de11e2", "operation": "orders receive", "start_time": 1737547920711039, "end_time": 1737547920799858, "duration": 88819, "service_name": "accountingservice", "span_kind": "consumer", "req_status_code": "N/A", "ref_type": "FOLLOWS_FROM", "ref_type_span_ID": "18a881b3439ab25b", "ref_type_trace_ID": "ac0015911e936a88eb1d3406ee4b35f0", "kubernetes_prometheus_rules": "kubernetes_prometheus_rules", "add_security_context": "add_security_context", "delay_treatment": "delay_treatment"}, {"index": 0, "trace_id": "4768f6868b5699c93841ae0d17ed9a2e", "span_id": "1404fd7dcfa11c43", "operation": "orders receive", "start_time": 1737547943331035, "end_time": 1737547943339603, "duration": 8568, "service_name": "accountingservice", "span_kind": "consumer", "req_status_code": "N/A", "ref_type": "FOLLOWS_FROM", "ref_type_span_ID": "8b22de0ccad49c52", "ref_type_trace_ID": "7e7583f268e259f3ea4a907c951e1f4f", "kubernetes_prometheus_rules": "kubernetes_prometheus_rules", "add_security_context": "add_security_context", "delay_treatment": "delay_treatment"}, {"index": 0, "trace_id": "25a9effca3d2c5aae9d5a521e1d3dac7", "span_id": "a657d729d1de14b1", "operation": "orders receive", "start_time": 1737548033732974, "end_time": 1737548033760450, "duration": 27476, "service_name": "accountingservice", "span_kind": "consumer", "req_status_code": "N/A", "ref_type": "FOLLOWS_FROM", "ref_type_span_ID": "4134ea809e4ac3f2", "ref_type_trace_ID": "4d0b9ee9a877fa7673dc6bdf6c31e284", "kubernetes_prometheus_rules": "kubernetes_prometheus_rules", "add_security_context": "add_security_context", "delay_treatment": "delay_treatment"}, {"index": 0, "trace_id": "6dcf47b210b17c469cf6f4dc49a3aad2", "span_id": "961ca19df68d98a2", "operation": "orders receive", "start_time": 1737548083324277, "end_time": 1737548083412373, "duration": 88096, "service_name": "accountingservice", "span_kind": "consumer", "req_status_code": "N/A", "ref_type": "FOLLOWS_FROM", "ref_type_span_ID": "ccaf77e2bb1f03ce", "ref_type_trace_ID": "ebb9d951d85a8b72c5c00c74989200a6", "kubernetes_prometheus_rules": "NoTreatment", "add_security_context": "NoTreatment", "delay_treatment": "NoTreatment"}, {"index": 0, "trace_id": "01c0548558d22f971e27c20698b3ac6a", "span_id": "7f04d1c6be6d7989", "operation": "orders receive", "start_time": 1737548070084134, "end_time": 1737548070093971, "duration": 9837, "service_name": "accountingservice", "span_kind": "consumer", "req_status_code": "N/A", "ref_type": "FOLLOWS_FROM", "ref_type_span_ID": "cbfb6bcd85afd7c6", "ref_type_trace_ID": "e75af9a6972002cac642e8df7b996365", "kubernetes_prometheus_rules": "kubernetes_prometheus_rules", "add_security_context": "add_security_context", "delay_treatment": "delay_treatment"}, {"index": 0, "trace_id": "e2561936427caa7eaee08140da52ae29", "span_id": "adb184c9c1fd8705", "operation": "orders receive", "start_time": 1737547985567285, "end_time": 1737547985586332, "duration": 19047, "service_name": "accountingservice", "span_kind": "consumer", "req_status_code": "N/A", "ref_type": "FOLLOWS_FROM", "ref_type_span_ID": "02bedbe5ebdb1abe", "ref_type_trace_ID": "3de19d2617634d04773b89e15c354b48", "kubernetes_prometheus_rules": "kubernetes_prometheus_rules", "add_security_context": "add_security_context", "delay_treatment": "delay_treatment"}, {"index": 0, "trace_id": "1d609422f7a0abb8e50d4d1fc56eff57", "span_id": "cbfb03b2db4f9c84", "operation": "orders receive", "start_time": 1737547917693359, "end_time": 1737547917716985, "duration": 23626, "service_name": "accountingservice", "span_kind": "consumer", "req_status_code": "N/A", "ref_type": "FOLLOWS_FROM", "ref_type_span_ID": "fe5c57639d0ebdae", "ref_type_trace_ID": "0bf692e69e5b9a15a754c2e9001464b0", "kubernetes_prometheus_rules": "kubernetes_prometheus_rules", "add_security_context": "add_security_context", "delay_treatment": "delay_treatment"}, {"index": 0, "trace_id": "66c0c17220b2dcb0927fbc493b36f399", "span_id": "0f142c930dbfdb0a", "operation": "orders receive", "start_time": 1737547915219340, "end_time": 1737547915230194, "duration": 10854, "service_name": "accountingservice", "span_kind": "consumer", "req_status_code": "N/A", "ref_type": "FOLLOWS_FROM", "ref_type_span_ID": "e24364ca04fc775f", "ref_type_trace_ID": "368d2b61b8a0df57b8ad41f51546655a", "kubernetes_prometheus_rules": "kubernetes_prometheus_rules", "add_security_context": "add_security_context", "delay_treatment": "delay_treatment"}, {"index": 0, "trace_id": "c81556d8a42239038826c1e61ff037a7", "span_id": "35fef13d0dd6e4c8", "operation": "orders receive", "start_time": 1737547967518243, "end_time": 1737547967608296, "duration": 90053, "service_name": "accountingservice", "span_kind": "consumer", "req_status_code": "N/A", "ref_type": "FOLLOWS_FROM", "ref_type_span_ID": "89f50587f13aa989", "ref_type_trace_ID": "86073170404392dc9df37c2e9c6630fc", "kubernetes_prometheus_rules": "kubernetes_prometheus_rules", "add_security_context": "add_security_context", "delay_treatment": "delay_treatment"}, {"index": 0, "trace_id": "500e5194b84a66a2f419e9c754af85c3", "span_id": "7bdd1c42886b8138", "operation": "orders receive", "start_time": 1737547969807870, "end_time": 1737547969822546, "duration": 14676, "service_name": "accountingservice", "span_kind": "consumer", "req_status_code": "N/A", "ref_type": "FOLLOWS_FROM", "ref_type_span_ID": "3128dfdd4f99623f", "ref_type_trace_ID": "4a01df5599b9e450d8ffa9ea49cd63c9", "kubernetes_prometheus_rules": "kubernetes_prometheus_rules", "add_security_context": "add_security_context", "delay_treatment": "delay_treatment"}, {"index": 0, "trace_id": "0d0ad725408ea373c183722842d4642b", "span_id": "54af1f9882c74f2e", "operation": "orders receive", "start_time": 1737547921300770, "end_time": 1737547921386029, "duration": 85259, "service_name": "accountingservice", "span_kind": "consumer", "req_status_code": "N/A", "ref_type": "FOLLOWS_FROM", "ref_type_span_ID": "fffddcc32368f98a", "ref_type_trace_ID": "b3999257cec1c06c618dedeb1b4e9531", "kubernetes_prometheus_rules": "kubernetes_prometheus_rules", "add_security_context": "add_security_context", "delay_treatment": "delay_treatment"}, {"index": 0, "trace_id": "0b07be0031093cf266febed40d068514", "span_id": "26236433bb495f01", "operation": "orders receive", "start_time": 1737547976634853, "end_time": 1737547976641208, "duration": 6355, "service_name": "accountingservice", "span_kind": "consumer", "req_status_code": "N/A", "ref_type": "FOLLOWS_FROM", "ref_type_span_ID": "b600c38a38c45413", "ref_type_trace_ID": "f64cc3524baaea6d8a3b98fca5f3130e", "kubernetes_prometheus_rules": "kubernetes_prometheus_rules", "add_security_context": "add_security_context", "delay_treatment": "delay_treatment"}, {"index": 0, "trace_id": "99a3af867f0af5f99dab73ac98e639b8", "span_id": "194d436a442d0c93", "operation": "orders receive", "start_time": 1737548030066451, "end_time": 1737548030165504, "duration": 99053, "service_name": "accountingservice", "span_kind": "consumer", "req_status_code": "N/A", "ref_type": "FOLLOWS_FROM", "ref_type_span_ID": "c076917e73bc62b6", "ref_type_trace_ID": "9816913d849cf9c039e4747ad4240374", "kubernetes_prometheus_rules": "kubernetes_prometheus_rules", "add_security_context": "add_security_context", "delay_treatment": "delay_treatment"}, {"index": 0, "trace_id": "75089ac71745b260ef21c4128bf01e74", "span_id": "fcc6627f19aced3c", "operation": "orders receive", "start_time": 1737547944617884, "end_time": 1737547944624546, "duration": 6662, "service_name": "accountingservice", "span_kind": "consumer", "req_status_code": "N/A", "ref_type": "FOLLOWS_FROM", "ref_type_span_ID": "966bd7dc858da867", "ref_type_trace_ID": "f2e1d5fef8969a8a2c65df21c54f302e", "kubernetes_prometheus_rules": "kubernetes_prometheus_rules", "add_security_context": "add_security_context", "delay_treatment": "delay_treatment"}, {"index": 0, "trace_id": "7ac781be6400757e6007bd8903852463", "span_id": "0e4515171939c6f0", "operation": "orders receive", "start_time": 1737548023098540, "end_time": 1737548023177249, "duration": 78709, "service_name": "accountingservice", "span_kind": "consumer", "req_status_code": "N/A", "ref_type": "FOLLOWS_FROM", "ref_type_span_ID": "ed6027fb09826653", "ref_type_trace_ID": "371c976a9b19f03a49e91feb32cd5fde", "kubernetes_prometheus_rules": "kubernetes_prometheus_rules", "add_security_context": "add_security_context", "delay_treatment": "delay_treatment"}, {"index": 0, "trace_id": "bc04757ae0712e8897f4e33bc8e9d748", "span_id": "4b06a8eb18b1fe4f", "operation": "orders receive", "start_time": 1737547940401174, "end_time": 1737547940407592, "duration": 6418, "service_name": "accountingservice", "span_kind": "consumer", "req_status_code": "N/A", "ref_type": "FOLLOWS_FROM", "ref_type_span_ID": "f4f0319c9e767f95", "ref_type_trace_ID": "30f084d099669fbeb2392183b3a13c99", "kubernetes_prometheus_rules": "kubernetes_prometheus_rules", "add_security_context": "add_security_context", "delay_treatment": "delay_treatment"}, {"index": 0, "trace_id": "5cb0efa6491980f68b84bbc455ce8e31", "span_id": "a8b95f8dd8093d25", "operation": "orders receive", "start_time": 1737548058840011, "end_time": 1737548058901947, "duration": 61936, "service_name": "accountingservice", "span_kind": "consumer", "req_status_code": "N/A", "ref_type": "FOLLOWS_FROM", "ref_type_span_ID": "0167cc2624c0daf5", "ref_type_trace_ID": "6809292f618e7318778357ed8557b4fc", "kubernetes_prometheus_rules": "kubernetes_prometheus_rules", "add_security_context": "add_security_context", "delay_treatment": "delay_treatment"}, {"index": 0, "trace_id": "8e390931980347354964f1ac1c3d04ab", "span_id": "c18f37b3615911c5", "operation": "orders receive", "start_time": 1737548060626707, "end_time": 1737548060631302, "duration": 4595, "service_name": "accountingservice", "span_kind": "consumer", "req_status_code": "N/A", "ref_type": "FOLLOWS_FROM", "ref_type_span_ID": "adf5b4e18a9f0477", "ref_type_trace_ID": "c90df8d58e2eb48dc14dfedd77ec8cab", "kubernetes_prometheus_rules": "kubernetes_prometheus_rules", "add_security_context": "add_security_context", "delay_treatment": "delay_treatment"}, {"index": 0, "trace_id": "c9941a57927f37f3d98feaa0417ededd", "span_id": "f9ecbd522d6193d4", "operation": "orders receive", "start_time": 1737548028690512, "end_time": 1737548028716473, "duration": 25961, "service_name": "accountingservice", "span_kind": "consumer", "req_status_code": "N/A", "ref_type": "FOLLOWS_FROM", "ref_type_span_ID": "5cd8426423b82b38", "ref_type_trace_ID": "26f0e1460cc5d51725282da385c15d94", "kubernetes_prometheus_rules": "kubernetes_prometheus_rules", "add_security_context": "add_security_context", "delay_treatment": "delay_treatment"}, {"index": 0, "trace_id": "485ba37d05237d510c2a61acc17ba88d", "span_id": "43ccc14d7fd41fb4", "operation": "orders receive", "start_time": 1737547971479593, "end_time": 1737547971486526, "duration": 6933, "service_name": "accountingservice", "span_kind": "consumer", "req_status_code": "N/A", "ref_type": "FOLLOWS_FROM", "ref_type_span_ID": "26812cd2f86bd0dc", "ref_type_trace_ID": "5c34e093d9d24292d3043d9981097a41", "kubernetes_prometheus_rules": "kubernetes_prometheus_rules", "add_security_context": "add_security_context", "delay_treatment": "delay_treatment"}, {"index": 0, "trace_id": "2df9520a77dd3a7e8abb8bc6022b60c1", "span_id": "8c4842898a9ab331", "operation": "orders receive", "start_time": 1737548073848336, "end_time": 1737548073861751, "duration": 13415, "service_name": "accountingservice", "span_kind": "consumer", "req_status_code": "N/A", "ref_type": "FOLLOWS_FROM", "ref_type_span_ID": "2787a46752d43b35", "ref_type_trace_ID": "3d0ded5db1a3cd8d196dad3d5b9d7cdd", "kubernetes_prometheus_rules": "kubernetes_prometheus_rules", "add_security_context": "add_security_context", "delay_treatment": "delay_treatment"}, {"index": 0, "trace_id": "3df74889401e28aa6c7a442080bb9162", "span_id": "9bdcdb1165a4e24f", "operation": "orders receive", "start_time": 1737548022513304, "end_time": 1737548022514344, "duration": 1040, "service_name": "accountingservice", "span_kind": "consumer", "req_status_code": "N/A", "ref_type": "FOLLOWS_FROM", "ref_type_span_ID": "d9a78fdca283937e", "ref_type_trace_ID": "f4ab09cd07fa5beb302f45740d78da99", "kubernetes_prometheus_rules": "kubernetes_prometheus_rules", "add_security_context": "add_security_context", "delay_treatment": "delay_treatment"}, {"index": 0, "trace_id": "9108044eb1d21e94d61bc11df984b7d4", "span_id": "3ef76b7e9cd8446f", "operation": "orders receive", "start_time": 1737547979284292, "end_time": 1737547979381309, "duration": 97017, "service_name": "accountingservice", "span_kind": "consumer", "req_status_code": "N/A", "ref_type": "FOLLOWS_FROM", "ref_type_span_ID": "3b74fb112270bbd0", "ref_type_trace_ID": "42ecfeb638a2a19435a2473ad4dd8650", "kubernetes_prometheus_rules": "kubernetes_prometheus_rules", "add_security_context": "add_security_context", "delay_treatment": "delay_treatment"}, {"index": 0, "trace_id": "479889defb0bea336d5041a9d4c924c8", "span_id": "c0209fc0553499d0", "operation": "orders receive", "start_time": 1737547961182488, "end_time": 1737547961231802, "duration": 49314, "service_name": "accountingservice", "span_kind": "consumer", "req_status_code": "N/A", "ref_type": "FOLLOWS_FROM", "ref_type_span_ID": "97eb94b736a6a12f", "ref_type_trace_ID": "322d62839dc9110ddf335a925b0e183a", "kubernetes_prometheus_rules": "kubernetes_prometheus_rules", "add_security_context": "add_security_context", "delay_treatment": "delay_treatment"}, {"index": 0, "trace_id": "a6846cd57e5160ab78434b931e27d262", "span_id": "467f297cc51d3afb", "operation": "orders receive", "start_time": 1737547957547359, "end_time": 1737547957551408, "duration": 4049, "service_name": "accountingservice", "span_kind": "consumer", "req_status_code": "N/A", "ref_type": "FOLLOWS_FROM", "ref_type_span_ID": "6d402b15d5661556", "ref_type_trace_ID": "0c853cf7c512f36e6dadd4b47742fc33", "kubernetes_prometheus_rules": "kubernetes_prometheus_rules", "add_security_context": "add_security_context", "delay_treatment": "delay_treatment"}, {"index": 0, "trace_id": "60a03e5f4d7207987e94a1b7edd2682b", "span_id": "94c9a51b9a4c8193", "operation": "orders receive", "start_time": 1737547911035031, "end_time": 1737547911042216, "duration": 7185, "service_name": "accountingservice", "span_kind": "consumer", "req_status_code": "N/A", "ref_type": "FOLLOWS_FROM", "ref_type_span_ID": "c8c90f4ba29ccfaa", "ref_type_trace_ID": "163603b564495b1ca50dbb0fc27fbb24", "kubernetes_prometheus_rules": "kubernetes_prometheus_rules", "add_security_context": "add_security_context", "delay_treatment": "delay_treatment"}, {"index": 0, "trace_id": "3b6ffdf2764306105ee546602076bf74", "span_id": "f9ba2f186c0cf322", "operation": "orders receive", "start_time": 1737548007384708, "end_time": 1737548007446515, "duration": 61807, "service_name": "accountingservice", "span_kind": "consumer", "req_status_code": "N/A", "ref_type": "FOLLOWS_FROM", "ref_type_span_ID": "f5ad47a94a4f3406", "ref_type_trace_ID": "a5acb57ade12cfc2505466214b66786b", "kubernetes_prometheus_rules": "kubernetes_prometheus_rules", "add_security_context": "add_security_context", "delay_treatment": "delay_treatment"}, {"index": 0, "trace_id": "872e1115dd804aeff4a12531818eea89", "span_id": "8a525f7bd2a3663e", "operation": "orders receive", "start_time": 1737547942743296, "end_time": 1737547942746894, "duration": 3598, "service_name": "accountingservice", "span_kind": "consumer", "req_status_code": "N/A", "ref_type": "FOLLOWS_FROM", "ref_type_span_ID": "e7028c1a5b22d8b0", "ref_type_trace_ID": "0c5f25e078f3f4263958790c086fcbbf", "kubernetes_prometheus_rules": "kubernetes_prometheus_rules", "add_security_context": "add_security_context", "delay_treatment": "delay_treatment"}, {"index": 0, "trace_id": "024cf3c9d5a9bd22a4e890f6430b54ca", "span_id": "3bd855763cb5897a", "operation": "orders receive", "start_time": 1737548000629019, "end_time": 1737548000630146, "duration": 1127, "service_name": "accountingservice", "span_kind": "consumer", "req_status_code": "N/A", "ref_type": "FOLLOWS_FROM", "ref_type_span_ID": "17a1643471b3f6ea", "ref_type_trace_ID": "3d5b1a981ef3c315d293e0b50d5dfd5f", "kubernetes_prometheus_rules": "kubernetes_prometheus_rules", "add_security_context": "add_security_context", "delay_treatment": "delay_treatment"}, {"index": 0, "trace_id": "8717c9d5bc46f53b5ef8d90d742804ef", "span_id": "77267d0490c8b0ea", "operation": "orders receive", "start_time": 1737548024309403, "end_time": 1737548024407096, "duration": 97693, "service_name": "accountingservice", "span_kind": "consumer", "req_status_code": "N/A", "ref_type": "FOLLOWS_FROM", "ref_type_span_ID": "d4f836e7baaa7c80", "ref_type_trace_ID": "7ed4a5a743fd15c7675d4c42261efa10", "kubernetes_prometheus_rules": "kubernetes_prometheus_rules", "add_security_context": "add_security_context", "delay_treatment": "delay_treatment"}, {"index": 0, "trace_id": "84e0598ae3f720e9d6925acd1bad49c2", "span_id": "1313e6db6c8f0449", "operation": "orders receive", "start_time": 1737548040579131, "end_time": 1737548040597156, "duration": 18025, "service_name": "accountingservice", "span_kind": "consumer", "req_status_code": "N/A", "ref_type": "FOLLOWS_FROM", "ref_type_span_ID": "73d526c2fb332be7", "ref_type_trace_ID": "d9fccca6f0ec4d001ff46a0d8942e09f", "kubernetes_prometheus_rules": "kubernetes_prometheus_rules", "add_security_context": "add_security_context", "delay_treatment": "delay_treatment"}, {"index": 0, "trace_id": "7b18a6dc0301160cb3ab1df259d54cf3", "span_id": "257a4b0f225d7157", "operation": "orders receive", "start_time": 1737547971989241, "end_time": 1737547972003406, "duration": 14165, "service_name": "accountingservice", "span_kind": "consumer", "req_status_code": "N/A", "ref_type": "FOLLOWS_FROM", "ref_type_span_ID": "58f3caa98deb14a4", "ref_type_trace_ID": "3dca7d738ba226b33db88de7d4a72351", "kubernetes_prometheus_rules": "kubernetes_prometheus_rules", "add_security_context": "add_security_context", "delay_treatment": "delay_treatment"}, {"index": 0, "trace_id": "8e54ad65e3ac093aa73bd9ca0497d636", "span_id": "0c602a3301296cc9", "operation": "orders receive", "start_time": 1737548012377492, "end_time": 1737548012377517, "duration": 25, "service_name": "accountingservice", "span_kind": "consumer", "req_status_code": "N/A", "ref_type": "FOLLOWS_FROM", "ref_type_span_ID": "844b1a45d1c575c2", "ref_type_trace_ID": "290c07a851f3b2086b1351753c5aaf7a", "kubernetes_prometheus_rules": "kubernetes_prometheus_rules", "add_security_context": "add_security_context", "delay_treatment": "delay_treatment"}, {"index": 0, "trace_id": "3032cbff857a928878650fae21c0dd04", "span_id": "33d674ac50789012", "operation": "orders receive", "start_time": 1737548052025847, "end_time": 1737548052096480, "duration": 70633, "service_name": "accountingservice", "span_kind": "consumer", "req_status_code": "N/A", "ref_type": "FOLLOWS_FROM", "ref_type_span_ID": "1f1f614517034580", "ref_type_trace_ID": "7c6d26ed4e4d121020bbf5241885746e", "kubernetes_prometheus_rules": "kubernetes_prometheus_rules", "add_security_context": "add_security_context", "delay_treatment": "delay_treatment"}, {"index": 0, "trace_id": "0a83d54c13ed71720e61deaf7b3efb57", "span_id": "4855db4bb94ccb9a", "operation": "orders receive", "start_time": 1737547991786523, "end_time": 1737547991793791, "duration": 7268, "service_name": "accountingservice", "span_kind": "consumer", "req_status_code": "N/A", "ref_type": "FOLLOWS_FROM", "ref_type_span_ID": "bfd5c4b84b681210", "ref_type_trace_ID": "7bf09558393809c9cdfe97883d81c05d", "kubernetes_prometheus_rules": "kubernetes_prometheus_rules", "add_security_context": "add_security_context", "delay_treatment": "delay_treatment"}, {"index": 0, "trace_id": "dcf36560e82a57e00491c5e9b2944398", "span_id": "433c35055273bb83", "operation": "orders receive", "start_time": 1737548078126490, "end_time": 1737548078128521, "duration": 2031, "service_name": "accountingservice", "span_kind": "consumer", "req_status_code": "N/A", "ref_type": "FOLLOWS_FROM", "ref_type_span_ID": "cce904a9a5b65f5e", "ref_type_trace_ID": "ade74fd3b610de91a45123586bef4e7f", "kubernetes_prometheus_rules": "NoTreatment", "add_security_context": "NoTreatment", "delay_treatment": "NoTreatment"}, {"index": 0, "trace_id": "b4b300526bdd8e2c8808cbd78aab4ffd", "span_id": "bbe3b5be0cdbb36a", "operation": "orders receive", "start_time": 1737548061468268, "end_time": 1737548061551971, "duration": 83703, "service_name": "accountingservice", "span_kind": "consumer", "req_status_code": "N/A", "ref_type": "FOLLOWS_FROM", "ref_type_span_ID": "3cfee4ed78a99af7", "ref_type_trace_ID": "2e53a4337765c7a99a1fe954cada9cae", "kubernetes_prometheus_rules": "kubernetes_prometheus_rules", "add_security_context": "add_security_context", "delay_treatment": "delay_treatment"}, {"index": 0, "trace_id": "009d2f578d56364cb50adf043a7d0303", "span_id": "9a5f5ca6444d588c", "operation": "orders receive", "start_time": 1737547983141304, "end_time": 1737547983203384, "duration": 62080, "service_name": "accountingservice", "span_kind": "consumer", "req_status_code": "N/A", "ref_type": "FOLLOWS_FROM", "ref_type_span_ID": "3100fcc64d079811", "ref_type_trace_ID": "073f435a2164f2dd67d82431dcdc0b52", "kubernetes_prometheus_rules": "kubernetes_prometheus_rules", "add_security_context": "add_security_context", "delay_treatment": "delay_treatment"}, {"index": 0, "trace_id": "a8003221ac9419ffe773a57f8527cd56", "span_id": "5080350f5efcda6a", "operation": "orders receive", "start_time": 1737547935927041, "end_time": 1737547935970495, "duration": 43454, "service_name": "accountingservice", "span_kind": "consumer", "req_status_code": "N/A", "ref_type": "FOLLOWS_FROM", "ref_type_span_ID": "9ac0920b32d0accd", "ref_type_trace_ID": "2631e89eb5ca38c38cc3e61679648f62", "kubernetes_prometheus_rules": "kubernetes_prometheus_rules", "add_security_context": "add_security_context", "delay_treatment": "delay_treatment"}, {"index": 0, "trace_id": "5c45b8015595841f970903ea5ffbd3fc", "span_id": "9aa9fc3a918ecf42", "operation": "orders receive", "start_time": 1737547930555807, "end_time": 1737547930586555, "duration": 30748, "service_name": "accountingservice", "span_kind": "consumer", "req_status_code": "N/A", "ref_type": "FOLLOWS_FROM", "ref_type_span_ID": "806dfccc0cba232b", "ref_type_trace_ID": "86798c507980e6cb57a9a295f43be5b9", "kubernetes_prometheus_rules": "kubernetes_prometheus_rules", "add_security_context": "add_security_context", "delay_treatment": "delay_treatment"}, {"index": 0, "trace_id": "b49e1a04d8569d2f54982997ee92bb79", "span_id": "2fec1b3992d1e886", "operation": "orders receive", "start_time": 1737547959644135, "end_time": 1737547959700376, "duration": 56241, "service_name": "accountingservice", "span_kind": "consumer", "req_status_code": "N/A", "ref_type": "FOLLOWS_FROM", "ref_type_span_ID": "874ba340cf474bc3", "ref_type_trace_ID": "f745ab7c0e8f43133e45dcf392ce0145", "kubernetes_prometheus_rules": "kubernetes_prometheus_rules", "add_security_context": "add_security_context", "delay_treatment": "delay_treatment"}, {"index": 0, "trace_id": "b5e6916c0b0a0556a0d08b34e3167e31", "span_id": "fdfbc026e2906bee", "operation": "orders receive", "start_time": 1737547999178683, "end_time": 1737547999181892, "duration": 3209, "service_name": "accountingservice", "span_kind": "consumer", "req_status_code": "N/A", "ref_type": "FOLLOWS_FROM", "ref_type_span_ID": "396f804bbe656958", "ref_type_trace_ID": "9e4230e4a6acc513658ce138fc8c602a", "kubernetes_prometheus_rules": "kubernetes_prometheus_rules", "add_security_context": "add_security_context", "delay_treatment": "delay_treatment"}, {"index": 0, "trace_id": "a8b1f85c2dee5f44f9d6cc2cfd4b8bfb", "span_id": "de9a730c798c58de", "operation": "orders receive", "start_time": 1737547975042733, "end_time": 1737547975109655, "duration": 66922, "service_name": "accountingservice", "span_kind": "consumer", "req_status_code": "N/A", "ref_type": "FOLLOWS_FROM", "ref_type_span_ID": "1ac487322d1a02e9", "ref_type_trace_ID": "f7468e6fe88ff8e4d3219ba5f1a83ad2", "kubernetes_prometheus_rules": "kubernetes_prometheus_rules", "add_security_context": "add_security_context", "delay_treatment": "delay_treatment"}, {"index": 0, "trace_id": "100edc4184d7fedc4057b4aa4132ddff", "span_id": "7bd0d529ed58d254", "operation": "orders receive", "start_time": 1737547901172621, "end_time": 1737547901272940, "duration": 100319, "service_name": "accountingservice", "span_kind": "consumer", "req_status_code": "N/A", "ref_type": "FOLLOWS_FROM", "ref_type_span_ID": "5da644add99525cf", "ref_type_trace_ID": "0c8b32c6e1967b6062fcf887f9980966", "kubernetes_prometheus_rules": "kubernetes_prometheus_rules", "add_security_context": "add_security_context", "delay_treatment": "delay_treatment"}, {"index": 0, "trace_id": "10f7521d3ffcfcb6bcebd6054b429198", "span_id": "15b55a88b75988ee", "operation": "orders receive", "start_time": 1737547961061374, "end_time": 1737547961093593, "duration": 32219, "service_name": "accountingservice", "span_kind": "consumer", "req_status_code": "N/A", "ref_type": "FOLLOWS_FROM", "ref_type_span_ID": "bcda9403dce148ef", "ref_type_trace_ID": "925f7e53c28f3a205dc1db077499e01e", "kubernetes_prometheus_rules": "kubernetes_prometheus_rules", "add_security_context": "add_security_context", "delay_treatment": "delay_treatment"}, {"index": 0, "trace_id": "cf549b1a3655467fd9374d5388dc1f3a", "span_id": "8204e7114fb96381", "operation": "orders receive", "start_time": 1737547986868616, "end_time": 1737547986875998, "duration": 7382, "service_name": "accountingservice", "span_kind": "consumer", "req_status_code": "N/A", "ref_type": "FOLLOWS_FROM", "ref_type_span_ID": "beb00f06db819255", "ref_type_trace_ID": "6ef53ef0412f8acd3b97a27f285a5232", "kubernetes_prometheus_rules": "kubernetes_prometheus_rules", "add_security_context": "add_security_context", "delay_treatment": "delay_treatment"}, {"index": 0, "trace_id": "62431f92cdfee5e0ca349397be65ebfa", "span_id": "21f4a64e25e63712", "operation": "orders receive", "start_time": 1737547948581358, "end_time": 1737547948629857, "duration": 48499, "service_name": "accountingservice", "span_kind": "consumer", "req_status_code": "N/A", "ref_type": "FOLLOWS_FROM", "ref_type_span_ID": "f847679ebe8c573e", "ref_type_trace_ID": "ed3fa8424ae1423bfaf6afeb06c7ba64", "kubernetes_prometheus_rules": "kubernetes_prometheus_rules", "add_security_context": "add_security_context", "delay_treatment": "delay_treatment"}, {"index": 0, "trace_id": "3882f7b5f07c689e4f32b354698cc14d", "span_id": "a6d408af0e0a8965", "operation": "orders receive", "start_time": 1737548057119769, "end_time": 1737548057211737, "duration": 91968, "service_name": "accountingservice", "span_kind": "consumer", "req_status_code": "N/A", "ref_type": "FOLLOWS_FROM", "ref_type_span_ID": "689ee7246a69f8cd", "ref_type_trace_ID": "7b7fa58d0f812cb43655df1eadef6dff", "kubernetes_prometheus_rules": "kubernetes_prometheus_rules", "add_security_context": "add_security_context", "delay_treatment": "delay_treatment"}, {"index": 0, "trace_id": "bf3bcc3d7a2baa6c6e8f74d5c8aead0c", "span_id": "98f4517724c1f46b", "operation": "orders receive", "start_time": 1737548021446238, "end_time": 1737548021494819, "duration": 48581, "service_name": "accountingservice", "span_kind": "consumer", "req_status_code": "N/A", "ref_type": "FOLLOWS_FROM", "ref_type_span_ID": "5be0c723ee9e9dac", "ref_type_trace_ID": "18fec954550a041e618a86ea71cf0444", "kubernetes_prometheus_rules": "kubernetes_prometheus_rules", "add_security_context": "add_security_context", "delay_treatment": "delay_treatment"}, {"index": 0, "trace_id": "a8f11f822470531021cee4bf59cab2a8", "span_id": "bf0b49e351d1e3fa", "operation": "orders receive", "start_time": 1737547948021408, "end_time": 1737547948032765, "duration": 11357, "service_name": "accountingservice", "span_kind": "consumer", "req_status_code": "N/A", "ref_type": "FOLLOWS_FROM", "ref_type_span_ID": "7fd1f1c73d3ac688", "ref_type_trace_ID": "a89cec09cefbe0237aac4b24fc7a59bc", "kubernetes_prometheus_rules": "kubernetes_prometheus_rules", "add_security_context": "add_security_context", "delay_treatment": "delay_treatment"}, {"index": 0, "trace_id": "ad58097d15c684aae0dc72b30c5504f8", "span_id": "018390af18272397", "operation": "orders receive", "start_time": 1737547999135679, "end_time": 1737547999178544, "duration": 42865, "service_name": "accountingservice", "span_kind": "consumer", "req_status_code": "N/A", "ref_type": "FOLLOWS_FROM", "ref_type_span_ID": "39344933c5ef3dfc", "ref_type_trace_ID": "8dea0eb65c43fc10d9f5a9b48a1d7345", "kubernetes_prometheus_rules": "kubernetes_prometheus_rules", "add_security_context": "add_security_context", "delay_treatment": "delay_treatment"}, {"index": 0, "trace_id": "b693bce2beaa1b17d13abb820ea016b9", "span_id": "90c5f3f081b0cab2", "operation": "orders receive", "start_time": 1737548054822915, "end_time": 1737548054903570, "duration": 80655, "service_name": "accountingservice", "span_kind": "consumer", "req_status_code": "N/A", "ref_type": "FOLLOWS_FROM", "ref_type_span_ID": "20014e4f428e83b5", "ref_type_trace_ID": "d56492c5f18eff53f5f8a02c68bafb0a", "kubernetes_prometheus_rules": "kubernetes_prometheus_rules", "add_security_context": "add_security_context", "delay_treatment": "delay_treatment"}, {"index": 0, "trace_id": "1dafd3d3167a20cbb57bb6aa16e4e620", "span_id": "ff18a6de08ffa51b", "operation": "orders receive", "start_time": 1737547968995601, "end_time": 1737547969015658, "duration": 20057, "service_name": "accountingservice", "span_kind": "consumer", "req_status_code": "N/A", "ref_type": "FOLLOWS_FROM", "ref_type_span_ID": "9c55536b823136ea", "ref_type_trace_ID": "754cd58813a8f9712ccf551f781db7ef", "kubernetes_prometheus_rules": "kubernetes_prometheus_rules", "add_security_context": "add_security_context", "delay_treatment": "delay_treatment"}, {"index": 0, "trace_id": "ef5d39826fddfe9a3cb3ce3b5c6e06fa", "span_id": "b1fb8707d11d2251", "operation": "orders receive", "start_time": 1737548016501594, "end_time": 1737548016506069, "duration": 4475, "service_name": "accountingservice", "span_kind": "consumer", "req_status_code": "N/A", "ref_type": "FOLLOWS_FROM", "ref_type_span_ID": "a75d5394b70a2447", "ref_type_trace_ID": "f9f07f105e3f93e2d4b61ef775a6566e", "kubernetes_prometheus_rules": "kubernetes_prometheus_rules", "add_security_context": "add_security_context", "delay_treatment": "delay_treatment"}, {"index": 0, "trace_id": "54d8048b867f25779d94abf6dc6f8421", "span_id": "11e6e5d5a3817fd2", "operation": "orders receive", "start_time": 1737548070670417, "end_time": 1737548070673266, "duration": 2849, "service_name": "accountingservice", "span_kind": "consumer", "req_status_code": "N/A", "ref_type": "FOLLOWS_FROM", "ref_type_span_ID": "c1d549e279c6b2cd", "ref_type_trace_ID": "99878e030445e77e9d06d18e289adff4", "kubernetes_prometheus_rules": "kubernetes_prometheus_rules", "add_security_context": "add_security_context", "delay_treatment": "delay_treatment"}, {"index": 0, "trace_id": "de75a94f4e62d21c7f17814056bd719e", "span_id": "404a058414e93d75", "operation": "orders receive", "start_time": 1737547973365501, "end_time": 1737547973445005, "duration": 79504, "service_name": "accountingservice", "span_kind": "consumer", "req_status_code": "N/A", "ref_type": "FOLLOWS_FROM", "ref_type_span_ID": "150c69b755630156", "ref_type_trace_ID": "dcb8e4397181cd6f4e1184833900d6fe", "kubernetes_prometheus_rules": "kubernetes_prometheus_rules", "add_security_context": "add_security_context", "delay_treatment": "delay_treatment"}, {"index": 0, "trace_id": "5fcb9d53a1c1fd958a2630449617c295", "span_id": "995b97cf2864a9a1", "operation": "orders receive", "start_time": 1737548018293105, "end_time": 1737548018383285, "duration": 90180, "service_name": "accountingservice", "span_kind": "consumer", "req_status_code": "N/A", "ref_type": "FOLLOWS_FROM", "ref_type_span_ID": "ecfd5060d969d203", "ref_type_trace_ID": "0b1e7d0bc20d02faa4bf044bb46c4ef2", "kubernetes_prometheus_rules": "kubernetes_prometheus_rules", "add_security_context": "add_security_context", "delay_treatment": "delay_treatment"}, {"index": 0, "trace_id": "132b9e02129c00d075e02f7328f843c5", "span_id": "cf511bd06e458b89", "operation": "orders receive", "start_time": 1737548016440039, "end_time": 1737548016440142, "duration": 103, "service_name": "accountingservice", "span_kind": "consumer", "req_status_code": "N/A", "ref_type": "FOLLOWS_FROM", "ref_type_span_ID": "a82e89dffa10c205", "ref_type_trace_ID": "0ba6d91bfc696063823729a1d54f4285", "kubernetes_prometheus_rules": "kubernetes_prometheus_rules", "add_security_context": "add_security_context", "delay_treatment": "delay_treatment"}, {"index": 0, "trace_id": "469d8f419dea6ad3226cd5e1ffe046c9", "span_id": "fbc9c3768dbae652", "operation": "orders receive", "start_time": 1737548056659550, "end_time": 1737548056742706, "duration": 83156, "service_name": "accountingservice", "span_kind": "consumer", "req_status_code": "N/A", "ref_type": "FOLLOWS_FROM", "ref_type_span_ID": "9ed3f2c879685881", "ref_type_trace_ID": "6f773cf3a7bae3adaaed10d45d85c39b", "kubernetes_prometheus_rules": "kubernetes_prometheus_rules", "add_security_context": "add_security_context", "delay_treatment": "delay_treatment"}, {"index": 0, "trace_id": "a221f8741ef3fc9885df63dca33927c8", "span_id": "1cf1abeaca6a6520", "operation": "orders receive", "start_time": 1737548002481148, "end_time": 1737548002546909, "duration": 65761, "service_name": "accountingservice", "span_kind": "consumer", "req_status_code": "N/A", "ref_type": "FOLLOWS_FROM", "ref_type_span_ID": "91c781e2ce13b415", "ref_type_trace_ID": "90521fd00a6f71e5439077efdb919424", "kubernetes_prometheus_rules": "kubernetes_prometheus_rules", "add_security_context": "add_security_context", "delay_treatment": "delay_treatment"}, {"index": 0, "trace_id": "731241c94a94a2ca5806d31383d23041", "span_id": "88ddd25bf167527f", "operation": "orders receive", "start_time": 1737548001611791, "end_time": 1737548001621606, "duration": 9815, "service_name": "accountingservice", "span_kind": "consumer", "req_status_code": "N/A", "ref_type": "FOLLOWS_FROM", "ref_type_span_ID": "ec2cb2673c4ef886", "ref_type_trace_ID": "07a4102b0df97304071c671137636cd8", "kubernetes_prometheus_rules": "kubernetes_prometheus_rules", "add_security_context": "add_security_context", "delay_treatment": "delay_treatment"}, {"index": 0, "trace_id": "948b30a6ac142a61ecbbc5195d682567", "span_id": "7887ab96b0fb1fd2", "operation": "orders receive", "start_time": 1737548079851551, "end_time": 1737548079856025, "duration": 4474, "service_name": "accountingservice", "span_kind": "consumer", "req_status_code": "N/A", "ref_type": "FOLLOWS_FROM", "ref_type_span_ID": "638461ee38ffeb4d", "ref_type_trace_ID": "655c37e127a16d08aaafecdc7783e3b3", "kubernetes_prometheus_rules": "NoTreatment", "add_security_context": "NoTreatment", "delay_treatment": "NoTreatment"}, {"index": 0, "trace_id": "9a9abde44918ce2c9bc3cbf5b5cb83f3", "span_id": "986178227803e173", "operation": "orders receive", "start_time": 1737547972559731, "end_time": 1737547972566565, "duration": 6834, "service_name": "accountingservice", "span_kind": "consumer", "req_status_code": "N/A", "ref_type": "FOLLOWS_FROM", "ref_type_span_ID": "685fa186f96ecaab", "ref_type_trace_ID": "5a6d5096259e4950f6d0533e537d7e56", "kubernetes_prometheus_rules": "kubernetes_prometheus_rules", "add_security_context": "add_security_context", "delay_treatment": "delay_treatment"}, {"index": 0, "trace_id": "25ca7238869156c38371341ddf25a647", "span_id": "16e56a23ddcc92ca", "operation": "orders receive", "start_time": 1737547931045950, "end_time": 1737547931084140, "duration": 38190, "service_name": "accountingservice", "span_kind": "consumer", "req_status_code": "N/A", "ref_type": "FOLLOWS_FROM", "ref_type_span_ID": "bca4e2eff5ac8ce8", "ref_type_trace_ID": "b1d9976fbe65579ca06f7a1197ba300d", "kubernetes_prometheus_rules": "kubernetes_prometheus_rules", "add_security_context": "add_security_context", "delay_treatment": "delay_treatment"}, {"index": 0, "trace_id": "947c64f692a7bc0dc95fb8011aba5022", "span_id": "9b97f9f4be0ff049", "operation": "orders receive", "start_time": 1737548000831240, "end_time": 1737548000879399, "duration": 48159, "service_name": "accountingservice", "span_kind": "consumer", "req_status_code": "N/A", "ref_type": "FOLLOWS_FROM", "ref_type_span_ID": "76c0a4471aa6698a", "ref_type_trace_ID": "a6f5512f05db5ce71b4807f7b15f3279", "kubernetes_prometheus_rules": "kubernetes_prometheus_rules", "add_security_context": "add_security_context", "delay_treatment": "delay_treatment"}, {"index": 0, "trace_id": "92e9af9607ca2ea03eb782da110da138", "span_id": "6ad10a9903cb840f", "operation": "orders receive", "start_time": 1737548034607939, "end_time": 1737548034683030, "duration": 75091, "service_name": "accountingservice", "span_kind": "consumer", "req_status_code": "N/A", "ref_type": "FOLLOWS_FROM", "ref_type_span_ID": "37c6908364c1d2fc", "ref_type_trace_ID": "6b68c92e42c9eb5e4a7f48b9a9c2557c", "kubernetes_prometheus_rules": "kubernetes_prometheus_rules", "add_security_context": "add_security_context", "delay_treatment": "delay_treatment"}, {"index": 0, "trace_id": "bb87bcdb292b71d7b5367862857dbb8f", "span_id": "89e997c7125d4c10", "operation": "orders receive", "start_time": 1737547924147114, "end_time": 1737547924155345, "duration": 8231, "service_name": "accountingservice", "span_kind": "consumer", "req_status_code": "N/A", "ref_type": "FOLLOWS_FROM", "ref_type_span_ID": "b7077d7499a08440", "ref_type_trace_ID": "425f6453500777fbd6a65e0c0ceb4b35", "kubernetes_prometheus_rules": "kubernetes_prometheus_rules", "add_security_context": "add_security_context", "delay_treatment": "delay_treatment"}, {"index": 0, "trace_id": "d3c19d1bd00db4c87c50336a6e85551f", "span_id": "486d11780c0c5748", "operation": "orders receive", "start_time": 1737548000534591, "end_time": 1737548000536719, "duration": 2128, "service_name": "accountingservice", "span_kind": "consumer", "req_status_code": "N/A", "ref_type": "FOLLOWS_FROM", "ref_type_span_ID": "9966c5d47fc2576d", "ref_type_trace_ID": "939302dc23d94ae650ae25d51ec87e24", "kubernetes_prometheus_rules": "kubernetes_prometheus_rules", "add_security_context": "add_security_context", "delay_treatment": "delay_treatment"}]