[{"timestamp": 1737547883.46, "sum(rate(container_cpu_usage_seconds_total{namespace=\"system-under-evaluation\"}[1m]))": 0.2447850942600894, "system_CPU": 0.2447850942600894, "kubernetes_prometheus_rules": "kubernetes_prometheus_rules", "add_security_context": "NoTreatment", "delay_treatment": "NoTreatment"}, {"timestamp": 1737547884.46, "sum(rate(container_cpu_usage_seconds_total{namespace=\"system-under-evaluation\"}[1m]))": 0.2602738950424663, "system_CPU": 0.2602738950424663, "kubernetes_prometheus_rules": "kubernetes_prometheus_rules", "add_security_context": "NoTreatment", "delay_treatment": "NoTreatment"}, {"timestamp": 1737547885.46, "sum(rate(container_cpu_usage_seconds_total{namespace=\"system-under-evaluation\"}[1m]))": 0.2660219582982235, "system_CPU": 0.2660219582982235, "kubernetes_prometheus_rules": "kubernetes_prometheus_rules", "add_security_context": "NoTreatment", "delay_treatment": "NoTreatment"}, {"timestamp": 1737547886.46, "sum(rate(container_cpu_usage_seconds_total{namespace=\"system-under-evaluation\"}[1m]))": 0.28934394262707797, "system_CPU": 0.28934394262707797, "kubernetes_prometheus_rules": "kubernetes_prometheus_rules", "add_security_context": "NoTreatment", "delay_treatment": "NoTreatment"}, {"timestamp": 1737547887.46, "sum(rate(container_cpu_usage_seconds_total{namespace=\"system-under-evaluation\"}[1m]))": 0.3250989668245751, "system_CPU": 0.3250989668245751, "kubernetes_prometheus_rules": "kubernetes_prometheus_rules", "add_security_context": "NoTreatment", "delay_treatment": "NoTreatment"}, {"timestamp": 1737547888.46, "sum(rate(container_cpu_usage_seconds_total{namespace=\"system-under-evaluation\"}[1m]))": 0.33457938200355636, "system_CPU": 0.33457938200355636, "kubernetes_prometheus_rules": "kubernetes_prometheus_rules", "add_security_context": "NoTreatment", "delay_treatment": "NoTreatment"}, {"timestamp": 1737547889.46, "sum(rate(container_cpu_usage_seconds_total{namespace=\"system-under-evaluation\"}[1m]))": 0.34126764287742256, "system_CPU": 0.34126764287742256, "kubernetes_prometheus_rules": "kubernetes_prometheus_rules", "add_security_context": "NoTreatment", "delay_treatment": "NoTreatment"}, {"timestamp": 1737547890.46, "sum(rate(container_cpu_usage_seconds_total{namespace=\"system-under-evaluation\"}[1m]))": 0.34583313241186386, "system_CPU": 0.34583313241186386, "kubernetes_prometheus_rules": "kubernetes_prometheus_rules", "add_security_context": "NoTreatment", "delay_treatment": "NoTreatment"}, {"timestamp": 1737547891.46, "sum(rate(container_cpu_usage_seconds_total{namespace=\"system-under-evaluation\"}[1m]))": 0.3503499858858979, "system_CPU": 0.3503499858858979, "kubernetes_prometheus_rules": "kubernetes_prometheus_rules", "add_security_context": "NoTreatment", "delay_treatment": "NoTreatment"}, {"timestamp": 1737547892.46, "sum(rate(container_cpu_usage_seconds_total{namespace=\"system-under-evaluation\"}[1m]))": 0.3549485974844814, "system_CPU": 0.3549485974844814, "kubernetes_prometheus_rules": "kubernetes_prometheus_rules", "add_security_context": "NoTreatment", "delay_treatment": "NoTreatment"}, {"timestamp": 1737547893.46, "sum(rate(container_cpu_usage_seconds_total{namespace=\"system-under-evaluation\"}[1m]))": 0.35884907804881183, "system_CPU": 0.35884907804881183, "kubernetes_prometheus_rules": "kubernetes_prometheus_rules", "add_security_context": "add_security_context", "delay_treatment": "NoTreatment"}, {"timestamp": 1737547894.46, "sum(rate(container_cpu_usage_seconds_total{namespace=\"system-under-evaluation\"}[1m]))": 0.36322518451954305, "system_CPU": 0.36322518451954305, "kubernetes_prometheus_rules": "kubernetes_prometheus_rules", "add_security_context": "add_security_context", "delay_treatment": "delay_treatment"}, {"timestamp": 1737547895.46, "sum(rate(container_cpu_usage_seconds_total{namespace=\"system-under-evaluation\"}[1m]))": 0.3673211202402171, "system_CPU": 0.3673211202402171, "kubernetes_prometheus_rules": "kubernetes_prometheus_rules", "add_security_context": "add_security_context", "delay_treatment": "delay_treatment"}, {"timestamp": 1737547896.46, "sum(rate(container_cpu_usage_seconds_total{namespace=\"system-under-evaluation\"}[1m]))": 0.3670373952522803, "system_CPU": 0.3670373952522803, "kubernetes_prometheus_rules": "kubernetes_prometheus_rules", "add_security_context": "add_security_context", "delay_treatment": "delay_treatment"}, {"timestamp": 1737547897.46, "sum(rate(container_cpu_usage_seconds_total{namespace=\"system-under-evaluation\"}[1m]))": 0.3715112734208646, "system_CPU": 0.3715112734208646, "kubernetes_prometheus_rules": "kubernetes_prometheus_rules", "add_security_context": "add_security_context", "delay_treatment": "delay_treatment"}, {"timestamp": 1737547898.46, "sum(rate(container_cpu_usage_seconds_total{namespace=\"system-under-evaluation\"}[1m]))": 0.3758719663791627, "system_CPU": 0.3758719663791627, "kubernetes_prometheus_rules": "kubernetes_prometheus_rules", "add_security_context": "add_security_context", "delay_treatment": "delay_treatment"}, {"timestamp": 1737547899.46, "sum(rate(container_cpu_usage_seconds_total{namespace=\"system-under-evaluation\"}[1m]))": 0.3898275809398261, "system_CPU": 0.3898275809398261, "kubernetes_prometheus_rules": "kubernetes_prometheus_rules", "add_security_context": "add_security_context", "delay_treatment": "delay_treatment"}, {"timestamp": 1737547900.46, "sum(rate(container_cpu_usage_seconds_total{namespace=\"system-under-evaluation\"}[1m]))": 0.3946933295439917, "system_CPU": 0.3946933295439917, "kubernetes_prometheus_rules": "kubernetes_prometheus_rules", "add_security_context": "add_security_context", "delay_treatment": "delay_treatment"}, {"timestamp": 1737547901.46, "sum(rate(container_cpu_usage_seconds_total{namespace=\"system-under-evaluation\"}[1m]))": 0.40044520596231364, "system_CPU": 0.40044520596231364, "kubernetes_prometheus_rules": "kubernetes_prometheus_rules", "add_security_context": "add_security_context", "delay_treatment": "delay_treatment"}, {"timestamp": 1737547902.46, "sum(rate(container_cpu_usage_seconds_total{namespace=\"system-under-evaluation\"}[1m]))": 0.40744831209129384, "system_CPU": 0.40744831209129384, "kubernetes_prometheus_rules": "kubernetes_prometheus_rules", "add_security_context": "add_security_context", "delay_treatment": "delay_treatment"}, {"timestamp": 1737547903.46, "sum(rate(container_cpu_usage_seconds_total{namespace=\"system-under-evaluation\"}[1m]))": 0.39852315519260484, "system_CPU": 0.39852315519260484, "kubernetes_prometheus_rules": "kubernetes_prometheus_rules", "add_security_context": "add_security_context", "delay_treatment": "delay_treatment"}, {"timestamp": 1737547904.46, "sum(rate(container_cpu_usage_seconds_total{namespace=\"system-under-evaluation\"}[1m]))": 0.4098765655167723, "system_CPU": 0.4098765655167723, "kubernetes_prometheus_rules": "kubernetes_prometheus_rules", "add_security_context": "add_security_context", "delay_treatment": "delay_treatment"}, {"timestamp": 1737547905.46, "sum(rate(container_cpu_usage_seconds_total{namespace=\"system-under-evaluation\"}[1m]))": 0.4328318672653878, "system_CPU": 0.4328318672653878, "kubernetes_prometheus_rules": "kubernetes_prometheus_rules", "add_security_context": "add_security_context", "delay_treatment": "delay_treatment"}, {"timestamp": 1737547906.46, "sum(rate(container_cpu_usage_seconds_total{namespace=\"system-under-evaluation\"}[1m]))": 0.3323704183277515, "system_CPU": 0.3323704183277515, "kubernetes_prometheus_rules": "kubernetes_prometheus_rules", "add_security_context": "add_security_context", "delay_treatment": "delay_treatment"}, {"timestamp": 1737547907.46, "sum(rate(container_cpu_usage_seconds_total{namespace=\"system-under-evaluation\"}[1m]))": 0.7474351716199416, "system_CPU": 0.7474351716199416, "kubernetes_prometheus_rules": "kubernetes_prometheus_rules", "add_security_context": "add_security_context", "delay_treatment": "delay_treatment"}, {"timestamp": 1737547908.46, "sum(rate(container_cpu_usage_seconds_total{namespace=\"system-under-evaluation\"}[1m]))": 0.9590495529149223, "system_CPU": 0.9590495529149223, "kubernetes_prometheus_rules": "kubernetes_prometheus_rules", "add_security_context": "add_security_context", "delay_treatment": "delay_treatment"}, {"timestamp": 1737547909.46, "sum(rate(container_cpu_usage_seconds_total{namespace=\"system-under-evaluation\"}[1m]))": 1.0037515115921452, "system_CPU": 1.0037515115921452, "kubernetes_prometheus_rules": "kubernetes_prometheus_rules", "add_security_context": "add_security_context", "delay_treatment": "delay_treatment"}, {"timestamp": 1737547910.46, "sum(rate(container_cpu_usage_seconds_total{namespace=\"system-under-evaluation\"}[1m]))": 1.2363253854696055, "system_CPU": 1.2363253854696055, "kubernetes_prometheus_rules": "kubernetes_prometheus_rules", "add_security_context": "add_security_context", "delay_treatment": "delay_treatment"}, {"timestamp": 1737547911.46, "sum(rate(container_cpu_usage_seconds_total{namespace=\"system-under-evaluation\"}[1m]))": 1.3057312727925254, "system_CPU": 1.3057312727925254, "kubernetes_prometheus_rules": "kubernetes_prometheus_rules", "add_security_context": "add_security_context", "delay_treatment": "delay_treatment"}, {"timestamp": 1737547912.46, "sum(rate(container_cpu_usage_seconds_total{namespace=\"system-under-evaluation\"}[1m]))": 1.3815518372791769, "system_CPU": 1.3815518372791769, "kubernetes_prometheus_rules": "kubernetes_prometheus_rules", "add_security_context": "add_security_context", "delay_treatment": "delay_treatment"}, {"timestamp": 1737547913.46, "sum(rate(container_cpu_usage_seconds_total{namespace=\"system-under-evaluation\"}[1m]))": 1.4168739017136267, "system_CPU": 1.4168739017136267, "kubernetes_prometheus_rules": "kubernetes_prometheus_rules", "add_security_context": "add_security_context", "delay_treatment": "delay_treatment"}, {"timestamp": 1737547914.46, "sum(rate(container_cpu_usage_seconds_total{namespace=\"system-under-evaluation\"}[1m]))": 1.4477453822088335, "system_CPU": 1.4477453822088335, "kubernetes_prometheus_rules": "kubernetes_prometheus_rules", "add_security_context": "add_security_context", "delay_treatment": "delay_treatment"}, {"timestamp": 1737547915.46, "sum(rate(container_cpu_usage_seconds_total{namespace=\"system-under-evaluation\"}[1m]))": 1.5080019880530489, "system_CPU": 1.5080019880530489, "kubernetes_prometheus_rules": "kubernetes_prometheus_rules", "add_security_context": "add_security_context", "delay_treatment": "delay_treatment"}, {"timestamp": 1737547916.46, "sum(rate(container_cpu_usage_seconds_total{namespace=\"system-under-evaluation\"}[1m]))": 1.5709238565670105, "system_CPU": 1.5709238565670105, "kubernetes_prometheus_rules": "kubernetes_prometheus_rules", "add_security_context": "add_security_context", "delay_treatment": "delay_treatment"}, {"timestamp": 1737547917.46, "sum(rate(container_cpu_usage_seconds_total{namespace=\"system-under-evaluation\"}[1m]))": 1.603610100131535, "system_CPU": 1.603610100131535, "kubernetes_prometheus_rules": "kubernetes_prometheus_rules", "add_security_context": "add_security_context", "delay_treatment": "delay_treatment"}, {"timestamp": 1737547918.46, "sum(rate(container_cpu_usage_seconds_total{namespace=\"system-under-evaluation\"}[1m]))": 1.633122184940044, "system_CPU": 1.633122184940044, "kubernetes_prometheus_rules": "kubernetes_prometheus_rules", "add_security_context": "add_security_context", "delay_treatment": "delay_treatment"}, {"timestamp": 1737547919.46, "sum(rate(container_cpu_usage_seconds_total{namespace=\"system-under-evaluation\"}[1m]))": 1.6641934529551778, "system_CPU": 1.6641934529551778, "kubernetes_prometheus_rules": "kubernetes_prometheus_rules", "add_security_context": "add_security_context", "delay_treatment": "delay_treatment"}, {"timestamp": 1737547920.46, "sum(rate(container_cpu_usage_seconds_total{namespace=\"system-under-evaluation\"}[1m]))": 1.6935995972608722, "system_CPU": 1.6935995972608722, "kubernetes_prometheus_rules": "kubernetes_prometheus_rules", "add_security_context": "add_security_context", "delay_treatment": "delay_treatment"}, {"timestamp": 1737547921.46, "sum(rate(container_cpu_usage_seconds_total{namespace=\"system-under-evaluation\"}[1m]))": 1.7236301793937683, "system_CPU": 1.7236301793937683, "kubernetes_prometheus_rules": "kubernetes_prometheus_rules", "add_security_context": "add_security_context", "delay_treatment": "delay_treatment"}, {"timestamp": 1737547922.46, "sum(rate(container_cpu_usage_seconds_total{namespace=\"system-under-evaluation\"}[1m]))": 1.753295345970553, "system_CPU": 1.753295345970553, "kubernetes_prometheus_rules": "kubernetes_prometheus_rules", "add_security_context": "add_security_context", "delay_treatment": "delay_treatment"}, {"timestamp": 1737547923.46, "sum(rate(container_cpu_usage_seconds_total{namespace=\"system-under-evaluation\"}[1m]))": 1.7763145556289426, "system_CPU": 1.7763145556289426, "kubernetes_prometheus_rules": "kubernetes_prometheus_rules", "add_security_context": "add_security_context", "delay_treatment": "delay_treatment"}, {"timestamp": 1737547924.46, "sum(rate(container_cpu_usage_seconds_total{namespace=\"system-under-evaluation\"}[1m]))": 1.9669528657806117, "system_CPU": 1.9669528657806117, "kubernetes_prometheus_rules": "kubernetes_prometheus_rules", "add_security_context": "add_security_context", "delay_treatment": "delay_treatment"}, {"timestamp": 1737547925.46, "sum(rate(container_cpu_usage_seconds_total{namespace=\"system-under-evaluation\"}[1m]))": 1.981806736938679, "system_CPU": 1.981806736938679, "kubernetes_prometheus_rules": "kubernetes_prometheus_rules", "add_security_context": "add_security_context", "delay_treatment": "delay_treatment"}, {"timestamp": 1737547926.46, "sum(rate(container_cpu_usage_seconds_total{namespace=\"system-under-evaluation\"}[1m]))": 2.1525833480269734, "system_CPU": 2.1525833480269734, "kubernetes_prometheus_rules": "kubernetes_prometheus_rules", "add_security_context": "add_security_context", "delay_treatment": "delay_treatment"}, {"timestamp": 1737547927.46, "sum(rate(container_cpu_usage_seconds_total{namespace=\"system-under-evaluation\"}[1m]))": 2.1644583602777137, "system_CPU": 2.1644583602777137, "kubernetes_prometheus_rules": "kubernetes_prometheus_rules", "add_security_context": "add_security_context", "delay_treatment": "delay_treatment"}, {"timestamp": 1737547928.46, "sum(rate(container_cpu_usage_seconds_total{namespace=\"system-under-evaluation\"}[1m]))": 2.1602206466481486, "system_CPU": 2.1602206466481486, "kubernetes_prometheus_rules": "kubernetes_prometheus_rules", "add_security_context": "add_security_context", "delay_treatment": "delay_treatment"}, {"timestamp": 1737547929.46, "sum(rate(container_cpu_usage_seconds_total{namespace=\"system-under-evaluation\"}[1m]))": 1.9920026599886593, "system_CPU": 1.9920026599886593, "kubernetes_prometheus_rules": "kubernetes_prometheus_rules", "add_security_context": "add_security_context", "delay_treatment": "delay_treatment"}, {"timestamp": 1737547930.46, "sum(rate(container_cpu_usage_seconds_total{namespace=\"system-under-evaluation\"}[1m]))": 1.815325282966513, "system_CPU": 1.815325282966513, "kubernetes_prometheus_rules": "kubernetes_prometheus_rules", "add_security_context": "add_security_context", "delay_treatment": "delay_treatment"}, {"timestamp": 1737547931.46, "sum(rate(container_cpu_usage_seconds_total{namespace=\"system-under-evaluation\"}[1m]))": 1.7953449571464726, "system_CPU": 1.7953449571464726, "kubernetes_prometheus_rules": "kubernetes_prometheus_rules", "add_security_context": "add_security_context", "delay_treatment": "delay_treatment"}, {"timestamp": 1737547932.46, "sum(rate(container_cpu_usage_seconds_total{namespace=\"system-under-evaluation\"}[1m]))": 1.719539545769517, "system_CPU": 1.719539545769517, "kubernetes_prometheus_rules": "kubernetes_prometheus_rules", "add_security_context": "add_security_context", "delay_treatment": "delay_treatment"}, {"timestamp": 1737547933.46, "sum(rate(container_cpu_usage_seconds_total{namespace=\"system-under-evaluation\"}[1m]))": 1.6862735331855914, "system_CPU": 1.6862735331855914, "kubernetes_prometheus_rules": "kubernetes_prometheus_rules", "add_security_context": "add_security_context", "delay_treatment": "delay_treatment"}, {"timestamp": 1737547934.46, "sum(rate(container_cpu_usage_seconds_total{namespace=\"system-under-evaluation\"}[1m]))": 1.6399021460304584, "system_CPU": 1.6399021460304584, "kubernetes_prometheus_rules": "kubernetes_prometheus_rules", "add_security_context": "add_security_context", "delay_treatment": "delay_treatment"}, {"timestamp": 1737547935.46, "sum(rate(container_cpu_usage_seconds_total{namespace=\"system-under-evaluation\"}[1m]))": 1.698815937698489, "system_CPU": 1.698815937698489, "kubernetes_prometheus_rules": "kubernetes_prometheus_rules", "add_security_context": "add_security_context", "delay_treatment": "delay_treatment"}, {"timestamp": 1737547936.46, "sum(rate(container_cpu_usage_seconds_total{namespace=\"system-under-evaluation\"}[1m]))": 1.828114227475187, "system_CPU": 1.828114227475187, "kubernetes_prometheus_rules": "kubernetes_prometheus_rules", "add_security_context": "add_security_context", "delay_treatment": "delay_treatment"}, {"timestamp": 1737547937.46, "sum(rate(container_cpu_usage_seconds_total{namespace=\"system-under-evaluation\"}[1m]))": 1.8526954325898608, "system_CPU": 1.8526954325898608, "kubernetes_prometheus_rules": "kubernetes_prometheus_rules", "add_security_context": "add_security_context", "delay_treatment": "delay_treatment"}, {"timestamp": 1737547938.46, "sum(rate(container_cpu_usage_seconds_total{namespace=\"system-under-evaluation\"}[1m]))": 1.9040782400911327, "system_CPU": 1.9040782400911327, "kubernetes_prometheus_rules": "kubernetes_prometheus_rules", "add_security_context": "add_security_context", "delay_treatment": "delay_treatment"}, {"timestamp": 1737547939.46, "sum(rate(container_cpu_usage_seconds_total{namespace=\"system-under-evaluation\"}[1m]))": 2.35562173707329, "system_CPU": 2.35562173707329, "kubernetes_prometheus_rules": "kubernetes_prometheus_rules", "add_security_context": "add_security_context", "delay_treatment": "delay_treatment"}, {"timestamp": 1737547940.46, "sum(rate(container_cpu_usage_seconds_total{namespace=\"system-under-evaluation\"}[1m]))": 2.400755464876954, "system_CPU": 2.400755464876954, "kubernetes_prometheus_rules": "kubernetes_prometheus_rules", "add_security_context": "add_security_context", "delay_treatment": "delay_treatment"}, {"timestamp": 1737547941.46, "sum(rate(container_cpu_usage_seconds_total{namespace=\"system-under-evaluation\"}[1m]))": 2.5546991535482255, "system_CPU": 2.5546991535482255, "kubernetes_prometheus_rules": "kubernetes_prometheus_rules", "add_security_context": "add_security_context", "delay_treatment": "delay_treatment"}, {"timestamp": 1737547942.46, "sum(rate(container_cpu_usage_seconds_total{namespace=\"system-under-evaluation\"}[1m]))": 2.629566599801974, "system_CPU": 2.629566599801974, "kubernetes_prometheus_rules": "kubernetes_prometheus_rules", "add_security_context": "add_security_context", "delay_treatment": "delay_treatment"}, {"timestamp": 1737547943.46, "sum(rate(container_cpu_usage_seconds_total{namespace=\"system-under-evaluation\"}[1m]))": 2.6250249173108133, "system_CPU": 2.6250249173108133, "kubernetes_prometheus_rules": "kubernetes_prometheus_rules", "add_security_context": "add_security_context", "delay_treatment": "delay_treatment"}, {"timestamp": 1737547944.46, "sum(rate(container_cpu_usage_seconds_total{namespace=\"system-under-evaluation\"}[1m]))": 2.640853112962181, "system_CPU": 2.640853112962181, "kubernetes_prometheus_rules": "kubernetes_prometheus_rules", "add_security_context": "add_security_context", "delay_treatment": "delay_treatment"}, {"timestamp": 1737547945.46, "sum(rate(container_cpu_usage_seconds_total{namespace=\"system-under-evaluation\"}[1m]))": 2.6482082376845906, "system_CPU": 2.6482082376845906, "kubernetes_prometheus_rules": "kubernetes_prometheus_rules", "add_security_context": "add_security_context", "delay_treatment": "delay_treatment"}, {"timestamp": 1737547946.46, "sum(rate(container_cpu_usage_seconds_total{namespace=\"system-under-evaluation\"}[1m]))": 3.3158558072567397, "system_CPU": 3.3158558072567397, "kubernetes_prometheus_rules": "kubernetes_prometheus_rules", "add_security_context": "add_security_context", "delay_treatment": "delay_treatment"}, {"timestamp": 1737547947.46, "sum(rate(container_cpu_usage_seconds_total{namespace=\"system-under-evaluation\"}[1m]))": 3.421553763888617, "system_CPU": 3.421553763888617, "kubernetes_prometheus_rules": "kubernetes_prometheus_rules", "add_security_context": "add_security_context", "delay_treatment": "delay_treatment"}, {"timestamp": 1737547948.46, "sum(rate(container_cpu_usage_seconds_total{namespace=\"system-under-evaluation\"}[1m]))": 3.4899113411534346, "system_CPU": 3.4899113411534346, "kubernetes_prometheus_rules": "kubernetes_prometheus_rules", "add_security_context": "add_security_context", "delay_treatment": "delay_treatment"}, {"timestamp": 1737547949.46, "sum(rate(container_cpu_usage_seconds_total{namespace=\"system-under-evaluation\"}[1m]))": 3.487432782349919, "system_CPU": 3.487432782349919, "kubernetes_prometheus_rules": "kubernetes_prometheus_rules", "add_security_context": "add_security_context", "delay_treatment": "delay_treatment"}, {"timestamp": 1737547950.46, "sum(rate(container_cpu_usage_seconds_total{namespace=\"system-under-evaluation\"}[1m]))": 3.4883394896309716, "system_CPU": 3.4883394896309716, "kubernetes_prometheus_rules": "kubernetes_prometheus_rules", "add_security_context": "add_security_context", "delay_treatment": "delay_treatment"}, {"timestamp": 1737547951.46, "sum(rate(container_cpu_usage_seconds_total{namespace=\"system-under-evaluation\"}[1m]))": 3.4756982767100584, "system_CPU": 3.4756982767100584, "kubernetes_prometheus_rules": "kubernetes_prometheus_rules", "add_security_context": "add_security_context", "delay_treatment": "delay_treatment"}, {"timestamp": 1737547952.46, "sum(rate(container_cpu_usage_seconds_total{namespace=\"system-under-evaluation\"}[1m]))": 3.487293980192931, "system_CPU": 3.487293980192931, "kubernetes_prometheus_rules": "kubernetes_prometheus_rules", "add_security_context": "add_security_context", "delay_treatment": "delay_treatment"}, {"timestamp": 1737547953.46, "sum(rate(container_cpu_usage_seconds_total{namespace=\"system-under-evaluation\"}[1m]))": 3.4902530930654687, "system_CPU": 3.4902530930654687, "kubernetes_prometheus_rules": "kubernetes_prometheus_rules", "add_security_context": "add_security_context", "delay_treatment": "delay_treatment"}, {"timestamp": 1737547954.46, "sum(rate(container_cpu_usage_seconds_total{namespace=\"system-under-evaluation\"}[1m]))": 3.48637930785529, "system_CPU": 3.48637930785529, "kubernetes_prometheus_rules": "kubernetes_prometheus_rules", "add_security_context": "add_security_context", "delay_treatment": "delay_treatment"}, {"timestamp": 1737547955.46, "sum(rate(container_cpu_usage_seconds_total{namespace=\"system-under-evaluation\"}[1m]))": 3.499563818363196, "system_CPU": 3.499563818363196, "kubernetes_prometheus_rules": "kubernetes_prometheus_rules", "add_security_context": "add_security_context", "delay_treatment": "delay_treatment"}, {"timestamp": 1737547956.46, "sum(rate(container_cpu_usage_seconds_total{namespace=\"system-under-evaluation\"}[1m]))": 3.492323409332821, "system_CPU": 3.492323409332821, "kubernetes_prometheus_rules": "kubernetes_prometheus_rules", "add_security_context": "add_security_context", "delay_treatment": "delay_treatment"}, {"timestamp": 1737547957.46, "sum(rate(container_cpu_usage_seconds_total{namespace=\"system-under-evaluation\"}[1m]))": 3.4919238304362645, "system_CPU": 3.4919238304362645, "kubernetes_prometheus_rules": "kubernetes_prometheus_rules", "add_security_context": "add_security_context", "delay_treatment": "delay_treatment"}, {"timestamp": 1737547958.46, "sum(rate(container_cpu_usage_seconds_total{namespace=\"system-under-evaluation\"}[1m]))": 3.4915443787447042, "system_CPU": 3.4915443787447042, "kubernetes_prometheus_rules": "kubernetes_prometheus_rules", "add_security_context": "add_security_context", "delay_treatment": "delay_treatment"}, {"timestamp": 1737547959.46, "sum(rate(container_cpu_usage_seconds_total{namespace=\"system-under-evaluation\"}[1m]))": 3.3566647563075787, "system_CPU": 3.3566647563075787, "kubernetes_prometheus_rules": "kubernetes_prometheus_rules", "add_security_context": "add_security_context", "delay_treatment": "delay_treatment"}, {"timestamp": 1737547960.46, "sum(rate(container_cpu_usage_seconds_total{namespace=\"system-under-evaluation\"}[1m]))": 3.428366478800736, "system_CPU": 3.428366478800736, "kubernetes_prometheus_rules": "kubernetes_prometheus_rules", "add_security_context": "add_security_context", "delay_treatment": "delay_treatment"}, {"timestamp": 1737547961.46, "sum(rate(container_cpu_usage_seconds_total{namespace=\"system-under-evaluation\"}[1m]))": 3.387550247008741, "system_CPU": 3.387550247008741, "kubernetes_prometheus_rules": "kubernetes_prometheus_rules", "add_security_context": "add_security_context", "delay_treatment": "delay_treatment"}, {"timestamp": 1737547962.46, "sum(rate(container_cpu_usage_seconds_total{namespace=\"system-under-evaluation\"}[1m]))": 3.399573884542521, "system_CPU": 3.399573884542521, "kubernetes_prometheus_rules": "kubernetes_prometheus_rules", "add_security_context": "add_security_context", "delay_treatment": "delay_treatment"}, {"timestamp": 1737547963.46, "sum(rate(container_cpu_usage_seconds_total{namespace=\"system-under-evaluation\"}[1m]))": 3.3758526427166275, "system_CPU": 3.3758526427166275, "kubernetes_prometheus_rules": "kubernetes_prometheus_rules", "add_security_context": "add_security_context", "delay_treatment": "delay_treatment"}, {"timestamp": 1737547964.46, "sum(rate(container_cpu_usage_seconds_total{namespace=\"system-under-evaluation\"}[1m]))": 3.166122360208353, "system_CPU": 3.166122360208353, "kubernetes_prometheus_rules": "kubernetes_prometheus_rules", "add_security_context": "add_security_context", "delay_treatment": "delay_treatment"}, {"timestamp": 1737547965.46, "sum(rate(container_cpu_usage_seconds_total{namespace=\"system-under-evaluation\"}[1m]))": 3.1383747343864963, "system_CPU": 3.1383747343864963, "kubernetes_prometheus_rules": "kubernetes_prometheus_rules", "add_security_context": "add_security_context", "delay_treatment": "delay_treatment"}, {"timestamp": 1737547966.46, "sum(rate(container_cpu_usage_seconds_total{namespace=\"system-under-evaluation\"}[1m]))": 3.100738351877612, "system_CPU": 3.100738351877612, "kubernetes_prometheus_rules": "kubernetes_prometheus_rules", "add_security_context": "add_security_context", "delay_treatment": "delay_treatment"}, {"timestamp": 1737547967.46, "sum(rate(container_cpu_usage_seconds_total{namespace=\"system-under-evaluation\"}[1m]))": 2.122070141084549, "system_CPU": 2.122070141084549, "kubernetes_prometheus_rules": "kubernetes_prometheus_rules", "add_security_context": "add_security_context", "delay_treatment": "delay_treatment"}, {"timestamp": 1737547968.46, "sum(rate(container_cpu_usage_seconds_total{namespace=\"system-under-evaluation\"}[1m]))": 1.9505311186786376, "system_CPU": 1.9505311186786376, "kubernetes_prometheus_rules": "kubernetes_prometheus_rules", "add_security_context": "add_security_context", "delay_treatment": "delay_treatment"}, {"timestamp": 1737547969.46, "sum(rate(container_cpu_usage_seconds_total{namespace=\"system-under-evaluation\"}[1m]))": 2.0612817142141746, "system_CPU": 2.0612817142141746, "kubernetes_prometheus_rules": "kubernetes_prometheus_rules", "add_security_context": "add_security_context", "delay_treatment": "delay_treatment"}, {"timestamp": 1737547970.46, "sum(rate(container_cpu_usage_seconds_total{namespace=\"system-under-evaluation\"}[1m]))": 2.0687807810980323, "system_CPU": 2.0687807810980323, "kubernetes_prometheus_rules": "kubernetes_prometheus_rules", "add_security_context": "add_security_context", "delay_treatment": "delay_treatment"}, {"timestamp": 1737547971.46, "sum(rate(container_cpu_usage_seconds_total{namespace=\"system-under-evaluation\"}[1m]))": 2.3489850666530856, "system_CPU": 2.3489850666530856, "kubernetes_prometheus_rules": "kubernetes_prometheus_rules", "add_security_context": "add_security_context", "delay_treatment": "delay_treatment"}, {"timestamp": 1737547972.46, "sum(rate(container_cpu_usage_seconds_total{namespace=\"system-under-evaluation\"}[1m]))": 2.4078149963458575, "system_CPU": 2.4078149963458575, "kubernetes_prometheus_rules": "kubernetes_prometheus_rules", "add_security_context": "add_security_context", "delay_treatment": "delay_treatment"}, {"timestamp": 1737547973.46, "sum(rate(container_cpu_usage_seconds_total{namespace=\"system-under-evaluation\"}[1m]))": 2.416448218746449, "system_CPU": 2.416448218746449, "kubernetes_prometheus_rules": "kubernetes_prometheus_rules", "add_security_context": "add_security_context", "delay_treatment": "delay_treatment"}, {"timestamp": 1737547974.46, "sum(rate(container_cpu_usage_seconds_total{namespace=\"system-under-evaluation\"}[1m]))": 2.447360538388781, "system_CPU": 2.447360538388781, "kubernetes_prometheus_rules": "kubernetes_prometheus_rules", "add_security_context": "add_security_context", "delay_treatment": "delay_treatment"}, {"timestamp": 1737547975.46, "sum(rate(container_cpu_usage_seconds_total{namespace=\"system-under-evaluation\"}[1m]))": 2.459545801547899, "system_CPU": 2.459545801547899, "kubernetes_prometheus_rules": "kubernetes_prometheus_rules", "add_security_context": "add_security_context", "delay_treatment": "delay_treatment"}, {"timestamp": 1737547976.46, "sum(rate(container_cpu_usage_seconds_total{namespace=\"system-under-evaluation\"}[1m]))": 2.479491545399415, "system_CPU": 2.479491545399415, "kubernetes_prometheus_rules": "kubernetes_prometheus_rules", "add_security_context": "add_security_context", "delay_treatment": "delay_treatment"}, {"timestamp": 1737547977.46, "sum(rate(container_cpu_usage_seconds_total{namespace=\"system-under-evaluation\"}[1m]))": 3.4770483989169834, "system_CPU": 3.4770483989169834, "kubernetes_prometheus_rules": "kubernetes_prometheus_rules", "add_security_context": "add_security_context", "delay_treatment": "delay_treatment"}, {"timestamp": 1737547978.46, "sum(rate(container_cpu_usage_seconds_total{namespace=\"system-under-evaluation\"}[1m]))": 3.584499640465022, "system_CPU": 3.584499640465022, "kubernetes_prometheus_rules": "kubernetes_prometheus_rules", "add_security_context": "add_security_context", "delay_treatment": "delay_treatment"}, {"timestamp": 1737547979.46, "sum(rate(container_cpu_usage_seconds_total{namespace=\"system-under-evaluation\"}[1m]))": 3.5865180707203237, "system_CPU": 3.5865180707203237, "kubernetes_prometheus_rules": "kubernetes_prometheus_rules", "add_security_context": "add_security_context", "delay_treatment": "delay_treatment"}, {"timestamp": 1737547980.46, "sum(rate(container_cpu_usage_seconds_total{namespace=\"system-under-evaluation\"}[1m]))": 3.611548635809852, "system_CPU": 3.611548635809852, "kubernetes_prometheus_rules": "kubernetes_prometheus_rules", "add_security_context": "add_security_context", "delay_treatment": "delay_treatment"}, {"timestamp": 1737547981.46, "sum(rate(container_cpu_usage_seconds_total{namespace=\"system-under-evaluation\"}[1m]))": 3.5940093336116816, "system_CPU": 3.5940093336116816, "kubernetes_prometheus_rules": "kubernetes_prometheus_rules", "add_security_context": "add_security_context", "delay_treatment": "delay_treatment"}, {"timestamp": 1737547982.46, "sum(rate(container_cpu_usage_seconds_total{namespace=\"system-under-evaluation\"}[1m]))": 3.5751552782338494, "system_CPU": 3.5751552782338494, "kubernetes_prometheus_rules": "kubernetes_prometheus_rules", "add_security_context": "add_security_context", "delay_treatment": "delay_treatment"}, {"timestamp": 1737547983.46, "sum(rate(container_cpu_usage_seconds_total{namespace=\"system-under-evaluation\"}[1m]))": 3.57640691370888, "system_CPU": 3.57640691370888, "kubernetes_prometheus_rules": "kubernetes_prometheus_rules", "add_security_context": "add_security_context", "delay_treatment": "delay_treatment"}, {"timestamp": 1737547984.46, "sum(rate(container_cpu_usage_seconds_total{namespace=\"system-under-evaluation\"}[1m]))": 3.5623901155759743, "system_CPU": 3.5623901155759743, "kubernetes_prometheus_rules": "kubernetes_prometheus_rules", "add_security_context": "add_security_context", "delay_treatment": "delay_treatment"}, {"timestamp": 1737547985.46, "sum(rate(container_cpu_usage_seconds_total{namespace=\"system-under-evaluation\"}[1m]))": 3.5567663044017954, "system_CPU": 3.5567663044017954, "kubernetes_prometheus_rules": "kubernetes_prometheus_rules", "add_security_context": "add_security_context", "delay_treatment": "delay_treatment"}, {"timestamp": 1737547986.46, "sum(rate(container_cpu_usage_seconds_total{namespace=\"system-under-evaluation\"}[1m]))": 3.551463909631837, "system_CPU": 3.551463909631837, "kubernetes_prometheus_rules": "kubernetes_prometheus_rules", "add_security_context": "add_security_context", "delay_treatment": "delay_treatment"}, {"timestamp": 1737547987.46, "sum(rate(container_cpu_usage_seconds_total{namespace=\"system-under-evaluation\"}[1m]))": 3.535144244521412, "system_CPU": 3.535144244521412, "kubernetes_prometheus_rules": "kubernetes_prometheus_rules", "add_security_context": "add_security_context", "delay_treatment": "delay_treatment"}, {"timestamp": 1737547988.46, "sum(rate(container_cpu_usage_seconds_total{namespace=\"system-under-evaluation\"}[1m]))": 3.513951420685565, "system_CPU": 3.513951420685565, "kubernetes_prometheus_rules": "kubernetes_prometheus_rules", "add_security_context": "add_security_context", "delay_treatment": "delay_treatment"}, {"timestamp": 1737547989.46, "sum(rate(container_cpu_usage_seconds_total{namespace=\"system-under-evaluation\"}[1m]))": 3.5181780720981224, "system_CPU": 3.5181780720981224, "kubernetes_prometheus_rules": "kubernetes_prometheus_rules", "add_security_context": "add_security_context", "delay_treatment": "delay_treatment"}, {"timestamp": 1737547990.46, "sum(rate(container_cpu_usage_seconds_total{namespace=\"system-under-evaluation\"}[1m]))": 3.4532365281351396, "system_CPU": 3.4532365281351396, "kubernetes_prometheus_rules": "kubernetes_prometheus_rules", "add_security_context": "add_security_context", "delay_treatment": "delay_treatment"}, {"timestamp": 1737547991.46, "sum(rate(container_cpu_usage_seconds_total{namespace=\"system-under-evaluation\"}[1m]))": 3.465281775499756, "system_CPU": 3.465281775499756, "kubernetes_prometheus_rules": "kubernetes_prometheus_rules", "add_security_context": "add_security_context", "delay_treatment": "delay_treatment"}, {"timestamp": 1737547992.46, "sum(rate(container_cpu_usage_seconds_total{namespace=\"system-under-evaluation\"}[1m]))": 3.4562537072103425, "system_CPU": 3.4562537072103425, "kubernetes_prometheus_rules": "kubernetes_prometheus_rules", "add_security_context": "add_security_context", "delay_treatment": "delay_treatment"}, {"timestamp": 1737547993.46, "sum(rate(container_cpu_usage_seconds_total{namespace=\"system-under-evaluation\"}[1m]))": 3.456861712328869, "system_CPU": 3.456861712328869, "kubernetes_prometheus_rules": "kubernetes_prometheus_rules", "add_security_context": "add_security_context", "delay_treatment": "delay_treatment"}, {"timestamp": 1737547994.46, "sum(rate(container_cpu_usage_seconds_total{namespace=\"system-under-evaluation\"}[1m]))": 3.445244851596409, "system_CPU": 3.445244851596409, "kubernetes_prometheus_rules": "kubernetes_prometheus_rules", "add_security_context": "add_security_context", "delay_treatment": "delay_treatment"}, {"timestamp": 1737547995.46, "sum(rate(container_cpu_usage_seconds_total{namespace=\"system-under-evaluation\"}[1m]))": 3.3228677414734853, "system_CPU": 3.3228677414734853, "kubernetes_prometheus_rules": "kubernetes_prometheus_rules", "add_security_context": "add_security_context", "delay_treatment": "delay_treatment"}, {"timestamp": 1737547996.46, "sum(rate(container_cpu_usage_seconds_total{namespace=\"system-under-evaluation\"}[1m]))": 3.129235778676206, "system_CPU": 3.129235778676206, "kubernetes_prometheus_rules": "kubernetes_prometheus_rules", "add_security_context": "add_security_context", "delay_treatment": "delay_treatment"}, {"timestamp": 1737547997.46, "sum(rate(container_cpu_usage_seconds_total{namespace=\"system-under-evaluation\"}[1m]))": 2.9640190197659906, "system_CPU": 2.9640190197659906, "kubernetes_prometheus_rules": "kubernetes_prometheus_rules", "add_security_context": "add_security_context", "delay_treatment": "delay_treatment"}, {"timestamp": 1737547998.46, "sum(rate(container_cpu_usage_seconds_total{namespace=\"system-under-evaluation\"}[1m]))": 3.039336945449526, "system_CPU": 3.039336945449526, "kubernetes_prometheus_rules": "kubernetes_prometheus_rules", "add_security_context": "add_security_context", "delay_treatment": "delay_treatment"}, {"timestamp": 1737547999.46, "sum(rate(container_cpu_usage_seconds_total{namespace=\"system-under-evaluation\"}[1m]))": 2.993457217920344, "system_CPU": 2.993457217920344, "kubernetes_prometheus_rules": "kubernetes_prometheus_rules", "add_security_context": "add_security_context", "delay_treatment": "delay_treatment"}, {"timestamp": 1737548000.46, "sum(rate(container_cpu_usage_seconds_total{namespace=\"system-under-evaluation\"}[1m]))": 3.131636801512187, "system_CPU": 3.131636801512187, "kubernetes_prometheus_rules": "kubernetes_prometheus_rules", "add_security_context": "add_security_context", "delay_treatment": "delay_treatment"}, {"timestamp": 1737548001.46, "sum(rate(container_cpu_usage_seconds_total{namespace=\"system-under-evaluation\"}[1m]))": 3.2832707034531223, "system_CPU": 3.2832707034531223, "kubernetes_prometheus_rules": "kubernetes_prometheus_rules", "add_security_context": "add_security_context", "delay_treatment": "delay_treatment"}, {"timestamp": 1737548002.46, "sum(rate(container_cpu_usage_seconds_total{namespace=\"system-under-evaluation\"}[1m]))": 3.3159623018073705, "system_CPU": 3.3159623018073705, "kubernetes_prometheus_rules": "kubernetes_prometheus_rules", "add_security_context": "add_security_context", "delay_treatment": "delay_treatment"}, {"timestamp": 1737548003.46, "sum(rate(container_cpu_usage_seconds_total{namespace=\"system-under-evaluation\"}[1m]))": 3.3253840507286916, "system_CPU": 3.3253840507286916, "kubernetes_prometheus_rules": "kubernetes_prometheus_rules", "add_security_context": "add_security_context", "delay_treatment": "delay_treatment"}, {"timestamp": 1737548004.46, "sum(rate(container_cpu_usage_seconds_total{namespace=\"system-under-evaluation\"}[1m]))": 3.337065600072609, "system_CPU": 3.337065600072609, "kubernetes_prometheus_rules": "kubernetes_prometheus_rules", "add_security_context": "add_security_context", "delay_treatment": "delay_treatment"}, {"timestamp": 1737548005.46, "sum(rate(container_cpu_usage_seconds_total{namespace=\"system-under-evaluation\"}[1m]))": 3.565422763946188, "system_CPU": 3.565422763946188, "kubernetes_prometheus_rules": "kubernetes_prometheus_rules", "add_security_context": "add_security_context", "delay_treatment": "delay_treatment"}, {"timestamp": 1737548006.46, "sum(rate(container_cpu_usage_seconds_total{namespace=\"system-under-evaluation\"}[1m]))": 3.307716728056698, "system_CPU": 3.307716728056698, "kubernetes_prometheus_rules": "kubernetes_prometheus_rules", "add_security_context": "add_security_context", "delay_treatment": "delay_treatment"}, {"timestamp": 1737548007.46, "sum(rate(container_cpu_usage_seconds_total{namespace=\"system-under-evaluation\"}[1m]))": 3.325036116170364, "system_CPU": 3.325036116170364, "kubernetes_prometheus_rules": "kubernetes_prometheus_rules", "add_security_context": "add_security_context", "delay_treatment": "delay_treatment"}, {"timestamp": 1737548008.46, "sum(rate(container_cpu_usage_seconds_total{namespace=\"system-under-evaluation\"}[1m]))": 3.499895513656418, "system_CPU": 3.499895513656418, "kubernetes_prometheus_rules": "kubernetes_prometheus_rules", "add_security_context": "add_security_context", "delay_treatment": "delay_treatment"}, {"timestamp": 1737548009.46, "sum(rate(container_cpu_usage_seconds_total{namespace=\"system-under-evaluation\"}[1m]))": 3.5201737011685275, "system_CPU": 3.5201737011685275, "kubernetes_prometheus_rules": "kubernetes_prometheus_rules", "add_security_context": "add_security_context", "delay_treatment": "delay_treatment"}, {"timestamp": 1737548010.46, "sum(rate(container_cpu_usage_seconds_total{namespace=\"system-under-evaluation\"}[1m]))": 3.7597779560082785, "system_CPU": 3.7597779560082785, "kubernetes_prometheus_rules": "kubernetes_prometheus_rules", "add_security_context": "add_security_context", "delay_treatment": "delay_treatment"}, {"timestamp": 1737548011.46, "sum(rate(container_cpu_usage_seconds_total{namespace=\"system-under-evaluation\"}[1m]))": 3.763009030094969, "system_CPU": 3.763009030094969, "kubernetes_prometheus_rules": "kubernetes_prometheus_rules", "add_security_context": "add_security_context", "delay_treatment": "delay_treatment"}, {"timestamp": 1737548012.46, "sum(rate(container_cpu_usage_seconds_total{namespace=\"system-under-evaluation\"}[1m]))": 3.7619413007495717, "system_CPU": 3.7619413007495717, "kubernetes_prometheus_rules": "kubernetes_prometheus_rules", "add_security_context": "add_security_context", "delay_treatment": "delay_treatment"}, {"timestamp": 1737548013.46, "sum(rate(container_cpu_usage_seconds_total{namespace=\"system-under-evaluation\"}[1m]))": 3.760873571404174, "system_CPU": 3.760873571404174, "kubernetes_prometheus_rules": "kubernetes_prometheus_rules", "add_security_context": "add_security_context", "delay_treatment": "delay_treatment"}, {"timestamp": 1737548014.46, "sum(rate(container_cpu_usage_seconds_total{namespace=\"system-under-evaluation\"}[1m]))": 3.7598045702046305, "system_CPU": 3.7598045702046305, "kubernetes_prometheus_rules": "kubernetes_prometheus_rules", "add_security_context": "add_security_context", "delay_treatment": "delay_treatment"}, {"timestamp": 1737548015.46, "sum(rate(container_cpu_usage_seconds_total{namespace=\"system-under-evaluation\"}[1m]))": 3.721665312249946, "system_CPU": 3.721665312249946, "kubernetes_prometheus_rules": "kubernetes_prometheus_rules", "add_security_context": "add_security_context", "delay_treatment": "delay_treatment"}, {"timestamp": 1737548016.46, "sum(rate(container_cpu_usage_seconds_total{namespace=\"system-under-evaluation\"}[1m]))": 3.720295997606325, "system_CPU": 3.720295997606325, "kubernetes_prometheus_rules": "kubernetes_prometheus_rules", "add_security_context": "add_security_context", "delay_treatment": "delay_treatment"}, {"timestamp": 1737548017.46, "sum(rate(container_cpu_usage_seconds_total{namespace=\"system-under-evaluation\"}[1m]))": 3.6040559562234034, "system_CPU": 3.6040559562234034, "kubernetes_prometheus_rules": "kubernetes_prometheus_rules", "add_security_context": "add_security_context", "delay_treatment": "delay_treatment"}, {"timestamp": 1737548018.46, "sum(rate(container_cpu_usage_seconds_total{namespace=\"system-under-evaluation\"}[1m]))": 3.5578353921118326, "system_CPU": 3.5578353921118326, "kubernetes_prometheus_rules": "kubernetes_prometheus_rules", "add_security_context": "add_security_context", "delay_treatment": "delay_treatment"}, {"timestamp": 1737548019.46, "sum(rate(container_cpu_usage_seconds_total{namespace=\"system-under-evaluation\"}[1m]))": 3.5581100498674125, "system_CPU": 3.5581100498674125, "kubernetes_prometheus_rules": "kubernetes_prometheus_rules", "add_security_context": "add_security_context", "delay_treatment": "delay_treatment"}, {"timestamp": 1737548020.46, "sum(rate(container_cpu_usage_seconds_total{namespace=\"system-under-evaluation\"}[1m]))": 3.396256500278835, "system_CPU": 3.396256500278835, "kubernetes_prometheus_rules": "kubernetes_prometheus_rules", "add_security_context": "add_security_context", "delay_treatment": "delay_treatment"}, {"timestamp": 1737548021.46, "sum(rate(container_cpu_usage_seconds_total{namespace=\"system-under-evaluation\"}[1m]))": 3.429151217569824, "system_CPU": 3.429151217569824, "kubernetes_prometheus_rules": "kubernetes_prometheus_rules", "add_security_context": "add_security_context", "delay_treatment": "delay_treatment"}, {"timestamp": 1737548022.46, "sum(rate(container_cpu_usage_seconds_total{namespace=\"system-under-evaluation\"}[1m]))": 3.291221042368598, "system_CPU": 3.291221042368598, "kubernetes_prometheus_rules": "kubernetes_prometheus_rules", "add_security_context": "add_security_context", "delay_treatment": "delay_treatment"}, {"timestamp": 1737548023.46, "sum(rate(container_cpu_usage_seconds_total{namespace=\"system-under-evaluation\"}[1m]))": 3.260743992950951, "system_CPU": 3.260743992950951, "kubernetes_prometheus_rules": "kubernetes_prometheus_rules", "add_security_context": "add_security_context", "delay_treatment": "delay_treatment"}, {"timestamp": 1737548024.46, "sum(rate(container_cpu_usage_seconds_total{namespace=\"system-under-evaluation\"}[1m]))": 3.4239518801871593, "system_CPU": 3.4239518801871593, "kubernetes_prometheus_rules": "kubernetes_prometheus_rules", "add_security_context": "add_security_context", "delay_treatment": "delay_treatment"}, {"timestamp": 1737548025.46, "sum(rate(container_cpu_usage_seconds_total{namespace=\"system-under-evaluation\"}[1m]))": 3.517070685021241, "system_CPU": 3.517070685021241, "kubernetes_prometheus_rules": "kubernetes_prometheus_rules", "add_security_context": "add_security_context", "delay_treatment": "delay_treatment"}, {"timestamp": 1737548026.46, "sum(rate(container_cpu_usage_seconds_total{namespace=\"system-under-evaluation\"}[1m]))": 3.352910288974826, "system_CPU": 3.352910288974826, "kubernetes_prometheus_rules": "kubernetes_prometheus_rules", "add_security_context": "add_security_context", "delay_treatment": "delay_treatment"}, {"timestamp": 1737548027.46, "sum(rate(container_cpu_usage_seconds_total{namespace=\"system-under-evaluation\"}[1m]))": 3.309610276238342, "system_CPU": 3.309610276238342, "kubernetes_prometheus_rules": "kubernetes_prometheus_rules", "add_security_context": "add_security_context", "delay_treatment": "delay_treatment"}, {"timestamp": 1737548028.46, "sum(rate(container_cpu_usage_seconds_total{namespace=\"system-under-evaluation\"}[1m]))": 3.377256981889006, "system_CPU": 3.377256981889006, "kubernetes_prometheus_rules": "kubernetes_prometheus_rules", "add_security_context": "add_security_context", "delay_treatment": "delay_treatment"}, {"timestamp": 1737548029.46, "sum(rate(container_cpu_usage_seconds_total{namespace=\"system-under-evaluation\"}[1m]))": 3.1180056618059777, "system_CPU": 3.1180056618059777, "kubernetes_prometheus_rules": "kubernetes_prometheus_rules", "add_security_context": "add_security_context", "delay_treatment": "delay_treatment"}, {"timestamp": 1737548030.46, "sum(rate(container_cpu_usage_seconds_total{namespace=\"system-under-evaluation\"}[1m]))": 3.077444219300572, "system_CPU": 3.077444219300572, "kubernetes_prometheus_rules": "kubernetes_prometheus_rules", "add_security_context": "add_security_context", "delay_treatment": "delay_treatment"}, {"timestamp": 1737548031.46, "sum(rate(container_cpu_usage_seconds_total{namespace=\"system-under-evaluation\"}[1m]))": 3.0691931031759725, "system_CPU": 3.0691931031759725, "kubernetes_prometheus_rules": "kubernetes_prometheus_rules", "add_security_context": "add_security_context", "delay_treatment": "delay_treatment"}, {"timestamp": 1737548032.46, "sum(rate(container_cpu_usage_seconds_total{namespace=\"system-under-evaluation\"}[1m]))": 3.152411086716765, "system_CPU": 3.152411086716765, "kubernetes_prometheus_rules": "kubernetes_prometheus_rules", "add_security_context": "add_security_context", "delay_treatment": "delay_treatment"}, {"timestamp": 1737548033.46, "sum(rate(container_cpu_usage_seconds_total{namespace=\"system-under-evaluation\"}[1m]))": 3.4582406559540795, "system_CPU": 3.4582406559540795, "kubernetes_prometheus_rules": "kubernetes_prometheus_rules", "add_security_context": "add_security_context", "delay_treatment": "delay_treatment"}, {"timestamp": 1737548034.46, "sum(rate(container_cpu_usage_seconds_total{namespace=\"system-under-evaluation\"}[1m]))": 3.5017712773431473, "system_CPU": 3.5017712773431473, "kubernetes_prometheus_rules": "kubernetes_prometheus_rules", "add_security_context": "add_security_context", "delay_treatment": "delay_treatment"}, {"timestamp": 1737548035.46, "sum(rate(container_cpu_usage_seconds_total{namespace=\"system-under-evaluation\"}[1m]))": 3.4934848922005073, "system_CPU": 3.4934848922005073, "kubernetes_prometheus_rules": "kubernetes_prometheus_rules", "add_security_context": "add_security_context", "delay_treatment": "delay_treatment"}, {"timestamp": 1737548036.46, "sum(rate(container_cpu_usage_seconds_total{namespace=\"system-under-evaluation\"}[1m]))": 3.505328245024066, "system_CPU": 3.505328245024066, "kubernetes_prometheus_rules": "kubernetes_prometheus_rules", "add_security_context": "add_security_context", "delay_treatment": "delay_treatment"}, {"timestamp": 1737548037.46, "sum(rate(container_cpu_usage_seconds_total{namespace=\"system-under-evaluation\"}[1m]))": 3.8388578761910064, "system_CPU": 3.8388578761910064, "kubernetes_prometheus_rules": "kubernetes_prometheus_rules", "add_security_context": "add_security_context", "delay_treatment": "delay_treatment"}, {"timestamp": 1737548038.46, "sum(rate(container_cpu_usage_seconds_total{namespace=\"system-under-evaluation\"}[1m]))": 3.854409296060988, "system_CPU": 3.854409296060988, "kubernetes_prometheus_rules": "kubernetes_prometheus_rules", "add_security_context": "add_security_context", "delay_treatment": "delay_treatment"}, {"timestamp": 1737548039.46, "sum(rate(container_cpu_usage_seconds_total{namespace=\"system-under-evaluation\"}[1m]))": 3.8822655724903945, "system_CPU": 3.8822655724903945, "kubernetes_prometheus_rules": "kubernetes_prometheus_rules", "add_security_context": "add_security_context", "delay_treatment": "delay_treatment"}, {"timestamp": 1737548040.46, "sum(rate(container_cpu_usage_seconds_total{namespace=\"system-under-evaluation\"}[1m]))": 3.899416743942626, "system_CPU": 3.899416743942626, "kubernetes_prometheus_rules": "kubernetes_prometheus_rules", "add_security_context": "add_security_context", "delay_treatment": "delay_treatment"}, {"timestamp": 1737548041.46, "sum(rate(container_cpu_usage_seconds_total{namespace=\"system-under-evaluation\"}[1m]))": 3.901519871619929, "system_CPU": 3.901519871619929, "kubernetes_prometheus_rules": "kubernetes_prometheus_rules", "add_security_context": "add_security_context", "delay_treatment": "delay_treatment"}, {"timestamp": 1737548042.46, "sum(rate(container_cpu_usage_seconds_total{namespace=\"system-under-evaluation\"}[1m]))": 3.9599793767132416, "system_CPU": 3.9599793767132416, "kubernetes_prometheus_rules": "kubernetes_prometheus_rules", "add_security_context": "add_security_context", "delay_treatment": "delay_treatment"}, {"timestamp": 1737548043.46, "sum(rate(container_cpu_usage_seconds_total{namespace=\"system-under-evaluation\"}[1m]))": 3.9551959580887175, "system_CPU": 3.9551959580887175, "kubernetes_prometheus_rules": "kubernetes_prometheus_rules", "add_security_context": "add_security_context", "delay_treatment": "delay_treatment"}, {"timestamp": 1737548044.46, "sum(rate(container_cpu_usage_seconds_total{namespace=\"system-under-evaluation\"}[1m]))": 3.8946680030396155, "system_CPU": 3.8946680030396155, "kubernetes_prometheus_rules": "kubernetes_prometheus_rules", "add_security_context": "add_security_context", "delay_treatment": "delay_treatment"}, {"timestamp": 1737548045.46, "sum(rate(container_cpu_usage_seconds_total{namespace=\"system-under-evaluation\"}[1m]))": 3.8912774638908902, "system_CPU": 3.8912774638908902, "kubernetes_prometheus_rules": "kubernetes_prometheus_rules", "add_security_context": "add_security_context", "delay_treatment": "delay_treatment"}, {"timestamp": 1737548046.46, "sum(rate(container_cpu_usage_seconds_total{namespace=\"system-under-evaluation\"}[1m]))": 3.8392875682689347, "system_CPU": 3.8392875682689347, "kubernetes_prometheus_rules": "kubernetes_prometheus_rules", "add_security_context": "add_security_context", "delay_treatment": "delay_treatment"}, {"timestamp": 1737548047.46, "sum(rate(container_cpu_usage_seconds_total{namespace=\"system-under-evaluation\"}[1m]))": 3.8343029625870706, "system_CPU": 3.8343029625870706, "kubernetes_prometheus_rules": "kubernetes_prometheus_rules", "add_security_context": "add_security_context", "delay_treatment": "delay_treatment"}, {"timestamp": 1737548048.46, "sum(rate(container_cpu_usage_seconds_total{namespace=\"system-under-evaluation\"}[1m]))": 3.816194587668122, "system_CPU": 3.816194587668122, "kubernetes_prometheus_rules": "kubernetes_prometheus_rules", "add_security_context": "add_security_context", "delay_treatment": "delay_treatment"}, {"timestamp": 1737548049.46, "sum(rate(container_cpu_usage_seconds_total{namespace=\"system-under-evaluation\"}[1m]))": 3.7903072378372826, "system_CPU": 3.7903072378372826, "kubernetes_prometheus_rules": "kubernetes_prometheus_rules", "add_security_context": "add_security_context", "delay_treatment": "delay_treatment"}, {"timestamp": 1737548050.46, "sum(rate(container_cpu_usage_seconds_total{namespace=\"system-under-evaluation\"}[1m]))": 3.6532707258979062, "system_CPU": 3.6532707258979062, "kubernetes_prometheus_rules": "kubernetes_prometheus_rules", "add_security_context": "add_security_context", "delay_treatment": "delay_treatment"}, {"timestamp": 1737548051.46, "sum(rate(container_cpu_usage_seconds_total{namespace=\"system-under-evaluation\"}[1m]))": 3.591111324221605, "system_CPU": 3.591111324221605, "kubernetes_prometheus_rules": "kubernetes_prometheus_rules", "add_security_context": "add_security_context", "delay_treatment": "delay_treatment"}, {"timestamp": 1737548052.46, "sum(rate(container_cpu_usage_seconds_total{namespace=\"system-under-evaluation\"}[1m]))": 3.6100519330599283, "system_CPU": 3.6100519330599283, "kubernetes_prometheus_rules": "kubernetes_prometheus_rules", "add_security_context": "add_security_context", "delay_treatment": "delay_treatment"}, {"timestamp": 1737548053.46, "sum(rate(container_cpu_usage_seconds_total{namespace=\"system-under-evaluation\"}[1m]))": 3.6995953598149747, "system_CPU": 3.6995953598149747, "kubernetes_prometheus_rules": "kubernetes_prometheus_rules", "add_security_context": "add_security_context", "delay_treatment": "delay_treatment"}, {"timestamp": 1737548054.46, "sum(rate(container_cpu_usage_seconds_total{namespace=\"system-under-evaluation\"}[1m]))": 3.7310837823855953, "system_CPU": 3.7310837823855953, "kubernetes_prometheus_rules": "kubernetes_prometheus_rules", "add_security_context": "add_security_context", "delay_treatment": "delay_treatment"}, {"timestamp": 1737548055.46, "sum(rate(container_cpu_usage_seconds_total{namespace=\"system-under-evaluation\"}[1m]))": 3.7004857448095203, "system_CPU": 3.7004857448095203, "kubernetes_prometheus_rules": "kubernetes_prometheus_rules", "add_security_context": "add_security_context", "delay_treatment": "delay_treatment"}, {"timestamp": 1737548056.46, "sum(rate(container_cpu_usage_seconds_total{namespace=\"system-under-evaluation\"}[1m]))": 3.5495207304960608, "system_CPU": 3.5495207304960608, "kubernetes_prometheus_rules": "kubernetes_prometheus_rules", "add_security_context": "add_security_context", "delay_treatment": "delay_treatment"}, {"timestamp": 1737548057.46, "sum(rate(container_cpu_usage_seconds_total{namespace=\"system-under-evaluation\"}[1m]))": 3.5488412129517592, "system_CPU": 3.5488412129517592, "kubernetes_prometheus_rules": "kubernetes_prometheus_rules", "add_security_context": "add_security_context", "delay_treatment": "delay_treatment"}, {"timestamp": 1737548058.46, "sum(rate(container_cpu_usage_seconds_total{namespace=\"system-under-evaluation\"}[1m]))": 2.4786374665191317, "system_CPU": 2.4786374665191317, "kubernetes_prometheus_rules": "kubernetes_prometheus_rules", "add_security_context": "add_security_context", "delay_treatment": "delay_treatment"}, {"timestamp": 1737548059.46, "sum(rate(container_cpu_usage_seconds_total{namespace=\"system-under-evaluation\"}[1m]))": 2.3892158493754994, "system_CPU": 2.3892158493754994, "kubernetes_prometheus_rules": "kubernetes_prometheus_rules", "add_security_context": "add_security_context", "delay_treatment": "delay_treatment"}, {"timestamp": 1737548060.46, "sum(rate(container_cpu_usage_seconds_total{namespace=\"system-under-evaluation\"}[1m]))": 2.254866801937806, "system_CPU": 2.254866801937806, "kubernetes_prometheus_rules": "kubernetes_prometheus_rules", "add_security_context": "add_security_context", "delay_treatment": "delay_treatment"}, {"timestamp": 1737548061.46, "sum(rate(container_cpu_usage_seconds_total{namespace=\"system-under-evaluation\"}[1m]))": 2.22512313944891, "system_CPU": 2.22512313944891, "kubernetes_prometheus_rules": "kubernetes_prometheus_rules", "add_security_context": "add_security_context", "delay_treatment": "delay_treatment"}, {"timestamp": 1737548062.46, "sum(rate(container_cpu_usage_seconds_total{namespace=\"system-under-evaluation\"}[1m]))": 1.9345192328337286, "system_CPU": 1.9345192328337286, "kubernetes_prometheus_rules": "kubernetes_prometheus_rules", "add_security_context": "add_security_context", "delay_treatment": "delay_treatment"}, {"timestamp": 1737548063.46, "sum(rate(container_cpu_usage_seconds_total{namespace=\"system-under-evaluation\"}[1m]))": 2.0385744172782707, "system_CPU": 2.0385744172782707, "kubernetes_prometheus_rules": "kubernetes_prometheus_rules", "add_security_context": "add_security_context", "delay_treatment": "delay_treatment"}, {"timestamp": 1737548064.46, "sum(rate(container_cpu_usage_seconds_total{namespace=\"system-under-evaluation\"}[1m]))": 2.9959163631728813, "system_CPU": 2.9959163631728813, "kubernetes_prometheus_rules": "kubernetes_prometheus_rules", "add_security_context": "add_security_context", "delay_treatment": "delay_treatment"}, {"timestamp": 1737548065.46, "sum(rate(container_cpu_usage_seconds_total{namespace=\"system-under-evaluation\"}[1m]))": 2.9617018962590236, "system_CPU": 2.9617018962590236, "kubernetes_prometheus_rules": "kubernetes_prometheus_rules", "add_security_context": "add_security_context", "delay_treatment": "delay_treatment"}, {"timestamp": 1737548066.46, "sum(rate(container_cpu_usage_seconds_total{namespace=\"system-under-evaluation\"}[1m]))": 3.1318222818927963, "system_CPU": 3.1318222818927963, "kubernetes_prometheus_rules": "kubernetes_prometheus_rules", "add_security_context": "add_security_context", "delay_treatment": "delay_treatment"}, {"timestamp": 1737548067.46, "sum(rate(container_cpu_usage_seconds_total{namespace=\"system-under-evaluation\"}[1m]))": 3.445385714774698, "system_CPU": 3.445385714774698, "kubernetes_prometheus_rules": "kubernetes_prometheus_rules", "add_security_context": "add_security_context", "delay_treatment": "delay_treatment"}, {"timestamp": 1737548068.46, "sum(rate(container_cpu_usage_seconds_total{namespace=\"system-under-evaluation\"}[1m]))": 3.4614317686192946, "system_CPU": 3.4614317686192946, "kubernetes_prometheus_rules": "kubernetes_prometheus_rules", "add_security_context": "add_security_context", "delay_treatment": "delay_treatment"}, {"timestamp": 1737548069.46, "sum(rate(container_cpu_usage_seconds_total{namespace=\"system-under-evaluation\"}[1m]))": 3.480447176798585, "system_CPU": 3.480447176798585, "kubernetes_prometheus_rules": "kubernetes_prometheus_rules", "add_security_context": "add_security_context", "delay_treatment": "delay_treatment"}, {"timestamp": 1737548070.46, "sum(rate(container_cpu_usage_seconds_total{namespace=\"system-under-evaluation\"}[1m]))": 3.4976126698118013, "system_CPU": 3.4976126698118013, "kubernetes_prometheus_rules": "kubernetes_prometheus_rules", "add_security_context": "add_security_context", "delay_treatment": "delay_treatment"}, {"timestamp": 1737548071.46, "sum(rate(container_cpu_usage_seconds_total{namespace=\"system-under-evaluation\"}[1m]))": 3.5205624043875177, "system_CPU": 3.5205624043875177, "kubernetes_prometheus_rules": "kubernetes_prometheus_rules", "add_security_context": "add_security_context", "delay_treatment": "delay_treatment"}, {"timestamp": 1737548072.46, "sum(rate(container_cpu_usage_seconds_total{namespace=\"system-under-evaluation\"}[1m]))": 3.7082721366645046, "system_CPU": 3.7082721366645046, "kubernetes_prometheus_rules": "kubernetes_prometheus_rules", "add_security_context": "add_security_context", "delay_treatment": "delay_treatment"}, {"timestamp": 1737548073.46, "sum(rate(container_cpu_usage_seconds_total{namespace=\"system-under-evaluation\"}[1m]))": 3.5168419490262384, "system_CPU": 3.5168419490262384, "kubernetes_prometheus_rules": "kubernetes_prometheus_rules", "add_security_context": "add_security_context", "delay_treatment": "delay_treatment"}, {"timestamp": 1737548074.46, "sum(rate(container_cpu_usage_seconds_total{namespace=\"system-under-evaluation\"}[1m]))": 3.5022023234654664, "system_CPU": 3.5022023234654664, "kubernetes_prometheus_rules": "NoTreatment", "add_security_context": "NoTreatment", "delay_treatment": "NoTreatment"}, {"timestamp": 1737548075.46, "sum(rate(container_cpu_usage_seconds_total{namespace=\"system-under-evaluation\"}[1m]))": 3.4880212821342917, "system_CPU": 3.4880212821342917, "kubernetes_prometheus_rules": "NoTreatment", "add_security_context": "NoTreatment", "delay_treatment": "NoTreatment"}, {"timestamp": 1737548076.46, "sum(rate(container_cpu_usage_seconds_total{namespace=\"system-under-evaluation\"}[1m]))": 3.4859626410805467, "system_CPU": 3.4859626410805467, "kubernetes_prometheus_rules": "NoTreatment", "add_security_context": "NoTreatment", "delay_treatment": "NoTreatment"}, {"timestamp": 1737548077.46, "sum(rate(container_cpu_usage_seconds_total{namespace=\"system-under-evaluation\"}[1m]))": 3.386254782047421, "system_CPU": 3.386254782047421, "kubernetes_prometheus_rules": "NoTreatment", "add_security_context": "NoTreatment", "delay_treatment": "NoTreatment"}, {"timestamp": 1737548078.46, "sum(rate(container_cpu_usage_seconds_total{namespace=\"system-under-evaluation\"}[1m]))": 3.3687966712430195, "system_CPU": 3.3687966712430195, "kubernetes_prometheus_rules": "NoTreatment", "add_security_context": "NoTreatment", "delay_treatment": "NoTreatment"}, {"timestamp": 1737548079.46, "sum(rate(container_cpu_usage_seconds_total{namespace=\"system-under-evaluation\"}[1m]))": 3.11924811378981, "system_CPU": 3.11924811378981, "kubernetes_prometheus_rules": "NoTreatment", "add_security_context": "NoTreatment", "delay_treatment": "NoTreatment"}, {"timestamp": 1737548080.46, "sum(rate(container_cpu_usage_seconds_total{namespace=\"system-under-evaluation\"}[1m]))": 3.096979980659956, "system_CPU": 3.096979980659956, "kubernetes_prometheus_rules": "NoTreatment", "add_security_context": "NoTreatment", "delay_treatment": "NoTreatment"}, {"timestamp": 1737548081.46, "sum(rate(container_cpu_usage_seconds_total{namespace=\"system-under-evaluation\"}[1m]))": 3.048956765326062, "system_CPU": 3.048956765326062, "kubernetes_prometheus_rules": "NoTreatment", "add_security_context": "NoTreatment", "delay_treatment": "NoTreatment"}, {"timestamp": 1737548082.46, "sum(rate(container_cpu_usage_seconds_total{namespace=\"system-under-evaluation\"}[1m]))": 3.0761400072687377, "system_CPU": 3.0761400072687377, "kubernetes_prometheus_rules": "NoTreatment", "add_security_context": "NoTreatment", "delay_treatment": "NoTreatment"}, {"timestamp": 1737548083.46, "sum(rate(container_cpu_usage_seconds_total{namespace=\"system-under-evaluation\"}[1m]))": 3.073963343822919, "system_CPU": 3.073963343822919, "kubernetes_prometheus_rules": "NoTreatment", "add_security_context": "NoTreatment", "delay_treatment": "NoTreatment"}]